"id";"data_inversa";"dia_semana";"horario";"uf";"br";"km";"municipio";"causa_acidente";"tipo_acidente";"classificacao_acidente";"fase_dia";"sentido_via";"condicao_metereologica";"tipo_pista";"tracado_via";"uso_solo";"pessoas";"mortos";"feridos_leves";"feridos_graves";"ilesos";"ignorados";"feridos";"veiculos";"latitude";"longitude";"regional";"delegacia";"uop"
183580;2019-01-05;"7";"12:30:00";"MG";40;281;"TRES MARIAS";"Velocidade Incompatível";"Colisão com objeto estático";"Com Vítimas Feridas";"Pleno dia";"Decrescente";"Nublado";"Simples";"Reta";"Não";5;0;1;0;4;0;1;2;"-18.242233";"-45.207981";"SR-MG";"DEL4/14";"UOP02/MG"
183581;2019-01-05;"7";"14:30:00";"RS";386;381,2;"TABAI";"Velocidade Incompatível";"Saída de leito carroçável";"Com Vítimas Fatais";"Pleno dia";"Crescente";"Nublado";"Dupla";"Reta";"Não";1;1;0;0;0;0;0;1;"-29.66784576";"-51.73684154";"SR-RS";"DEL9/4";"UOP02/RS"
183583;2019-01-05;"7";"14:35:00";"SC";101;146;"ITAPEMA";"Falta de Atenção à Condução";"Colisão traseira";"Com Vítimas Feridas";"Pleno dia";"Decrescente";"Nublado";"Dupla";"Reta";"Sim";3;0;1;0;2;0;1;3;"-27.0918";"-48.6168";"SR-SC";"DEL8/4";"UOP03/SC"
183584;2019-01-05;"7";"13:45:00";"CE";116;158;"RUSSAS";"Ultrapassagem Indevida";"Tombamento";"Com Vítimas Feridas";"Pleno dia";"Crescente";"Nublado";"Simples";"Reta";"Não";1;0;1;0;0;0;1;1;"-4.90249233";"-38.00685883";"SR-CE";"DEL16/3";"UOP01/CE"
183585;2019-01-05;"7";"13:20:00";"SP";116;291,8;"ITAPECERICA DA SERRA";"Velocidade Incompatível";"Capotamento";"Com Vítimas Feridas";"Pleno dia";"Decrescente";"Chuva";"Dupla";"Reta";"Não";2;0;1;0;1;0;1;1;"-23.7306406";"-46.89437281";"SR-SP";"DEL6/4";"UOP01/SP"
183586;2019-01-05;"7";"13:45:00";"PA";163;999;"SANTAREM";"Não guardar distância de segurança";"Colisão traseira";"Com Vítimas Feridas";"Pleno dia";"Decrescente";"Céu Claro";"Simples";"Reta";"Não";4;0;3;0;1;0;3;3;"-2.48046421";"-54.73110887";"SR-PA";"DEL19/5";"UOP01/PA"
183587;2019-01-05;"7";"15:00:00";"RJ";40;105;"DUQUE DE CAXIAS";"Falta de Atenção do Pedestre";"Colisão transversal";"Com Vítimas Feridas";"Pleno dia";"Decrescente";"Nublado";"Dupla";"Desvio Temporário";"Sim";2;0;1;0;1;0;1;2;"-22.6476";"-43.2836";"SR-RJ";"DEL5/1";"UOP01/RJ"
183588;2019-01-05;"7";"14:00:00";"PE";101;21,2;"GOIANA";"Falta de Atenção à Condução";"Colisão traseira";"Com Vítimas Feridas";"Pleno dia";"Decrescente";"Céu Claro";"Dupla";"Reta";"Não";3;0;3;0;0;0;3;2;"-7.6764";"-34.928";"SR-PE";"DEL11/1";"UOP02/PE"
183589;2019-01-05;"7";"10:25:00";"SC";282;210,8;"LAGES";"Desobediência às normas de trânsito pelo condutor";"Engavetamento";"Com Vítimas Feridas";"Pleno dia";"Crescente";"Céu Claro";"Simples";"Reta";"Não";10;0;1;0;9;0;1;4;"-27.778582";"-50.231815";"SR-SC";"DEL8/5";"UOP01/SC"
183590;2019-01-05;"7";"14:40:00";"BA";324;599;"SIMOES FILHO";"Falta de Atenção à Condução";"Colisão com objeto estático";"Com Vítimas Feridas";"Pleno dia";"Decrescente";"Céu Claro";"Dupla";"Reta";"Não";2;0;1;1;0;0;2;1;"-12.75963955";"-38.42644812";"SR-BA";"DEL10/1";"UOP01/BA"
183591;2019-01-05;"7";"14:30:00";"BA";116;905,8;"CANDIDO SALES";"Falta de Atenção à Condução";"Tombamento";"Com Vítimas Feridas";"Pleno dia";"Decrescente";"Sol";"Simples";"Reta";"Não";2;0;2;0;0;0;2;1;"-15.47979";"-41.24306";"SR-BA";"DEL10/8";"UOP03/BA"
183592;2019-01-05;"7";"15:35:00";"SC";153;78,7;"IRANI";"Desobediência às normas de trânsito pelo condutor";"Colisão transversal";"Com Vítimas Feridas";"Pleno dia";"Decrescente";"Nublado";"Simples";"Reta";"Não";6;0;5;0;1;0;5;2;"-27.10668";"-51.900246";"SR-SC";"DEL7";"UOP05/SC"
183593;2019-01-05;"7";"14:20:00";"MG";381;687,8;"LAVRAS";"Velocidade Incompatível";"Tombamento";"Com Vítimas Fatais";"Pleno dia";"Decrescente";"Céu Claro";"Dupla";"Não Informado";"Não";3;1;0;0;2;0;0;2;"-21.1864";"-45.1173";"SR-MG";"DEL4/4";"UOP02/MG"
183594;2019-01-05;"7";"15:45:00";"PE";116;80;"CABROBO";"Falta de Atenção à Condução";"Colisão lateral";"Com Vítimas Feridas";"Pleno dia";"Decrescente";"Céu Claro";"Simples";"Reta";"Não";3;0;3;0;0;0;3;2;"-8.525343";"-39.218342";"SR-PE";"DEL11/5";"UOP03/PE"
183595;2019-01-05;"7";"16:45:00";"SP";153;208,9;"GUAIMBE";"Ingestão de Álcool";"Colisão transversal";"Com Vítimas Feridas";"Pleno dia";"Decrescente";"Chuva";"Simples";"Interseção de vias";"Não";4;0;1;0;3;0;1;2;"-21.891123";"-49.910141";"SR-SP";"DEL6/07";"UOP02/SP"
183596;2019-01-05;"7";"17:09:00";"SP";153;60,9;"SAO JOSE DO RIO PRETO";"Falta de Atenção à Condução";"Tombamento";"Com Vítimas Feridas";"Pleno dia";"Decrescente";"Garoa/Chuvisco";"Dupla";"Ponte";"Sim";1;0;1;0;0;0;1;1;"-20.79628";"-49.354801";"SR-SP";"DEL6/9";"UOP01/SP"
183597;2019-01-05;"7";"12:45:00";"MA";135;28;"BACABEIRA";"Falta de Atenção à Condução";"Saída de leito carroçável";"Com Vítimas Feridas";"Pleno dia";"Crescente";"Nublado";"Dupla";"Reta";"Não";2;0;0;1;1;0;1;1;"-2.786066";"-44.37413";"SR-MA";"DEL18/1";"UOP01/MA"
183598;2019-01-05;"7";"15:55:00";"BA";324;575;"SAO SEBASTIAO DO PASSE";"Condutor Dormindo";"Capotamento";"Com Vítimas Feridas";"Pleno dia";"Crescente";"Céu Claro";"Dupla";"Reta";"Não";2;0;2;0;0;0;2;1;"-12.5904182";"-38.52201462";"SR-BA";"DEL10/1";"UOP01/BA"
183599;2019-01-05;"7";"15:15:00";"SC";101;148;"ITAPEMA";"Mal Súbito";"Colisão lateral";"Sem Vítimas";"Pleno dia";"Decrescente";"Nublado";"Dupla";"Reta";"Sim";2;0;0;0;2;0;0;2;"-27.109";"-48.6126";"SR-SC";"DEL8/4";"UOP03/SC"
183600;2019-01-05;"7";"15:00:00";"BA";415;25,1;"ILHEUS";"Falta de Atenção à Condução";"Colisão lateral";"Com Vítimas Feridas";"Pleno dia";"Crescente";"Céu Claro";"Simples";"Curva";"Não";3;0;2;0;1;0;2;2;"-14.8482";"-39.281986";"SR-BA";"DEL10/5";"UOP01/BA"
183601;2019-01-05;"7";"16:20:00";"PE";101;106;"CABO DE SANTO AGOSTINHO";"Falta de Atenção à Condução";"Saída de leito carroçável";"Com Vítimas Feridas";"Pleno dia";"Decrescente";"Céu Claro";"Dupla";"Curva";"Não";4;0;3;1;0;0;4;1;"-8.3098";"-35.0821";"SR-PE";"DEL11/1";"UOP03/PE"
183602;2019-01-05;"7";"17:10:00";"PR";277;366,6;"GUARAPUAVA";"Falta de Atenção à Condução";"Colisão frontal";"Com Vítimas Feridas";"Pleno dia";"Decrescente";"Chuva";"Simples";"Não Informado";"Não";3;0;1;0;2;0;1;2;"-25.422472";"-51.665939";"SR-PR";"DEL7/3";"UOP02/PR"
183603;2019-01-05;"7";"14:55:00";"PR";376;300,3;"MAUA DA SERRA";"Falta de Atenção à Condução";"Saída de leito carroçável";"Com Vítimas Feridas";"Pleno dia";"Decrescente";"Chuva";"Dupla";"Curva";"Não";4;0;4;0;0;0;4;1;"-23.93668251";"-51.1636734";"SR-PR";"DEL7/7";"UOP02/PR"
183604;2019-01-05;"7";"15:45:00";"CE";222;146,9;"IRAUCUBA";"Falta de Atenção à Condução";"Colisão transversal";"Com Vítimas Feridas";"Pleno dia";"Decrescente";"Nublado";"Simples";"Reta";"Não";2;0;0;1;1;0;1;2;"-3.753667";"-39.755566";"SR-CE";"DEL16/4";"UOP03/CE"
183605;2019-01-05;"7";"16:00:00";"MA";316;477,5;"CODO";"Defeito Mecânico no Veículo";"Incêndio";"Sem Vítimas";"Pleno dia";"Crescente";"Céu Claro";"Simples";"Curva";"Não";1;0;0;0;1;0;0;1;"-4.609521";"-43.935574";"SR-MA";"DEL18/3";"UOP02/MA"
183606;2019-01-05;"7";"17:00:00";"RJ";101;463,5;"ANGRA DOS REIS";"Condutor Dormindo";"Saída de leito carroçável";"Com Vítimas Feridas";"Pleno dia";"Decrescente";"Céu Claro";"Simples";"Curva";"Não";3;0;3;0;0;0;3;1;"-23.02823755";"-44.21686848";"SR-RJ";"DEL5/3";"UOP02/RJ"
183607;2019-01-05;"7";"16:50:00";"PE";101;42,2;"IGARASSU";"Falta de Atenção à Condução";"Colisão transversal";"Sem Vítimas";"Anoitecer";"Decrescente";"Céu Claro";"Múltipla";"Retorno Regulamentado";"Não";2;0;0;0;1;1;0;2;"-7.8543";"-34.9087";"SR-PE";"DEL11/1";"UOP02/PE"
183608;2019-01-05;"7";"17:00:00";"PA";230;123;"MARABA";"Falta de Atenção à Condução";"Colisão traseira";"Com Vítimas Feridas";"Pleno dia";"Crescente";"Céu Claro";"Simples";"Reta";"Sim";2;0;1;0;0;1;1;2;"-5.368395";"-49.128872";"SR-PA";"DEL19/3";"UOP01/PA"
183609;2019-01-05;"7";"16:00:00";"MA";135;1;"SAO LUIS";"Falta de Atenção à Condução";"Saída de leito carroçável";"Com Vítimas Feridas";"Pleno dia";"Decrescente";"Chuva";"Dupla";"Desvio Temporário";"Sim";2;0;2;0;0;0;2;1;"-2.53073";"-44.3068";"SR-MA";"DEL18/1";"UOP01/MA"
183610;2019-01-05;"7";"16:20:00";"RJ";116;76;"TERESOPOLIS";"Falta de Atenção à Condução";"Colisão lateral";"Com Vítimas Feridas";"Pleno dia";"Crescente";"Céu Claro";"Simples";"Reta";"Sim";2;0;1;0;0;1;1;2;"-22.361216";"-42.948738";"SR-RJ";"DEL5/4";"UOP01/RJ"
183612;2019-01-05;"7";"09:00:00";"SC";280;100,2;"SAO BENTO DO SUL";"Pista Escorregadia";"Saída de leito carroçável";"Com Vítimas Feridas";"Pleno dia";"Decrescente";"Chuva";"Simples";"Curva";"Não";2;0;1;0;1;0;1;1;"-26.371477";"-49.330688";"SR-SC";"DEL8/6";"UOP03/SC"
183613;2019-01-05;"7";"17:20:00";"BA";242;786;"BARREIRAS";"Desobediência às normas de trânsito pelo condutor";"Atropelamento de Pedestre";"Com Vítimas Feridas";"Pleno dia";"Crescente";"Sol";"Simples";"Interseção de vias";"Não";3;0;0;1;0;2;1;1;"-12.140763";"-44.947147";"SR-BA";"DEL10/10";"UOP01/BA"
183614;2019-01-05;"7";"17:45:00";"CE";20;403,6;"CAUCAIA";"Desobediência às normas de trânsito pelo condutor";"Colisão transversal";"Com Vítimas Feridas";"Anoitecer";"Decrescente";"Céu Claro";"Simples";"Retorno Regulamentado";"Não";3;0;0;2;1;0;2;2;"-3.76999";"-38.670063";"SR-CE";"DEL16/1";"UOP01/CE"
183615;2019-01-05;"7";"17:50:00";"AL";101;185;"JUNQUEIRO";"Falta de Atenção à Condução";"Colisão transversal";"Com Vítimas Feridas";"Anoitecer";"Decrescente";"Nublado";"Dupla";"Reta";"Sim";6;0;6;0;0;0;6;2;"-9.89846779";"-36.44010544";"SR-AL";"DEL13/2";"UOP02/AL"
183616;2019-01-05;"7";"19:00:00";"MG";381;913;"CAMANDUCAIA";"Velocidade Incompatível";"Capotamento";"Com Vítimas Feridas";"Anoitecer";"Decrescente";"Chuva";"Dupla";"Curva";"Não";3;0;1;0;2;0;1;1;"-22.7206";"-46.1292";"SR-MG";"DEL09";"UOP03/MG"
183617;2019-01-05;"7";"19:25:00";"SC";282;462,2;"PONTE SERRADA";"Restrição de Visibilidade";"Colisão transversal";"Sem Vítimas";"Anoitecer";"Crescente";"Céu Claro";"Simples";"Reta";"Sim";2;0;0;0;2;0;0;2;"-26.857594";"-52.050583";"SR-SC";"DEL7";"UOP05/SC"
183618;2019-01-05;"7";"18:00:00";"MS";463;80,7;"PONTA PORA";"Velocidade Incompatível";"Colisão lateral";"Com Vítimas Feridas";"Pleno dia";"Crescente";"Sol";"Simples";"Reta";"Não";8;0;1;2;5;0;3;3;"-22.532389";"-55.461319";"SR-MS";"DEL3/4";"UOP03/MS"
183619;2019-01-05;"7";"17:30:00";"RO";364;357;"JI-PARANA";"Ultrapassagem Indevida";"Saída de leito carroçável";"Com Vítimas Feridas";"Anoitecer";"Crescente";"Céu Claro";"Simples";"Reta";"Não";1;0;1;0;0;0;1;1;"-10.795544";"-62.033264";"SR-RO";"DEL21/2";"UOP01/RO"
183620;2019-01-05;"7";"14:20:00";"SC";280;99,9;"SAO BENTO DO SUL";"Falta de Atenção à Condução";"Saída de leito carroçável";"Com Vítimas Feridas";"Pleno dia";"Crescente";"Chuva";"Múltipla";"Curva";"Não";2;0;2;0;0;0;2;1;"-26.37587";"-49.325443";"SR-SC";"DEL8/6";"UOP03/SC"
183621;2019-01-05;"7";"17:40:00";"PR";369;137;"IBIPORA";"Falta de Atenção à Condução";"Colisão transversal";"Com Vítimas Feridas";"Anoitecer";"Decrescente";"Nublado";"Simples";"Rotatória";"Sim";2;0;1;0;1;0;1;2;"-23.27194244";"-51.05175018";"SR-PR";"DEL7/7";"UOP01/PR"
183622;2019-01-05;"7";"14:45:00";"RS";285;156,3;"MUITOS CAPOES";"Condutor Dormindo";"Colisão frontal";"Com Vítimas Feridas";"Pleno dia";"Crescente";"Sol";"Simples";"Não Informado";"Sim";2;0;1;0;1;0;1;2;"-28.325294";"-51.187935";"SR-RS";"DEL9/5";"UOP03/RS"
183623;2019-01-05;"7";"19:15:00";"SP";153;64;"SAO JOSE DO RIO PRETO";"Pista Escorregadia";"Tombamento";"Com Vítimas Feridas";"Anoitecer";"Crescente";"Chuva";"Dupla";"Desvio Temporário";"Sim";1;0;1;0;0;0;1;1;"-20.829193";"-49.360462";"SR-SP";"DEL6/9";"UOP01/SP"
183624;2019-01-05;"7";"16:00:00";"RJ";101;275;"TANGUA";"Condutor Dormindo";"Saída de leito carroçável";"Com Vítimas Feridas";"Pleno dia";"Crescente";"Garoa/Chuvisco";"Dupla";"Reta";"Não";2;0;1;0;1;0;1;1;"-22.73654";"-42.72913";"SR-RJ";"DEL5/2";"UOP03/RJ"
183625;2019-01-05;"7";"19:00:00";"PE";232;264,1;"BUIQUE";"Falta de Atenção à Condução";"Saída de leito carroçável";"Com Vítimas Feridas";"Plena Noite";"Crescente";"Nublado";"Simples";"Reta";"Não";1;0;1;0;0;0;1;1;"-8.40974798";"-37.15285454";"SR-PE";"DEL11/3";"UOP02/PE"
183626;2019-01-05;"7";"19:10:00";"SP";381;6;"VARGEM";"Falta de Atenção à Condução";"Colisão com objeto estático";"Com Vítimas Feridas";"Plena Noite";"Decrescente";"Chuva";"Dupla";"Reta";"Sim";2;0;2;0;0;0;2;1;"-22.897209";"-46.418674";"SR-SP";"DEL6/3";"UOP01/SP"
183627;2019-01-05;"7";"16:30:00";"RO";364;669;"CANDEIAS DO JAMARI";"Defeito na Via";"Colisão traseira";"Com Vítimas Feridas";"Pleno dia";"Crescente";"Céu Claro";"Simples";"Reta";"Não";2;0;1;0;0;1;1;2;"-8.77475058";"-63.4880805";"SR-RO";"DEL21/1";"UOP01/RO"
183628;2019-01-05;"7";"18:30:00";"MG";40;554;"NOVA LIMA";"Não guardar distância de segurança";"Colisão traseira";"Com Vítimas Feridas";"Pleno dia";"Decrescente";"Céu Claro";"Dupla";"Reta";"Não";4;0;3;0;1;0;3;2;"-20.0858";"-43.9765";"SR-MG";"DEL4/1";"UOP02/MG"
183629;2019-01-05;"7";"12:30:00";"MT";70;545,9;"POCONE";"Falta de Atenção à Condução";"Colisão frontal";"Com Vítimas Fatais";"Pleno dia";"Crescente";"Chuva";"Simples";"Reta";"Não";5;2;1;2;0;0;3;2;"-15.73434489";"-56.53022004";"SR-MT";"DEL2/4";"UOP02/MT"
183630;2019-01-05;"7";"19:50:00";"MG";116;508,9;"UBAPORANGA";"Ingestão de Álcool";"Colisão traseira";"Com Vítimas Feridas";"Plena Noite";"Crescente";"Nublado";"Simples";"Reta";"Não";2;0;0;2;0;0;2;2;"-19.621156";"-42.10762";"SR-MG";"DEL4/6";"UOP02/MG"
183631;2019-01-05;"7";"19:20:00";"BA";135;182;"BARREIRAS";"Animais na Pista";"Atropelamento de Animal";"Com Vítimas Feridas";"Plena Noite";"Decrescente";"Nublado";"Simples";"Reta";"Não";3;0;1;0;2;0;1;1;"-12.16847738";"-45.00935555";"SR-BA";"DEL10/10";"UOP01/BA"
183633;2019-01-05;"7";"20:50:00";"SC";101;136;"BALNEARIO CAMBORIU";"Não guardar distância de segurança";"Colisão lateral";"Com Vítimas Feridas";"Plena Noite";"Decrescente";"Céu Claro";"Dupla";"Reta";"Sim";3;0;2;0;1;0;2;2;"-27.0158";"-48.6117";"SR-SC";"DEL8/4";"UOP03/SC"
183634;2019-01-05;"7";"19:35:00";"MS";163;260,4;"DOURADOS";"Pista Escorregadia";"Colisão com objeto estático";"Com Vítimas Feridas";"Plena Noite";"Decrescente";"Chuva";"Dupla";"Curva";"Não";1;0;0;1;0;0;1;1;"-22.24030769";"-54.76871762";"SR-MS";"DEL3/4";"UOP01/MS"
183635;2019-01-05;"7";"20:40:00";"GO";20;181;"SIMOLANDIA";"Falta de Atenção à Condução";"Colisão transversal";"Com Vítimas Feridas";"Plena Noite";"Crescente";"Céu Claro";"Simples";"Reta";"Não";2;0;1;0;1;0;1;2;"-14.470801";"-46.486183";"SR-DF";"GO";"UOP05/DF"
183636;2019-01-05;"7";"18:00:00";"MT";163;1103;"GUARANTA DO NORTE";"Falta de Atenção à Condução";"Tombamento";"Com Vítimas Feridas";"Anoitecer";"Decrescente";"Nublado";"Simples";"Curva";"Não";1;0;1;0;0;0;1;1;"-9.67749088";"-54.88300834";"SR-MT";"DEL2/6";"UOP02/MT"
183637;2019-01-05;"7";"20:00:00";"RN";110;45,3;"MOSSORO";"Ingestão de Álcool";"Saída de leito carroçável";"Com Vítimas Feridas";"Plena Noite";"Decrescente";"Nublado";"Simples";"Reta";"Sim";1;0;0;1;0;0;1;1;"-5.19466488";"-37.31392806";"SR-RN";"DEL15/4";"UOP01/RN"
183639;2019-01-05;"7";"19:30:00";"TO";153;477,9;"BARROLANDIA";"Velocidade Incompatível";"Colisão transversal";"Com Vítimas Feridas";"Plena Noite";"Crescente";"Ignorado";"Simples";"Reta";"Não";4;0;2;2;0;0;4;2;"-10.0457365";"-48.81475568";"SR-TO";"UOP02/TO";""
183640;2019-01-05;"7";"21:10:00";"RS";287;257,2;"SANTA MARIA";"Velocidade Incompatível";"Saída de leito carroçável";"Com Vítimas Feridas";"Plena Noite";"Decrescente";"Céu Claro";"Simples";"Curva";"Não";3;0;2;0;0;1;2;2;"-29.681389";"-53.941212";"SR-RS";"DEL9/9";"UOP01/RS"
183641;2019-01-05;"7";"21:20:00";"RS";101;8,8;"TORRES";"Falta de Atenção à Condução";"Capotamento";"Com Vítimas Feridas";"Plena Noite";"Crescente";"Nublado";"Dupla";"Reta";"Não";2;0;2;0;0;0;2;1;"-29.360483";"-49.807865";"SR-RS";"DEL9/3";"UOP03/RS"
183642;2019-01-05;"7";"10:00:00";"MG";116;142;"PONTO DOS VOLANTES";"Falta de Atenção à Condução";"Colisão traseira";"Com Vítimas Feridas";"Pleno dia";"Crescente";"Sol";"Simples";"Curva";"Não";4;0;1;1;2;0;2;2;"-16.86369095";"-41.47373199";"SR-MG";"DEL4/11";"UOP02/MG"
183643;2019-01-05;"7";"21:40:00";"RJ";116;120,4;"MAGE";"Falta de Atenção à Condução";"Queda de ocupante de veículo";"Com Vítimas Feridas";"Plena Noite";"Decrescente";"Chuva";"Dupla";"Reta";"Não";1;0;1;0;0;0;1;1;"-22.621939";"-43.04364";"SR-RJ";"DEL5/4";"UOP02/RJ"
183644;2019-01-05;"7";"20:50:00";"GO";40;24,8;"LUZIANIA";"Desobediência às normas de trânsito pelo condutor";"Colisão frontal";"Com Vítimas Feridas";"Plena Noite";"Crescente";"Céu Claro";"Simples";"Reta";"Não";2;0;0;1;0;1;1;2;"-16.252738";"-47.900437";"SR-DF";"GO";"UOP01/DF"
183645;2019-01-05;"7";"20:35:00";"PE";232;152,8;"SAO CAITANO";"Ultrapassagem Indevida";"Saída de leito carroçável";"Com Vítimas Feridas";"Plena Noite";"Decrescente";"Céu Claro";"Simples";"Não Informado";"Não";1;0;1;0;0;0;1;1;"-8.327275";"-36.18582";"SR-PE";"DEL11/2";"UOP02/PE"
183646;2019-01-05;"7";"17:30:00";"PA";316;22;"BENEVIDES";"Falta de Atenção à Condução";"Saída de leito carroçável";"Com Vítimas Feridas";"Anoitecer";"Decrescente";"Chuva";"Dupla";"Reta";"Sim";1;0;1;0;0;0;1;1;"-1.360972";"-48.262413";"SR-PA";"DEL19/1";"UOP01/PA"
183648;2019-01-05;"7";"17:15:00";"SC";116;133;"SANTA CECILIA";"Carga excessiva e/ou mal acondicionada";"Derramamento de carga";"Sem Vítimas";"Pleno dia";"Crescente";"Garoa/Chuvisco";"Simples";"Rotatória";"Não";1;0;0;0;1;0;0;1;"-26.91588";"-50.445751";"SR-SC";"DEL8/6";"UOP02/SC"
183649;2019-01-05;"7";"19:00:00";"BA";116;555;"NOVA ITARANA";"Carga excessiva e/ou mal acondicionada";"Tombamento";"Sem Vítimas";"Plena Noite";"Crescente";"Céu Claro";"Simples";"Curva";"Não";1;0;0;0;1;0;0;1;"-12.93383";"-39.9037";"SR-BA";"DEL10/3";"UOP02/BA"
183650;2019-01-05;"7";"21:10:00";"RS";287;257,2;"SANTA MARIA";"Objeto estático sobre o leito carroçável";"Colisão lateral";"Com Vítimas Feridas";"Plena Noite";"Decrescente";"Céu Claro";"Simples";"Reta";"Não";5;0;1;0;3;1;1;2;"-29.681389";"-53.941212";"SR-RS";"DEL9/9";"UOP01/RS"
183651;2019-01-05;"7";"07:00:00";"DF";60;2;"BRASILIA";"Falta de Atenção à Condução";"Capotamento";"Com Vítimas Feridas";"Pleno dia";"Decrescente";"Céu Claro";"Dupla";"Reta";"Sim";1;0;1;0;0;0;1;1;"-15.887383";"-48.077988";"SR-DF";"DF";"UOP03/DF"
183654;2019-01-05;"7";"22:40:00";"PR";376;191,6;"MARIALVA";"Desobediência às normas de trânsito pelo pedestre";"Saída de leito carroçável";"Sem Vítimas";"Plena Noite";"Decrescente";"Céu Claro";"Dupla";"Reta";"Não";2;0;0;0;2;0;0;2;"-23.471231";"-51.819515";"SR-PR";"DEL7/7";"UOP04/PR"
183655;2019-01-05;"7";"22:50:00";"PR";376;642,5;"TIJUCAS DO SUL";"Falta de Atenção à Condução";"Saída de leito carroçável";"Com Vítimas Feridas";"Plena Noite";"Crescente";"Garoa/Chuvisco";"Dupla";"Reta";"Não";3;0;0;1;2;0;1;2;"-25.81194548";"-49.13291931";"SR-PR";"DEL7/1";"UOP08/PR"
183656;2019-01-05;"7";"22:00:00";"RJ";101;297;"ITABORAI";"Falta de Atenção à Condução";"Colisão traseira";"Com Vítimas Feridas";"Plena Noite";"Decrescente";"Céu Claro";"Dupla";"Reta";"Sim";2;0;1;0;1;0;1;2;"-22.769421";"-42.918736";"SR-RJ";"DEL5/2";"UOP02/RJ"
183657;2019-01-05;"7";"21:05:00";"MG";381;423,9;"CAETE";"Sinalização da via insuficiente ou inadequada";"Colisão frontal";"Com Vítimas Fatais";"Plena Noite";"Crescente";"Céu Claro";"Simples";"Túnel";"Não";2;1;0;0;1;0;0;2;"-19.76356851";"-43.64190906";"SR-MG";"DEL4/1";"UOP01/MG"
183658;2019-01-05;"7";"21:30:00";"MA";10;225;"GOVERNADOR EDISON LOBAO";"Desobediência às normas de trânsito pelo condutor";"Colisão transversal";"Com Vítimas Feridas";"Plena Noite";"Crescente";"Nublado";"Simples";"Reta";"Sim";6;0;4;2;0;0;6;2;"-5.745605";"-47.359642";"SR-MA";"DEL18/4";"UOP01/MA"
183659;2019-01-05;"7";"18:30:00";"MS";262;324,7;"CAMPO GRANDE";"Falta de Atenção à Condução";"Colisão lateral";"Com Vítimas Feridas";"Pleno dia";"Crescente";"Céu Claro";"Simples";"Reta";"Não";2;0;0;2;0;0;2;2;"-20.46848049";"-54.52354076";"SR-MS";"DEL3/1";"UOP01/MS"
183660;2019-01-06;"1";"00:30:00";"SP";116;545,9;"BARRA DO TURVO";"Velocidade Incompatível";"Colisão traseira";"Com Vítimas Feridas";"Plena Noite";"Crescente";"Chuva";"Dupla";"Curva";"Não";5;0;1;0;4;0;1;2;"-24.99369656";"-48.50824356";"SR-SP";"DEL6/5";"UOP03/SP"
183661;2019-01-05;"7";"23:30:00";"PE";101;49,4;"ABREU E LIMA";"Falta de Atenção à Condução";"Colisão traseira";"Sem Vítimas";"Plena Noite";"Decrescente";"Céu Claro";"Dupla";"Reta";"Sim";2;0;0;0;2;0;0;2;"-7.9068";"-34.9013";"SR-PE";"DEL11/1";"UOP02/PE"
183662;2019-01-05;"7";"23:30:00";"MT";364;0,5;"ALTO ARAGUAIA";"Falta de Atenção à Condução";"Colisão lateral";"Com Vítimas Feridas";"Plena Noite";"Decrescente";"Nublado";"Dupla";"Não Informado";"Sim";2;0;0;1;1;0;1;2;"-17.31871";"-53.211903";"SR-MT";"DEL2/2";"UOP04/MT"
183664;2019-01-05;"7";"21:15:00";"PE";110;139,6;"IBIMIRIM";"Animais na Pista";"Atropelamento de Animal";"Com Vítimas Feridas";"Plena Noite";"Decrescente";"Céu Claro";"Simples";"Reta";"Não";2;0;0;2;0;0;2;1;"-8.510826";"-37.623413";"SR-PE";"DEL11/3";"UOP02/PE"
183665;2019-01-05;"7";"15:50:00";"PI";343;346,8;"TERESINA";"Pista Escorregadia";"Tombamento";"Com Vítimas Fatais";"Pleno dia";"Crescente";"Céu Claro";"Dupla";"Rotatória";"Sim";2;1;0;0;1;0;0;2;"-5.110751";"-42.770531";"SR-PI";"DEL17/1";"UOP01/PI"
183666;2019-01-06;"1";"01:30:00";"RJ";356;152;"CAMPOS DOS GOYTACAZES";"Não guardar distância de segurança";"Colisão traseira";"Com Vítimas Feridas";"Plena Noite";"Decrescente";"Céu Claro";"Simples";"Reta";"Não";2;0;1;0;1;0;1;2;"-21.777777";"-41.306713";"SR-RJ";"DEL5/8";"UOP02/RJ"
183667;2019-01-06;"1";"01:30:00";"SP";116;229;"SAO PAULO";"Ingestão de Álcool";"Saída de leito carroçável";"Sem Vítimas";"Plena Noite";"Decrescente";"Nublado";"Múltipla";"Reta";"Sim";1;0;0;0;1;0;0;1;"-23.50877124";"-46.57235384";"SR-SP";"DEL6/1";"UOP01/SP"
183668;2019-01-05;"7";"23:40:00";"PE";101;88,9;"CABO DE SANTO AGOSTINHO";"Ultrapassagem Indevida";"Colisão frontal";"Com Vítimas Feridas";"Plena Noite";"Decrescente";"Nublado";"Simples";"Reta";"Sim";2;0;0;1;1;0;1;2;"-8.2073";"-34.9836";"SR-PE";"DEL11/1";"UOP03/PE"
183669;2019-01-06;"1";"01:00:00";"MG";116;272,7;"TEOFILO OTONI";"Animais na Pista";"Atropelamento de Animal";"Com Vítimas Feridas";"Plena Noite";"Crescente";"Nublado";"Simples";"Reta";"Não";2;0;1;1;0;0;2;1;"-17.82975968";"-41.50909424";"SR-MG";"DEL4/11";"UOP01/MG"