"id";"data_inversa";"dia_semana";"horario";"uf";"br";"km";"municipio";"causa_acidente";"tipo_acidente";"classificacao_acidente";"fase_dia";"sentido_via";"condicao_metereologica";"tipo_pista";"tracado_via";"uso_solo";"pessoas";"mortos";"feridos_leves";"feridos_graves";"ilesos";"ignorados";"feridos";"veiculos";"latitude";"longitude";"regional";"delegacia";"uop"
183670;2019-01-06;"1";"01:00:00";"CE";222;79,9;"UMIRIM";"Não guardar distância de segurança";"Colisão lateral";"Com Vítimas Feridas";"Plena Noite";"Decrescente";"Céu Claro";"Simples";"Reta";"Não";3;0;0;3;0;0;3;2;"-3.674422";"-39.250706";"SR-CE";"DEL16/4";"UOP03/CE"
183671;2019-01-06;"1";"02:00:00";"MG";116;271;"TEOFILO OTONI";"Condutor Dormindo";"Colisão lateral";"Com Vítimas Fatais";"Plena Noite";"Crescente";"Céu Claro";"Simples";"Reta";"Não";6;1;4;0;1;0;4;2;"-17.80398269";"-41.49712086";"SR-MG";"DEL4/11";"UOP01/MG"
183672;2019-01-06;"1";"01:00:00";"RJ";40;63;"PETROPOLIS";"Condutor Dormindo";"Capotamento";"Com Vítimas Feridas";"Plena Noite";"Crescente";"Nublado";"Dupla";"Reta";"Não";1;0;1;0;0;0;1;1;"-22.419571";"-43.154518";"SR-RJ";"DEL5/6";"UOP03/RJ"
183673;2019-01-06;"1";"01:50:00";"TO";153;629,9;"ALIANCA DO TOCANTINS";"Ultrapassagem Indevida";"Colisão frontal";"Com Vítimas Feridas";"Plena Noite";"Crescente";"Nublado";"Simples";"Não Informado";"Não";2;0;1;0;1;0;1;2;"-11.352674";"-48.957588";"SR-TO";"UOP01/TO";""
183674;2019-01-06;"1";"04:00:00";"PR";467;108;"CASCAVEL";"Velocidade Incompatível";"Tombamento";"Com Vítimas Feridas";"Plena Noite";"Decrescente";"Céu Claro";"Dupla";"Reta";"Não";1;0;1;0;0;0;1;1;"-24.9209";"-53.4764";"SR-PR";"DEL7/4";"UOP01/PR"
183675;2019-01-06;"1";"03:00:00";"MT";70;82,8;"GENERAL CARNEIRO";"Condutor Dormindo";"Saída de leito carroçável";"Com Vítimas Feridas";"Plena Noite";"Crescente";"Nublado";"Simples";"Reta";"Não";3;0;1;0;2;0;1;1;"-15.630925";"-52.817566";"SR-MT";"DEL2/8";"UOP01/MT"
183676;2019-01-06;"1";"05:30:00";"MG";381;501;"BETIM";"Mal Súbito";"Colisão traseira";"Com Vítimas Feridas";"Amanhecer";"Crescente";"Céu Claro";"Dupla";"Reta";"Não";4;0;2;0;1;1;2;2;"-20.0173";"-44.2243";"SR-MG";"DEL4/1";"UOP03/MG"
183677;2019-01-06;"1";"00:00:00";"MG";40;576;"ITABIRITO";"Velocidade Incompatível";"Saída de leito carroçável";"Sem Vítimas";"Plena Noite";"Decrescente";"Nublado";"Simples";"Reta";"Não";1;0;0;0;0;1;0;1;"-20.2702";"-43.9536";"SR-MG";"DEL4/1";"UOP02/MG"
183678;2019-01-06;"1";"04:55:00";"PR";116;125;"FAZENDA RIO GRANDE";"Ultrapassagem Indevida";"Colisão transversal";"Com Vítimas Feridas";"Plena Noite";"Crescente";"Céu Claro";"Dupla";"Reta";"Sim";3;0;0;1;1;1;1;2;"-25.621508";"-49.316216";"SR-PR";"DEL7/1";"UOP03/PR"
183679;2019-01-06;"1";"05:00:00";"SE";101;74,5;"MARUIM";"Condutor Dormindo";"Colisão lateral";"Com Vítimas Feridas";"Amanhecer";"Decrescente";"Céu Claro";"Simples";"Reta";"Não";2;0;1;0;1;0;1;2;"-10.7853";"-37.1421";"SR-SE";"DEL20/1";"UOP01/SE"
183680;2019-01-06;"1";"05:00:00";"AL";316;154;"PALMEIRA DOS INDIOS";"Animais na Pista";"Atropelamento de Animal";"Com Vítimas Feridas";"Amanhecer";"Decrescente";"Nublado";"Simples";"Reta";"Não";2;0;1;1;0;0;2;1;"-9.4290448";"-36.63811863";"SR-AL";"DEL13/3";"UOP01/AL"
183681;2019-01-06;"1";"05:30:00";"PR";369;244;"BOM SUCESSO";"Objeto estático sobre o leito carroçável";"Colisão com objeto estático";"Com Vítimas Feridas";"Plena Noite";"Decrescente";"Nublado";"Simples";"Não Informado";"Não";2;0;0;1;1;0;1;2;"-23.70062208";"-51.71993136";"SR-PR";"DEL7/7";"UOP03/PR"
183682;2019-01-06;"1";"06:00:00";"MG";381;365;"SAO GONCALO DO RIO ABAIXO";"Velocidade Incompatível";"Colisão frontal";"Com Vítimas Feridas";"Amanhecer";"Decrescente";"Nublado";"Simples";"Curva";"Não";3;0;1;1;1;0;2;2;"-19.85579179";"-43.2201094";"SR-MG";"DEL4/3";"UOP01/MG"
183683;2019-01-05;"7";"20:30:00";"MT";174;484;"COMODORO";"Animais na Pista";"Atropelamento de Animal";"Sem Vítimas";"Plena Noite";"Decrescente";"Céu Claro";"Simples";"Reta";"Não";3;0;0;0;3;0;0;1;"-13.67674146";"-59.79085922";"SR-MT";"DEL2/7";"UOP01/MT"
183684;2019-01-06;"1";"04:02:00";"PI";343;13,4;"PARNAIBA";"Ingestão de Álcool";"Saída de leito carroçável";"Com Vítimas Fatais";"Amanhecer";"Crescente";"Céu Claro";"Dupla";"Curva";"Sim";2;1;0;1;0;0;1;1;"-2.919029";"-41.754124";"SR-PI";"DEL17/5";"UOP01/PI"
183685;2019-01-06;"1";"04:50:00";"PR";116;117;"CURITIBA";"Falta de Atenção à Condução";"Queda de ocupante de veículo";"Com Vítimas Feridas";"Amanhecer";"Crescente";"Céu Claro";"Dupla";"Curva";"Sim";1;0;1;0;0;0;1;1;"-25.544559";"-49.30146";"SR-PR";"DEL7/1";"UOP06/PR"
183686;2019-01-06;"1";"06:00:00";"MG";381;773,2;"CAMPANHA";"Condutor Dormindo";"Saída de leito carroçável";"Com Vítimas Feridas";"Amanhecer";"Decrescente";"Céu Claro";"Dupla";"Reta";"Não";4;0;1;0;3;0;1;1;"-21.77097824";"-45.42507648";"SR-MG";"DEL09";"UOP02/MG"
183687;2019-01-06;"1";"05:00:00";"MA";316;574,9;"CAXIAS";"Condutor Dormindo";"Saída de leito carroçável";"Com Vítimas Fatais";"Plena Noite";"Decrescente";"Nublado";"Simples";"Não Informado";"Não";1;1;0;0;0;0;0;1;"-4.933609";"-43.176388";"SR-MA";"DEL18/3";"UOP02/MA"
183688;2019-01-05;"7";"21:30:00";"MG";40;515;"RIBEIRAO DAS NEVES";"Ingestão de álcool e/ou substâncias psicoativas pelo pedestre";"Saída de leito carroçável";"Com Vítimas Feridas";"Plena Noite";"Crescente";"Céu Claro";"Dupla";"Reta";"Sim";1;0;1;0;0;0;1;1;"-19.819";"-44.0869";"SR-MG";"DEL4/1";"UOP03/MG"
183689;2019-01-06;"1";"06:00:00";"GO";50;210,3;"CAMPO ALEGRE DE GOIAS";"Falta de Atenção à Condução";"Saída de leito carroçável";"Sem Vítimas";"Amanhecer";"Crescente";"Nublado";"Dupla";"Não Informado";"Não";1;0;0;0;0;1;0;1;"-17.647";"-47.757";"SR-GO";"DEL1/6";"UOP01/GO"
183690;2019-01-06;"1";"07:00:00";"SC";101;205,6;"SAO JOSE";"Condutor Dormindo";"Saída de leito carroçável";"Com Vítimas Feridas";"Amanhecer";"Crescente";"Céu Claro";"Múltipla";"Interseção de vias";"Sim";1;0;1;0;0;0;1;1;"-27.54497279";"-48.73163402";"SR-SC";"DEL8/1";"UOP01/SC"
183691;2019-01-06;"1";"06:29:00";"MG";262;813;"UBERABA";"Falta de Atenção à Condução";"Saída de leito carroçável";"Com Vítimas Feridas";"Amanhecer";"Crescente";"Nublado";"Dupla";"Retorno Regulamentado";"Sim";1;0;1;0;0;0;1;1;"-19.76475";"-48.112064";"SR-MG";"DEL13";"UOP01/MG"
183692;2019-01-06;"1";"07:40:00";"SC";470;51,1;"BLUMENAU";"Desobediência às normas de trânsito pelo condutor";"Colisão transversal";"Com Vítimas Feridas";"Pleno dia";"Crescente";"Nublado";"Simples";"Rotatória";"Sim";3;0;2;0;1;0;2;2;"-26.862339";"-49.084038";"SR-SC";"DEL8/4";"UOP01/SC"
183693;2019-01-05;"7";"18:29:00";"RJ";40;87;"PETROPOLIS";"Defeito na Via";"Capotamento";"Com Vítimas Feridas";"Pleno dia";"Crescente";"Céu Claro";"Simples";"Reta";"Não";3;0;2;0;1;0;2;1;"-22.5577";"-43.2279";"SR-RJ";"DEL5/6";"UOP03/RJ"
183694;2019-01-06;"1";"08:20:00";"SC";101;210;"SAO JOSE";"Defeito Mecânico no Veículo";"Colisão lateral";"Com Vítimas Feridas";"Pleno dia";"Decrescente";"Céu Claro";"Dupla";"Reta";"Sim";2;0;1;0;1;0;1;2;"-27.6235";"-48.6524";"SR-SC";"DEL8/1";"UOP01/SC"
183697;2019-01-06;"1";"06:45:00";"MG";50;16;"ARAGUARI";"Velocidade Incompatível";"Saída de leito carroçável";"Sem Vítimas";"Pleno dia";"Decrescente";"Céu Claro";"Dupla";"Reta";"Não";1;0;0;0;1;0;0;1;"-18.5561";"-48.0562";"SR-MG";"DEL4/15";"UOP02/MG"
183698;2019-01-06;"1";"07:15:00";"PE";101;75,8;"RECIFE";"Não guardar distância de segurança";"Colisão traseira";"Com Vítimas Feridas";"Pleno dia";"Crescente";"Céu Claro";"Simples";"Não Informado";"Sim";2;0;0;1;1;0;1;2;"-8.1194";"-34.9429";"SR-PE";"DEL11/1";"UOP01/PE"
183699;2019-01-06;"1";"08:30:00";"MG";50;23,6;"ARAGUARI";"Falta de Atenção à Condução";"Colisão traseira";"Com Vítimas Feridas";"Pleno dia";"Crescente";"Sol";"Dupla";"Reta";"Não";4;0;1;0;3;0;1;2;"-18.60474";"-48.051437";"SR-MG";"DEL4/15";"UOP02/MG"
183700;2019-01-06;"1";"04:30:00";"PI";343;527;"AMARANTE";"Falta de Atenção à Condução";"Saída de leito carroçável";"Com Vítimas Feridas";"Plena Noite";"Crescente";"Céu Claro";"Simples";"Reta";"Não";4;0;4;0;0;0;4;1;"-6.423353";"-42.79665";"SR-PI";"DEL17/3";"UOP01/PI"
183701;2019-01-06;"1";"08:30:00";"RS";101;51,1;"TERRA DE AREIA";"Falta de Atenção à Condução";"Saída de leito carroçável";"Com Vítimas Feridas";"Pleno dia";"Crescente";"Céu Claro";"Dupla";"Reta";"Não";2;0;2;0;0;0;2;1;"-29.61577417";"-50.09199142";"SR-RS";"DEL9/3";"UOP03/RS"
183702;2019-01-06;"1";"07:15:00";"RJ";116;259;"PIRAI";"Falta de Atenção à Condução";"Saída de leito carroçável";"Sem Vítimas";"Pleno dia";"Crescente";"Céu Claro";"Dupla";"Reta";"Não";1;0;0;0;1;0;0;1;"-22.58758828";"-44.09098193";"SR-RJ";"DEL5/7";"UOP02/RJ"
183703;2019-01-06;"1";"07:00:00";"SC";280;289,2;"PORTO UNIAO";"Falta de Atenção à Condução";"Saída de leito carroçável";"Com Vítimas Feridas";"Pleno dia";"Crescente";"Garoa/Chuvisco";"Simples";"Reta";"Não";5;0;5;0;0;0;5;1;"-26.296299";"-50.915482";"SR-SC";"DEL8/6";"UOP04/SC"
183705;2019-01-06;"1";"09:30:00";"MG";262;33,9;"MANHUACU";"Desobediência às normas de trânsito pelo condutor";"Colisão traseira";"Com Vítimas Feridas";"Pleno dia";"Crescente";"Céu Claro";"Simples";"Reta";"Sim";2;0;1;0;1;0;1;2;"-20.256927";"-42.011028";"SR-MG";"DEL4/6";"UOP04/MG"
183706;2019-01-06;"1";"09:10:00";"RJ";493;15;"GUAPIMIRIM";"Defeito Mecânico no Veículo";"Engavetamento";"Com Vítimas Feridas";"Pleno dia";"Crescente";"Céu Claro";"Simples";"Reta";"Não";5;0;3;0;2;0;3;3;"-22.665804";"-42.991043";"SR-RJ";"DEL5/4";"UOP02/RJ"
183709;2019-01-06;"1";"10:20:00";"PR";376;615;"SAO JOSE DOS PINHAIS";"Desobediência às normas de trânsito pelo condutor";"Colisão lateral";"Com Vítimas Feridas";"Pleno dia";"Crescente";"Nublado";"Dupla";"Não Informado";"Não";2;0;0;1;1;0;1;2;"-25.57465306";"-49.17973995";"SR-PR";"DEL7/1";"UOP01/PR"
183710;2019-01-05;"7";"08:30:00";"BA";101;448,5;"AURELINO LEAL";"Defeito Mecânico no Veículo";"Incêndio";"Sem Vítimas";"Pleno dia";"Crescente";"Céu Claro";"Simples";"Reta";"Não";1;0;0;0;0;1;0;1;"-14.3318";"-39.3155";"SR-BA";"DEL10/5";"UOP01/BA"
183711;2019-01-05;"7";"12:00:00";"MG";365;269,9;"JOAO PINHEIRO";"Ultrapassagem Indevida";"Saída de leito carroçável";"Sem Vítimas";"Pleno dia";"Crescente";"Nublado";"Simples";"Curva";"Não";1;0;0;0;1;0;0;1;"-17.925312";"-45.568447";"SR-MG";"DEL4/14";"UOP02/MG"
183712;2019-01-06;"1";"09:00:00";"RJ";101;329;"RIO DE JANEIRO";"Falta de Atenção à Condução";"Colisão traseira";"Com Vítimas Feridas";"Pleno dia";"Decrescente";"Céu Claro";"Dupla";"Reta";"Não";5;0;3;0;2;0;3;2;"-22.869379";"-43.175808";"SR-RJ";"DEL5/2";"UOP01/RJ"
183713;2019-01-06;"1";"09:20:00";"BA";242;600;"MUQUEM DE SAO FRANCISCO";"Pista Escorregadia";"Saída de leito carroçável";"Com Vítimas Feridas";"Pleno dia";"Crescente";"Chuva";"Simples";"Curva";"Não";2;0;1;0;1;0;1;1;"-12.145242";"-43.362629";"SR-BA";"DEL 10/10";"UOP02/BA"
183714;2019-01-06;"1";"09:50:00";"AL";101;235;"PORTO REAL DO COLEGIO";"Velocidade Incompatível";"Capotamento";"Com Vítimas Feridas";"Pleno dia";"Crescente";"Nublado";"Dupla";"Curva";"Não";3;0;0;1;2;0;1;1;"-10.104141";"-36.712292";"SR-AL";"DEL13/2";"UOP02/AL"
183715;2019-01-06;"1";"11:00:00";"SP";116;405,5;"MIRACATU";"Falta de Atenção à Condução";"Colisão traseira";"Com Vítimas Feridas";"Pleno dia";"Decrescente";"Nublado";"Dupla";"Reta";"Não";3;0;0;1;2;0;1;2;"-24.32400189";"-47.55050182";"SR-SP";"DEL6/4";"UOP03/SP"
183718;2019-01-06;"1";"10:00:00";"PA";230;101;"SAO JOAO DO ARAGUAIA";"Ingestão de Álcool";"Colisão frontal";"Com Vítimas Feridas";"Pleno dia";"Crescente";"Céu Claro";"Simples";"Reta";"Não";3;0;0;1;2;0;1;2;"-5.400636";"-48.956333";"SR-PA";"DEL19/3";"UOP01/PA"
183720;2019-01-06;"1";"10:30:00";"BA";116;805;"VITORIA DA CONQUISTA";"Falta de Atenção à Condução";"Queda de ocupante de veículo";"Com Vítimas Feridas";"Pleno dia";"Crescente";"Sol";"Simples";"Reta";"Não";2;0;2;0;0;0;2;1;"-14.76647933";"-40.70922732";"SR-BA";"DEL10/8";"UOP01/BA"
183721;2019-01-06;"1";"11:55:00";"SC";101;193;"BIGUACU";"Falta de Atenção à Condução";"Engavetamento";"Sem Vítimas";"Pleno dia";"Decrescente";"Céu Claro";"Dupla";"Não Informado";"Sim";3;0;0;0;3;0;0;3;"-27.4982";"-48.6565";"SR-SC";"DEL8/1";"UOP01/SC"
183722;2019-01-06;"1";"10:00:00";"PB";101;62,6;"SANTA RITA";"Defeito Mecânico no Veículo";"Incêndio";"Sem Vítimas";"Pleno dia";"Crescente";"Nublado";"Dupla";"Curva";"Não";1;0;0;0;1;0;0;1;"-7.0299";"-35.0579";"SR-PB";"DEL14/1";"UOP03/PB"
183723;2019-01-06;"1";"11:15:00";"MG";40;340,9;"FELIXLANDIA";"Defeito Mecânico no Veículo";"Incêndio";"Sem Vítimas";"Pleno dia";"Crescente";"Nublado";"Simples";"Desvio Temporário";"Não";1;0;0;0;1;0;0;1;"-18.659832";"-44.99744";"SR-MG";"DEL4/2";"UOP01/MG"
183725;2019-01-06;"1";"11:05:00";"PE";104;57,5;"CARUARU";"Falta de Atenção à Condução";"Colisão frontal";"Com Vítimas Fatais";"Pleno dia";"Decrescente";"Nublado";"Dupla";"Reta";"Sim";8;1;3;4;0;0;7;2;"-8.21473968";"-35.97340107";"SR-PE";"DEL11/2";"UOP01/PE"
183726;2019-01-06;"1";"12:45:00";"PR";376;294;"MAUA DA SERRA";"Falta de Atenção à Condução";"Colisão frontal";"Com Vítimas Feridas";"Pleno dia";"Crescente";"Garoa/Chuvisco";"Simples";"Reta";"Sim";2;0;0;1;1;0;1;2;"-23.90555957";"-51.20072544";"SR-PR";"DEL7/7";"UOP02/PR"
183727;2019-01-06;"1";"10:25:00";"MG";381;727,3;"CARMO DA CACHOEIRA";"Falta de Atenção à Condução";"Colisão traseira";"Com Vítimas Feridas";"Pleno dia";"Crescente";"Céu Claro";"Dupla";"Curva";"Não";3;0;1;0;2;0;1;2;"-21.4883";"-45.2066";"SR-MG";"DEL4/4";"UOP02/MG"
183728;2019-01-06;"1";"11:45:00";"MS";163;484,5;"CAMPO GRANDE";"Avarias e/ou desgaste excessivo no pneu";"Tombamento";"Com Vítimas Feridas";"Pleno dia";"Decrescente";"Céu Claro";"Simples";"Reta";"Não";2;0;2;0;0;0;2;1;"-20.453084";"-54.534411";"SR-MS";"DEL3/1";"UOP02/MS"
183729;2019-01-06;"1";"12:40:00";"MG";40;556;"NOVA LIMA";"Defeito Mecânico no Veículo";"Incêndio";"Sem Vítimas";"Pleno dia";"Crescente";"Sol";"Dupla";"Reta";"Sim";2;0;0;0;2;0;0;1;"-20.1037";"-43.9749";"SR-MG";"DEL4/1";"UOP02/MG"
183730;2019-01-06;"1";"12:40:00";"RS";392;341;"SANTA MARIA";"Desobediência às normas de trânsito pelo condutor";"Colisão lateral";"Sem Vítimas";"Pleno dia";"Crescente";"Céu Claro";"Simples";"Reta";"Não";2;0;0;0;2;0;0;2;"-29.813076";"-53.771732";"SR-RS";"DEL9/9";"UOP01/RS"
183731;2019-01-06;"1";"11:10:00";"RO";319;62;"PORTO VELHO";"Falta de Atenção à Condução";"Colisão transversal";"Com Vítimas Feridas";"Pleno dia";"Crescente";"Nublado";"Dupla";"Interseção de vias";"Sim";2;0;1;0;1;0;1;2;"-8.74809882";"-63.88851469";"SR-RO";"DEL21/1";"UOP01/RO"
183732;2019-01-06;"1";"13:35:00";"MG";153;147,9;"CAMPO FLORIDO";"Falta de Atenção à Condução";"Colisão transversal";"Com Vítimas Fatais";"Pleno dia";"Crescente";"Sol";"Simples";"Interseção de vias";"Não";6;1;0;2;3;0;2;2;"-19.63175514";"-48.8498497";"SR-MG";"DEL13";"UOP02/MG"
183733;2019-01-06;"1";"13:20:00";"DF";20;8;"BRASILIA";"Mal Súbito";"Colisão com objeto estático";"Com Vítimas Feridas";"Pleno dia";"Decrescente";"Céu Claro";"Dupla";"Retorno Regulamentado";"Sim";1;0;1;0;0;0;1;1;"-15.6554688";"-47.78573155";"SR-DF";"DF";"UOP04/DF"
183734;2019-01-06;"1";"13:22:00";"PR";376;618,3;"SAO JOSE DOS PINHAIS";"Avarias e/ou desgaste excessivo no pneu";"Colisão com objeto estático";"Com Vítimas Feridas";"Pleno dia";"Decrescente";"Nublado";"Dupla";"Desvio Temporário";"Sim";2;0;0;2;0;0;2;1;"-25.60151556";"-49.17324364";"SR-PR";"DEL7/1";"UOP08/PR"
183736;2019-01-06;"1";"12:10:00";"PA";163;1001;"SANTAREM";"Defeito na Via";"Colisão lateral";"Com Vítimas Feridas";"Pleno dia";"Decrescente";"Céu Claro";"Simples";"Reta";"Sim";4;0;1;0;3;0;1;3;"-2.46830126";"-54.72840613";"SR-PA";"DEL19/5";"UOP01/PA"
183737;2019-01-06;"1";"13:30:00";"PR";476;139,2;"CURITIBA";"Velocidade Incompatível";"Capotamento";"Sem Vítimas";"Pleno dia";"Decrescente";"Garoa/Chuvisco";"Múltipla";"Reta";"Sim";1;0;0;0;1;0;0;1;"-25.51284";"-49.289257";"SR-PR";"DEL7/1";"UOP06/PR"
183738;2019-01-06;"1";"13:45:00";"SP";116;278;"EMBU DAS ARTES";"Velocidade Incompatível";"Capotamento";"Sem Vítimas";"Pleno dia";"Decrescente";"Céu Claro";"Dupla";"Curva";"Não";1;0;0;0;0;1;0;1;"-23.63602256";"-46.82922363";"SR-SP";"DEL6/4";"UOP01/SP"
183739;2019-01-06;"1";"13:25:00";"RS";290;295,3;"CACHOEIRA DO SUL";"Defeito na Via";"Capotamento";"Sem Vítimas";"Pleno dia";"Decrescente";"Céu Claro";"Simples";"Reta";"Não";3;0;0;0;3;0;0;1;"-30.305027";"-53.157436";"SR-RS";"DEL9/2";"UOP03/RS"
183740;2019-01-06;"1";"14:25:00";"DF";70;8,7;"BRASILIA";"Ingestão de Álcool";"Atropelamento de Pedestre";"Com Vítimas Feridas";"Pleno dia";"Crescente";"Céu Claro";"Dupla";"Reta";"Sim";2;0;2;0;0;0;2;1;"-15.784966";"-48.122108";"SR-DF";"DF";"UOP06/DF"
183741;2019-01-06;"1";"13:25:00";"CE";116;6;"FORTALEZA";"Falta de Atenção à Condução";"Colisão traseira";"Com Vítimas Feridas";"Pleno dia";"Crescente";"Céu Claro";"Múltipla";"Reta";"Sim";2;0;0;1;1;0;1;2;"-3.8126";"-38.5007";"SR-CE";"DEL16/1";"UOP02/CE"
183742;2019-01-06;"1";"13:45:00";"BA";324;587;"CANDEIAS";"Agressão Externa";"Capotamento";"Com Vítimas Feridas";"Pleno dia";"Decrescente";"Sol";"Dupla";"Reta";"Não";2;0;2;0;0;0;2;1;"-12.652794";"-38.473133";"SR-BA";"DEL10/1";"UOP01/BA"
183743;2019-01-06;"1";"11:30:00";"MG";365;371,8;"PATOS DE MINAS";"Defeito Mecânico no Veículo";"Incêndio";"Sem Vítimas";"Pleno dia";"Decrescente";"Sol";"Simples";"Curva";"Não";1;0;0;0;1;0;0;1;"-18.53967538";"-46.20532036";"SR-MG";"DEL4/10";"UOP01/MG"
183744;2019-01-06;"1";"14:40:00";"GO";364;214;"JATAI";"Pista Escorregadia";"Saída de leito carroçável";"Com Vítimas Feridas";"Pleno dia";"Decrescente";"Chuva";"Simples";"Curva";"Não";2;0;1;0;1;0;1;1;"-17.876808";"-51.872562";"SR-GO";"DEL1/5";"UOP01/GO"
183747;2019-01-06;"1";"14:00:00";"MS";419;296,6;"NIOAQUE";"Condutor Dormindo";"Capotamento";"Com Vítimas Feridas";"Pleno dia";"Decrescente";"Céu Claro";"Simples";"Curva";"Não";1;0;1;0;0;0;1;1;"-20.887465";"-55.836407";"SR-MS";"DEL3/3";"UOP01/MS"
183748;2019-01-06;"1";"15:30:00";"MG";381;1;"BETIM";"Carga excessiva e/ou mal acondicionada";"Danos eventuais";"Sem Vítimas";"Pleno dia";"Crescente";"Sol";"Dupla";"Reta";"Sim";2;0;0;0;2;0;0;1;"-19.96624983";"-44.1942215";"SR-MG";"DEL4/1";"UOP03/MG"
183749;2019-01-06;"1";"15:10:00";"RS";158;264,7;"JULIO DE CASTILHOS";"Desobediência às normas de trânsito pelo condutor";"Colisão transversal";"Com Vítimas Feridas";"Pleno dia";"Decrescente";"Nublado";"Simples";"Não Informado";"Sim";5;0;2;2;0;1;4;2;"-29.238945";"-53.665611";"SR-RS";"DEL9/9";"UOP01/RS"
183750;2019-01-06;"1";"15:00:00";"MG";267;287,2;"BAEPENDI";"Velocidade Incompatível";"Tombamento";"Com Vítimas Feridas";"Pleno dia";"Crescente";"Céu Claro";"Simples";"Curva";"Não";1;0;1;0;0;0;1;1;"-21.92724968";"-44.78753224";"SR-MG";"DEL5";"UOP03/MG"
183751;2019-01-06;"1";"11:40:00";"RO";435;64;"VILHENA";"Falta de Atenção à Condução";"Saída de leito carroçável";"Com Vítimas Feridas";"Pleno dia";"Decrescente";"Céu Claro";"Simples";"Desvio Temporário";"Não";2;0;1;0;1;0;1;1;"-13.084197";"-60.3773";"SR-RO";"DEL21/4";"UOP02/RO"
183752;2019-01-06;"1";"15:20:00";"RS";386;435,5;"NOVA SANTA RITA";"Desobediência às normas de trânsito pelo condutor";"Colisão transversal";"Com Vítimas Fatais";"Pleno dia";"Crescente";"Céu Claro";"Dupla";"Reta";"Não";2;1;0;0;1;0;0;2;"-29.846369";"-51.275738";"SR-RS";"DEL9/4";"UOP02/RS"
183754;2019-01-06;"1";"15:40:00";"PR";476;168,6;"CONTENDA";"Velocidade Incompatível";"Saída de leito carroçável";"Com Vítimas Fatais";"Pleno dia";"Crescente";"Nublado";"Simples";"Não Informado";"Não";3;1;2;0;0;0;2;1;"-25.661057";"-49.48967";"SR-PR";"DEL7/1";"UOP04/PR"
183755;2019-01-06;"1";"14:40:00";"MT";174;125;"MIRASSOL DOESTE";"Falta de Atenção à Condução";"Colisão transversal";"Com Vítimas Feridas";"Pleno dia";"Decrescente";"Sol";"Simples";"Interseção de vias";"Não";3;0;1;0;2;0;1;2;"-15.81981128";"-58.08683574";"SR-MT";"DEL2/3";"UOP01/MT"
183756;2019-01-06;"1";"15:25:00";"BA";367;36;"PORTO SEGURO";"Animais na Pista";"Atropelamento de Animal";"Com Vítimas Feridas";"Pleno dia";"Decrescente";"Céu Claro";"Simples";"Reta";"Não";2;0;2;0;0;0;2;1;"-16.40287";"-39.177658";"SR-BA";"DEL10/9";"UOP01/BA"
183757;2019-01-06;"1";"15:55:00";"SP";116;359;"MIRACATU";"Velocidade Incompatível";"Tombamento";"Sem Vítimas";"Pleno dia";"Decrescente";"Garoa/Chuvisco";"Múltipla";"Curva";"Não";1;0;0;0;1;0;0;1;"-24.10946757";"-47.26914883";"SR-SP";"DEL6/4";"UOP02/SP"
183759;2019-01-06;"1";"16:30:00";"MG";40;519;"RIBEIRAO DAS NEVES";"Não guardar distância de segurança";"Colisão traseira";"Com Vítimas Feridas";"Pleno dia";"Crescente";"Sol";"Dupla";"Retorno Regulamentado";"Sim";2;0;1;0;1;0;1;2;"-19.8511";"-44.0724";"SR-MG";"DEL4/1";"UOP03/MG"
183760;2019-01-06;"1";"16:00:00";"RJ";116;48;"TERESOPOLIS";"Falta de Atenção à Condução";"Colisão transversal";"Com Vítimas Feridas";"Pleno dia";"Crescente";"Céu Claro";"Simples";"Reta";"Sim";2;0;0;1;1;0;1;2;"-22.176069";"-42.839436";"SR-RJ";"DEL5/4";"UOP01/RJ"
183761;2019-01-06;"1";"15:50:00";"MG";116;597,1;"SAO JOAO DO MANHUACU";"Ultrapassagem Indevida";"Colisão lateral";"Com Vítimas Feridas";"Pleno dia";"Decrescente";"Sol";"Simples";"Curva";"Não";4;0;2;0;1;1;2;2;"-20.29246942";"-42.14698792";"SR-MG";"DEL4/6";"UOP04/MG"
183763;2019-01-06;"1";"16:40:00";"GO";153;546;"PIRACANJUBA";"Falta de Atenção à Condução";"Capotamento";"Com Vítimas Feridas";"Pleno dia";"Decrescente";"Nublado";"Dupla";"Desvio Temporário";"Não";1;0;1;0;0;0;1;1;"-17.1069";"-49.2174";"SR-GO";"DEL1/1";"UOP03/GO"
183765;2019-01-06;"1";"12:20:00";"RJ";116;55,9;"TERESOPOLIS";"Falta de Atenção do Pedestre";"Atropelamento de Pedestre";"Com Vítimas Feridas";"Pleno dia";"Crescente";"Céu Claro";"Simples";"Curva";"Não";2;0;0;1;1;0;1;1;"-22.203508";"-42.888542";"SR-RJ";"DEL5/4";"UOP01/RJ"
183766;2019-01-06;"1";"16:00:00";"RS";448;21;"CANOAS";"Falta de Atenção à Condução";"Saída de leito carroçável";"Com Vítimas Feridas";"Pleno dia";"Crescente";"Céu Claro";"Simples";"Curva";"Não";2;0;2;0;0;0;2;1;"-29.96574";"-51.202034";"SR-RS";"DEL9/1";"UOP01/RS"
183767;2019-01-06;"1";"11:30:00";"BA";330;782;"IPIAU";"Falta de Atenção à Condução";"Colisão transversal";"Com Vítimas Fatais";"Pleno dia";"Crescente";"Céu Claro";"Simples";"Reta";"Não";2;1;0;0;1;0;0;2;"-14.16";"-39.692";"SR-BA";"DEL10/3";"UOP01/BA"
183768;2019-01-06;"1";"16:00:00";"BA";116;752;"POCOES";"Ultrapassagem Indevida";"Colisão lateral";"Com Vítimas Feridas";"Pleno dia";"Decrescente";"Céu Claro";"Simples";"Reta";"Não";2;0;2;0;0;0;2;2;"-14.49264322";"-40.34601733";"SR-BA";"DEL10/8";"UOP02/BA"