"id";"data_inversa";"dia_semana";"horario";"uf";"br";"km";"municipio";"causa_acidente";"tipo_acidente";"classificacao_acidente";"fase_dia";"sentido_via";"condicao_metereologica";"tipo_pista";"tracado_via";"uso_solo";"pessoas";"mortos";"feridos_leves";"feridos_graves";"ilesos";"ignorados";"feridos";"veiculos";"latitude";"longitude";"regional";"delegacia";"uop"
184460;2019-01-11;"6";"04:30:00";"MG";50;190,7;"UBERABA";"Desobediência às normas de trânsito pelo pedestre";"Atropelamento de Pedestre";"Com Vítimas Fatais";"Plena Noite";"Crescente";"Céu Claro";"Dupla";"Reta";"Não";2;1;0;0;0;1;0;1;"-19.862";"-47.8656";"SR-MG";"DEL13";"UOP01/MG"
184461;2019-01-11;"6";"04:00:00";"PE";101;68,5;"RECIFE";"Falta de Atenção à Condução";"Saída de leito carroçável";"Com Vítimas Feridas";"Plena Noite";"Decrescente";"Chuva";"Dupla";"Não Informado";"Sim";1;0;1;0;0;0;1;1;"-8.0595";"-34.9458";"SR-PE";"DEL11/1";"UOP01/PE"
184463;2019-01-11;"6";"06:15:00";"SC";282;5;"SAO JOSE";"Não guardar distância de segurança";"Colisão traseira";"Com Vítimas Feridas";"Pleno dia";"Decrescente";"Céu Claro";"Dupla";"Reta";"Não";2;0;1;0;1;0;1;2;"-27.588425";"-48.612919";"SR-SC";"DEL8/1";"UOP01/SC"
184464;2019-01-10;"5";"22:15:00";"BA";101;739,6;"ITABELA";"Velocidade Incompatível";"Tombamento";"Com Vítimas Feridas";"Plena Noite";"Decrescente";"Céu Claro";"Simples";"Não Informado";"Não";1;0;1;0;0;0;1;1;"-16.5271";"-39.5673";"SR-BA";"DEL10/9";"UOP01/BA"
184465;2019-01-08;"3";"05:45:00";"SC";101;187,5;"BIGUACU";"Ingestão de Álcool";"Saída de leito carroçável";"Sem Vítimas";"Amanhecer";"Crescente";"Nublado";"Dupla";"Reta";"Sim";1;0;0;0;1;0;0;1;"-27.4514";"-48.6336";"SR-SC";"DEL8/1";"UOP01/SC"
184466;2019-01-11;"6";"06:45:00";"PR";277;726,4;"FOZ DO IGUACU";"Falta de Atenção à Condução";"Colisão transversal";"Com Vítimas Feridas";"Pleno dia";"Crescente";"Céu Claro";"Dupla";"Rotatória";"Sim";2;0;1;0;1;0;1;2;"-25.51014376";"-54.55870628";"SR-PR";"DEL7/5";"UOP03/PR"
184467;2019-01-11;"6";"02:30:00";"MT";70;62;"BARRA DO GARCAS";"Desobediência às normas de trânsito pelo condutor";"Colisão lateral";"Sem Vítimas";"Plena Noite";"Crescente";"Céu Claro";"Simples";"Não Informado";"Não";2;0;0;0;2;0;0;2;"-15.70628567";"-52.71570398";"SR-MT";"DEL2/8";"UOP01/MT"
184468;2019-01-11;"6";"07:00:00";"PR";277;613,1;"CEU AZUL";"Ultrapassagem Indevida";"Saída de leito carroçável";"Com Vítimas Feridas";"Pleno dia";"Crescente";"Céu Claro";"Simples";"Reta";"Não";2;0;2;0;0;0;2;1;"-25.061493";"-53.64838";"SR-PR";"DEL7/5";"UOP02/PR"
184469;2019-01-07;"2";"21:50:00";"PR";277;50;"SAO JOSE DOS PINHAIS";"Falta de Atenção do Pedestre";"Atropelamento de Pedestre";"Com Vítimas Feridas";"Plena Noite";"Decrescente";"Garoa/Chuvisco";"Dupla";"Reta";"Não";2;0;1;0;0;1;1;1;"-25.59338634";"-48.90913859";"SR-PR";"DEL7/1";"UOP06/PR"
184470;2019-01-11;"6";"06:00:00";"CE";304;92;"ARACATI";"Falta de Atenção à Condução";"Colisão transversal";"Com Vítimas Feridas";"Pleno dia";"Crescente";"Sol";"Simples";"Reta";"Não";2;0;1;0;1;0;1;2;"-4.813123";"-37.490311";"SR-CE";"DEL16/3";"UOP03/CE"
184471;2019-01-11;"6";"07:40:00";"SP";116;18,2;"LAVRINHAS";"Falta de Atenção à Condução";"Colisão lateral";"Com Vítimas Feridas";"Pleno dia";"Crescente";"Sol";"Dupla";"Reta";"Não";2;0;0;1;0;1;1;1;"-22.558407";"-44.856655";"SR-SP";"DEL6/8";"UOP01/SP"
184472;2019-01-07;"2";"17:20:00";"CE";222;7,4;"CAUCAIA";"Falta de Atenção à Condução";"Colisão lateral";"Com Vítimas Feridas";"Pleno dia";"Decrescente";"Céu Claro";"Dupla";"Retorno Regulamentado";"Sim";2;0;1;0;1;0;1;2;"-3.749515";"-38.629959";"SR-CE";"DEL16/1";"UOP01/CE"
184473;2019-01-11;"6";"07:40:00";"MG";381;766,5;"CAMPANHA";"Falta de Atenção à Condução";"Queda de ocupante de veículo";"Com Vítimas Feridas";"Pleno dia";"Decrescente";"Céu Claro";"Dupla";"Curva";"Não";2;0;0;2;0;0;2;1;"-21.7486";"-45.3881";"SR-MG";"DEL09";"UOP02/MG"
184474;2019-01-11;"6";"07:45:00";"RS";290;107,2;"ELDORADO DO SUL";"Falta de Atenção à Condução";"Colisão transversal";"Com Vítimas Feridas";"Pleno dia";"Decrescente";"Céu Claro";"Simples";"Rotatória";"Sim";2;0;1;0;1;0;1;2;"-30.00327881";"-51.30587339";"SR-RS";"DEL9/2";"UOP01/RS"
184475;2019-01-11;"6";"07:30:00";"MG";381;738,8;"TRES CORACOES";"Velocidade Incompatível";"Saída de leito carroçável";"Com Vítimas Feridas";"Amanhecer";"Decrescente";"Céu Claro";"Dupla";"Curva";"Não";2;0;1;0;1;0;1;1;"-21.5826";"-45.2396";"SR-MG";"DEL09";"UOP02/MG"
184476;2019-01-07;"2";"18:00:00";"SC";280;206;"MAFRA";"Falta de Atenção à Condução";"Tombamento";"Sem Vítimas";"Pleno dia";"Decrescente";"Céu Claro";"Simples";"Reta";"Não";1;0;0;0;1;0;0;1;"-26.161243";"-50.131409";"SR-SC";"DEL8/6";"UOP01/SC"
184477;2019-01-11;"6";"07:20:00";"RS";116;256;"ESTEIO";"Desobediência às normas de trânsito pelo condutor";"Colisão traseira";"Com Vítimas Feridas";"Pleno dia";"Decrescente";"Céu Claro";"Dupla";"Reta";"Sim";2;0;1;0;1;0;1;2;"-29.843962";"-51.177292";"SR-RS";"DEL9/1";"UOP02/RS"
184479;2019-01-11;"6";"05:15:00";"PR";476;284,2;"SAO MATEUS DO SUL";"Ingestão de Álcool";"Colisão frontal";"Com Vítimas Feridas";"Plena Noite";"Crescente";"Nublado";"Simples";"Reta";"Não";2;0;0;1;1;0;1;2;"-25.899374";"-50.439541";"SR-PR";"DEL7/2";"UOP03/PR"
184480;2019-01-07;"2";"17:50:00";"PR";376;538;"PALMEIRA";"Defeito Mecânico no Veículo";"Capotamento";"Com Vítimas Feridas";"Pleno dia";"Crescente";"Garoa/Chuvisco";"Múltipla";"Reta";"Não";1;0;1;0;0;0;1;1;"-25.34697849";"-49.84332919";"SR-PR";"DEL7/1";"UOP05/PR"
184481;2019-01-11;"6";"07:40:00";"PR";116;115;"CURITIBA";"Falta de Atenção à Condução";"Queda de ocupante de veículo";"Com Vítimas Feridas";"Pleno dia";"Crescente";"Céu Claro";"Dupla";"Reta";"Sim";1;0;0;1;0;0;1;1;"-25.54956593";"-49.30458069";"SR-PR";"DEL7/1";"UOP01/PR"
184482;2019-01-11;"6";"08:10:00";"RS";290;75,6;"GRAVATAI";"Defeito Mecânico no Veículo";"Saída de leito carroçável";"Sem Vítimas";"Pleno dia";"Crescente";"Nublado";"Dupla";"Curva";"Não";1;0;0;0;1;0;0;1;"-29.95521";"-51.006855";"SR-RS";"DEL9/1";"UOP01/RS"
184483;2019-01-08;"3";"04:50:00";"MG";40;750;"SANTOS DUMONT";"Condutor Dormindo";"Saída de leito carroçável";"Sem Vítimas";"Plena Noite";"Decrescente";"Céu Claro";"Dupla";"Retorno Regulamentado";"Sim";1;0;0;0;1;0;0;1;"-21.4903";"-43.535";"SR-MG";"DEL5";"UOP01/MG"
184484;2019-01-07;"2";"19:30:00";"PR";277;653;"MATELANDIA";"Falta de Atenção à Condução";"Colisão traseira";"Sem Vítimas";"Pleno dia";"Decrescente";"Sol";"Simples";"Reta";"Não";2;0;0;0;2;0;0;2;"-25.213331";"-53.95145";"SR-PR";"DEL7/5";"UOP02/PR"
184485;2019-01-07;"2";"18:45:00";"MS";262;123;"AGUA CLARA";"Pista Escorregadia";"Saída de leito carroçável";"Com Vítimas Feridas";"Plena Noite";"Crescente";"Chuva";"Simples";"Não Informado";"Não";6;0;1;0;5;0;1;1;"-20.50084805";"-52.70525157";"SR-MS";"DEL3/7";"UOP02/MS"
184486;2019-01-11;"6";"07:20:00";"MG";381;686,5;"LAVRAS";"Condutor Dormindo";"Colisão traseira";"Com Vítimas Feridas";"Pleno dia";"Crescente";"Céu Claro";"Dupla";"Reta";"Não";3;0;1;0;2;0;1;2;"-21.179";"-45.1221";"SR-MG";"DEL4/4";"UOP02/MG"
184487;2019-01-08;"3";"05:20:00";"RJ";101;417;"MANGARATIBA";"Pista Escorregadia";"Saída de leito carroçável";"Com Vítimas Feridas";"Amanhecer";"Decrescente";"Céu Claro";"Simples";"Curva";"Não";4;0;2;0;2;0;2;2;"-22.912937";"-43.897324";"SR-RJ";"DEL5/3";"UOP01/RJ"
184488;2019-01-07;"2";"20:15:00";"PR";376;199;"MANDAGUARI";"Fenômenos da Natureza";"Colisão com objeto em movimento";"Com Vítimas Feridas";"Pleno dia";"Decrescente";"Chuva";"Dupla";"Reta";"Não";4;0;2;1;1;0;3;2;"-23.509514";"-51.721405";"SR-PR";"DEL7/7";"UOP04/PR"
184489;2019-01-07;"2";"12:50:00";"RS";116;113;"SAO MARCOS";"Ingestão de Álcool";"Saída de leito carroçável";"Com Vítimas Feridas";"Pleno dia";"Decrescente";"Céu Claro";"Simples";"Curva";"Sim";2;0;2;0;0;0;2;1;"-28.96277517";"-51.07767843";"SR-RS";"DEL9/5";"UOP01/RS"
184490;2019-01-11;"6";"07:00:00";"RN";101;104,5;"PARNAMIRIM";"Falta de Atenção à Condução";"Colisão lateral";"Com Vítimas Feridas";"Pleno dia";"Decrescente";"Sol";"Dupla";"Reta";"Sim";2;0;1;0;1;0;1;2;"-5.892745";"-35.257225";"SR-RN";"DEL15/1";"UOP01/RN"
184491;2019-01-11;"6";"07:20:00";"RS";116;222;"DOIS IRMAOS";"Falta de Atenção à Condução";"Colisão transversal";"Sem Vítimas";"Pleno dia";"Crescente";"Céu Claro";"Múltipla";"Rotatória";"Sim";2;0;0;0;2;0;0;2;"-29.581001";"-51.095177";"SR-RS";"DEL9/5";"UOP02/RS"
184493;2019-01-11;"6";"08:20:00";"SC";101;339,2;"TUBARAO";"Desobediência às normas de trânsito pelo condutor";"Colisão transversal";"Com Vítimas Feridas";"Pleno dia";"Decrescente";"Céu Claro";"Múltipla";"Não Informado";"Sim";2;0;0;1;1;0;1;2;"-28.5026";"-49.0474";"SR-SC";"DEL8/2";"UOP01/SC"
184495;2019-01-11;"6";"07:10:00";"PE";424;87,4;"GARANHUNS";"Falta de Atenção à Condução";"Colisão lateral";"Com Vítimas Feridas";"Pleno dia";"Crescente";"Céu Claro";"Simples";"Interseção de vias";"Sim";3;0;1;1;1;0;2;2;"-8.874289";"-36.507607";"SR-PE";"DEL11/3";"UOP01/PE"
184497;2019-01-10;"5";"19:50:00";"RR";401;6,3;"CANTA";"Restrição de Visibilidade";"Colisão traseira";"Com Vítimas Feridas";"Plena Noite";"Crescente";"Céu Claro";"Simples";"Reta";"Não";1;0;1;0;0;0;1;1;"2.790548";"-60.642979";"SR-RR";"UOP01/RR";""
184499;2019-01-11;"6";"08:10:00";"MS";267;480,7;"JARDIM";"Falta de Atenção à Condução";"Colisão lateral";"Com Vítimas Feridas";"Pleno dia";"Crescente";"Céu Claro";"Simples";"Reta";"Sim";2;0;1;0;1;0;1;2;"-21.48048175";"-56.13999909";"SR-MS";"DEL3/5";"UOP01/MS"
184500;2019-01-07;"2";"20:30:00";"SE";235;59,4;"ITABAIANA";"Falta de Atenção à Condução";"Colisão lateral";"Sem Vítimas";"Plena Noite";"Crescente";"Céu Claro";"Simples";"Reta";"Não";2;0;0;0;2;0;0;2;"-10.63273";"-37.45686";"SR-SE";"DEL20/1";"UOP02/SE"
184501;2019-01-07;"2";"21:05:00";"RS";290;71;"GRAVATAI";"Desobediência às normas de trânsito pelo pedestre";"Atropelamento de Pedestre";"Com Vítimas Feridas";"Plena Noite";"Decrescente";"Céu Claro";"Dupla";"Reta";"Sim";2;0;1;0;1;0;1;1;"-29.951347";"-50.965858";"SR-RS";"DEL9/3";"UOP02/RS"
184502;2019-01-07;"2";"20:00:00";"SP";101;36,5;"UBATUBA";"Desobediência às normas de trânsito pelo condutor";"Colisão transversal";"Com Vítimas Feridas";"Plena Noite";"Crescente";"Nublado";"Simples";"Curva";"Sim";2;0;0;1;1;0;1;2;"-23.40725471";"-45.01836777";"SR-SP";"DEL6";"UOP03/SP"
184503;2019-01-07;"2";"19:30:00";"SC";101;117;"ITAJAI";"Desobediência às normas de trânsito pelo condutor";"Colisão transversal";"Com Vítimas Feridas";"Anoitecer";"Crescente";"Céu Claro";"Dupla";"Rotatória";"Sim";3;0;2;0;1;0;2;2;"-26.8961";"-48.7188";"SR-SC";"DEL8/4";"UOP04/SC"
184504;2019-01-11;"6";"09:10:00";"SP";116;274,8;"TABOAO DA SERRA";"Falta de Atenção à Condução";"Colisão lateral";"Com Vítimas Feridas";"Pleno dia";"Crescente";"Céu Claro";"Dupla";"Reta";"Sim";2;0;1;0;1;0;1;2;"-23.61801987";"-46.80564165";"SR-SP";"DEL6/4";"UOP01/SP"
184505;2019-01-07;"2";"22:50:00";"ES";101;253,6;"SERRA";"Condutor Dormindo";"Colisão frontal";"Com Vítimas Fatais";"Plena Noite";"Decrescente";"Céu Claro";"Simples";"Curva";"Não";2;1;0;0;1;0;0;2;"-20.08513019";"-40.3466624";"SR-ES";"DEL12/2";"UOP01/ES"
184507;2019-01-01;"3";"23:30:00";"MG";251;200;"CACHOEIRA DE PAJEU";"Animais na Pista";"Atropelamento de Animal";"Com Vítimas Feridas";"Plena Noite";"Crescente";"Nublado";"Simples";"Reta";"Não";1;0;1;0;0;0;1;1;"-15.8724";"-41.4555";"SR-MG";"DEL4/11";"UOP02/MG"
184508;2019-01-11;"6";"10:40:00";"SP";116;219;"GUARULHOS";"Não guardar distância de segurança";"Colisão lateral";"Com Vítimas Feridas";"Pleno dia";"Crescente";"Sol";"Simples";"Reta";"Não";2;0;1;0;1;0;1;2;"-23.46400725";"-46.49734955";"SR-SP";"DEL6/1";"UOP01/SP"
184510;2019-01-07;"2";"17:15:00";"MS";163;475,8;"CAMPO GRANDE";"Falta de Atenção à Condução";"Colisão transversal";"Com Vítimas Feridas";"Pleno dia";"Crescente";"Nublado";"Simples";"Rotatória";"Sim";2;0;1;0;1;0;1;2;"-20.514012";"-54.562317";"SR-MS";"DEL3/1";"UOP01/MS"
184511;2019-01-11;"6";"09:05:00";"TO";153;500,2;"PARAISO DO TOCANTINS";"Velocidade Incompatível";"Saída de leito carroçável";"Com Vítimas Feridas";"Pleno dia";"Crescente";"Céu Claro";"Simples";"Não Informado";"Não";1;0;1;0;0;0;1;1;"-10.22149617";"-48.87551921";"SR-TO";"UOP02/TO";""
184512;2019-01-07;"2";"17:20:00";"CE";116;141,8;"RUSSAS";"Falta de Atenção à Condução";"Colisão frontal";"Com Vítimas Feridas";"Anoitecer";"Crescente";"Nublado";"Simples";"Reta";"Não";2;0;1;0;1;0;1;2;"-4.766018";"-38.056034";"SR-CE";"DEL16/3";"UOP01/CE"
184513;2019-01-08;"3";"00:10:00";"GO";153;441,1;"ANAPOLIS";"Defeito na Via";"Tombamento";"Com Vítimas Feridas";"Plena Noite";"Decrescente";"Céu Claro";"Dupla";"Reta";"Sim";2;0;2;0;0;0;2;1;"-16.315866";"-48.921612";"SR-GO";"DEL1/2";"UOP01/GO"
184514;2019-01-07;"2";"22:00:00";"SC";101;251,8;"PAULO LOPES";"Animais na Pista";"Atropelamento de Animal";"Sem Vítimas";"Plena Noite";"Decrescente";"Nublado";"Dupla";"Reta";"Sim";2;0;0;0;2;0;0;1;"-27.9615";"-48.6793";"SR-SC";"DEL8/2";"UOP03/SC"
184515;2019-01-11;"6";"11:00:00";"GO";60;38,9;"GOIANIA";"Velocidade Incompatível";"Tombamento";"Com Vítimas Feridas";"Pleno dia";"Decrescente";"Céu Claro";"Dupla";"Rotatória";"Sim";1;0;1;0;0;0;1;1;"-16.6777";"-49.2676";"SR-GO";"DEL1/1";"UOP03/GO"
184516;2019-01-11;"6";"10:00:00";"RJ";116;267,7;"BARRA MANSA";"Ingestão de Álcool";"Colisão lateral";"Sem Vítimas";"Pleno dia";"Crescente";"Céu Claro";"Dupla";"Curva";"Sim";2;0;0;0;2;0;0;2;"-22.560883";"-44.122238";"SR-RJ";"DEL5/7";"UOP02/RJ"
184517;2019-01-11;"6";"10:49:00";"GO";50;204,3;"CAMPO ALEGRE DE GOIAS";"Condutor Dormindo";"Colisão com objeto estático";"Com Vítimas Feridas";"Pleno dia";"Crescente";"Nublado";"Dupla";"Reta";"Não";3;0;3;0;0;0;3;1;"-17.6048";"-47.7924";"SR-GO";"DEL1/6";"UOP01/GO"
184518;2019-01-11;"6";"10:30:00";"MG";381;837,5;"SAO SEBASTIAO DA BELA VISTA";"Velocidade Incompatível";"Saída de leito carroçável";"Com Vítimas Feridas";"Pleno dia";"Decrescente";"Céu Claro";"Dupla";"Não Informado";"Não";4;0;4;0;0;0;4;1;"-22.1507";"-45.8231";"SR-MG";"DEL09";"UOP01/MG"
184520;2019-01-11;"6";"08:05:00";"MG";153;96;"PRATA";"Defeito Mecânico no Veículo";"Capotamento";"Com Vítimas Feridas";"Pleno dia";"Decrescente";"Céu Claro";"Simples";"Desvio Temporário";"Não";2;0;1;0;1;0;1;1;"-19.25605302";"-48.92555237";"SR-MG";"DEL4/15";"UOP03/MG"
184522;2019-01-11;"6";"11:50:00";"ES";101;428,9;"ATILIO VIVACQUA";"Defeito Mecânico no Veículo";"Incêndio";"Sem Vítimas";"Pleno dia";"Decrescente";"Céu Claro";"Simples";"Curva";"Não";1;0;0;0;1;0;0;1;"-21.02915898";"-41.16339773";"SR-ES";"DEL12/3";"UOP02/ES"
184523;2019-01-11;"6";"11:20:00";"RJ";116;328;"RESENDE";"Falta de Atenção à Condução";"Colisão lateral";"Com Vítimas Feridas";"Pleno dia";"Crescente";"Céu Claro";"Dupla";"Curva";"Não";3;0;2;0;1;0;2;2;"-22.495203";"-44.570347";"SR-RJ";"DEL5/7";"UOP03/RJ"
184524;2019-01-11;"6";"11:35:00";"SP";116;443,5;"REGISTRO";"Não guardar distância de segurança";"Colisão lateral";"Com Vítimas Feridas";"Pleno dia";"Decrescente";"Céu Claro";"Dupla";"Reta";"Não";2;0;0;1;1;0;1;2;"-24.4866799";"-47.83394694";"SR-SP";"DEL6/5";"UOP01/SP"
184525;2019-01-11;"6";"11:50:00";"MG";381;510;"SAO JOAQUIM DE BICAS";"Falta de Atenção à Condução";"Colisão lateral";"Com Vítimas Feridas";"Pleno dia";"Decrescente";"Céu Claro";"Múltipla";"Reta";"Sim";2;0;1;1;0;0;2;2;"-20.0613";"-44.2919";"SR-MG";"DEL4/1";"UOP03/MG"
184526;2019-01-11;"6";"12:00:00";"RJ";116;99;"GUAPIMIRIM";"Falta de Atenção à Condução";"Colisão traseira";"Com Vítimas Feridas";"Pleno dia";"Crescente";"Céu Claro";"Simples";"Reta";"Não";3;0;1;0;2;0;1;2;"-22.488504";"-42.999359";"SR-RJ";"DEL5/4";"UOP02/RJ"
184531;2019-01-08;"3";"03:40:00";"ES";101;266,3;"SERRA";"Desobediência às normas de trânsito pelo condutor";"Colisão transversal";"Com Vítimas Feridas";"Plena Noite";"Crescente";"Céu Claro";"Dupla";"Interseção de vias";"Sim";2;0;1;0;1;0;1;2;"-20.19359065";"-40.26853893";"SR-ES";"DEL12/2";"UOP01/ES"
184532;2019-01-11;"6";"12:40:00";"MG";40;413;"CURVELO";"Falta de Atenção à Condução";"Colisão transversal";"Com Vítimas Feridas";"Pleno dia";"Crescente";"Sol";"Simples";"Reta";"Não";4;0;2;0;2;0;2;2;"-19.1648";"-44.5195";"SR-MG";"DEL4/2";"UOP01/MG"
184533;2019-01-11;"6";"09:30:00";"PI";230;198,3;"OEIRAS";"Falta de Atenção à Condução";"Colisão lateral";"Com Vítimas Feridas";"Pleno dia";"Crescente";"Céu Claro";"Simples";"Reta";"Sim";4;0;3;0;1;0;3;2;"-7.01511613";"-42.13799715";"SR-PI";"DEL17/4";"UOP01/PI"
184534;2019-01-11;"6";"12:00:00";"RJ";356;174,6;"SAO JOAO DA BARRA";"Defeito Mecânico no Veículo";"Tombamento";"Com Vítimas Feridas";"Pleno dia";"Crescente";"Sol";"Simples";"Interseção de vias";"Não";1;0;1;0;0;0;1;1;"-21.71790236";"-41.05713129";"SR-RJ";"DEL5/8";"UOP02/RJ"
184535;2019-01-11;"6";"12:30:00";"PR";277;500,7;"GUARANIACU";"Ultrapassagem Indevida";"Colisão lateral";"Com Vítimas Feridas";"Pleno dia";"Crescente";"Sol";"Simples";"Reta";"Não";3;0;1;0;1;1;1;2;"-25.14592561";"-52.70130873";"SR-PR";"DEL7/4";"UOP02/PR"
184536;2019-01-11;"6";"11:30:00";"RJ";101;417;"MANGARATIBA";"Desobediência às normas de trânsito pelo condutor";"Colisão traseira";"Com Vítimas Feridas";"Pleno dia";"Decrescente";"Céu Claro";"Múltipla";"Curva";"Não";5;0;1;0;3;1;1;4;"-22.912937";"-43.897324";"SR-RJ";"DEL5/3";"UOP01/RJ"
184539;2019-01-07;"2";"13:40:00";"AC";364;147,9;"RIO BRANCO";"Defeito na Via";"Colisão lateral";"Sem Vítimas";"Pleno dia";"Crescente";"Céu Claro";"Dupla";"Reta";"Não";2;0;0;0;2;0;0;2;"-9.894361";"-67.895401";"SR-AC";"UOP01/AC";""
184541;2019-01-11;"6";"13:20:00";"SC";282;4,2;"SAO JOSE";"Falta de Atenção à Condução";"Colisão lateral";"Sem Vítimas";"Pleno dia";"Crescente";"Sol";"Dupla";"Reta";"Sim";2;0;0;0;2;0;0;2;"-27.592646";"-48.604034";"SR-SC";"DEL8/1";"UOP01/SC"
184543;2019-01-11;"6";"13:40:00";"PR";369;201,8;"APUCARANA";"Falta de Atenção à Condução";"Colisão traseira";"Sem Vítimas";"Pleno dia";"Decrescente";"Sol";"Simples";"Não Informado";"Não";2;0;0;0;2;0;0;2;"-23.5415534";"-51.45627558";"SR-PR";"DEL7/7";"UOP03/PR"
184544;2019-01-02;"4";"14:00:00";"BA";324;596,8;"CANDEIAS";"Falta de Atenção do Pedestre";"Atropelamento de Pedestre";"Com Vítimas Feridas";"Pleno dia";"Decrescente";"Céu Claro";"Dupla";"Reta";"Sim";3;0;0;1;1;1;1;1;"-12.73552104";"-38.44039574";"SR-BA";"DEL10/1";"UOP01/BA"
184546;2019-01-11;"6";"13:30:00";"GO";452;9;"RIO VERDE";"Falta de Atenção à Condução";"Colisão lateral";"Com Vítimas Feridas";"Pleno dia";"Decrescente";"Céu Claro";"Simples";"Reta";"Não";2;0;1;0;1;0;1;2;"-17.828653";"-50.82856";"SR-GO";"DEL1/4";"UOP01/GO"
184547;2019-01-11;"6";"13:30:00";"SP";116;189;"SANTA ISABEL";"Defeito Mecânico no Veículo";"Capotamento";"Com Vítimas Feridas";"Pleno dia";"Crescente";"Sol";"Dupla";"Reta";"Não";2;0;1;0;1;0;1;1;"-23.36677296";"-46.23022199";"SR-SP";"DEL6/2";"UOP01/SP"
184548;2019-01-11;"6";"11:10:00";"SC";280;28,3;"ARAQUARI";"Falta de Atenção à Condução";"Colisão transversal";"Com Vítimas Feridas";"Pleno dia";"Decrescente";"Sol";"Simples";"Reta";"Não";2;0;1;0;1;0;1;2;"-26.40457";"-48.745659";"SR-SC";"DEL8/3";"UOP03/SC"
184549;2019-01-11;"6";"13:43:00";"SC";470;10;"NAVEGANTES";"Falta de Atenção à Condução";"Engavetamento";"Com Vítimas Feridas";"Pleno dia";"Crescente";"Sol";"Simples";"Não Informado";"Não";3;0;1;0;2;0;1;3;"-26.833693";"-48.73724";"SR-SC";"DEL8/4";"UOP04/SC"
184551;2019-01-11;"6";"14:05:00";"SP";101;51,5;"UBATUBA";"Ingestão de Álcool";"Tombamento";"Com Vítimas Feridas";"Pleno dia";"Crescente";"Sol";"Simples";"Rotatória";"Sim";1;0;1;0;0;0;1;1;"-23.462336";"-45.064766";"SR-SP";"DEL6";"UOP03/SP"
184552;2019-01-08;"3";"00:15:00";"ES";262;3,9;"CARIACICA";"Falta de Atenção à Condução";"Colisão traseira";"Com Vítimas Feridas";"Plena Noite";"Crescente";"Céu Claro";"Dupla";"Reta";"Não";3;0;0;2;0;1;2;2;"-20.3332";"-40.3685";"SR-ES";"DEL12/1";"UOP01/ES"
184553;2019-01-11;"6";"13:50:00";"DF";20;11;"BRASILIA";"Falta de Atenção à Condução";"Colisão lateral";"Sem Vítimas";"Pleno dia";"Decrescente";"Céu Claro";"Dupla";"Não Informado";"Sim";2;0;0;0;2;0;0;2;"-15.64654";"-47.766422";"SR-DF";"DF";"UOP04/DF"
184554;2019-01-11;"6";"11:35:00";"PE";407;126,6;"PETROLINA";"Ingestão de Álcool";"Colisão traseira";"Sem Vítimas";"Pleno dia";"Decrescente";"Céu Claro";"Simples";"Reta";"Sim";2;0;0;0;2;0;0;2;"-9.39109637";"-40.52025363";"SR-PE";"DEL11/6";"UOP01/PE"
184555;2019-01-11;"6";"11:50:00";"RO";364;339,5;"JI-PARANA";"Não guardar distância de segurança";"Colisão lateral";"Com Vítimas Feridas";"Pleno dia";"Decrescente";"Sol";"Dupla";"Não Informado";"Sim";3;0;2;0;1;0;2;2;"-10.9024459";"-61.9304359";"SR-RO";"DEL21/2";"UOP01/RO"
184556;2019-01-11;"6";"11:20:00";"RJ";101;415;"MANGARATIBA";"Fenômenos da Natureza";"Incêndio";"Sem Vítimas";"Pleno dia";"Crescente";"Sol";"Dupla";"Reta";"Não";1;0;0;0;1;0;0;1;"-22.904333";"-43.881832";"SR-RJ";"DEL5/3";"UOP01/RJ"
184557;2019-01-11;"6";"12:20:00";"RO";364;344,8;"JI-PARANA";"Desobediência às normas de trânsito pelo condutor";"Colisão lateral";"Com Vítimas Feridas";"Pleno dia";"Decrescente";"Céu Claro";"Simples";"Reta";"Sim";2;0;1;0;1;0;1;2;"-10.873834";"-61.952469";"SR-RO";"DEL21/2";"UOP01/RO"
184559;2019-01-11;"6";"14:00:00";"PR";277;68;"SAO JOSE DOS PINHAIS";"Velocidade Incompatível";"Queda de ocupante de veículo";"Com Vítimas Feridas";"Pleno dia";"Decrescente";"Céu Claro";"Dupla";"Reta";"Não";2;0;1;0;1;0;1;2;"-25.52691695";"-49.0938811";"SR-PR";"DEL7/1";"UOP06/PR"
184560;2019-01-07;"2";"21:35:00";"PE";101;77,8;"RECIFE";"Falta de Atenção à Condução";"Colisão transversal";"Com Vítimas Feridas";"Plena Noite";"Crescente";"Nublado";"Simples";"Reta";"Sim";2;0;1;0;1;0;1;2;"-8.134813";"-34.947544";"SR-PE";"DEL11/1";"UOP01/PE"
184561;2019-01-11;"6";"13:30:00";"SC";470;319,4;"CAMPOS NOVOS";"Desobediência às normas de trânsito pelo condutor";"Colisão transversal";"Com Vítimas Feridas";"Pleno dia";"Crescente";"Céu Claro";"Simples";"Interseção de vias";"Sim";2;0;0;1;1;0;1;2;"-27.41177622";"-51.23100758";"SR-SC";"DEL7";"UOP08/SC"
184562;2019-01-11;"6";"14:50:00";"MG";381;330;"NOVA ERA";"Falta de Atenção à Condução";"Capotamento";"Sem Vítimas";"Pleno dia";"Crescente";"Céu Claro";"Dupla";"Reta";"Não";1;0;0;0;1;0;0;1;"-19.762";"-43.0478";"SR-MG";"DEL4/3";"UOP01/MG"