"id";"data_inversa";"dia_semana";"horario";"uf";"br";"km";"municipio";"causa_acidente";"tipo_acidente";"classificacao_acidente";"fase_dia";"sentido_via";"condicao_metereologica";"tipo_pista";"tracado_via";"uso_solo";"pessoas";"mortos";"feridos_leves";"feridos_graves";"ilesos";"ignorados";"feridos";"veiculos";"latitude";"longitude";"regional";"delegacia";"uop"
184957;2019-01-12;"7";"09:00:00";"MT";163;1111;"GUARANTA DO NORTE";"Velocidade Incompatível";"Tombamento";"Sem Vítimas";"Pleno dia";"Crescente";"Céu Claro";"Simples";"Não Informado";"Não";1;0;0;0;1;0;0;1;"-9.601397";"-54.886204";"SR-MT";"DEL2/6";"UOP02/MT"
184958;2019-01-13;"1";"06:06:00";"SC";116;141,7;"SANTA CECILIA";"Falta de Atenção à Condução";"Colisão traseira";"Com Vítimas Fatais";"Amanhecer";"Crescente";"Céu Claro";"Simples";"Reta";"Não";2;1;0;0;0;1;0;2;"-26.966255";"-50.409283";"SR-SC";"DEL8/6";"UOP02/SC"
184959;2019-01-13;"1";"14:50:00";"MG";262;177;"SAO 1S DO PRATA";"Defeito Mecânico no Veículo";"Incêndio";"Sem Vítimas";"Pleno dia";"Crescente";"Céu Claro";"Simples";"Reta";"Não";1;0;0;0;1;0;0;1;"-19.928415";"-42.972904";"SR-MG";"DEL4/3";"UOP01/MG"
184960;2019-01-13;"1";"16:00:00";"SP";116;272;"TABOAO DA SERRA";"Velocidade Incompatível";"Colisão traseira";"Com Vítimas Feridas";"Pleno dia";"Decrescente";"Nublado";"Dupla";"Reta";"Sim";2;0;0;1;1;0;1;1;"-23.61365122";"-46.78184878";"SR-SP";"DEL6/4";"UOP01/SP"
184961;2019-01-13;"1";"12:20:00";"MG";262;762;"UBERABA";"Falta de Atenção à Condução";"Saída de leito carroçável";"Com Vítimas Feridas";"Pleno dia";"Crescente";"Céu Claro";"Simples";"Reta";"Não";4;0;3;1;0;0;4;1;"-19.6671598";"-47.60890961";"SR-MG";"DEL13";"UOP01/MG"
184962;2019-01-13;"1";"11:30:00";"SC";101;41;"JOINVILLE";"Falta de Atenção à Condução";"Colisão traseira";"Com Vítimas Feridas";"Pleno dia";"Decrescente";"Sol";"Dupla";"Viaduto";"Sim";4;0;2;0;2;0;2;3;"-26.324";"-48.8672";"SR-SC";"DEL8/3";"UOP01/SC"
184963;2019-01-13;"1";"15:25:00";"RN";110;68,5;"MOSSORO";"Restrição de Visibilidade";"Colisão frontal";"Com Vítimas Fatais";"Pleno dia";"Decrescente";"Chuva";"Simples";"Reta";"Não";4;1;0;1;1;1;1;2;"-5.226844";"-37.33197";"SR-RN";"DEL15/4";"UOP01/RN"
184964;2019-01-13;"1";"15:10:00";"RS";285;258;"AGUA SANTA";"Avarias e/ou desgaste excessivo no pneu";"Saída de leito carroçável";"Com Vítimas Feridas";"Pleno dia";"Crescente";"Chuva";"Simples";"Não Informado";"Não";5;0;1;0;4;0;1;1;"-28.303923";"-52.061325";"SR-RS";"DEL08";"UOP03/RS"
184965;2019-01-13;"1";"15:00:00";"SC";163;68;"SAO MIGUEL DO OESTE";"Falta de Atenção à Condução";"Colisão com objeto estático";"Sem Vítimas";"Pleno dia";"Crescente";"Céu Claro";"Simples";"Não Informado";"Não";2;0;0;0;2;0;0;1;"-26.750364";"-53.50087";"SR-SC";"DEL7";"UOP03/SC"
184966;2019-01-13;"1";"15:00:00";"MG";116;162;"PADRE PARAISO";"Velocidade Incompatível";"Saída de leito carroçável";"Com Vítimas Feridas";"Pleno dia";"Decrescente";"Céu Claro";"Simples";"Curva";"Não";3;0;3;0;0;0;3;1;"-16.95172423";"-41.46240234";"SR-MG";"DEL4/11";"UOP02/MG"
184967;2019-01-13;"1";"10:45:00";"SC";116;204,2;"PONTE ALTA";"Velocidade Incompatível";"Saída de leito carroçável";"Com Vítimas Feridas";"Pleno dia";"Decrescente";"Sol";"Simples";"Reta";"Não";1;0;1;0;0;0;1;1;"-27.481998";"-50.379116";"SR-SC";"DEL8/5";"UOP03/SC"
184968;2019-01-13;"1";"15:15:00";"PE";110;97;"SERTANIA";"Animais na Pista";"Saída de leito carroçável";"Sem Vítimas";"Pleno dia";"Crescente";"Sol";"Simples";"Reta";"Não";1;0;0;0;1;0;0;1;"-8.372472";"-37.293274";"SR-PE";"DEL11/3";"UOP02/PE"
184970;2019-01-13;"1";"14:55:00";"SC";470;163;"TROMBUDO CENTRAL";"Desobediência às normas de trânsito pelo condutor";"Colisão lateral";"Sem Vítimas";"Pleno dia";"Crescente";"Céu Claro";"Simples";"Reta";"Não";5;0;0;0;5;0;0;5;"-27.278976";"-49.825996";"SR-SC";"DEL8/4";"UOP02/SC"
184971;2019-01-13;"1";"16:00:00";"MS";163;14;"MUNDO NOVO";"Desobediência às normas de trânsito pelo condutor";"Colisão transversal";"Com Vítimas Feridas";"Pleno dia";"Crescente";"Chuva";"Simples";"Curva";"Não";2;0;1;0;1;0;1;2;"-23.950075";"-54.308708";"SR-MS";"DEL3/09";"UOP02/MS"
184972;2019-01-13;"1";"16:35:00";"MG";116;524;"CARATINGA";"Falta de Atenção à Condução";"Colisão transversal";"Com Vítimas Feridas";"Pleno dia";"Decrescente";"Céu Claro";"Simples";"Curva";"Sim";3;0;1;0;2;0;1;2;"-19.75107315";"-42.13255763";"SR-MG";"DEL4/6";"UOP02/MG"
184973;2019-01-13;"1";"15:00:00";"MG";381;582,6;"CARMOPOLIS DE MINAS";"Condutor Dormindo";"Saída de leito carroçável";"Com Vítimas Feridas";"Pleno dia";"Crescente";"Nublado";"Dupla";"Não Informado";"Não";2;0;1;0;1;0;1;1;"-20.500191";"-44.608495";"SR-MG";"DEL4/4";"UOP01/MG"
184974;2019-01-13;"1";"16:45:00";"PR";277;635,4;"CEU AZUL";"Defeito Mecânico no Veículo";"Tombamento";"Sem Vítimas";"Pleno dia";"Crescente";"Céu Claro";"Simples";"Curva";"Não";1;0;0;0;1;0;0;1;"-25.1402";"-53.82959";"SR-PR";"DEL7/5";"UOP02/PR"
184975;2019-01-13;"1";"15:40:00";"PI";343;42,3;"BURITI DOS LOPES";"Pista Escorregadia";"Saída de leito carroçável";"Com Vítimas Feridas";"Pleno dia";"Crescente";"Nublado";"Simples";"Curva";"Não";2;0;1;0;1;0;1;1;"-3.160851";"-41.818455";"SR-PI";"DEL17/5";"UOP01/PI"
184976;2019-01-13;"1";"16:35:00";"MG";381;760,1;"TRES CORACOES";"Condutor Dormindo";"Saída de leito carroçável";"Com Vítimas Feridas";"Pleno dia";"Crescente";"Sol";"Dupla";"Não Informado";"Não";5;0;2;0;3;0;2;2;"-21.7011";"-45.3673";"SR-MG";"DEL09";"UOP02/MG"
184977;2019-01-13;"1";"16:45:00";"RJ";116;264,7;"BARRA MANSA";"Falta de Atenção à Condução";"Colisão com objeto estático";"Com Vítimas Feridas";"Pleno dia";"Crescente";"Sol";"Dupla";"Desvio Temporário";"Não";1;0;1;0;0;0;1;1;"-22.560883";"-44.122238";"SR-RJ";"DEL5/7";"UOP02/RJ"
184978;2019-01-13;"1";"11:20:00";"RJ";354;13,8;"RESENDE";"Velocidade Incompatível";"Colisão frontal";"Com Vítimas Fatais";"Pleno dia";"Decrescente";"Céu Claro";"Simples";"Não Informado";"Não";2;1;0;0;1;0;0;2;"-22.436623";"-44.735523";"SR-RJ";"DEL5/7";"UOP03/RJ"
184980;2019-01-13;"1";"16:00:00";"PR";277;60,4;"SAO JOSE DOS PINHAIS";"Falta de Atenção à Condução";"Colisão traseira";"Sem Vítimas";"Pleno dia";"Crescente";"Chuva";"Dupla";"Reta";"Não";2;0;0;0;2;0;0;2;"-25.55347646";"-49.03380632";"SR-PR";"DEL7/1";"UOP06/PR"
184981;2019-01-13;"1";"17:20:00";"PR";277;594,9;"CASCAVEL";"Falta de Atenção à Condução";"Colisão lateral";"Com Vítimas Feridas";"Pleno dia";"Crescente";"Nublado";"Simples";"Interseção de vias";"Sim";3;0;1;0;2;0;1;2;"-24.9807438";"-53.5004372";"SR-PR";"DEL7/4";"UOP01/PR"
184983;2019-01-13;"1";"16:15:00";"PA";222;244,8;"MARABA";"Desobediência às normas de trânsito pelo condutor";"Colisão transversal";"Com Vítimas Feridas";"Pleno dia";"Crescente";"Céu Claro";"Simples";"Interseção de vias";"Sim";2;0;1;0;1;0;1;2;"-5.35405546";"-49.07970428";"SR-PA";"DEL19/3";"UOP01/PA"
184984;2019-01-13;"1";"17:10:00";"MG";365;599,9;"UBERLANDIA";"Desobediência às normas de trânsito pelo condutor";"Colisão frontal";"Com Vítimas Feridas";"Pleno dia";"Decrescente";"Nublado";"Simples";"Reta";"Não";3;0;1;2;0;0;3;2;"-18.8974";"-48.2715";"SR-MG";"DEL4/15";"UOP01/MG"
184985;2019-01-13;"1";"16:30:00";"SC";101;124;"ITAJAI";"Ingestão de Álcool";"Colisão lateral";"Sem Vítimas";"Pleno dia";"Crescente";"Céu Claro";"Múltipla";"Reta";"Não";2;0;0;0;2;0;0;2;"-26.9479";"-48.6832";"SR-SC";"DEL8/4";"UOP04/SC"
184987;2019-01-13;"1";"16:05:00";"RS";386;315;"MARQUES DE SOUZA";"Avarias e/ou desgaste excessivo no pneu";"Colisão frontal";"Com Vítimas Fatais";"Pleno dia";"Crescente";"Chuva";"Simples";"Não Informado";"Não";6;3;0;2;1;0;2;2;"-29.26049395";"-52.15029716";"SR-RS";"DEL9/4";"UOP01/RS"
184988;2019-01-13;"1";"06:50:00";"SC";101;138,5;"BALNEARIO CAMBORIU";"Velocidade Incompatível";"Colisão com objeto estático";"Com Vítimas Feridas";"Amanhecer";"Crescente";"Nublado";"Dupla";"Não Informado";"Não";1;0;1;0;0;0;1;1;"-27.032";"-48.6051";"SR-SC";"DEL8/4";"UOP03/SC"
184989;2019-01-13;"1";"16:26:00";"SE";101;100,3;"SAO CRISTOVAO";"Avarias e/ou desgaste excessivo no pneu";"Queda de ocupante de veículo";"Com Vítimas Feridas";"Pleno dia";"Decrescente";"Céu Claro";"Dupla";"Desvio Temporário";"Sim";2;0;2;0;0;0;2;1;"-10.93091061";"-37.18494415";"SR-SE";"DEL20/2";"UOP01/SE"
184990;2019-01-13;"1";"17:00:00";"PR";277;122;"CAMPO LARGO";"Ingestão de Álcool";"Colisão lateral";"Sem Vítimas";"Pleno dia";"Crescente";"Nublado";"Dupla";"Reta";"Não";2;0;0;0;2;0;0;2;"-25.44637481";"-49.56825256";"SR-PR";"DEL7/1";"UOP05/PR"
184991;2019-01-13;"1";"17:00:00";"CE";116;428,3;"IPAUMIRIM";"Desobediência às normas de trânsito pelo condutor";"Colisão transversal";"Com Vítimas Feridas";"Pleno dia";"Crescente";"Céu Claro";"Simples";"Reta";"Não";4;0;0;2;2;0;2;2;"-6.815968";"-38.753681";"SR-CE";"DEL16/5";"UOP03/CE"
184992;2019-01-13;"1";"18:15:00";"PR";376;171;"MARINGA";"Ingestão de Álcool";"Colisão frontal";"Com Vítimas Feridas";"Pleno dia";"Crescente";"Céu Claro";"Dupla";"Não Informado";"Sim";4;0;1;0;3;0;1;3;"-23.418228";"-51.975006";"SR-PR";"DEL7/7";"UOP04/PR"
184993;2019-01-13;"1";"16:00:00";"PE";232;73;"GRAVATA";"Ingestão de Álcool";"Colisão com objeto estático";"Com Vítimas Feridas";"Pleno dia";"Crescente";"Céu Claro";"Dupla";"Reta";"Não";3;0;3;0;0;0;3;1;"-8.187141";"-35.501026";"SR-PE";"DEL11/1";"UOP04/PE"
184995;2019-01-13;"1";"18:15:00";"SC";101;100;"BALNEARIO PICARRAS";"Falta de Atenção à Condução";"Colisão lateral";"Sem Vítimas";"Pleno dia";"Decrescente";"Nublado";"Simples";"Interseção de vias";"Sim";2;0;0;0;2;0;0;2;"-26.766";"-48.6863";"SR-SC";"DEL8/3";"UOP02/SC"
184996;2019-01-13;"1";"18:20:00";"RS";290;34;"SANTO ANTONIO DA PATRULHA";"Não guardar distância de segurança";"Colisão traseira";"Com Vítimas Feridas";"Pleno dia";"Crescente";"Céu Claro";"Múltipla";"Reta";"Não";3;0;2;0;1;0;2;2;"-29.885969";"-50.596653";"SR-RS";"DEL9/3";"UOP02/RS"
184998;2019-01-13;"1";"18:30:00";"PR";376;180,9;"MARINGA";"Não guardar distância de segurança";"Colisão traseira";"Com Vítimas Feridas";"Anoitecer";"Decrescente";"Céu Claro";"Dupla";"Rotatória";"Sim";5;0;1;0;1;3;1;2;"-23.427254";"-51.895123";"SR-PR";"DEL7/7";"UOP04/PR"
184999;2019-01-13;"1";"15:15:00";"RJ";101;267,5;"RIO BONITO";"Falta de Atenção à Condução";"Colisão lateral";"Com Vítimas Feridas";"Pleno dia";"Decrescente";"Sol";"Dupla";"Reta";"Não";5;0;0;3;2;0;3;2;"-22.707306";"-42.660637";"SR-RJ";"DEL5/2";"UOP03/RJ"
185000;2019-01-13;"1";"17:45:00";"PE";232;34,8;"MORENO";"Falta de Atenção à Condução";"Capotamento";"Com Vítimas Feridas";"Anoitecer";"Decrescente";"Céu Claro";"Dupla";"Reta";"Sim";4;0;2;0;2;0;2;2;"-8.10704";"-35.184006";"SR-PE";"DEL11/1";"UOP04/PE"
185001;2019-01-13;"1";"17:45:00";"RS";386;357,2;"ESTRELA";"Velocidade Incompatível";"Saída de leito carroçável";"Com Vítimas Feridas";"Pleno dia";"Crescente";"Chuva";"Dupla";"Curva";"Não";5;0;4;0;1;0;4;1;"-29.528872";"-51.928249";"SR-RS";"DEL9/4";"UOP01/RS"
185002;2019-01-13;"1";"17:55:00";"CE";116;5,7;"FORTALEZA";"Falta de Atenção à Condução";"Colisão traseira";"Com Vítimas Feridas";"Plena Noite";"Decrescente";"Nublado";"Simples";"Curva";"Sim";3;0;1;0;2;0;1;2;"-3.8038";"-38.5032";"SR-CE";"DEL16/1";"UOP02/CE"
185003;2019-01-13;"1";"18:00:00";"ES";101;298;"VIANA";"Falta de Atenção do Pedestre";"Atropelamento de Pedestre";"Com Vítimas Feridas";"Pleno dia";"Decrescente";"Céu Claro";"Múltipla";"Reta";"Sim";3;0;1;1;1;0;2;2;"-20.35005412";"-40.41305676";"SR-ES";"DEL12/1";"UOP01/ES"
185004;2019-01-13;"1";"14:55:00";"SC";280;148;"MAFRA";"Não guardar distância de segurança";"Colisão traseira";"Com Vítimas Feridas";"Pleno dia";"Crescente";"Sol";"Simples";"Não Informado";"Não";2;0;1;0;1;0;1;2;"-26.246315";"-49.676132";"SR-SC";"DEL8/6";"UOP03/SC"
185005;2019-01-13;"1";"18:55:00";"ES";101;255,4;"SERRA";"Falta de Atenção à Condução";"Capotamento";"Com Vítimas Feridas";"Pleno dia";"Crescente";"Céu Claro";"Dupla";"Rotatória";"Sim";1;0;0;1;0;0;1;1;"-20.12812281";"-40.29894146";"SR-ES";"DEL12/2";"UOP01/ES"
185006;2019-01-13;"1";"18:20:00";"RS";290;38;"SANTO ANTONIO DA PATRULHA";"Não guardar distância de segurança";"Colisão traseira";"Sem Vítimas";"Pleno dia";"Crescente";"Nublado";"Múltipla";"Reta";"Não";8;0;0;0;8;0;0;2;"-29.886322";"-50.637886";"SR-RS";"DEL9/3";"UOP02/RS"
185007;2019-01-13;"1";"17:45:00";"PE";232;9,2;"RECIFE";"Defeito Mecânico no Veículo";"Colisão traseira";"Sem Vítimas";"Anoitecer";"Decrescente";"Céu Claro";"Dupla";"Reta";"Sim";2;0;0;0;2;0;0;2;"-8.077656";"-34.978714";"SR-PE";"DEL11/1";"UOP01/PE"
185008;2019-01-13;"1";"06:50:00";"SC";101;322;"PESCARIA BRAVA";"Falta de Atenção à Condução";"Colisão traseira";"Com Vítimas Feridas";"Pleno dia";"Crescente";"Céu Claro";"Dupla";"Reta";"Não";2;0;0;1;1;0;1;2;"-28.4267";"-48.9086";"SR-SC";"DEL8/2";"UOP01/SC"
185009;2019-01-13;"1";"17:35:00";"MG";262;69,3;"MATIPO";"Ingestão de Álcool";"Saída de leito carroçável";"Com Vítimas Feridas";"Pleno dia";"Decrescente";"Céu Claro";"Simples";"Curva";"Não";2;0;1;1;0;0;2;1;"-20.307449";"-42.286644";"SR-MG";"DEL4/6";"UOP04/MG"
185011;2019-01-13;"1";"18:00:00";"BA";116;426;"FEIRA DE SANTANA";"Falta de Atenção à Condução";"Queda de ocupante de veículo";"Com Vítimas Feridas";"Anoitecer";"Crescente";"Céu Claro";"Simples";"Viaduto";"Não";1;0;1;0;0;0;1;1;"-12.26718536";"-38.98936562";"SR-BA";"DEL10/2";"UOP01/BA"
185012;2019-01-13;"1";"19:10:00";"SC";280;5,5;"SAO FRANCISCO DO SUL";"Falta de Atenção à Condução";"Colisão transversal";"Com Vítimas Feridas";"Anoitecer";"Crescente";"Nublado";"Simples";"Reta";"Sim";5;0;2;0;3;0;2;3;"-26.260122";"-48.625729";"SR-SC";"DEL8/3";"UOP03/SC"
185013;2019-01-13;"1";"19:20:00";"SC";470;66,7;"INDAIAL";"Ingestão de Álcool";"Colisão com objeto estático";"Sem Vítimas";"Anoitecer";"Crescente";"Nublado";"Simples";"Ponte";"Não";1;0;0;0;1;0;0;1;"-26.870407";"-49.221844";"SR-SC";"DEL8/4";"UOP01/SC"
185014;2019-01-13;"1";"17:15:00";"RJ";116;104;"GUAPIMIRIM";"Falta de Atenção à Condução";"Colisão traseira";"Com Vítimas Feridas";"Pleno dia";"Crescente";"Céu Claro";"Simples";"Reta";"Sim";3;0;1;0;2;0;1;2;"-22.508421";"-42.998241";"SR-RJ";"DEL5/4";"UOP02/RJ"
185015;2019-01-09;"4";"20:00:00";"SC";282;507,9;"XANXERE";"Falta de Atenção à Condução";"Colisão traseira";"Sem Vítimas";"Anoitecer";"Crescente";"Nublado";"Simples";"Não Informado";"Não";2;0;0;0;2;0;0;2;"-26.886171";"-52.43911";"SR-SC";"DEL7";"UOP01/SC"
185016;2019-01-13;"1";"18:30:00";"ES";101;364;"ANCHIETA";"Falta de Atenção à Condução";"Capotamento";"Com Vítimas Feridas";"Anoitecer";"Decrescente";"Céu Claro";"Simples";"Reta";"Não";1;0;1;0;0;0;1;1;"-20.72432755";"-40.73970795";"SR-ES";"DEL12/3";"UOP01/ES"
185017;2019-01-13;"1";"18:30:00";"RN";427;95;"CAICO";"Animais na Pista";"Atropelamento de Animal";"Com Vítimas Feridas";"Plena Noite";"Crescente";"Nublado";"Simples";"Reta";"Sim";1;0;1;0;0;0;1;1;"-6.477626";"-37.070442";"SR-RN";"DEL15/3";"UOP01/RN"
185018;2019-01-13;"1";"18:30:00";"MS";163;672,2;"RIO VERDE DE MATO GROSSO";"Ingestão de Álcool";"Colisão lateral";"Com Vítimas Feridas";"Anoitecer";"Decrescente";"Céu Claro";"Múltipla";"Não Informado";"Não";3;0;0;1;1;1;1;2;"-18.987893";"-54.828168";"SR-MS";"DEL3/6";"UOP02/MS"
185019;2019-01-13;"1";"18:20:00";"MG";116;420;"GOVERNADOR VALADARES";"Desobediência às normas de trânsito pelo condutor";"Saída de leito carroçável";"Com Vítimas Feridas";"Pleno dia";"Decrescente";"Céu Claro";"Simples";"Reta";"Não";1;0;1;0;0;0;1;1;"-18.93259326";"-41.94271088";"SR-MG";"DEL4/6";"UOP01/MG"
185020;2019-01-13;"1";"17:26:00";"MG";381;429,5;"SABARA";"Falta de Atenção à Condução";"Colisão traseira";"Com Vítimas Feridas";"Pleno dia";"Crescente";"Céu Claro";"Simples";"Curva";"Não";2;0;1;0;1;0;1;2;"-19.78706817";"-43.71037614";"SR-MG";"DEL4/1";"UOP01/MG"
185021;2019-01-13;"1";"19:30:00";"SP";116;213;"GUARULHOS";"Falta de Atenção à Condução";"Colisão lateral";"Com Vítimas Feridas";"Plena Noite";"Crescente";"Céu Claro";"Múltipla";"Reta";"Não";3;0;2;0;0;1;2;2;"-23.4410518";"-46.44070815";"SR-SP";"DEL6/1";"UOP01/SP"
185022;2019-01-13;"1";"19:00:00";"SP";116;306;"SAO LOURENCO DA SERRA";"Falta de Atenção à Condução";"Atropelamento de Pedestre";"Com Vítimas Feridas";"Anoitecer";"Decrescente";"Céu Claro";"Dupla";"Curva";"Sim";2;0;2;0;0;0;2;1;"-23.85036004";"-46.93874359";"SR-SP";"DEL6/4";"UOP01/SP"
185023;2019-01-13;"1";"18:15:00";"MT";364;202;"RONDONOPOLIS";"Ingestão de Álcool";"Colisão com objeto estático";"Sem Vítimas";"Pleno dia";"Crescente";"Céu Claro";"Dupla";"Reta";"Sim";1;0;0;0;1;0;0;1;"-16.4760163";"-54.65299741";"SR-MT";"DEL2/2";"UOP01/MT"
185024;2019-01-13;"1";"17:15:00";"PE";407;126,1;"PETROLINA";"Falta de Atenção à Condução";"Colisão com objeto estático";"Com Vítimas Feridas";"Pleno dia";"Decrescente";"Céu Claro";"Dupla";"Curva";"Sim";2;0;1;0;0;1;1;2;"-9.3868728";"-40.5258477";"SR-PE";"DEL11/6";"UOP01/PE"
185025;2019-01-13;"1";"18:35:00";"SE";235;47,1;"ITABAIANA";"Animais na Pista";"Atropelamento de Animal";"Sem Vítimas";"Plena Noite";"Decrescente";"Céu Claro";"Simples";"Reta";"Não";1;0;0;0;1;0;0;1;"-10.731889";"-37.411335";"SR-SE";"DEL20/1";"UOP02/SE"
185026;2019-01-13;"1";"19:20:00";"SC";282;19,2;"PALHOCA";"Falta de Atenção à Condução";"Colisão traseira";"Com Vítimas Feridas";"Pleno dia";"Decrescente";"Chuva";"Simples";"Desvio Temporário";"Sim";3;0;1;1;1;0;2;2;"-27.678635";"-48.70192";"SR-SC";"DEL8/1";"UOP02/SC"
185027;2019-01-13;"1";"18:20:00";"PB";230;22;"JOAO PESSOA";"Ingestão de Álcool";"Saída de leito carroçável";"Sem Vítimas";"Plena Noite";"Decrescente";"Céu Claro";"Dupla";"Reta";"Sim";3;0;0;0;3;0;0;1;"-7.1495";"-34.8517";"SR-PB";"DEL14/1";"UOP00/PB"
185028;2019-01-13;"1";"18:25:00";"CE";222;5;"CAUCAIA";"Falta de Atenção à Condução";"Colisão traseira";"Com Vítimas Feridas";"Plena Noite";"Decrescente";"Nublado";"Dupla";"Reta";"Sim";2;0;1;0;1;0;1;2;"-3.74297";"-38.613312";"SR-CE";"DEL16/1";"UOP01/CE"
185029;2019-01-13;"1";"19:00:00";"MG";50;6,3;"UBERLANDIA";"Velocidade Incompatível";"Saída de leito carroçável";"Sem Vítimas";"Pleno dia";"Decrescente";"Céu Claro";"Dupla";"Curva";"Não";2;0;0;0;1;1;0;1;"-18.931712";"-48.2361344";"SR-MG";"DEL4/15";"UOP02/MG"
185030;2019-01-13;"1";"18:00:00";"RR";401;5,1;"CANTA";"Ingestão de Álcool";"Colisão lateral";"Com Vítimas Feridas";"Anoitecer";"Decrescente";"Céu Claro";"Simples";"Curva";"Não";4;0;3;1;0;0;4;3;"2.786235";"-60.650505";"SR-RR";"UOP01/RR";""
185031;2019-01-13;"1";"10:50:00";"SC";280;99,2;"SAO BENTO DO SUL";"Velocidade Incompatível";"Tombamento";"Com Vítimas Feridas";"Pleno dia";"Crescente";"Céu Claro";"Múltipla";"Curva";"Não";1;0;1;0;0;0;1;1;"-26.37587";"-49.325443";"SR-SC";"DEL8/6";"UOP03/SC"
185032;2019-01-13;"1";"15:45:00";"GO";60;199;"GUAPO";"Falta de Atenção à Condução";"Saída de leito carroçável";"Sem Vítimas";"Pleno dia";"Crescente";"Chuva";"Dupla";"Reta";"Não";1;0;0;0;1;0;0;1;"-16.87952273";"-49.61640358";"SR-GO";"DEL1/1";"UOP02/GO"
185033;2019-01-13;"1";"20:30:00";"RJ";465;4;"SEROPEDICA";"Falta de Atenção à Condução";"Tombamento";"Com Vítimas Feridas";"Plena Noite";"Decrescente";"Céu Claro";"Simples";"Reta";"Sim";1;0;1;0;0;0;1;1;"-22.740971";"-43.705597";"SR-RJ";"DEL5/1";"UOP03/RJ"
185034;2019-01-13;"1";"15:00:00";"BA";116;477,2;"SANTO ESTEVAO";"Desobediência às normas de trânsito pelo condutor";"Colisão transversal";"Com Vítimas Feridas";"Pleno dia";"Crescente";"Sol";"Dupla";"Não Informado";"Não";3;0;1;0;2;0;1;2;"-12.51206628";"-39.37502774";"SR-BA";"DEL10/2";"UOP01/BA"
185035;2019-01-13;"1";"18:50:00";"MG";50;175;"UBERABA";"Velocidade Incompatível";"Saída de leito carroçável";"Com Vítimas Feridas";"Pleno dia";"Crescente";"Céu Claro";"Dupla";"Curva";"Sim";1;0;1;0;0;0;1;1;"-19.7793";"-47.9608";"SR-MG";"DEL13";"UOP01/MG"
185036;2019-01-05;"7";"09:50:00";"SC";101;12;"GARUVA";"Não guardar distância de segurança";"Colisão traseira";"Sem Vítimas";"Pleno dia";"Decrescente";"Céu Claro";"Dupla";"Não Informado";"Não";3;0;0;0;2;1;0;2;"-26.0982";"-48.8676";"SR-SC";"DEL8/3";"UOP01/SC"
185037;2019-01-13;"1";"14:00:00";"SC";101;38,4;"JOINVILLE";"Falta de Atenção à Condução";"Colisão lateral";"Com Vítimas Feridas";"Pleno dia";"Decrescente";"Sol";"Dupla";"Reta";"Sim";2;0;1;0;1;0;1;2;"-26.29309849";"-48.88432145";"SR-SC";"DEL8/3";"UOP01/SC"
185038;2019-01-13;"1";"20:45:00";"PR";277;104;"CAMPO LARGO";"Restrição de Visibilidade";"Colisão transversal";"Com Vítimas Feridas";"Plena Noite";"Decrescente";"Chuva";"Dupla";"Não Informado";"Sim";2;0;1;0;1;0;1;2;"-25.431664";"-49.39913758";"SR-PR";"DEL7/1";"UOP04/PR"
185039;2019-01-13;"1";"20:50:00";"PR";476;125;"CURITIBA";"Restrição de Visibilidade";"Colisão lateral";"Com Vítimas Feridas";"Plena Noite";"Decrescente";"Chuva";"Dupla";"Não Informado";"Sim";3;0;2;0;1;0;2;2;"-25.4083";"-49.219658";"SR-PR";"DEL7/1";"UOP06/PR"
185040;2019-01-13;"1";"15:20:00";"BA";116;642,5;"JAGUAQUARA";"Defeito Mecânico no Veículo";"Colisão frontal";"Com Vítimas Feridas";"Pleno dia";"Crescente";"Céu Claro";"Simples";"Curva";"Não";3;0;0;2;1;0;2;3;"-13.5835895";"-40.08327484";"SR-BA";"DEL10/3";"UOP01/BA"
185041;2019-01-13;"1";"21:35:00";"SC";101;208;"SAO JOSE";"Desobediência às normas de trânsito pelo condutor";"Tombamento";"Com Vítimas Feridas";"Plena Noite";"Decrescente";"Chuva";"Múltipla";"Reta";"Sim";2;0;0;2;0;0;2;1;"-27.6101";"-48.6388";"SR-SC";"DEL8/1";"UOP01/SC"
185043;2019-01-13;"1";"18:50:00";"RO";364;200,5;"PIMENTA BUENO";"Ingestão de Álcool";"Colisão traseira";"Com Vítimas Feridas";"Anoitecer";"Crescente";"Nublado";"Simples";"Reta";"Sim";5;0;1;0;4;0;1;2;"-11.652742";"-61.192787";"SR-RO";"DEL21/2";"UOP02/RO"
185045;2019-01-13;"1";"20:00:00";"SC";101;149;"ITAPEMA";"Falta de Atenção à Condução";"Colisão transversal";"Com Vítimas Feridas";"Plena Noite";"Decrescente";"Chuva";"Dupla";"Reta";"Sim";2;0;1;0;1;0;1;2;"-27.1175";"-48.6092";"SR-SC";"DEL8/4";"UOP03/SC"
185046;2019-01-13;"1";"20:15:00";"RJ";116;298;"RESENDE";"Não guardar distância de segurança";"Colisão traseira";"Sem Vítimas";"Plena Noite";"Decrescente";"Céu Claro";"Simples";"Reta";"Não";2;0;0;0;2;0;0;2;"-22.450125";"-44.330193";"SR-RJ";"DEL5/7";"UOP03/RJ"
185048;2019-01-13;"1";"21:00:00";"SP";381;30;"ATIBAIA";"Falta de Atenção à Condução";"Colisão traseira";"Com Vítimas Feridas";"Plena Noite";"Decrescente";"Céu Claro";"Dupla";"Reta";"Sim";2;0;0;1;1;0;1;2;"-23.048935";"-46.564892";"SR-SP";"DEL6/3";"UOP01/SP"