"id";"data_inversa";"dia_semana";"horario";"uf";"br";"km";"municipio";"causa_acidente";"tipo_acidente";"classificacao_acidente";"fase_dia";"sentido_via";"condicao_metereologica";"tipo_pista";"tracado_via";"uso_solo";"pessoas";"mortos";"feridos_leves";"feridos_graves";"ilesos";"ignorados";"feridos";"veiculos";"latitude";"longitude";"regional";"delegacia";"uop"
185354;2019-01-15;"3";"11:05:00";"PR";277;467,3;"LARANJEIRAS DO SUL";"Não guardar distância de segurança";"Colisão traseira";"Com Vítimas Feridas";"Pleno dia";"Decrescente";"Céu Claro";"Simples";"Não Informado";"Não";2;0;0;1;1;0;1;2;"-25.33129952";"-52.50835245";"SR-PR";"DEL7/4";"UOP03/PR"
185355;2019-01-15;"3";"09:15:00";"MG";50;38;"ARAGUARI";"Falta de Atenção à Condução";"Colisão traseira";"Com Vítimas Feridas";"Pleno dia";"Crescente";"Céu Claro";"Dupla";"Reta";"Sim";2;0;1;0;1;0;1;2;"-18.66112706";"-48.16286087";"SR-MG";"DEL4/15";"UOP02/MG"
185356;2019-01-15;"3";"10:40:00";"MG";40;789,6;"JUIZ DE FORA";"Defeito Mecânico no Veículo";"Tombamento";"Com Vítimas Feridas";"Pleno dia";"Decrescente";"Céu Claro";"Dupla";"Reta";"Não";2;0;2;0;0;0;2;1;"-21.7755";"-43.4327";"SR-MG";"DEL5";"UOP01/MG"
185357;2019-01-15;"3";"10:30:00";"SP";153;47,8;"SAO JOSE DO RIO PRETO";"Ultrapassagem Indevida";"Colisão frontal";"Com Vítimas Fatais";"Pleno dia";"Crescente";"Céu Claro";"Simples";"Desvio Temporário";"Não";3;1;0;0;2;0;0;3;"-20.681963";"-49.340157";"SR-SP";"DEL6/9";"UOP01/SP"
185360;2019-01-15;"3";"09:10:00";"MT";364;205;"RONDONOPOLIS";"Falta de Atenção à Condução";"Colisão transversal";"Com Vítimas Feridas";"Pleno dia";"Decrescente";"Céu Claro";"Dupla";"Reta";"Sim";3;0;2;0;1;0;2;2;"-16.459299";"-54.660919";"SR-MT";"DEL2/2";"UOP01/MT"
185361;2019-01-15;"3";"03:30:00";"PI";402;93,5;"LUIS CORREIA";"Carga excessiva e/ou mal acondicionada";"Tombamento";"Sem Vítimas";"Plena Noite";"Crescente";"Nublado";"Simples";"Reta";"Não";1;0;0;0;1;0;0;1;"-3.06509583";"-41.29966736";"SR-PI";"DEL17/5";"UOP01/PI"
185363;2019-01-15;"3";"11:50:00";"RS";116;113;"SAO MARCOS";"Falta de Atenção à Condução";"Colisão transversal";"Com Vítimas Feridas";"Pleno dia";"Crescente";"Céu Claro";"Simples";"Interseção de vias";"Sim";2;0;1;0;1;0;1;2;"-28.956675";"-51.080162";"SR-RS";"DEL9/5";"UOP01/RS"
185365;2019-01-15;"3";"11:45:00";"RS";386;267,9;"FONTOURA XAVIER";"Falta de Atenção à Condução";"Colisão transversal";"Com Vítimas Feridas";"Pleno dia";"Decrescente";"Sol";"Simples";"Reta";"Não";2;0;1;0;1;0;1;2;"-28.96648592";"-52.37128437";"SR-RS";"DEL9/4";"UOP04/RS"
185366;2019-01-15;"3";"12:00:00";"GO";60;389,2;"RIO VERDE";"Objeto estático sobre o leito carroçável";"Colisão traseira";"Com Vítimas Feridas";"Pleno dia";"Crescente";"Céu Claro";"Dupla";"Reta";"Sim";2;0;1;0;1;0;1;2;"-17.819";"-50.943";"SR-GO";"DEL1/4";"UOP01/GO"
185367;2019-01-15;"3";"12:40:00";"SC";282;3,5;"SAO JOSE";"Não guardar distância de segurança";"Colisão traseira";"Com Vítimas Feridas";"Pleno dia";"Decrescente";"Céu Claro";"Dupla";"Reta";"Sim";4;0;2;0;1;1;2;3;"-27.600384";"-48.599705";"SR-SC";"DEL8/1";"UOP01/SC"
185368;2019-01-15;"3";"09:20:00";"MA";222;207,4;"ITAPECURU MIRIM";"Falta de Atenção à Condução";"Colisão transversal";"Com Vítimas Feridas";"Pleno dia";"Decrescente";"Nublado";"Simples";"Reta";"Não";2;0;1;0;1;0;1;2;"-3.39279087";"-44.36313629";"SR-MA";"DEL18/1";"UOP03/MA"
185369;2019-01-15;"3";"11:22:00";"RO";364;713;"PORTO VELHO";"Falta de Atenção à Condução";"Colisão lateral";"Com Vítimas Feridas";"Pleno dia";"Decrescente";"Céu Claro";"Dupla";"Curva";"Sim";2;0;1;0;1;0;1;2;"-8.77123735";"-63.88310909";"SR-RO";"DEL21/1";"UOP01/RO"
185370;2019-01-15;"3";"10:50:00";"CE";222;141,4;"IRAUCUBA";"Velocidade Incompatível";"Saída de leito carroçável";"Com Vítimas Feridas";"Pleno dia";"Decrescente";"Chuva";"Simples";"Curva";"Não";2;0;2;0;0;0;2;1;"-3.754671";"-39.715527";"SR-CE";"DEL16/4";"UOP03/CE"
185372;2019-01-15;"3";"11:40:00";"BA";101;237;"CONCEICAO DO ALMEIDA";"Ultrapassagem Indevida";"Colisão lateral";"Com Vítimas Feridas";"Pleno dia";"Crescente";"Chuva";"Simples";"Reta";"Não";4;0;2;0;2;0;2;2;"-12.7834";"-39.1885";"SR-BA";"DEL10/1";"UOP02/BA"
185373;2019-01-15;"3";"13:30:00";"SP";116;465;"PARIQUERA-ACU";"Falta de Atenção à Condução";"Tombamento";"Com Vítimas Feridas";"Pleno dia";"Crescente";"Céu Claro";"Dupla";"Curva";"Não";1;0;1;0;0;0;1;1;"-24.6148829";"-47.88579941";"SR-SP";"DEL6/5";"UOP02/SP"
185374;2019-01-15;"3";"12:00:00";"RO";364;709;"PORTO VELHO";"Falta de Atenção à Condução";"Colisão lateral";"Com Vítimas Feridas";"Pleno dia";"Crescente";"Céu Claro";"Dupla";"Reta";"Não";3;0;1;0;2;0;1;2;"-8.79449913";"-63.84275621";"SR-RO";"DEL21/1";"UOP01/RO"
185375;2019-01-15;"3";"12:54:00";"SE";235;53,3;"ITABAIANA";"Falta de Atenção à Condução";"Colisão transversal";"Com Vítimas Feridas";"Pleno dia";"Crescente";"Céu Claro";"Simples";"Reta";"Sim";2;0;0;1;1;0;1;2;"-10.684707";"-37.440544";"SR-SE";"DEL20/1";"UOP02/SE"
185377;2019-01-15;"3";"14:40:00";"MG";40;277,9;"TRES MARIAS";"Desobediência às normas de trânsito pelo condutor";"Colisão transversal";"Com Vítimas Feridas";"Pleno dia";"Decrescente";"Sol";"Simples";"Desvio Temporário";"Sim";2;0;0;1;1;0;1;2;"-18.212723";"-45.224731";"SR-MG";"DEL4/14";"UOP02/MG"
185378;2019-01-15;"3";"14:00:00";"MG";381;525,5;"BRUMADINHO";"Falta de Atenção à Condução";"Tombamento";"Com Vítimas Feridas";"Pleno dia";"Crescente";"Céu Claro";"Dupla";"Curva";"Não";1;0;1;0;0;0;1;1;"-20.1511";"-44.3256";"SR-MG";"DEL4/4";"UOP03/MG"
185379;2019-01-15;"3";"13:05:00";"RJ";393;230;"VASSOURAS";"Falta de Atenção à Condução";"Capotamento";"Com Vítimas Feridas";"Pleno dia";"Decrescente";"Céu Claro";"Simples";"Curva";"Não";4;0;1;0;3;0;1;1;"-22.326361";"-43.536674";"SR-RJ";"DEL5/5";"UOP01/RJ"
185381;2019-01-15;"3";"14:45:00";"RS";290;6,1;"OSORIO";"Falta de Atenção à Condução";"Saída de leito carroçável";"Com Vítimas Feridas";"Pleno dia";"Decrescente";"Céu Claro";"Dupla";"Reta";"Não";2;0;2;0;0;0;2;1;"-29.896193";"-50.334114";"SR-RS";"DEL9/3";"UOP02/RS"
185383;2019-01-15;"3";"13:50:00";"PE";101;82;"JABOATAO DOS GUARARAPES";"Falta de Atenção à Condução";"Colisão lateral";"Com Vítimas Feridas";"Pleno dia";"Crescente";"Céu Claro";"Dupla";"Interseção de vias";"Sim";3;0;1;0;2;0;1;2;"-8.1768";"-34.9443";"SR-PE";"DEL11/1";"UOP03/PE"
185384;2019-01-15;"3";"14:00:00";"TO";153;358;"FORTALEZA DO TABOCAO";"Avarias e/ou desgaste excessivo no pneu";"Colisão frontal";"Com Vítimas Fatais";"Pleno dia";"Decrescente";"Chuva";"Simples";"Reta";"Não";4;1;1;0;2;0;1;3;"-9.047272";"-48.514725";"SR-TO";"UOP03/TO";""
185385;2019-01-15;"3";"14:43:00";"MG";50;53;"ARAGUARI";"Agressão Externa";"Colisão traseira";"Com Vítimas Feridas";"Pleno dia";"Decrescente";"Céu Claro";"Dupla";"Reta";"Não";4;0;0;1;1;2;1;2;"-18.7703";"-48.2455";"SR-MG";"DEL4/15";"UOP02/MG"
185386;2019-01-15;"3";"15:10:00";"RJ";40;109;"DUQUE DE CAXIAS";"Falta de Atenção à Condução";"Colisão traseira";"Com Vítimas Feridas";"Pleno dia";"Decrescente";"Céu Claro";"Múltipla";"Reta";"Sim";3;0;1;0;2;0;1;3;"-22.680391";"-43.28570366";"SR-RJ";"DEL5/1";"UOP01/RJ"
185388;2019-01-15;"3";"15:40:00";"DF";20;11,2;"BRASILIA";"Falta de Atenção à Condução";"Colisão lateral";"Com Vítimas Feridas";"Pleno dia";"Crescente";"Sol";"Dupla";"Reta";"Sim";3;0;2;0;1;0;2;2;"-15.64654";"-47.766422";"SR-DF";"DF";"UOP04/DF"
185389;2019-01-15;"3";"13:00:00";"CE";20;389,5;"CAUCAIA";"Velocidade Incompatível";"Saída de leito carroçável";"Com Vítimas Feridas";"Pleno dia";"Crescente";"Nublado";"Simples";"Desvio Temporário";"Não";1;0;1;0;0;0;1;1;"-3.83124147";"-38.75727654";"SR-CE";"DEL16/1";"UOP01/CE"
185392;2019-01-15;"3";"14:10:00";"MG";116;539,5;"SANTA RITA DE MINAS";"Falta de Atenção à Condução";"Colisão lateral";"Com Vítimas Feridas";"Pleno dia";"Decrescente";"Céu Claro";"Simples";"Reta";"Sim";2;0;1;0;1;0;1;2;"-19.87397018";"-42.13240927";"SR-MG";"DEL4/6";"UOP02/MG"
185393;2019-01-15;"3";"15:55:00";"RS";470;225;"GARIBALDI";"Falta de Atenção do Pedestre";"Atropelamento de Pedestre";"Com Vítimas Feridas";"Pleno dia";"Crescente";"Nublado";"Simples";"Reta";"Sim";3;0;0;1;1;1;1;1;"-29.24630793";"-51.51607455";"SR-RS";"DEL9/6";"UOP01/RS"
185394;2019-01-05;"7";"18:45:00";"MG";267;58,2;"BICAS";"Falta de Atenção à Condução";"Colisão lateral";"Com Vítimas Feridas";"Anoitecer";"Crescente";"Nublado";"Simples";"Interseção de vias";"Não";3;0;2;0;1;0;2;2;"-21.7293";"-43.0632";"SR-MG";"DEL4/7";"UOP01/MG"
185395;2019-01-15;"3";"15:30:00";"MG";459;102;"POUSO ALEGRE";"Defeito Mecânico no Veículo";"Colisão traseira";"Com Vítimas Feridas";"Pleno dia";"Crescente";"Céu Claro";"Simples";"Curva";"Sim";4;0;1;0;3;0;1;2;"-22.211775";"-45.924671";"SR-MG";"DEL09";"UOP01/MG"
185396;2019-01-15;"3";"16:00:00";"GO";40;123;"CRISTALINA";"Falta de Atenção à Condução";"Saída de leito carroçável";"Com Vítimas Feridas";"Pleno dia";"Decrescente";"Céu Claro";"Dupla";"Reta";"Não";1;0;1;0;0;0;1;1;"-16.867442";"-47.395855";"SR-DF";"GO";"UOP02/DF"
185397;2019-01-15;"3";"10:00:00";"AM";174;1114;"PRESIDENTE FIGUEIREDO";"Condutor Dormindo";"Tombamento";"Sem Vítimas";"Amanhecer";"Crescente";"Chuva";"Simples";"Reta";"Não";1;0;0;0;1;0;0;1;"-1.13701033";"-60.44677734";"SR-AM";"UOP02/AM";""
185398;2019-01-15;"3";"16:25:00";"RS";290;91,9;"PORTO ALEGRE";"Defeito Mecânico no Veículo";"Tombamento";"Com Vítimas Feridas";"Pleno dia";"Decrescente";"Céu Claro";"Dupla";"Reta";"Sim";1;0;1;0;0;0;1;1;"-29.969055";"-51.167439";"SR-RS";"DEL9/1";"UOP01/RS"
185399;2019-01-15;"3";"16:10:00";"MG";381;508,3;"SAO JOAQUIM DE BICAS";"Não guardar distância de segurança";"Colisão traseira";"Com Vítimas Feridas";"Pleno dia";"Crescente";"Sol";"Dupla";"Curva";"Sim";3;0;1;0;2;0;1;2;"-20.0494";"-44.2767";"SR-MG";"DEL4/1";"UOP03/MG"
185400;2019-01-15;"3";"15:10:00";"PE";101;79;"JABOATAO DOS GUARARAPES";"Falta de Atenção do Pedestre";"Atropelamento de Pedestre";"Com Vítimas Feridas";"Pleno dia";"Decrescente";"Céu Claro";"Simples";"Não Informado";"Sim";2;0;2;0;0;0;2;1;"-8.1533";"-34.9421";"SR-PE";"DEL11/1";"UOP01/PE"
185401;2019-01-15;"3";"08:45:00";"SP";116;68,4;"APARECIDA";"Mal Súbito";"Colisão com objeto estático";"Com Vítimas Feridas";"Pleno dia";"Decrescente";"Sol";"Dupla";"Reta";"Sim";2;0;2;0;0;0;2;1;"-22.83579893";"-45.22019863";"SR-SP";"DEL6/8";"UOP02/SP"
185402;2019-01-15;"3";"16:00:00";"PR";116;28;"ADRIANOPOLIS";"Falta de Atenção à Condução";"Tombamento";"Sem Vítimas";"Pleno dia";"Crescente";"Céu Claro";"Simples";"Curva";"Não";1;0;0;0;1;0;0;1;"-24.75930244";"-49.01000977";"SR-PR";"DEL7/1";"UOP02/PR"
185403;2019-01-15;"3";"15:00:00";"MS";163;455,2;"CAMPO GRANDE";"Falta de Atenção à Condução";"Colisão traseira";"Com Vítimas Fatais";"Pleno dia";"Crescente";"Céu Claro";"Simples";"Reta";"Não";9;1;4;1;2;1;5;3;"-20.68017";"-54.5554";"SR-MS";"DEL3/1";"UOP01/MS"
185405;2019-01-15;"3";"16:10:00";"RJ";465;3;"SEROPEDICA";"Mal Súbito";"Colisão lateral";"Sem Vítimas";"Pleno dia";"Crescente";"Sol";"Simples";"Reta";"Não";7;0;0;0;7;0;0;2;"-22.73427";"-43.711994";"SR-RJ";"DEL5/1";"UOP03/RJ"
185406;2019-01-15;"3";"17:05:00";"RJ";116;277;"BARRA MANSA";"Defeito Mecânico no Veículo";"Tombamento";"Com Vítimas Feridas";"Pleno dia";"Decrescente";"Céu Claro";"Dupla";"Reta";"Não";2;0;2;0;0;0;2;1;"-22.559055";"-44.17284";"SR-RJ";"DEL5/7";"UOP02/RJ"
185407;2019-01-15;"3";"15:50:00";"MS";463;1;"DOURADOS";"Falta de Atenção à Condução";"Colisão traseira";"Com Vítimas Feridas";"Pleno dia";"Decrescente";"Céu Claro";"Simples";"Reta";"Sim";2;0;0;1;1;0;1;2;"-22.259064";"-54.813751";"SR-MS";"DEL3/4";"UOP01/MS"
185408;2019-01-15;"3";"17:40:00";"ES";101;67;"SAO MATEUS";"Desobediência às normas de trânsito pelo condutor";"Colisão lateral";"Com Vítimas Feridas";"Pleno dia";"Crescente";"Céu Claro";"Simples";"Reta";"Sim";3;0;2;0;1;0;2;2;"-18.720545";"-39.865883";"SR-ES";"DEL12/4";"UOP02/ES"
185409;2019-01-15;"3";"17:00:00";"RJ";356;174;"SAO JOAO DA BARRA";"Falta de Atenção à Condução";"Colisão transversal";"Com Vítimas Feridas";"Pleno dia";"Decrescente";"Céu Claro";"Simples";"Curva";"Não";3;0;1;0;2;0;1;2;"-21.718555";"-41.101276";"SR-RJ";"DEL5/8";"UOP02/RJ"
185410;2019-01-15;"3";"16:15:00";"RS";290;107;"ELDORADO DO SUL";"Ingestão de Álcool";"Colisão lateral";"Com Vítimas Feridas";"Pleno dia";"Decrescente";"Céu Claro";"Dupla";"Viaduto";"Sim";2;0;1;0;1;0;1;2;"-30.001852";"-51.304264";"SR-RS";"DEL9/2";"UOP01/RS"
185411;2019-01-15;"3";"17:50:00";"SP";116;203;"ARUJA";"Não guardar distância de segurança";"Colisão lateral";"Com Vítimas Feridas";"Anoitecer";"Decrescente";"Céu Claro";"Simples";"Reta";"Não";2;0;1;0;1;0;1;2;"-23.40864633";"-46.34000291";"SR-SP";"DEL6/1";"UOP02/SP"
185412;2019-01-15;"3";"17:20:00";"SP";116;217;"GUARULHOS";"Não guardar distância de segurança";"Colisão traseira";"Com Vítimas Feridas";"Pleno dia";"Decrescente";"Sol";"Múltipla";"Reta";"Não";2;0;1;0;0;1;1;2;"-23.45521524";"-46.47388458";"SR-SP";"DEL6/1";"UOP01/SP"
185413;2019-01-15;"3";"09:20:00";"BA";101;882;"TEIXEIRA DE FREITAS";"Não guardar distância de segurança";"Colisão traseira";"Sem Vítimas";"Pleno dia";"Decrescente";"Céu Claro";"Simples";"Reta";"Não";2;0;0;0;2;0;0;2;"-17.5784";"-39.7371";"SR-BA";"DEL10/9";"UOP03/BA"
185414;2019-01-15;"3";"14:00:00";"CE";222;345,9;"UBAJARA";"Pista Escorregadia";"Capotamento";"Sem Vítimas";"Pleno dia";"Crescente";"Chuva";"Simples";"Curva";"Não";1;0;0;0;0;1;0;1;"-3.908398";"-41.206448";"SR-CE";"DEL16/4";"UOP02/CE"
185415;2019-01-15;"3";"18:05:00";"ES";262;6,5;"CARIACICA";"Falta de Atenção do Pedestre";"Atropelamento de Pedestre";"Com Vítimas Feridas";"Pleno dia";"Decrescente";"Sol";"Múltipla";"Reta";"Sim";4;0;1;1;2;0;2;2;"-20.34136761";"-40.39680362";"SR-ES";"DEL12/1";"UOP01/ES"
185416;2019-01-15;"3";"17:14:00";"SP";116;23,1;"LAVRINHAS";"Falta de Atenção à Condução";"Colisão com objeto estático";"Com Vítimas Feridas";"Pleno dia";"Crescente";"Chuva";"Dupla";"Reta";"Não";2;0;1;0;1;0;1;1;"-22.589794";"-44.885368";"SR-SP";"DEL6/8";"UOP01/SP"
185417;2019-01-15;"3";"17:30:00";"RN";101;86;"NATAL";"Não guardar distância de segurança";"Colisão lateral";"Com Vítimas Feridas";"Pleno dia";"Decrescente";"Céu Claro";"Simples";"Reta";"Não";5;0;3;0;0;2;3;4;"-5.786297";"-35.245651";"SR-RN";"DEL15/2";"UOP01/RN"
185418;2019-01-15;"3";"17:30:00";"BA";324;573,2;"SAO SEBASTIAO DO PASSE";"Falta de Atenção à Condução";"Capotamento";"Com Vítimas Feridas";"Pleno dia";"Crescente";"Nublado";"Dupla";"Reta";"Não";1;0;1;0;0;0;1;1;"-12.56144607";"-38.56274725";"SR-BA";"DEL10/1";"UOP01/BA"
185420;2019-01-15;"3";"16:50:00";"RJ";101;187,7;"RIO DAS OSTRAS";"Falta de Atenção à Condução";"Colisão lateral";"Com Vítimas Feridas";"Pleno dia";"Decrescente";"Céu Claro";"Simples";"Reta";"Não";3;0;1;0;2;0;1;3;"-22.443279";"-42.047272";"SR-RJ";"DEL5/2";"UOP04/RJ"
185421;2019-01-07;"2";"16:13:00";"RN";101;95;"NATAL";"Falta de Atenção à Condução";"Colisão transversal";"Com Vítimas Feridas";"Pleno dia";"Decrescente";"Céu Claro";"Múltipla";"Reta";"Sim";2;0;0;1;1;0;1;2;"-5.840768";"-35.210358";"SR-RN";"DEL15/1";"UOP01/RN"
185423;2019-01-15;"3";"16:30:00";"RO";364;679;"CANDEIAS DO JAMARI";"Defeito Mecânico no Veículo";"Danos eventuais";"Sem Vítimas";"Pleno dia";"Decrescente";"Céu Claro";"Simples";"Reta";"Não";3;0;0;0;3;0;0;3;"-8.78366782";"-63.5828054";"SR-RO";"DEL21/1";"UOP01/RO"
185424;2019-01-15;"3";"14:20:00";"MG";381;744;"TRES CORACOES";"Condutor Dormindo";"Colisão com objeto estático";"Com Vítimas Feridas";"Pleno dia";"Decrescente";"Céu Claro";"Dupla";"Curva";"Não";2;0;1;0;1;0;1;1;"-21.6186";"-45.2531";"SR-MG";"DEL09";"UOP02/MG"
185425;2019-01-15;"3";"18:20:00";"MG";381;757,8;"TRES CORACOES";"Mal Súbito";"Saída de leito carroçável";"Com Vítimas Feridas";"Anoitecer";"Decrescente";"Nublado";"Dupla";"Reta";"Não";1;0;1;0;0;0;1;1;"-21.6869";"-45.3464";"SR-MG";"DEL09";"UOP02/MG"
185427;2019-01-15;"3";"19:20:00";"SC";470;48,1;"BLUMENAU";"Desobediência às normas de trânsito pelo condutor";"Colisão frontal";"Com Vítimas Feridas";"Anoitecer";"Crescente";"Nublado";"Simples";"Reta";"Não";2;0;1;0;1;0;1;2;"-26.859823";"-49.055393";"SR-SC";"DEL8/4";"UOP01/SC"
185428;2019-01-15;"3";"18:30:00";"RJ";101;296;"ITABORAI";"Avarias e/ou desgaste excessivo no pneu";"Queda de ocupante de veículo";"Com Vítimas Feridas";"Anoitecer";"Decrescente";"Céu Claro";"Dupla";"Reta";"Sim";1;0;1;0;0;0;1;1;"-22.767054";"-42.910255";"SR-RJ";"DEL5/2";"UOP02/RJ"
185429;2019-01-15;"3";"18:50:00";"PE";101;67,5;"RECIFE";"Desobediência às normas de trânsito pelo condutor";"Colisão transversal";"Com Vítimas Feridas";"Plena Noite";"Crescente";"Céu Claro";"Múltipla";"Não Informado";"Sim";2;0;1;0;1;0;1;2;"-8.043563";"-34.943844";"SR-PE";"DEL11/1";"UOP01/PE"
185430;2019-01-15;"3";"19:30:00";"GO";60;18;"ALEXANIA";"Falta de Atenção à Condução";"Capotamento";"Com Vítimas Feridas";"Plena Noite";"Crescente";"Céu Claro";"Dupla";"Reta";"Não";1;0;1;0;0;0;1;1;"-16.0963";"-48.5202";"SR-DF";"GO";"UOP03/DF"
185431;2019-01-15;"3";"18:30:00";"BA";324;517;"FEIRA DE SANTANA";"Falta de Atenção à Condução";"Colisão transversal";"Com Vítimas Feridas";"Plena Noite";"Crescente";"Céu Claro";"Simples";"Interseção de vias";"Sim";3;0;1;0;1;1;1;2;"-12.25060496";"-38.93340111";"SR-BA";"DEL10/2";"UOP01/BA"
185432;2019-01-15;"3";"14:00:00";"RR";401;91;"BONFIM";"Mal Súbito";"Saída de leito carroçável";"Com Vítimas Feridas";"Pleno dia";"Decrescente";"Céu Claro";"Simples";"Reta";"Não";1;0;1;0;0;0;1;1;"3.262093";"-60.074284";"SR-RR";"UOP03/RR";""
185433;2019-01-15;"3";"18:20:00";"RJ";40;110;"DUQUE DE CAXIAS";"Falta de Atenção à Condução";"Colisão traseira";"Com Vítimas Feridas";"Anoitecer";"Decrescente";"Nublado";"Múltipla";"Reta";"Sim";2;0;1;0;1;0;1;2;"-22.6924";"-43.2875";"SR-RJ";"DEL5/1";"UOP01/RJ"
185434;2019-01-15;"3";"20:20:00";"RJ";493;22;"MAGE";"Defeito na Via";"Colisão com objeto estático";"Com Vítimas Feridas";"Plena Noite";"Crescente";"Nublado";"Simples";"Não Informado";"Não";3;0;0;1;2;0;1;1;"-22.659311";"-43.053299";"SR-RJ";"DEL5/4";"UOP02/RJ"
185435;2019-01-15;"3";"19:20:00";"CE";20;406;"CAUCAIA";"Falta de Atenção à Condução";"Tombamento";"Com Vítimas Feridas";"Plena Noite";"Decrescente";"Céu Claro";"Dupla";"Rotatória";"Não";1;0;0;1;0;0;1;1;"-3.76834913";"-38.6670078";"SR-CE";"DEL16/1";"UOP01/CE"
185436;2019-01-15;"3";"18:45:00";"PE";424;83,8;"GARANHUNS";"Ultrapassagem Indevida";"Capotamento";"Com Vítimas Feridas";"Plena Noite";"Decrescente";"Céu Claro";"Simples";"Não Informado";"Não";2;0;1;0;1;0;1;1;"-8.84598";"-36.524506";"SR-PE";"DEL11/3";"UOP01/PE"
185437;2019-01-15;"3";"18:00:00";"RO";364;713;"PORTO VELHO";"Desobediência às normas de trânsito pelo condutor";"Colisão traseira";"Sem Vítimas";"Pleno dia";"Decrescente";"Céu Claro";"Dupla";"Reta";"Sim";2;0;0;0;2;0;0;2;"-8.77923396";"-63.8695997";"SR-RO";"DEL21/1";"UOP01/RO"
185438;2019-01-15;"3";"20:30:00";"GO";153;374,7;"SAO FRANCISCO DE GOIAS";"Ingestão de Álcool";"Colisão frontal";"Com Vítimas Fatais";"Plena Noite";"Decrescente";"Chuva";"Simples";"Reta";"Não";6;1;2;1;1;1;3;2;"-15.852009";"-49.266495";"SR-GO";"DEL1/2";"UOP02/GO"
185439;2019-01-15;"3";"20:40:00";"GO";70;1;"AGUAS LINDAS DE GOIAS";"Falta de Atenção à Condução";"Colisão traseira";"Com Vítimas Feridas";"Plena Noite";"Decrescente";"Céu Claro";"Dupla";"Reta";"Não";2;0;2;0;0;0;2;2;"-15.7481";"-48.2635";"SR-DF";"GO";"UOP06/DF"
185440;2019-01-15;"3";"19:40:00";"SC";101;435;"SOMBRIO";"Desobediência às normas de trânsito pelo condutor";"Colisão transversal";"Com Vítimas Feridas";"Anoitecer";"Crescente";"Chuva";"Simples";"Viaduto";"Sim";2;0;0;1;1;0;1;2;"-29.107";"-49.6369";"SR-SC";"DEL8/2";"UOP02/SC"
185441;2019-01-15;"3";"19:00:00";"PR";163;289;"MARECHAL CANDIDO RONDON";"Defeito Mecânico no Veículo";"Colisão frontal";"Com Vítimas Feridas";"Anoitecer";"Crescente";"Chuva";"Dupla";"Curva";"Não";2;0;1;0;1;0;1;2;"-24.5197";"-54.0716";"SR-PR";"DEL7/6";"UOP04/PR"
185442;2019-01-15;"3";"19:50:00";"MS";60;69,7;"PARAISO DAS AGUAS";"Ultrapassagem Indevida";"Colisão frontal";"Com Vítimas Feridas";"Pleno dia";"Crescente";"Céu Claro";"Simples";"Reta";"Não";8;0;6;2;0;0;8;2;"-19.03518247";"-53.00937653";"SR-MS";"DEL3/6";"UOP02/MS"
185444;2019-01-15;"3";"21:30:00";"SP";116;269,6;"TABOAO DA SERRA";"Falta de Atenção à Condução";"Colisão lateral";"Com Vítimas Feridas";"Plena Noite";"Crescente";"Céu Claro";"Dupla";"Interseção de vias";"Sim";3;0;1;0;1;1;1;2;"-23.6088116";"-46.75589661";"SR-SP";"DEL6/4";"UOP01/SP"
185445;2019-01-15;"3";"08:35:00";"RO";174;13,5;"VILHENA";"Falta de Atenção à Condução";"Colisão transversal";"Com Vítimas Feridas";"Pleno dia";"Decrescente";"Céu Claro";"Dupla";"Interseção de vias";"Sim";2;0;0;1;1;0;1;2;"-12.7414";"-60.130264";"SR-RO";"DEL21/4";"UOP01/RO"
185446;2019-01-15;"3";"15:40:00";"MA";316;436,4;"PERITORO";"Pista Escorregadia";"Saída de leito carroçável";"Com Vítimas Feridas";"Pleno dia";"Decrescente";"Chuva";"Simples";"Curva";"Não";1;0;1;0;0;0;1;1;"-4.413616";"-44.2411";"SR-MA";"DEL18/3";"UOP01/MA"
185447;2019-01-15;"3";"20:20:00";"PR";153;37,1;"SANTO ANTONIO DA PLATINA";"Animais na Pista";"Atropelamento de Animal";"Com Vítimas Feridas";"Plena Noite";"Crescente";"Céu Claro";"Simples";"Não Informado";"Não";1;0;0;1;0;0;1;1;"-23.272318";"-50.057343";"SR-PR";"DEL7/7";"UOP07/PR"
185448;2019-01-15;"3";"20:55:00";"SC";101;46;"JOINVILLE";"Falta de Atenção do Pedestre";"Atropelamento de Pedestre";"Com Vítimas Feridas";"Plena Noite";"Crescente";"Nublado";"Dupla";"Reta";"Não";2;0;0;1;1;0;1;1;"-26.3667";"-48.858";"SR-SC";"DEL8/3";"UOP01/SC"
185449;2019-01-15;"3";"21:20:00";"PI";316;10;"TERESINA";"Sinalização da via insuficiente ou inadequada";"Saída de leito carroçável";"Sem Vítimas";"Plena Noite";"Crescente";"Chuva";"Múltipla";"Reta";"Sim";1;0;0;0;1;0;0;1;"-5.182895";"-42.763474";"SR-PI";"DEL17/1";"UOP02/PI"
185450;2019-01-15;"3";"21:45:00";"GO";153;592,8;"MORRINHOS";"Condutor Dormindo";"Colisão traseira";"Sem Vítimas";"Plena Noite";"Crescente";"Céu Claro";"Dupla";"Curva";"Não";2;0;0;0;2;0;0;2;"-17.4826";"-49.2097";"SR-GO";"DEL1/3";"UOP01/GO"
185451;2019-01-15;"3";"18:20:00";"ES";262;112,4;"VENDA NOVA DO IMIGRANTE";"Falta de Atenção à Condução";"Colisão transversal";"Com Vítimas Feridas";"Pleno dia";"Decrescente";"Céu Claro";"Simples";"Curva";"Não";2;0;1;0;1;0;1;2;"-20.3372";"-41.201";"SR-ES";"DEL12/1";"UOP02/ES"