"id";"data_inversa";"dia_semana";"horario";"uf";"br";"km";"municipio";"causa_acidente";"tipo_acidente";"classificacao_acidente";"fase_dia";"sentido_via";"condicao_metereologica";"tipo_pista";"tracado_via";"uso_solo";"pessoas";"mortos";"feridos_leves";"feridos_graves";"ilesos";"ignorados";"feridos";"veiculos";"latitude";"longitude";"regional";"delegacia";"uop"
185558;2019-01-16;"4";"13:30:00";"MG";267;230,9;"LIBERDADE";"Velocidade Incompatível";"Colisão frontal";"Com Vítimas Fatais";"Pleno dia";"Decrescente";"Céu Claro";"Simples";"Curva";"Não";4;1;2;1;0;0;3;2;"-21.95005128";"-44.34150696";"SR-MG";"DEL5";"UOP03/MG"
185559;2019-01-16;"4";"11:25:00";"MA";230;2,5;"BARAO DE GRAJAU";"Falta de Atenção à Condução";"Colisão transversal";"Com Vítimas Feridas";"Pleno dia";"Crescente";"Céu Claro";"Simples";"Reta";"Sim";2;0;0;1;1;0;1;2;"-6.753782";"-43.027554";"SR-PI";"DEL17/3";"UOP01/PI"
185560;2019-01-16;"4";"13:45:00";"MG";40;735;"SANTOS DUMONT";"Pista Escorregadia";"Colisão com objeto estático";"Com Vítimas Feridas";"Pleno dia";"Crescente";"Chuva";"Simples";"Curva";"Não";2;0;1;0;1;0;1;1;"-21.3909";"-43.5685";"SR-MG";"DEL5";"UOP01/MG"
185561;2019-01-16;"4";"14:10:00";"RS";386;180,2;"CARAZINHO";"Falta de Atenção à Condução";"Colisão transversal";"Com Vítimas Fatais";"Pleno dia";"Crescente";"Chuva";"Simples";"Reta";"Não";3;1;1;0;1;0;1;2;"-28.30366278";"-52.74205685";"SR-RS";"DEL08";"UOP01/RS"
185562;2019-01-16;"4";"07:40:00";"MG";116;492,9;"INHAPIM";"Velocidade Incompatível";"Saída de leito carroçável";"Com Vítimas Feridas";"Pleno dia";"Crescente";"Nublado";"Simples";"Curva";"Não";2;0;1;0;1;0;1;1;"-19.486836";"-42.129705";"SR-MG";"DEL4/6";"UOP02/MG"
185563;2019-01-16;"4";"13:30:00";"RJ";493;17;"GUAPIMIRIM";"Falta de Atenção à Condução";"Colisão traseira";"Com Vítimas Feridas";"Pleno dia";"Crescente";"Céu Claro";"Simples";"Reta";"Não";3;0;1;0;2;0;1;2;"-22.667933";"-43.00909";"SR-RJ";"DEL5/4";"UOP02/RJ"
185564;2019-01-16;"4";"14:20:00";"RS";116;524;"PELOTAS";"Falta de Atenção à Condução";"Saída de leito carroçável";"Com Vítimas Feridas";"Pleno dia";"Decrescente";"Céu Claro";"Simples";"Curva";"Sim";1;0;1;0;0;0;1;1;"-31.74510242";"-52.40478516";"SR-RS";"DEL9/7";"UOP01/RS"
185565;2019-01-16;"4";"13:30:00";"SC";282;222,8;"LAGES";"Falta de Atenção à Condução";"Colisão transversal";"Com Vítimas Feridas";"Pleno dia";"Crescente";"Céu Claro";"Simples";"Interseção de vias";"Sim";2;0;1;0;1;0;1;2;"-27.797739";"-50.353409";"SR-SC";"DEL8/5";"UOP01/SC"
185567;2019-01-16;"4";"14:20:00";"RJ";116;142;"DUQUE DE CAXIAS";"Defeito Mecânico no Veículo";"Incêndio";"Sem Vítimas";"Pleno dia";"Decrescente";"Céu Claro";"Múltipla";"Reta";"Sim";1;0;0;0;1;0;0;1;"-22.648762";"-43.230316";"SR-RJ";"DEL5/4";"UOP02/RJ"
185568;2019-01-16;"4";"12:30:00";"PR";116;108;"SAO JOSE DOS PINHAIS";"Falta de Atenção à Condução";"Colisão lateral";"Sem Vítimas";"Pleno dia";"Decrescente";"Céu Claro";"Dupla";"Reta";"Sim";2;0;0;0;2;0;0;2;"-25.56720285";"-49.23872709";"SR-PR";"DEL7/1";"UOP01/PR"
185569;2019-01-16;"4";"15:00:00";"SC";101;203,7;"SAO JOSE";"Falta de Atenção à Condução";"Tombamento";"Com Vítimas Feridas";"Pleno dia";"Crescente";"Céu Claro";"Múltipla";"Reta";"Não";1;0;1;0;0;0;1;1;"-27.5742";"-48.6134";"SR-SC";"DEL8/1";"UOP01/SC"
185570;2019-01-16;"4";"15:10:00";"SC";280;54,9;"GUARAMIRIM";"Falta de Atenção à Condução";"Colisão transversal";"Com Vítimas Feridas";"Pleno dia";"Crescente";"Céu Claro";"Simples";"Reta";"Não";2;0;1;0;1;0;1;2;"-26.475399";"-48.983723";"SR-SC";"DEL8/3";"UOP03/SC"
185571;2019-01-16;"4";"10:30:00";"PR";153;302,8;"IMBITUVA";"Falta de Atenção à Condução";"Colisão transversal";"Com Vítimas Feridas";"Pleno dia";"Crescente";"Céu Claro";"Simples";"Reta";"Sim";2;0;1;0;1;0;1;2;"-25.23486522";"-50.61507583";"SR-PR";"DEL7/3";"UOP04/PR"
185572;2019-01-16;"4";"11:00:00";"MA";135;39,2;"BACABEIRA";"Defeito Mecânico no Veículo";"Incêndio";"Sem Vítimas";"Pleno dia";"Decrescente";"Céu Claro";"Dupla";"Reta";"Não";1;0;0;0;1;0;0;1;"-2.885078";"-44.374969";"SR-MA";"DEL18/1";"UOP01/MA"
185573;2019-01-16;"4";"14:30:00";"MG";40;740,1;"SANTOS DUMONT";"Velocidade Incompatível";"Colisão frontal";"Com Vítimas Feridas";"Pleno dia";"Crescente";"Chuva";"Simples";"Não Informado";"Não";2;0;0;1;1;0;1;2;"-21.4301";"-43.5563";"SR-MG";"DEL5";"UOP01/MG"
185574;2019-01-16;"4";"15:30:00";"RS";290;87;"PORTO ALEGRE";"Falta de Atenção à Condução";"Colisão lateral";"Sem Vítimas";"Pleno dia";"Crescente";"Céu Claro";"Dupla";"Reta";"Sim";3;0;0;0;3;0;0;3;"-29.967838";"-51.127197";"SR-RS";"DEL9/1";"UOP01/RS"
185575;2019-01-16;"4";"13:15:00";"MG";116;413,4;"GOVERNADOR VALADARES";"Falta de Atenção à Condução";"Colisão transversal";"Com Vítimas Fatais";"Pleno dia";"Decrescente";"Sol";"Simples";"Reta";"Sim";2;1;0;0;1;0;0;2;"-18.87634";"-41.963984";"SR-MG";"DEL4/6";"UOP01/MG"
185577;2019-01-16;"4";"15:25:00";"MS";163;226;"CAARAPO";"Falta de Atenção à Condução";"Saída de leito carroçável";"Com Vítimas Feridas";"Pleno dia";"Crescente";"Sol";"Simples";"Desvio Temporário";"Não";1;0;1;0;0;0;1;1;"-22.48648674";"-54.86602944";"SR-MS";"DEL3/4";"UOP02/MS"
185578;2019-01-16;"4";"15:30:00";"PR";369;171;"ROLANDIA";"Desobediência às normas de trânsito pelo condutor";"Colisão transversal";"Com Vítimas Feridas";"Pleno dia";"Crescente";"Sol";"Dupla";"Reta";"Sim";2;0;1;0;1;0;1;2;"-23.30168434";"-51.35183573";"SR-PR";"DEL7/7";"UOP01/PR"
185579;2019-01-16;"4";"15:25:00";"MA";10;248,5;"IMPERATRIZ";"Falta de Atenção à Condução";"Colisão transversal";"Com Vítimas Feridas";"Pleno dia";"Crescente";"Sol";"Simples";"Reta";"Sim";2;0;1;0;1;0;1;2;"-5.566143";"-47.449028";"SR-MA";"DEL18/4";"UOP01/MA"
185580;2019-01-16;"4";"15:20:00";"AP";210;1;"MACAPA";"Falta de Atenção à Condução";"Tombamento";"Com Vítimas Feridas";"Pleno dia";"Crescente";"Nublado";"Dupla";"Curva";"Sim";1;0;1;0;0;0;1;1;"0.078212";"-51.070091";"SR-AP";"UOP01/AP";""
185581;2019-01-16;"4";"15:30:00";"PE";101;87;"CABO DE SANTO AGOSTINHO";"Falta de Atenção à Condução";"Colisão transversal";"Com Vítimas Feridas";"Pleno dia";"Crescente";"Céu Claro";"Simples";"Reta";"Sim";2;0;0;1;1;0;1;2;"-8.1816";"-34.9613";"SR-PE";"DEL11/1";"UOP03/PE"
185582;2019-01-16;"4";"15:40:00";"SC";101;163;"TIJUCAS";"Falta de Atenção à Condução";"Colisão traseira";"Com Vítimas Feridas";"Pleno dia";"Decrescente";"Céu Claro";"Dupla";"Reta";"Sim";2;0;1;0;1;0;1;2;"-27.2414";"-48.6306";"SR-SC";"DEL8/4";"UOP03/SC"
185583;2019-01-16;"4";"14:00:00";"MT";364;233;"RONDONOPOLIS";"Objeto estático sobre o leito carroçável";"Colisão lateral";"Sem Vítimas";"Pleno dia";"Decrescente";"Céu Claro";"Simples";"Reta";"Não";2;0;0;0;2;0;0;2;"-16.239941";"-54.781345";"SR-MT";"DEL2/2";"UOP01/MT"
185584;2019-01-16;"4";"16:45:00";"SC";101;181;"BIGUACU";"Defeito Mecânico no Veículo";"Tombamento";"Com Vítimas Feridas";"Pleno dia";"Crescente";"Nublado";"Múltipla";"Reta";"Não";2;0;2;0;0;0;2;1;"-27.3989";"-48.63";"SR-SC";"DEL8/1";"UOP01/SC"
185585;2019-01-16;"4";"15:35:00";"MG";40;434;"PARAOPEBA";"Avarias e/ou desgaste excessivo no pneu";"Tombamento";"Com Vítimas Feridas";"Pleno dia";"Decrescente";"Céu Claro";"Dupla";"Reta";"Não";2;0;1;1;0;0;2;1;"-19.2228";"-44.4464";"SR-MG";"DEL4/2";"UOP01/MG"
185586;2019-01-16;"4";"16:45:00";"RJ";393;174,9;"TRES RIOS";"Falta de Atenção à Condução";"Colisão frontal";"Com Vítimas Feridas";"Pleno dia";"Decrescente";"Nublado";"Simples";"Curva";"Não";4;0;0;1;3;0;1;3;"-22.130531";"-43.220409";"SR-RJ";"DEL5/6";"UOP02/RJ"
185587;2019-01-16;"4";"16:40:00";"GO";60;185,5;"TRINDADE";"Pista Escorregadia";"Saída de leito carroçável";"Com Vítimas Feridas";"Pleno dia";"Crescente";"Chuva";"Dupla";"Curva";"Não";1;0;1;0;0;0;1;1;"-16.7956";"-49.51";"SR-GO";"DEL1/1";"UOP02/GO"
185588;2019-01-16;"4";"16:50:00";"RS";290;110,9;"ELDORADO DO SUL";"Falta de Atenção à Condução";"Colisão com objeto estático";"Com Vítimas Feridas";"Pleno dia";"Crescente";"Sol";"Dupla";"Túnel";"Não";5;0;1;0;4;0;1;2;"-30.03154487";"-51.32532935";"SR-RS";"DEL9/2";"UOP01/RS"
185589;2019-01-16;"4";"14:20:00";"PR";476;135;"CURITIBA";"Falta de Atenção à Condução";"Colisão traseira";"Sem Vítimas";"Pleno dia";"Crescente";"Nublado";"Múltipla";"Reta";"Sim";2;0;0;0;2;0;0;2;"-25.483786";"-49.265808";"SR-PR";"DEL7/1";"UOP06/PR"
185590;2019-01-16;"4";"17:00:00";"GO";452;72;"MAURILANDIA";"Falta de Atenção à Condução";"Saída de leito carroçável";"Com Vítimas Fatais";"Pleno dia";"Crescente";"Céu Claro";"Simples";"Curva";"Não";1;1;0;0;0;0;0;1;"-18.03763";"-50.284615";"SR-GO";"DEL1/4";"UOP01/GO"
185591;2019-01-16;"4";"15:25:00";"MG";381;343,2;"BELA VISTA DE MINAS";"Falta de Atenção à Condução";"Colisão transversal";"Com Vítimas Feridas";"Pleno dia";"Decrescente";"Céu Claro";"Simples";"Não Informado";"Não";9;0;7;0;2;0;7;2;"-19.7784";"-43.0437";"SR-MG";"DEL4/3";"UOP01/MG"
185592;2019-01-16;"4";"17:15:00";"SC";101;206,9;"SAO JOSE";"Não guardar distância de segurança";"Colisão traseira";"Com Vítimas Feridas";"Pleno dia";"Crescente";"Nublado";"Múltipla";"Reta";"Sim";2;0;0;1;1;0;1;2;"-27.6001";"-48.6225";"SR-SC";"DEL8/1";"UOP01/SC"
185593;2019-01-16;"4";"17:30:00";"GO";70;1,2;"AGUAS LINDAS DE GOIAS";"Falta de Atenção à Condução";"Queda de ocupante de veículo";"Com Vítimas Feridas";"Pleno dia";"Decrescente";"Céu Claro";"Dupla";"Não Informado";"Sim";1;0;1;0;0;0;1;1;"-15.77409072";"-48.23198944";"SR-DF";"GO";"UOP06/DF"
185594;2019-01-16;"4";"16:40:00";"CE";222;227;"SOBRAL";"Desobediência às normas de trânsito pelo condutor";"Saída de leito carroçável";"Sem Vítimas";"Pleno dia";"Crescente";"Chuva";"Simples";"Reta";"Não";1;0;0;0;0;1;0;1;"-3.701235";"-40.368233";"SR-CE";"DEL16/4";"UOP01/CE"
185596;2019-01-16;"4";"16:55:00";"RN";101;98;"NATAL";"Falta de Atenção à Condução";"Colisão traseira";"Com Vítimas Feridas";"Pleno dia";"Crescente";"Céu Claro";"Múltipla";"Reta";"Sim";1;0;1;0;0;0;1;1;"-5.865723";"-35.216537";"SR-RN";"DEL15/1";"UOP01/RN"
185597;2019-01-16;"4";"17:00:00";"PR";476;139;"CURITIBA";"Não guardar distância de segurança";"Engavetamento";"Com Vítimas Feridas";"Pleno dia";"Crescente";"Sol";"Dupla";"Reta";"Sim";4;0;1;0;3;0;1;3;"-25.51284";"-49.289257";"SR-PR";"DEL7/1";"UOP06/PR"
185598;2019-01-16;"4";"17:00:00";"SC";101;152;"ITAPEMA";"Falta de Atenção à Condução";"Colisão traseira";"Com Vítimas Feridas";"Pleno dia";"Decrescente";"Céu Claro";"Simples";"Não Informado";"Sim";2;0;1;0;1;0;1;2;"-27.1448";"-48.6102";"SR-SC";"DEL8/4";"UOP03/SC"
185600;2019-01-16;"4";"14:00:00";"RJ";116;204,5;"SEROPEDICA";"Não guardar distância de segurança";"Colisão traseira";"Com Vítimas Feridas";"Pleno dia";"Crescente";"Sol";"Dupla";"Reta";"Não";3;0;0;1;2;0;1;3;"-22.728951";"-43.631889";"SR-RJ";"DEL5/1";"UOP03/RJ"
185601;2019-01-16;"4";"16:00:00";"SE";235;35,5;"AREIA BRANCA";"Falta de Atenção à Condução";"Colisão transversal";"Com Vítimas Feridas";"Pleno dia";"Decrescente";"Céu Claro";"Simples";"Reta";"Sim";4;0;2;0;2;0;2;2;"-10.769654";"-37.337318";"SR-SE";"DEL20/1";"UOP02/SE"
185602;2019-01-16;"4";"17:15:00";"PR";376;594,9;"CURITIBA";"Falta de Atenção à Condução";"Colisão lateral";"Com Vítimas Feridas";"Pleno dia";"Crescente";"Céu Claro";"Dupla";"Reta";"Não";2;0;0;1;1;0;1;2;"-25.48196511";"-49.3488767";"SR-PR";"DEL7/1";"UOP04/PR"
185603;2019-01-16;"4";"17:35:00";"SP";116;326;"JUQUITIBA";"Pista Escorregadia";"Saída de leito carroçável";"Com Vítimas Feridas";"Pleno dia";"Crescente";"Chuva";"Dupla";"Curva";"Não";2;0;2;0;0;0;2;1;"-23.93927548";"-47.06149373";"SR-SP";"DEL6/4";"UOP02/SP"
185604;2019-01-16;"4";"17:54:00";"PR";158;535,9;"PATO BRANCO";"Desobediência às normas de trânsito pelo condutor";"Colisão lateral";"Com Vítimas Feridas";"Pleno dia";"Crescente";"Céu Claro";"Simples";"Reta";"Sim";3;0;2;0;0;1;2;2;"-26.24040009";"-52.69579053";"SR-PR";"DEL7/2";"UOP01/PR"
185606;2019-01-16;"4";"18:30:00";"RJ";101;320;"SAO GONCALO";"Não guardar distância de segurança";"Engavetamento";"Com Vítimas Feridas";"Pleno dia";"Decrescente";"Nublado";"Dupla";"Reta";"Sim";3;0;1;0;2;0;1;3;"-22.861752";"-43.107143";"SR-RJ";"DEL5/2";"UOP01/RJ"
185607;2019-01-16;"4";"18:25:00";"GO";153;501,4;"GOIANIA";"Não guardar distância de segurança";"Engavetamento";"Com Vítimas Feridas";"Pleno dia";"Crescente";"Nublado";"Dupla";"Reta";"Sim";4;0;1;0;3;0;1;4;"-16.7189";"-49.2382";"SR-GO";"DEL1/1";"UOP01/GO"
185609;2019-01-16;"4";"18:10:00";"GO";50;283;"CATALAO";"Falta de Atenção à Condução";"Colisão transversal";"Com Vítimas Feridas";"Pleno dia";"Crescente";"Céu Claro";"Simples";"Reta";"Sim";2;0;1;0;1;0;1;2;"-18.1965";"-47.9567";"SR-GO";"DEL1/6";"UOP01/GO"
185610;2019-01-16;"4";"18:30:00";"RJ";101;402;"ITAGUAI";"Ingestão de Álcool";"Colisão lateral";"Com Vítimas Feridas";"Anoitecer";"Crescente";"Céu Claro";"Dupla";"Curva";"Sim";2;0;1;0;1;0;1;2;"-22.854378";"-43.784405";"SR-RJ";"DEL5/3";"UOP01/RJ"
185612;2019-01-16;"4";"18:40:00";"SC";101;216;"PALHOCA";"Falta de Atenção à Condução";"Queda de ocupante de veículo";"Com Vítimas Feridas";"Anoitecer";"Crescente";"Chuva";"Dupla";"Reta";"Não";2;0;1;0;1;0;1;2;"-27.659815";"-48.677479";"SR-SC";"DEL8/1";"UOP02/SC"
185613;2019-01-16;"4";"12:50:00";"BA";116;668;"JEQUIE";"Falta de Atenção à Condução";"Colisão transversal";"Com Vítimas Feridas";"Pleno dia";"Crescente";"Sol";"Simples";"Reta";"Sim";2;0;1;0;1;0;1;2;"-13.8220839";"-40.1110751";"SR-BA";"DEL10/3";"UOP01/BA"
185614;2019-01-16;"4";"17:50:00";"SC";163;70,4;"SAO MIGUEL DO OESTE";"Falta de Atenção à Condução";"Colisão lateral";"Com Vítimas Feridas";"Pleno dia";"Crescente";"Sol";"Dupla";"Reta";"Sim";2;0;1;0;1;0;1;2;"-26.734585";"-53.506851";"SR-SC";"DEL7";"UOP03/SC"
185615;2019-01-16;"4";"17:30:00";"RJ";116;282;"BARRA MANSA";"Falta de Atenção à Condução";"Engavetamento";"Com Vítimas Feridas";"Pleno dia";"Decrescente";"Chuva";"Dupla";"Reta";"Não";7;0;3;0;4;0;3;4;"-22.547443";"-44.183659";"SR-RJ";"DEL5/7";"UOP02/RJ"
185616;2019-01-16;"4";"17:10:00";"AL";110;0,2;"DELMIRO GOUVEIA";"Falta de Atenção à Condução";"Colisão transversal";"Com Vítimas Feridas";"Pleno dia";"Crescente";"Céu Claro";"Simples";"Reta";"Não";3;0;1;2;0;0;3;2;"-9.295168";"-38.202915";"SR-BA";"DEL10/7";"UOP01/BA"
185617;2019-01-16;"4";"17:00:00";"MT";70;297;"POXOREO";"Defeito na Via";"Saída de leito carroçável";"Sem Vítimas";"Pleno dia";"Crescente";"Chuva";"Simples";"Reta";"Não";1;0;0;0;1;0;0;1;"-15.581345";"-54.446568";"SR-MT";"DEL2/5";"UOP01/MT"
185618;2019-01-16;"4";"09:20:00";"ES";262;63,9;"MARECHAL FLORIANO";"Desobediência às normas de trânsito pelo condutor";"Saída de leito carroçável";"Com Vítimas Feridas";"Pleno dia";"Crescente";"Céu Claro";"Simples";"Curva";"Não";1;0;0;1;0;0;1;1;"-20.4216";"-40.8064";"SR-ES";"DEL12/1";"UOP02/ES"
185620;2019-01-16;"4";"20:10:00";"SP";381;54;"MAIRIPORA";"Pista Escorregadia";"Tombamento";"Com Vítimas Feridas";"Plena Noite";"Decrescente";"Chuva";"Dupla";"Curva";"Não";1;0;1;0;0;0;1;1;"-23.24355432";"-46.59851074";"SR-SP";"DEL6/3";"UOP02/SP"
185621;2019-01-16;"4";"15:00:00";"BA";101;739,5;"ITABELA";"Velocidade Incompatível";"Tombamento";"Com Vítimas Feridas";"Pleno dia";"Crescente";"Sol";"Dupla";"Não Informado";"Não";1;0;1;0;0;0;1;1;"-16.5271";"-39.5673";"SR-BA";"DEL10/9";"UOP01/BA"
185622;2019-01-16;"4";"19:00:00";"CE";20;206,1;"BOA VIAGEM";"Desobediência às normas de trânsito pelo pedestre";"Atropelamento de Pedestre";"Com Vítimas Feridas";"Plena Noite";"Crescente";"Céu Claro";"Simples";"Reta";"Sim";2;0;1;1;0;0;2;1;"-5.12155";"-39.732647";"SR-CE";"DEL16/2";"UOP02/CE"
185623;2019-01-16;"4";"19:30:00";"SC";101;196,2;"BIGUACU";"Ultrapassagem Indevida";"Tombamento";"Com Vítimas Feridas";"Anoitecer";"Crescente";"Garoa/Chuvisco";"Dupla";"Reta";"Sim";3;0;2;0;1;0;2;2;"-27.51791578";"-48.63896554";"SR-SC";"DEL8/1";"UOP01/SC"
185624;2019-01-16;"4";"17:48:00";"PA";10;267;"MAE DO RIO";"Ingestão de Álcool";"Colisão lateral";"Sem Vítimas";"Anoitecer";"Decrescente";"Nublado";"Simples";"Reta";"Não";3;0;0;0;3;0;0;2;"-2.08060954";"-47.55987346";"SR-PA";"DEL19/2";"UOP02/PA"
185626;2019-01-16;"4";"20:00:00";"RJ";40;112;"SAO JOAO DE MERITI";"Pista Escorregadia";"Colisão traseira";"Com Vítimas Feridas";"Plena Noite";"Crescente";"Chuva";"Múltipla";"Reta";"Sim";4;0;1;0;3;0;1;3;"-22.7817473";"-43.3892612";"SR-RJ";"DEL5/1";"UOP01/RJ"
185627;2019-01-16;"4";"19:45:00";"PI";222;60,3;"BRASILEIRA";"Ingestão de Álcool";"Colisão frontal";"Com Vítimas Feridas";"Plena Noite";"Decrescente";"Nublado";"Simples";"Reta";"Não";3;0;1;2;0;0;3;2;"-4.188097";"-41.670685";"SR-PI";"DEL17/2";"UOP01/PI"
185629;2019-01-16;"4";"15:20:00";"MA";230;4;"BARAO DE GRAJAU";"Defeito na Via";"Colisão lateral";"Sem Vítimas";"Pleno dia";"Decrescente";"Céu Claro";"Simples";"Desvio Temporário";"Não";3;0;0;0;3;0;0;2;"-6.74811";"-43.044304";"SR-PI";"DEL17/3";"UOP01/PI"
185631;2019-01-16;"4";"20:20:00";"MS";163;618,4;"SAO GABRIEL DO OESTE";"Falta de Atenção à Condução";"Colisão transversal";"Com Vítimas Feridas";"Plena Noite";"Crescente";"Céu Claro";"Simples";"Reta";"Não";5;0;0;1;4;0;1;2;"-19.3693731";"-54.584694";"SR-MS";"DEL3/6";"UOP02/MS"
185632;2019-01-16;"4";"20:00:00";"RJ";116;172;"BELFORD ROXO";"Restrição de Visibilidade";"Queda de ocupante de veículo";"Com Vítimas Feridas";"Anoitecer";"Crescente";"Chuva";"Múltipla";"Reta";"Sim";1;0;1;0;0;0;1;1;"-22.801882";"-43.350437";"SR-RJ";"DEL5/1";"UOP02/RJ"
185633;2019-01-16;"4";"21:40:00";"ES";101;264,5;"SERRA";"Falta de Atenção à Condução";"Colisão traseira";"Com Vítimas Feridas";"Plena Noite";"Crescente";"Céu Claro";"Múltipla";"Reta";"Sim";2;0;1;0;1;0;1;2;"-20.17807197";"-40.26600838";"SR-ES";"DEL12/2";"UOP01/ES"
185634;2019-01-16;"4";"19:40:00";"BA";116;635,2;"JAGUAQUARA";"Ultrapassagem Indevida";"Colisão frontal";"Com Vítimas Fatais";"Plena Noite";"Crescente";"Céu Claro";"Simples";"Reta";"Não";2;1;1;0;0;0;1;2;"-13.53440642";"-40.0656943";"SR-BA";"DEL10/3";"UOP01/BA"
185635;2019-01-16;"4";"19:20:00";"AM";174;894,3;"MANAUS";"Falta de Atenção do Pedestre";"Atropelamento de Pedestre";"Com Vítimas Fatais";"Plena Noite";"Decrescente";"Céu Claro";"Simples";"Não Informado";"Não";7;1;0;0;1;5;0;1;"-2.55416156";"-60.03410339";"SR-AM";"UOP01/AM";""
185636;2019-01-16;"4";"20:30:00";"PR";116;132;"FAZENDA RIO GRANDE";"Falta de Atenção à Condução";"Queda de ocupante de veículo";"Com Vítimas Feridas";"Plena Noite";"Crescente";"Nublado";"Dupla";"Desvio Temporário";"Não";1;0;1;0;0;0;1;1;"-25.630278";"-49.313812";"SR-PR";"DEL7/1";"UOP03/PR"
185637;2019-01-16;"4";"17:00:00";"MG";262;607;"CAMPOS ALTOS";"Pista Escorregadia";"Colisão frontal";"Com Vítimas Feridas";"Pleno dia";"Crescente";"Chuva";"Simples";"Curva";"Não";6;0;4;0;2;0;4;3;"-19.666414";"-46.16032";"SR-MG";"DEL4/8";"UOP02/MG"
185639;2019-01-16;"4";"17:00:00";"RS";285;162;"MUITOS CAPOES";"Velocidade Incompatível";"Tombamento";"Com Vítimas Feridas";"Pleno dia";"Crescente";"Céu Claro";"Simples";"Curva";"Não";1;0;1;0;0;0;1;1;"-28.318995";"-51.246716";"SR-RS";"DEL9/5";"UOP03/RS"
185640;2019-01-16;"4";"17:35:00";"MG";381;737,3;"TRES CORACOES";"Velocidade Incompatível";"Capotamento";"Com Vítimas Feridas";"Pleno dia";"Crescente";"Chuva";"Dupla";"Curva";"Não";1;0;1;0;0;0;1;1;"-21.5656";"-45.2439";"SR-MG";"DEL09";"UOP02/MG"
185641;2019-01-16;"4";"21:05:00";"MT";163;836;"SINOP";"Ingestão de Álcool";"Queda de ocupante de veículo";"Com Vítimas Feridas";"Plena Noite";"Decrescente";"Ignorado";"Simples";"Reta";"Sim";1;0;1;0;0;0;1;1;"-11.855";"-55.494";"SR-MT";"DEL2/6";"UOP01/MT"
185642;2019-01-16;"4";"17:20:00";"SC";470;3;"NAVEGANTES";"Falta de Atenção à Condução";"Tombamento";"Com Vítimas Feridas";"Pleno dia";"Crescente";"Céu Claro";"Simples";"Reta";"Não";1;0;0;1;0;0;1;1;"-26.861937";"-48.681618";"SR-SC";"DEL8/4";"UOP04/SC"
185643;2019-01-16;"4";"20:30:00";"MT";163;746;"SORRISO";"Falta de Atenção à Condução";"Colisão com objeto estático";"Sem Vítimas";"Plena Noite";"Decrescente";"Nublado";"Simples";"Reta";"Sim";1;0;0;0;1;0;0;1;"-12.59793";"-55.74748";"SR-MT";"DEL2/6";"UOP01/MT"
185644;2019-01-16;"4";"21:30:00";"MG";50;179;"UBERABA";"Não guardar distância de segurança";"Colisão traseira";"Com Vítimas Feridas";"Plena Noite";"Crescente";"Céu Claro";"Dupla";"Não Informado";"Sim";3;0;1;0;2;0;1;2;"-19.7783";"-47.9223";"SR-MG";"DEL13";"UOP01/MG"
185645;2019-01-16;"4";"20:50:00";"SC";282;52;"AGUAS MORNAS";"Falta de Atenção à Condução";"Saída de leito carroçável";"Com Vítimas Feridas";"Plena Noite";"Decrescente";"Nublado";"Simples";"Curva";"Não";3;0;3;0;0;0;3;1;"-27.696936";"-48.964138";"SR-SC";"DEL8/1";"UOP03/SC"
185646;2019-01-16;"4";"22:00:00";"PR";277;393,8;"CANDOI";"Velocidade Incompatível";"Colisão frontal";"Com Vítimas Feridas";"Plena Noite";"Crescente";"Céu Claro";"Simples";"Curva";"Não";3;0;1;0;2;0;1;2;"-25.44955244";"-51.91838264";"SR-PR";"DEL7/3";"UOP02/PR"
185647;2019-01-16;"4";"18:45:00";"SC";101;215;"PALHOCA";"Falta de Atenção à Condução";"Colisão traseira";"Com Vítimas Feridas";"Plena Noite";"Crescente";"Chuva";"Dupla";"Reta";"Não";2;0;1;0;0;1;1;2;"-27.6601";"-48.6774";"SR-SC";"DEL8/1";"UOP02/SC"
185648;2019-01-16;"4";"22:35:00";"SP";101;49,7;"UBATUBA";"Falta de Atenção à Condução";"Colisão transversal";"Com Vítimas Feridas";"Plena Noite";"Crescente";"Chuva";"Simples";"Reta";"Sim";2;0;1;0;1;0;1;2;"-23.45163796";"-45.075962";"SR-SP";"DEL6";"UOP03/SP"
185649;2019-01-16;"4";"15:15:00";"PE";104;94;"AGRESTINA";"Defeito Mecânico no Veículo";"Tombamento";"Com Vítimas Feridas";"Pleno dia";"Decrescente";"Céu Claro";"Simples";"Reta";"Não";1;0;1;0;0;0;1;1;"-8.513535";"-35.942421";"SR-PE";"DEL11/2";"UOP01/PE"
185650;2019-01-16;"4";"18:50:00";"RJ";101;488;"ANGRA DOS REIS";"Falta de Atenção à Condução";"Colisão transversal";"Com Vítimas Feridas";"Anoitecer";"Crescente";"Céu Claro";"Simples";"Reta";"Sim";2;0;1;0;0;1;1;2;"-22.95648251";"-44.30120637";"SR-RJ";"DEL5/3";"UOP02/RJ"
185651;2019-01-16;"4";"22:15:00";"RN";101;83;"NATAL";"Desobediência às normas de trânsito pelo condutor";"Colisão transversal";"Com Vítimas Feridas";"Plena Noite";"Decrescente";"Céu Claro";"Dupla";"Reta";"Sim";3;0;2;0;1;0;2;2;"-5.771044";"-35.266171";"SR-RN";"DEL15/2";"UOP01/RN"
185652;2019-01-16;"4";"22:45:00";"PI";316;59,3;"MONSENHOR GIL";"Animais na Pista";"Atropelamento de Animal";"Com Vítimas Feridas";"Plena Noite";"Decrescente";"Chuva";"Simples";"Reta";"Não";2;0;2;0;0;0;2;1;"-5.57284778";"-42.61545181";"SR-PI";"DEL17/1";"UOP02/PI"