"id";"data_inversa";"dia_semana";"horario";"uf";"br";"km";"municipio";"causa_acidente";"tipo_acidente";"classificacao_acidente";"fase_dia";"sentido_via";"condicao_metereologica";"tipo_pista";"tracado_via";"uso_solo";"pessoas";"mortos";"feridos_leves";"feridos_graves";"ilesos";"ignorados";"feridos";"veiculos";"latitude";"longitude";"regional";"delegacia";"uop"
185857;2019-01-18;"6";"05:40:00";"GO";40;6,7;"VALPARAISO DE GOIAS";"Falta de Atenção à Condução";"Tombamento";"Com Vítimas Feridas";"Plena Noite";"Decrescente";"Céu Claro";"Dupla";"Reta";"Sim";2;0;0;1;1;0;1;1;"-16.100814";"-47.977351";"SR-DF";"GO";"UOP01/DF"
185859;2019-01-18;"6";"05:50:00";"RS";290;4,8;"OSORIO";"Falta de Atenção à Condução";"Colisão traseira";"Com Vítimas Feridas";"Amanhecer";"Decrescente";"Nublado";"Dupla";"Reta";"Não";4;0;1;0;2;1;1;2;"-29.898134";"-50.31419";"SR-RS";"DEL9/3";"UOP02/RS"
185860;2019-01-17;"5";"22:00:00";"PR";476;309,5;"SAO MATEUS DO SUL";"Velocidade Incompatível";"Tombamento";"Com Vítimas Fatais";"Plena Noite";"Decrescente";"Nublado";"Simples";"Curva";"Não";1;1;0;0;0;0;0;1;"-26.017345";"-50.64333";"SR-PR";"DEL7/2";"UOP03/PR"
185862;2019-01-18;"6";"05:00:00";"CE";222;324,8;"TIANGUA";"Falta de Atenção do Pedestre";"Atropelamento de Pedestre";"Com Vítimas Feridas";"Amanhecer";"Decrescente";"Céu Claro";"Simples";"Reta";"Não";3;0;2;0;0;1;2;1;"-3.79354";"-41.064716";"SR-CE";"DEL16/4";"UOP02/CE"
185863;2019-01-17;"5";"20:45:00";"SC";470;224,3;"SAO CRISTOVAO DO SUL";"Pista Escorregadia";"Saída de leito carroçável";"Com Vítimas Feridas";"Plena Noite";"Crescente";"Chuva";"Simples";"Reta";"Não";2;0;1;0;1;0;1;1;"-27.31840478";"-50.33372467";"SR-SC";"DEL8/5";"UOP03/SC"
185864;2019-01-18;"6";"07:10:00";"DF";70;2;"BRASILIA";"Não guardar distância de segurança";"Colisão traseira";"Com Vítimas Feridas";"Pleno dia";"Decrescente";"Céu Claro";"Dupla";"Reta";"Sim";4;0;1;0;3;0;1;3;"-15.798048";"-48.073235";"SR-DF";"DF";"UOP06/DF"
185865;2019-01-18;"6";"07:00:00";"MG";251;504;"FRANCISCO SA";"Falta de Atenção à Condução";"Colisão lateral";"Com Vítimas Feridas";"Amanhecer";"Crescente";"Céu Claro";"Simples";"Reta";"Não";23;0;1;0;22;0;1;3;"-16.609";"-43.6592";"SR-MG";"DEL4/12";"UOP01/MG"
185866;2019-01-18;"6";"05:55:00";"PI";343;3,4;"TERESINA";"Desobediência às normas de trânsito pelo condutor";"Colisão transversal";"Sem Vítimas";"Pleno dia";"Crescente";"Céu Claro";"Múltipla";"Interseção de vias";"Sim";2;0;0;0;2;0;0;2;"-5.08070934";"-42.78029594";"SR-PI";"DEL17/1";"UOP01/PI"
185867;2019-01-17;"5";"16:00:00";"MG";381;249;"GOVERNADOR VALADARES";"Desobediência às normas de trânsito pelo condutor";"Colisão traseira";"Com Vítimas Feridas";"Pleno dia";"Crescente";"Céu Claro";"Simples";"Reta";"Não";2;0;1;0;1;0;1;2;"-18.9168009";"-41.9408619";"SR-MG";"DEL4/6";"UOP01/MG"
185868;2019-01-18;"6";"07:50:00";"PR";376;464,5;"PONTA GROSSA";"Falta de Atenção à Condução";"Colisão traseira";"Com Vítimas Feridas";"Pleno dia";"Crescente";"Céu Claro";"Dupla";"Curva";"Não";3;0;1;0;2;0;1;2;"-24.98465765";"-50.36939621";"SR-PR";"DEL7/3";"UOP01/PR"
185869;2019-01-18;"6";"07:15:00";"MG";40;517;"CONTAGEM";"Não guardar distância de segurança";"Colisão traseira";"Com Vítimas Feridas";"Pleno dia";"Crescente";"Céu Claro";"Dupla";"Reta";"Sim";2;0;1;0;1;0;1;2;"-19.8351";"-44.08";"SR-MG";"DEL4/1";"UOP03/MG"
185870;2019-01-18;"6";"02:30:00";"MA";222;369;"SANTA INES";"Defeito Mecânico no Veículo";"Incêndio";"Sem Vítimas";"Plena Noite";"Decrescente";"Céu Claro";"Simples";"Reta";"Não";2;0;0;0;2;0;0;1;"-3.80407329";"-45.47520758";"SR-MA";"DEL18/2";"UOP02/MA"
185872;2019-01-18;"6";"06:30:00";"BA";324;541;"AMELIA RODRIGUES";"Desobediência às normas de trânsito pelo condutor";"Colisão traseira";"Com Vítimas Feridas";"Pleno dia";"Decrescente";"Céu Claro";"Dupla";"Desvio Temporário";"Sim";6;0;1;0;5;0;1;2;"-12.39719";"-38.76742";"SR-BA";"DEL10/1";"UOP01/BA"
185874;2019-01-18;"6";"07:15:00";"MT";364;204;"RONDONOPOLIS";"Falta de Atenção à Condução";"Colisão traseira";"Com Vítimas Feridas";"Pleno dia";"Decrescente";"Nublado";"Dupla";"Reta";"Sim";2;0;1;0;1;0;1;2;"-16.467325";"-54.657196";"SR-MT";"DEL2/2";"UOP01/MT"
185876;2019-01-18;"6";"08:40:00";"PR";277;5;"PARANAGUA";"Falta de Atenção à Condução";"Queda de ocupante de veículo";"Com Vítimas Feridas";"Pleno dia";"Crescente";"Céu Claro";"Dupla";"Curva";"Sim";1;0;1;0;0;0;1;1;"-25.55677709";"-48.56654406";"SR-PR";"DEL7/1";"UOP07/PR"
185878;2019-01-18;"6";"07:50:00";"RS";290;46;"GLORINHA";"Falta de Atenção à Condução";"Saída de leito carroçável";"Com Vítimas Feridas";"Pleno dia";"Decrescente";"Nublado";"Dupla";"Reta";"Não";1;0;1;0;0;0;1;1;"-29.891537";"-50.720207";"SR-RS";"DEL9/3";"UOP02/RS"
185879;2019-01-18;"6";"07:35:00";"PB";230;37;"SANTA RITA";"Velocidade Incompatível";"Colisão traseira";"Com Vítimas Fatais";"Pleno dia";"Crescente";"Céu Claro";"Dupla";"Reta";"Sim";4;1;0;0;1;2;0;2;"-7.1293";"-34.9536";"SR-PB";"DEL14/1";"UOP00/PB"
185880;2019-01-18;"6";"07:25:00";"BA";101;752,6;"ITABELA";"Defeito Mecânico no Veículo";"Colisão frontal";"Sem Vítimas";"Pleno dia";"Decrescente";"Sol";"Simples";"Não Informado";"Não";2;0;0;0;2;0;0;2;"-16.6209";"-39.5348";"SR-BA";"DEL10/9";"UOP01/BA"
185881;2019-01-18;"6";"03:00:00";"RJ";101;503;"ANGRA DOS REIS";"Desobediência às normas de trânsito pelo condutor";"Colisão transversal";"Com Vítimas Feridas";"Amanhecer";"Decrescente";"Céu Claro";"Simples";"Reta";"Sim";3;0;2;0;1;0;2;2;"-22.93170347";"-44.38834598";"SR-RJ";"DEL5/3";"UOP02/RJ"
185882;2019-01-18;"6";"08:00:00";"RS";290;100;"PORTO ALEGRE";"Não guardar distância de segurança";"Colisão traseira";"Com Vítimas Feridas";"Pleno dia";"Decrescente";"Céu Claro";"Dupla";"Reta";"Sim";2;0;1;0;1;0;1;2;"-29.988646";"-51.236553";"SR-RS";"DEL9/1";"UOP01/RS"
185883;2019-01-18;"6";"08:05:00";"TO";153;676,5;"GURUPI";"Desobediência às normas de trânsito pelo condutor";"Saída de leito carroçável";"Com Vítimas Feridas";"Pleno dia";"Crescente";"Céu Claro";"Simples";"Reta";"Não";6;0;3;0;2;1;3;3;"-11.760287";"-49.096313";"SR-TO";"UOP01/TO";""
185884;2019-01-18;"6";"08:20:00";"BA";101;386;"IBIRAPITANGA";"Falta de Atenção à Condução";"Saída de leito carroçável";"Com Vítimas Feridas";"Pleno dia";"Crescente";"Sol";"Simples";"Curva";"Não";2;0;1;0;1;0;1;1;"-13.9103";"-39.4816";"SR-BA";"DEL10/5";"UOP03/BA"
185885;2019-01-18;"6";"08:00:00";"ES";101;273;"SERRA";"Falta de Atenção à Condução";"Colisão traseira";"Sem Vítimas";"Pleno dia";"Crescente";"Céu Claro";"Múltipla";"Reta";"Sim";2;0;0;0;2;0;0;2;"-20.21914126";"-40.29089483";"SR-ES";"DEL12/2";"UOP01/ES"
185886;2019-01-18;"6";"09:00:00";"SP";116;144;"SAO JOSE DOS CAMPOS";"Defeito Mecânico no Veículo";"Tombamento";"Com Vítimas Feridas";"Pleno dia";"Decrescente";"Sol";"Dupla";"Reta";"Sim";2;0;2;0;0;0;2;1;"-23.185072";"-45.850787";"SR-SP";"DEL6/2";"UOP01/SP"
185888;2019-01-18;"6";"09:10:00";"PR";376;590,5;"CURITIBA";"Falta de Atenção à Condução";"Engavetamento";"Com Vítimas Feridas";"Pleno dia";"Decrescente";"Céu Claro";"Dupla";"Reta";"Sim";3;0;1;0;1;1;1;3;"-25.455174";"-49.361027";"SR-PR";"DEL7/1";"UOP04/PR"
185893;2019-01-18;"6";"10:45:00";"SP";116;222;"GUARULHOS";"Velocidade Incompatível";"Colisão traseira";"Com Vítimas Feridas";"Pleno dia";"Crescente";"Céu Claro";"Múltipla";"Reta";"Sim";3;0;1;0;2;0;1;2;"-23.47248611";"-46.52057508";"SR-SP";"DEL6/1";"UOP01/SP"
185894;2019-01-18;"6";"07:40:00";"SC";101;443,7;"SANTA ROSA DO SUL";"Defeito Mecânico no Veículo";"Colisão traseira";"Com Vítimas Feridas";"Pleno dia";"Crescente";"Chuva";"Dupla";"Reta";"Sim";3;0;0;1;2;0;1;2;"-29.135";"-49.7066";"SR-SC";"DEL8/2";"UOP02/SC"
185895;2019-01-18;"6";"07:40:00";"BA";420;86;"SALVADOR";"Falta de Atenção à Condução";"Colisão traseira";"Com Vítimas Feridas";"Pleno dia";"Crescente";"Céu Claro";"Dupla";"Reta";"Sim";3;0;2;0;1;0;2;2;"-12.920363";"-38.466461";"SR-BA";"DEL10/1";"UOP01/BA"
185896;2019-01-02;"4";"08:30:00";"PR";116;103;"SAO JOSE DOS PINHAIS";"Falta de Atenção à Condução";"Engavetamento";"Com Vítimas Feridas";"Pleno dia";"Crescente";"Céu Claro";"Dupla";"Reta";"Não";5;0;1;0;4;0;1;4;"-25.559525";"-49.151039";"SR-PR";"DEL7/1";"UOP01/PR"
185897;2019-01-18;"6";"09:30:00";"MT";174;360,5;"CONQUISTA DOESTE";"Ultrapassagem Indevida";"Colisão frontal";"Com Vítimas Feridas";"Pleno dia";"Crescente";"Céu Claro";"Simples";"Reta";"Não";5;0;5;0;0;0;5;2;"-14.666368";"-59.427921";"SR-MT";"DEL2/7";"UOP01/MT"
185898;2019-01-18;"6";"10:00:00";"SC";101;203,9;"SAO JOSE";"Falta de Atenção à Condução";"Colisão transversal";"Com Vítimas Feridas";"Pleno dia";"Decrescente";"Sol";"Dupla";"Interseção de vias";"Sim";2;0;1;0;1;0;1;2;"-27.5742";"-48.6134";"SR-SC";"DEL8/1";"UOP01/SC"
185899;2019-01-18;"6";"10:35:00";"MG";40;476;"SETE LAGOAS";"Falta de Atenção à Condução";"Capotamento";"Com Vítimas Feridas";"Pleno dia";"Crescente";"Céu Claro";"Dupla";"Reta";"Sim";2;0;1;0;1;0;1;1;"-19.5236";"-44.2634";"SR-MG";"DEL4/2";"UOP01/MG"
185901;2019-01-18;"6";"08:30:00";"BA";101;817,7;"ITAMARAJU";"Velocidade Incompatível";"Tombamento";"Com Vítimas Feridas";"Pleno dia";"Decrescente";"Céu Claro";"Simples";"Curva";"Não";1;0;1;0;0;0;1;1;"-17.0847";"-39.5712";"SR-BA";"DEL10/9";"UOP01/BA"
185903;2019-01-18;"6";"10:45:00";"PR";376;628;"SAO JOSE DOS PINHAIS";"Falta de Atenção à Condução";"Colisão traseira";"Com Vítimas Feridas";"Pleno dia";"Decrescente";"Céu Claro";"Dupla";"Reta";"Não";2;0;1;0;1;0;1;2;"-25.68887232";"-49.14596558";"SR-PR";"DEL7/1";"UOP08/PR"
185905;2019-01-18;"6";"08:30:00";"CE";222;228,2;"SOBRAL";"Não guardar distância de segurança";"Colisão traseira";"Com Vítimas Feridas";"Pleno dia";"Decrescente";"Chuva";"Simples";"Reta";"Sim";4;0;1;1;2;0;2;2;"-3.697247";"-40.376003";"SR-CE";"DEL16/4";"UOP01/CE"
185906;2019-01-18;"6";"11:45:00";"SC";101;31,2;"JOINVILLE";"Falta de Atenção à Condução";"Colisão lateral";"Com Vítimas Feridas";"Pleno dia";"Decrescente";"Céu Claro";"Dupla";"Reta";"Não";2;0;0;1;1;0;1;2;"-26.2448";"-48.9103";"SR-SC";"DEL8/3";"UOP01/SC"
185907;2019-01-18;"6";"11:00:00";"PR";376;590,4;"CURITIBA";"Falta de Atenção à Condução";"Colisão traseira";"Com Vítimas Feridas";"Pleno dia";"Decrescente";"Céu Claro";"Dupla";"Não Informado";"Sim";2;0;0;1;1;0;1;2;"-25.4525213";"-49.36211497";"SR-PR";"DEL7/1";"UOP04/PR"
185908;2019-01-18;"6";"09:15:00";"SE";101;185,9;"UMBAUBA";"Não guardar distância de segurança";"Colisão traseira";"Sem Vítimas";"Pleno dia";"Crescente";"Céu Claro";"Simples";"Interseção de vias";"Não";2;0;0;0;2;0;0;2;"-11.39947838";"-37.68251941";"SR-SE";"DEL20/2";"UOP03/SE"
185909;2019-01-18;"6";"11:15:00";"SC";101;202,5;"SAO JOSE";"Falta de Atenção à Condução";"Colisão traseira";"Com Vítimas Feridas";"Pleno dia";"Decrescente";"Sol";"Dupla";"Reta";"Sim";2;0;1;0;1;0;1;2;"-27.5651";"-48.6144";"SR-SC";"DEL8/1";"UOP01/SC"
185911;2019-01-18;"6";"10:45:00";"MT";163;671,1;"LUCAS DO RIO VERDE";"Ultrapassagem Indevida";"Colisão traseira";"Sem Vítimas";"Pleno dia";"Crescente";"Céu Claro";"Simples";"Reta";"Não";3;0;0;0;3;0;0;3;"-13.21089";"-55.99832";"SR-MT";"DEL2/6";"UOP01/MT"
185912;2019-01-18;"6";"12:00:00";"GO";414;268;"VILA PROPICIO";"Condutor Dormindo";"Saída de leito carroçável";"Com Vítimas Feridas";"Pleno dia";"Crescente";"Sol";"Simples";"Curva";"Não";1;0;0;1;0;0;1;1;"-15.01609062";"-48.69449615";"SR-GO";"DEL1/7";"UOP02/GO"
185913;2019-01-18;"6";"10:55:00";"PE";101;57;"PAULISTA";"Desobediência às normas de trânsito pelo condutor";"Colisão transversal";"Com Vítimas Feridas";"Pleno dia";"Decrescente";"Sol";"Dupla";"Reta";"Sim";3;0;2;0;1;0;2;2;"-7.9717";"-34.921";"SR-PE";"DEL11/1";"UOP02/PE"
185914;2019-01-18;"6";"09:42:00";"MS";163;342,2;"RIO BRILHANTE";"Ingestão de Álcool";"Colisão traseira";"Sem Vítimas";"Pleno dia";"Crescente";"Nublado";"Simples";"Reta";"Sim";2;0;0;0;2;0;0;2;"-21.657176";"-54.429478";"SR-MS";"DEL2";"UOP02/MS"
185915;2019-01-18;"6";"11:00:00";"ES";101;188,1;"ARACRUZ";"Falta de Atenção à Condução";"Tombamento";"Sem Vítimas";"Pleno dia";"Decrescente";"Céu Claro";"Simples";"Curva";"Não";1;0;0;0;1;0;0;1;"-19.67668203";"-40.26531285";"SR-ES";"DEL12/4";"UOP01/ES"
185916;2019-01-18;"6";"10:40:00";"MS";60;152,3;"CAMAPUA";"Falta de Atenção à Condução";"Saída de leito carroçável";"Com Vítimas Feridas";"Pleno dia";"Decrescente";"Nublado";"Simples";"Reta";"Não";2;0;1;1;0;0;2;1;"-19.47821";"-53.805435";"SR-MS";"DEL3/6";"UOP02/MS"
185917;2019-01-18;"6";"10:50:00";"PB";230;22;"JOAO PESSOA";"Não guardar distância de segurança";"Colisão traseira";"Com Vítimas Feridas";"Pleno dia";"Decrescente";"Céu Claro";"Dupla";"Reta";"Sim";2;0;1;0;1;0;1;2;"-7.1495";"-34.8517";"SR-PB";"DEL14/1";"UOP00/PB"
185919;2019-01-18;"6";"12:50:00";"SC";101;214;"PALHOCA";"Desobediência às normas de trânsito pelo condutor";"Colisão traseira";"Com Vítimas Feridas";"Plena Noite";"Decrescente";"Céu Claro";"Múltipla";"Reta";"Sim";2;0;1;0;1;0;1;2;"-27.652";"-48.676";"SR-SC";"DEL8/1";"UOP02/SC"
185920;2019-01-18;"6";"11:00:00";"SE";101;29;"MURIBECA";"Falta de Atenção à Condução";"Saída de leito carroçável";"Com Vítimas Feridas";"Pleno dia";"Crescente";"Céu Claro";"Simples";"Reta";"Não";2;0;2;0;0;0;2;1;"-10.44941689";"-36.93875223";"SR-SE";"DEL20/2";"UOP02/SE"
185923;2019-01-18;"6";"11:30:00";"SP";116;217,8;"GUARULHOS";"Não guardar distância de segurança";"Colisão traseira";"Com Vítimas Feridas";"Pleno dia";"Crescente";"Céu Claro";"Múltipla";"Reta";"Sim";2;0;1;0;1;0;1;2;"-23.45667189";"-46.47791862";"SR-SP";"DEL6/1";"UOP01/SP"
185924;2019-01-18;"6";"11:00:00";"PI";343;449;"AGUA BRANCA";"Pista Escorregadia";"Saída de leito carroçável";"Com Vítimas Feridas";"Pleno dia";"Crescente";"Chuva";"Simples";"Reta";"Não";5;0;5;0;0;0;5;1;"-5.909009";"-42.68177";"SR-PI";"DEL17/1";"UOP02/PI"
185927;2019-01-18;"6";"13:40:00";"PR";373;229,6;"IMBITUVA";"Falta de Atenção à Condução";"Colisão transversal";"Com Vítimas Feridas";"Pleno dia";"Crescente";"Nublado";"Simples";"Não Informado";"Não";7;0;6;0;1;0;6;2;"-25.17836417";"-50.65241934";"SR-PR";"DEL7/3";"UOP01/PR"
185928;2019-01-18;"6";"13:50:00";"GO";60;386;"RIO VERDE";"Ingestão de Álcool";"Atropelamento de Pedestre";"Com Vítimas Feridas";"Pleno dia";"Decrescente";"Céu Claro";"Dupla";"Reta";"Sim";2;0;1;0;1;0;1;1;"-17.8029";"-50.9205";"SR-GO";"DEL1/4";"UOP01/GO"
185930;2019-01-18;"6";"14:00:00";"SP";116;213,1;"GUARULHOS";"Falta de Atenção à Condução";"Tombamento";"Com Vítimas Feridas";"Pleno dia";"Crescente";"Sol";"Múltipla";"Reta";"Sim";2;0;1;0;1;0;1;2;"-23.43902628";"-46.43586837";"SR-SP";"DEL6/1";"UOP01/SP"
185931;2019-01-02;"4";"11:45:00";"PR";277;357;"GUARAPUAVA";"Falta de Atenção à Condução";"Colisão lateral";"Com Vítimas Feridas";"Pleno dia";"Decrescente";"Céu Claro";"Simples";"Reta";"Não";8;0;1;0;7;0;1;3;"-25.08055469";"-51.62315374";"SR-PR";"DEL7/3";"UOP02/PR"
185932;2019-01-18;"6";"08:20:00";"MG";262;491,6;"MOEMA";"Ultrapassagem Indevida";"Tombamento";"Com Vítimas Feridas";"Pleno dia";"Crescente";"Sol";"Simples";"Reta";"Não";1;0;0;1;0;0;1;1;"-19.785557";"-45.389137";"SR-MG";"DEL4/8";"UOP03/MG"
185933;2019-01-18;"6";"14:26:00";"GO";50;267,3;"CATALAO";"Condutor Dormindo";"Colisão frontal";"Com Vítimas Fatais";"Pleno dia";"Crescente";"Céu Claro";"Dupla";"Não Informado";"Não";8;2;4;0;0;2;4;2;"-18.087";"-47.871";"SR-GO";"DEL1/6";"UOP01/GO"
185934;2019-01-18;"6";"11:30:00";"RS";285;607,6;"SANTO ANTONIO DAS MISSOES";"Pista Escorregadia";"Saída de leito carroçável";"Sem Vítimas";"Pleno dia";"Crescente";"Chuva";"Simples";"Reta";"Não";1;0;0;0;1;0;0;1;"-28.49294982";"-55.365787";"SR-RS";"DEL9/12";"UOP01/RS"
185935;2019-01-18;"6";"13:10:00";"PE";101;41,7;"IGARASSU";"Falta de Atenção à Condução";"Colisão lateral";"Sem Vítimas";"Pleno dia";"Crescente";"Céu Claro";"Múltipla";"Reta";"Sim";3;0;0;0;2;1;0;2;"-7.837";"-34.9124";"SR-PE";"DEL11/1";"UOP02/PE"
185938;2019-01-18;"6";"13:00:00";"AL";101;76,4;"RIO LARGO";"Mal Súbito";"Saída de leito carroçável";"Com Vítimas Feridas";"Pleno dia";"Decrescente";"Nublado";"Dupla";"Reta";"Não";1;0;0;1;0;0;1;1;"-9.413356";"-35.840733";"SR-AL";"DEL13/1";"UOP01/AL"
185939;2019-01-18;"6";"13:20:00";"BA";324;609;"SIMOES FILHO";"Defeito Mecânico no Veículo";"Queda de ocupante de veículo";"Com Vítimas Feridas";"Pleno dia";"Decrescente";"Céu Claro";"Dupla";"Reta";"Não";2;0;2;0;0;0;2;1;"-12.83978703";"-38.41470633";"SR-BA";"DEL10/1";"UOP01/BA"
185940;2019-01-18;"6";"12:20:00";"PI";20;344,3;"SANTO ANTONIO DE LISBOA";"Pista Escorregadia";"Capotamento";"Com Vítimas Feridas";"Pleno dia";"Crescente";"Chuva";"Simples";"Não Informado";"Não";1;0;1;0;0;0;1;1;"-7.10678";"-41.270077";"SR-PI";"DEL17/4";"UOP01/PI"
185942;2019-01-18;"6";"15:05:00";"MG";381;858,1;"POUSO ALEGRE";"Condutor Dormindo";"Colisão lateral";"Com Vítimas Feridas";"Pleno dia";"Decrescente";"Céu Claro";"Dupla";"Reta";"Não";2;0;1;0;1;0;1;2;"-22.3129";"-45.9036";"SR-MG";"DEL09";"UOP01/MG"
185943;2019-01-18;"6";"14:25:00";"SE";101;88;"NOSSA SENHORA DO SOCORRO";"Não guardar distância de segurança";"Colisão com objeto estático";"Com Vítimas Feridas";"Pleno dia";"Crescente";"Céu Claro";"Dupla";"Reta";"Não";1;0;1;0;0;0;1;1;"-10.8835";"-37.1333";"SR-SE";"DEL20/1";"UOP01/SE"
185944;2019-01-18;"6";"14:40:00";"PE";101;80;"JABOATAO DOS GUARARAPES";"Falta de Atenção à Condução";"Colisão traseira";"Sem Vítimas";"Pleno dia";"Decrescente";"Céu Claro";"Dupla";"Reta";"Não";2;0;0;0;2;0;0;2;"-8.1623";"-34.9394";"SR-PE";"DEL11/1";"UOP01/PE"
185946;2019-01-18;"6";"14:15:00";"PE";232;17,1;"JABOATAO DOS GUARARAPES";"Falta de Atenção à Condução";"Colisão lateral";"Com Vítimas Feridas";"Pleno dia";"Decrescente";"Sol";"Dupla";"Retorno Regulamentado";"Sim";5;0;3;0;2;0;3;4;"-8.095657";"-35.045834";"SR-PE";"DEL11/1";"UOP01/PE"
185947;2019-01-18;"6";"15:20:00";"MG";381;505,5;"BETIM";"Falta de Atenção à Condução";"Colisão lateral";"Sem Vítimas";"Pleno dia";"Decrescente";"Sol";"Dupla";"Não Informado";"Não";2;0;0;0;1;1;0;2;"-20.0384";"-44.2529";"SR-MG";"DEL4/1";"UOP03/MG"
185948;2019-01-18;"6";"15:04:00";"MG";50;19,1;"UBERLANDIA";"Falta de Atenção à Condução";"Colisão traseira";"Com Vítimas Feridas";"Pleno dia";"Decrescente";"Céu Claro";"Dupla";"Reta";"Não";4;0;0;1;3;0;1;2;"-18.933435";"-48.199319";"SR-MG";"DEL4/15";"UOP02/MG"
185949;2019-01-18;"6";"10:30:00";"MG";365;614,2;"UBERLANDIA";"Carga excessiva e/ou mal acondicionada";"Colisão com objeto estático";"Sem Vítimas";"Pleno dia";"Crescente";"Céu Claro";"Simples";"Reta";"Sim";1;0;0;0;1;0;0;1;"-18.8974";"-48.2715";"SR-MG";"DEL4/15";"UOP01/MG"
185950;2019-01-18;"6";"14:30:00";"MG";381;390,3;"BARAO DE COCAIS";"Defeito Mecânico no Veículo";"Incêndio";"Sem Vítimas";"Pleno dia";"Crescente";"Céu Claro";"Simples";"Reta";"Não";1;0;0;0;1;0;0;1;"-19.80647945";"-43.40209544";"SR-MG";"DEL4/1";"UOP01/MG"
185951;2019-01-18;"6";"16:00:00";"ES";262;5,8;"CARIACICA";"Falta de Atenção à Condução";"Colisão transversal";"Com Vítimas Feridas";"Pleno dia";"Crescente";"Céu Claro";"Múltipla";"Não Informado";"Sim";4;0;0;2;2;0;2;3;"-20.3374";"-40.3859";"SR-ES";"DEL12/1";"UOP01/ES"
185952;2019-01-18;"6";"13:40:00";"MG";356;267,5;"MURIAE";"Falta de Atenção à Condução";"Colisão transversal";"Com Vítimas Feridas";"Pleno dia";"Decrescente";"Céu Claro";"Simples";"Interseção de vias";"Sim";2;0;1;0;1;0;1;2;"-21.125526";"-42.375477";"SR-MG";"DEL4/7";"UOP02/MG"
185953;2019-01-18;"6";"15:20:00";"RJ";101;111,5;"CAMPOS DOS GOYTACAZES";"Velocidade Incompatível";"Saída de leito carroçável";"Com Vítimas Feridas";"Pleno dia";"Decrescente";"Céu Claro";"Dupla";"Reta";"Não";1;0;0;1;0;0;1;1;"-21.962559";"-41.64819";"SR-RJ";"DEL5/8";"UOP02/RJ"
185954;2019-01-18;"6";"15:50:00";"GO";40;29,6;"LUZIANIA";"Desobediência às normas de trânsito pelo condutor";"Colisão lateral";"Com Vítimas Feridas";"Pleno dia";"Crescente";"Céu Claro";"Dupla";"Reta";"Não";3;0;1;0;2;0;1;2;"-16.273718";"-47.871456";"SR-DF";"GO";"UOP01/DF"
185955;2019-01-18;"6";"15:00:00";"GO";40;91,7;"CRISTALINA";"Falta de Atenção à Condução";"Colisão traseira";"Sem Vítimas";"Pleno dia";"Decrescente";"Céu Claro";"Simples";"Reta";"Sim";2;0;0;0;2;0;0;2;"-16.72736";"-47.634957";"SR-DF";"GO";"UOP02/DF"
185957;2019-01-18;"6";"16:10:00";"SP";381;47;"ATIBAIA";"Falta de Atenção à Condução";"Colisão traseira";"Com Vítimas Feridas";"Pleno dia";"Decrescente";"Céu Claro";"Dupla";"Reta";"Não";2;0;1;0;1;0;1;2;"-23.138622";"-46.575844";"SR-SP";"DEL6/3";"UOP02/SP"
185959;2019-01-18;"6";"16:00:00";"SP";153;25,5;"NOVA GRANADA";"Avarias e/ou desgaste excessivo no pneu";"Tombamento";"Com Vítimas Feridas";"Pleno dia";"Decrescente";"Sol";"Simples";"Curva";"Não";1;0;1;0;0;0;1;1;"-20.496851";"-49.315945";"SR-SP";"DEL6/9";"UOP01/SP"
185960;2019-01-18;"6";"16:40:00";"GO";364;387;"SANTA RITA DO ARAGUAIA";"Ingestão de álcool e/ou substâncias psicoativas pelo pedestre";"Colisão com objeto estático";"Com Vítimas Feridas";"Pleno dia";"Crescente";"Céu Claro";"Dupla";"Reta";"Sim";3;0;1;0;2;0;1;3;"-17.332624";"-53.195534";"SR-GO";"DEL1/5";"UOP01/GO"
185961;2019-01-18;"6";"16:40:00";"GO";20;1,8;"FORMOSA";"Desobediência às normas de trânsito pelo condutor";"Colisão transversal";"Com Vítimas Feridas";"Pleno dia";"Decrescente";"Chuva";"Simples";"Reta";"Sim";7;0;0;1;6;0;1;6;"-15.579424";"-47.334297";"SR-DF";"GO";"UOP04/DF"
185963;2019-01-18;"6";"14:10:00";"PE";232;18;"JABOATAO DOS GUARARAPES";"Não guardar distância de segurança";"Colisão traseira";"Sem Vítimas";"Pleno dia";"Decrescente";"Céu Claro";"Dupla";"Reta";"Não";2;0;0;0;2;0;0;2;"-8.096965";"-35.054508";"SR-PE";"DEL11/1";"UOP01/PE"
185964;2019-01-18;"6";"17:00:00";"GO";153;527,5;"HIDROLANDIA";"Pista Escorregadia";"Saída de leito carroçável";"Com Vítimas Feridas";"Pleno dia";"Crescente";"Chuva";"Dupla";"Curva";"Não";4;0;3;0;1;0;3;1;"-16.9533";"-49.2437";"SR-GO";"DEL1/1";"UOP03/GO"
185965;2019-01-18;"6";"17:00:00";"RS";116;142,8;"CAXIAS DO SUL";"Desobediência às normas de trânsito pelo condutor";"Colisão transversal";"Sem Vítimas";"Pleno dia";"Crescente";"Sol";"Dupla";"Curva";"Sim";2;0;0;0;2;0;0;2;"-29.11727";"-51.115208";"SR-RS";"DEL9/5";"UOP01/RS"
185966;2019-01-18;"6";"17:10:00";"RJ";465;21,1;"NOVA IGUACU";"Desobediência às normas de trânsito pelo condutor";"Colisão transversal";"Com Vítimas Feridas";"Pleno dia";"Crescente";"Céu Claro";"Simples";"Reta";"Sim";3;0;1;0;2;0;1;2;"-22.854782";"-43.601933";"SR-RJ";"DEL5/1";"UOP03/RJ"