"id";"data_inversa";"dia_semana";"horario";"uf";"br";"km";"municipio";"causa_acidente";"tipo_acidente";"classificacao_acidente";"fase_dia";"sentido_via";"condicao_metereologica";"tipo_pista";"tracado_via";"uso_solo";"pessoas";"mortos";"feridos_leves";"feridos_graves";"ilesos";"ignorados";"feridos";"veiculos";"latitude";"longitude";"regional";"delegacia";"uop"
186068;2019-01-19;"7";"02:20:00";"SC";101;207,8;"SAO JOSE";"Velocidade Incompatível";"Capotamento";"Com Vítimas Feridas";"Plena Noite";"Decrescente";"Nublado";"Dupla";"Reta";"Sim";1;0;1;0;0;0;1;1;"-27.6034";"-48.632";"SR-SC";"DEL8/1";"UOP01/SC"
186071;2019-01-19;"7";"03:30:00";"MG";116;787,3;"LEOPOLDINA";"Falta de Atenção à Condução";"Colisão com objeto estático";"Sem Vítimas";"Plena Noite";"Decrescente";"Nublado";"Simples";"Não Informado";"Não";1;0;0;0;1;0;0;1;"-21.65677008";"-42.72043347";"SR-MG";"DEL4/7";"UOP01/MG"
186072;2019-01-19;"7";"04:35:00";"ES";262;5,5;"CARIACICA";"Falta de Atenção à Condução";"Colisão com objeto em movimento";"Com Vítimas Feridas";"Plena Noite";"Crescente";"Céu Claro";"Dupla";"Reta";"Sim";3;0;0;2;1;0;2;2;"-20.3374";"-40.3859";"SR-ES";"DEL12/1";"UOP01/ES"
186073;2019-01-19;"7";"04:50:00";"ES";101;101,6;"JAGUARE";"Falta de Atenção à Condução";"Colisão traseira";"Com Vítimas Feridas";"Plena Noite";"Decrescente";"Céu Claro";"Simples";"Reta";"Não";2;0;0;1;1;0;1;2;"-18.96603909";"-39.99023438";"SR-ES";"DEL12/4";"UOP02/ES"
186074;2019-01-19;"7";"04:50:00";"ES";101;176;"ARACRUZ";"Falta de Atenção à Condução";"Queda de ocupante de veículo";"Com Vítimas Feridas";"Plena Noite";"Crescente";"Nublado";"Simples";"Reta";"Sim";2;0;1;1;0;0;2;1;"-19.58469852";"-40.1897049";"SR-ES";"DEL12/4";"UOP01/ES"
186075;2019-01-19;"7";"02:30:00";"MG";365;437,2;"GUIMARANIA";"Animais na Pista";"Saída de leito carroçável";"Com Vítimas Feridas";"Plena Noite";"Decrescente";"Céu Claro";"Simples";"Reta";"Não";2;0;2;0;0;0;2;1;"-18.77873";"-46.71225";"SR-MG";"DEL4/10";"UOP01/MG"
186076;2019-01-19;"7";"02:33:00";"RJ";116;170,3;"SAO JOAO DE MERITI";"Agressão Externa";"Colisão com objeto estático";"Com Vítimas Feridas";"Plena Noite";"Decrescente";"Céu Claro";"Múltipla";"Reta";"Sim";1;0;1;0;0;0;1;1;"-22.8111";"-43.333729";"SR-RJ";"DEL5/1";"UOP02/RJ"
186077;2019-01-18;"6";"23:20:00";"RJ";101;327;"NITEROI";"Ingestão de Álcool";"Colisão traseira";"Sem Vítimas";"Plena Noite";"Decrescente";"Céu Claro";"Dupla";"Reta";"Não";2;0;0;0;2;0;0;2;"-22.871164";"-43.156063";"SR-RJ";"DEL5/2";"UOP01/RJ"
186078;2019-01-19;"7";"05:50:00";"SC";470;86,9;"RODEIO";"Falta de Atenção à Condução";"Saída de leito carroçável";"Com Vítimas Feridas";"Amanhecer";"Decrescente";"Nublado";"Simples";"Ponte";"Não";5;0;5;0;0;0;5;1;"-26.94800319";"-49.36549097";"SR-SC";"DEL8/4";"UOP01/SC"
186079;2019-01-19;"7";"04:45:00";"PR";376;601;"CURITIBA";"Ingestão de Álcool";"Saída de leito carroçável";"Sem Vítimas";"Plena Noite";"Decrescente";"Nublado";"Dupla";"Curva";"Sim";1;0;0;0;0;1;0;1;"-25.542745";"-49.30818";"SR-PR";"DEL7/1";"UOP04/PR"
186080;2019-01-19;"7";"05:15:00";"MG";50;54;"ARAGUARI";"Velocidade Incompatível";"Tombamento";"Com Vítimas Feridas";"Amanhecer";"Crescente";"Céu Claro";"Dupla";"Curva";"Não";1;0;1;0;0;0;1;1;"-18.7765";"-48.2393";"SR-MG";"DEL4/15";"UOP02/MG"
186082;2019-01-19;"7";"06:15:00";"PR";376;170,8;"MARINGA";"Ingestão de Álcool";"Colisão lateral";"Com Vítimas Feridas";"Amanhecer";"Crescente";"Céu Claro";"Dupla";"Rotatória";"Sim";2;0;1;0;1;0;1;2;"-23.418228";"-51.975006";"SR-PR";"DEL7/7";"UOP04/PR"
186083;2019-01-19;"7";"00:10:00";"RJ";493;101;"SEROPEDICA";"Falta de Atenção à Condução";"Colisão traseira";"Com Vítimas Feridas";"Plena Noite";"Decrescente";"Céu Claro";"Dupla";"Reta";"Não";3;0;1;0;2;0;1;2;"-22.75914599";"-43.73955488";"SR-RJ";"DEL5/3";"UOP01/RJ"
186084;2019-01-19;"7";"06:00:00";"SP";116;202;"ARUJA";"Não guardar distância de segurança";"Colisão traseira";"Com Vítimas Feridas";"Amanhecer";"Decrescente";"Céu Claro";"Dupla";"Reta";"Não";3;0;2;0;1;0;2;2;"-23.40992067";"-46.34441577";"SR-SP";"DEL6/1";"UOP02/SP"
186085;2019-01-19;"7";"06:10:00";"SP";116;276;"EMBU DAS ARTES";"Velocidade Incompatível";"Colisão traseira";"Com Vítimas Feridas";"Amanhecer";"Decrescente";"Céu Claro";"Dupla";"Reta";"Sim";5;0;2;0;3;0;2;2;"-23.61827545";"-46.80044353";"SR-SP";"DEL6/4";"UOP01/SP"
186087;2019-01-19;"7";"05:25:00";"PA";163;986;"SANTAREM";"Falta de Atenção à Condução";"Colisão com objeto estático";"Com Vítimas Feridas";"Amanhecer";"Decrescente";"Chuva";"Simples";"Reta";"Sim";4;0;1;0;3;0;1;2;"-2.585957";"-54.720323";"SR-PA";"DEL19/5";"UOP01/PA"
186088;2019-01-19;"7";"07:10:00";"ES";101;72,9;"SAO MATEUS";"Falta de Atenção à Condução";"Colisão frontal";"Com Vítimas Feridas";"Pleno dia";"Decrescente";"Céu Claro";"Simples";"Reta";"Não";5;0;2;2;0;1;4;2;"-18.76558892";"-39.86457825";"SR-ES";"DEL12/4";"UOP02/ES"
186090;2019-01-19;"7";"06:30:00";"ES";262;55;"MARECHAL FLORIANO";"Desobediência às normas de trânsito pelo condutor";"Colisão frontal";"Com Vítimas Fatais";"Pleno dia";"Decrescente";"Céu Claro";"Simples";"Curva";"Não";3;2;0;0;1;0;0;3;"-20.4114";"-40.7477";"SR-ES";"DEL12/1";"UOP01/ES"
186091;2019-01-19;"7";"07:15:00";"MG";381;698,5;"LAVRAS";"Velocidade Incompatível";"Colisão com objeto estático";"Com Vítimas Feridas";"Pleno dia";"Decrescente";"Nublado";"Dupla";"Curva";"Não";4;0;4;0;0;0;4;1;"-21.2743";"-45.1375";"SR-MG";"DEL4/4";"UOP02/MG"
186092;2019-01-19;"7";"06:00:00";"MT";163;850;"SINOP";"Ingestão de Álcool";"Colisão traseira";"Com Vítimas Feridas";"Amanhecer";"Crescente";"Céu Claro";"Simples";"Reta";"Sim";4;0;0;2;2;0;2;3;"-11.82198921";"-55.4850769";"SR-MT";"DEL2/6";"UOP02/MT"
186093;2019-01-19;"7";"06:30:00";"ES";101;2,1;"VITORIA";"Falta de Atenção à Condução";"Colisão com objeto estático";"Com Vítimas Feridas";"Pleno dia";"Decrescente";"Sol";"Dupla";"Reta";"Sim";1;0;1;0;0;0;1;1;"-20.3154";"-40.3018";"SR-ES";"DEL12/2";"UOP01/ES"
186094;2019-01-19;"7";"05:40:00";"PR";277;678;"SAO MIGUEL DO IGUACU";"Defeito Mecânico no Veículo";"Saída de leito carroçável";"Com Vítimas Feridas";"Plena Noite";"Crescente";"Chuva";"Dupla";"Reta";"Não";2;0;1;0;1;0;1;1;"-25.312609";"-54.148743";"SR-PR";"DEL7/5";"UOP01/PR"
186095;2019-01-19;"7";"08:00:00";"MG";381;415,9;"NOVA UNIAO";"Falta de Atenção à Condução";"Colisão lateral";"Com Vítimas Feridas";"Pleno dia";"Crescente";"Céu Claro";"Simples";"Reta";"Sim";4;0;2;0;2;0;2;2;"-19.72388794";"-43.58362198";"SR-MG";"DEL4/1";"UOP01/MG"
186096;2019-01-19;"7";"08:00:00";"RS";116;152,5;"CAXIAS DO SUL";"Ingestão de Álcool";"Colisão frontal";"Com Vítimas Feridas";"Pleno dia";"Crescente";"Chuva";"Dupla";"Não Informado";"Sim";2;0;1;0;1;0;1;2;"-29.182934";"-51.168015";"SR-RS";"DEL9/5";"UOP01/RS"
186097;2019-01-19;"7";"06:50:00";"PR";476;114,5;"COLOMBO";"Falta de Atenção à Condução";"Colisão transversal";"Com Vítimas Feridas";"Amanhecer";"Crescente";"Céu Claro";"Simples";"Interseção de vias";"Sim";2;0;0;1;1;0;1;2;"-25.335966";"-49.158184";"SR-PR";"DEL7/1";"UOP01/PR"
186098;2019-01-19;"7";"02:00:00";"PA";308;290;"VISEU";"Defeito na Via";"Capotamento";"Com Vítimas Fatais";"Plena Noite";"Crescente";"Chuva";"Simples";"Desvio Temporário";"Não";3;1;0;2;0;0;2;1;"-1.442125";"-46.339214";"SR-PA";"DEL19/1";"UOP04/PA"
186099;2019-01-19;"7";"06:50:00";"RJ";40;111;"DUQUE DE CAXIAS";"Falta de Atenção à Condução";"Queda de ocupante de veículo";"Com Vítimas Feridas";"Amanhecer";"Crescente";"Céu Claro";"Simples";"Reta";"Sim";1;0;0;1;0;0;1;1;"-22.7008";"-43.2901";"SR-RJ";"DEL5/1";"UOP01/RJ"
186101;2019-01-19;"7";"08:10:00";"PR";277;4,8;"PARANAGUA";"Falta de Atenção à Condução";"Colisão lateral";"Com Vítimas Feridas";"Pleno dia";"Decrescente";"Nublado";"Múltipla";"Não Informado";"Sim";3;0;1;1;1;0;2;2;"-25.55605115";"-48.5641408";"SR-PR";"DEL7/1";"UOP07/PR"
186102;2019-01-19;"7";"05:00:00";"MG";381;802;"SAO GONCALO DO SAPUCAI";"Condutor Dormindo";"Colisão com objeto estático";"Com Vítimas Feridas";"Amanhecer";"Crescente";"Céu Claro";"Dupla";"Reta";"Não";3;0;3;0;0;0;3;1;"-21.9527";"-45.624";"SR-MG";"DEL09";"UOP02/MG"
186103;2019-01-19;"7";"06:55:00";"MG";381;705,5;"LAVRAS";"Pista Escorregadia";"Saída de leito carroçável";"Com Vítimas Feridas";"Pleno dia";"Crescente";"Chuva";"Dupla";"Curva";"Não";1;0;1;0;0;0;1;1;"-21.3237";"-45.1662";"SR-MG";"DEL4/4";"UOP02/MG"
186105;2019-01-19;"7";"07:05:00";"AL";101;113,1;"PILAR";"Velocidade Incompatível";"Saída de leito carroçável";"Com Vítimas Feridas";"Pleno dia";"Crescente";"Céu Claro";"Simples";"Curva";"Não";3;0;3;0;0;0;3;1;"-9.63426117";"-36.03052139";"SR-AL";"DEL13/2";"UOP01/AL"
186106;2019-01-19;"7";"05:50:00";"PR";369;144;"LONDRINA";"Ingestão de Álcool";"Colisão traseira";"Com Vítimas Feridas";"Amanhecer";"Decrescente";"Céu Claro";"Dupla";"Reta";"Sim";2;0;0;2;0;0;2;2;"-23.29309161";"-51.09957397";"SR-PR";"DEL7/7";"UOP01/PR"
186107;2019-01-19;"7";"04:00:00";"PI";135;346;"BOM JESUS";"Falta de Atenção à Condução";"Colisão lateral";"Com Vítimas Feridas";"Plena Noite";"Crescente";"Céu Claro";"Simples";"Reta";"Não";12;0;1;0;11;0;1;2;"-9.054139";"-44.309708";"SR-PI";"DEL17/3";"UOP02/PI"
186108;2019-01-18;"6";"19:59:00";"RO";364;396;"OURO PRETO DO OESTE";"Falta de Atenção à Condução";"Tombamento";"Com Vítimas Feridas";"Plena Noite";"Crescente";"Chuva";"Simples";"Reta";"Não";1;0;1;0;0;0;1;1;"-10.631429";"-62.320072";"SR-RO";"DEL21/3";"UOP02/RO"
186109;2019-01-18;"6";"19:30:00";"RO";364;396;"OURO PRETO DO OESTE";"Falta de Atenção à Condução";"Saída de leito carroçável";"Com Vítimas Feridas";"Plena Noite";"Decrescente";"Chuva";"Simples";"Não Informado";"Não";1;0;1;0;0;0;1;1;"-10.631429";"-62.320072";"SR-RO";"DEL21/3";"UOP02/RO"
186110;2019-01-19;"7";"07:20:00";"RN";226;115,3;"SANTA CRUZ";"Falta de Atenção à Condução";"Colisão transversal";"Com Vítimas Feridas";"Pleno dia";"Decrescente";"Céu Claro";"Simples";"Reta";"Não";2;0;1;0;1;0;1;2;"-6.194071";"-36.050365";"SR-RN";"DEL15/3";"UOP02/RN"
186111;2019-01-19;"7";"01:05:00";"BA";101;295;"LAJE";"Ultrapassagem Indevida";"Colisão frontal";"Com Vítimas Fatais";"Plena Noite";"Crescente";"Céu Claro";"Simples";"Reta";"Não";2;1;0;0;1;0;0;2;"-13.2208";"-39.3249";"SR-BA";"DEL10/1";"UOP02/BA"
186112;2019-01-19;"7";"08:40:00";"MG";381;5;"BETIM";"Falta de Atenção à Condução";"Colisão traseira";"Com Vítimas Feridas";"Pleno dia";"Crescente";"Céu Claro";"Dupla";"Reta";"Não";3;0;1;0;2;0;1;2;"-19.9878146";"-44.17745591";"SR-MG";"DEL4/1";"UOP03/MG"
186113;2019-01-19;"7";"08:00:00";"PR";376;503;"PONTA GROSSA";"Falta de Atenção à Condução";"Saída de leito carroçável";"Com Vítimas Feridas";"Pleno dia";"Crescente";"Céu Claro";"Dupla";"Reta";"Sim";1;0;1;0;0;0;1;1;"-25.17207691";"-50.1073909";"SR-PR";"DEL7/3";"UOP03/PR"
186114;2019-01-19;"7";"05:20:00";"PA";10;40;"SANTA IZABEL DO PARA";"Pista Escorregadia";"Saída de leito carroçável";"Com Vítimas Feridas";"Plena Noite";"Crescente";"Chuva";"Dupla";"Curva";"Não";2;0;1;0;1;0;1;2;"-1.306952";"-48.039249";"SR-PA";"DEL19/2";"UOP03/PA"
186115;2019-01-19;"7";"09:20:00";"PR";467;80;"CASCAVEL";"Pista Escorregadia";"Saída de leito carroçável";"Com Vítimas Feridas";"Pleno dia";"Decrescente";"Garoa/Chuvisco";"Dupla";"Não Informado";"Não";1;0;1;0;0;0;1;1;"-24.7875";"-53.6778";"SR-PR";"DEL7/4";"UOP01/PR"
186116;2019-01-19;"7";"09:40:00";"GO";153;499;"GOIANIA";"Mal Súbito";"Colisão com objeto estático";"Com Vítimas Feridas";"Pleno dia";"Decrescente";"Céu Claro";"Dupla";"Reta";"Sim";1;0;1;0;0;0;1;1;"-16.7033";"-49.2311";"SR-GO";"DEL1/1";"UOP01/GO"
186117;2019-01-19;"7";"09:30:00";"MG";381;407;"BOM JESUS DO AMPARO";"Defeito Mecânico no Veículo";"Colisão com objeto estático";"Com Vítimas Feridas";"Pleno dia";"Decrescente";"Sol";"Simples";"Não Informado";"Não";1;0;0;1;0;0;1;1;"-19.7402077";"-43.51581573";"SR-MG";"DEL4/1";"UOP01/MG"
186118;2019-01-15;"3";"18:00:00";"SC";280;57,4;"GUARAMIRIM";"Não guardar distância de segurança";"Colisão traseira";"Com Vítimas Feridas";"Pleno dia";"Crescente";"Sol";"Simples";"Reta";"Sim";4;0;2;0;2;0;2;3;"-26.478106";"-49.012608";"SR-SC";"DEL8/3";"UOP03/SC"
186119;2019-01-19;"7";"09:40:00";"SC";101;194;"BIGUACU";"Falta de Atenção à Condução";"Colisão lateral";"Com Vítimas Feridas";"Pleno dia";"Crescente";"Céu Claro";"Múltipla";"Reta";"Sim";2;0;1;0;1;0;1;2;"-27.5055";"-48.6491";"SR-SC";"DEL8/1";"UOP01/SC"
186121;2019-01-19;"7";"10:05:00";"GO";70;10,7;"AGUAS LINDAS DE GOIAS";"Falta de Atenção do Pedestre";"Atropelamento de Pedestre";"Com Vítimas Feridas";"Pleno dia";"Crescente";"Céu Claro";"Simples";"Reta";"Sim";2;0;1;0;1;0;1;1;"-15.7372";"-48.2917";"SR-DF";"GO";"UOP06/DF"
186122;2019-01-19;"7";"09:00:00";"PR";116;117;"CURITIBA";"Falta de Atenção à Condução";"Colisão lateral";"Com Vítimas Feridas";"Pleno dia";"Decrescente";"Céu Claro";"Dupla";"Interseção de vias";"Sim";2;0;0;2;0;0;2;1;"-25.56474273";"-49.30870056";"SR-PR";"DEL7/1";"UOP06/PR"
186123;2019-01-19;"7";"09:35:00";"MT";364;215,8;"RONDONOPOLIS";"Desobediência às normas de trânsito pelo condutor";"Saída de leito carroçável";"Com Vítimas Feridas";"Pleno dia";"Decrescente";"Sol";"Dupla";"Não Informado";"Não";5;0;1;0;3;1;1;2;"-16.37779154";"-54.7170639";"SR-MT";"DEL2/2";"UOP01/MT"
186124;2019-01-19;"7";"08:10:00";"MT";364;238;"JUSCIMEIRA";"Velocidade Incompatível";"Saída de leito carroçável";"Com Vítimas Feridas";"Pleno dia";"Decrescente";"Céu Claro";"Dupla";"Reta";"Não";1;0;1;0;0;0;1;1;"-16.196342";"-54.783165";"SR-MT";"DEL2/2";"UOP01/MT"
186125;2019-01-19;"7";"10:20:00";"ES";101;210,6;"IBIRACU";"Desobediência às normas de trânsito pelo condutor";"Colisão lateral";"Com Vítimas Feridas";"Pleno dia";"Decrescente";"Céu Claro";"Simples";"Curva";"Sim";2;0;0;2;0;0;2;2;"-19.815087";"-40.36620229";"SR-ES";"DEL12/2";"UOP01/ES"
186126;2019-01-19;"7";"06:30:00";"MA";316;553,9;"CAXIAS";"Defeito Mecânico no Veículo";"Saída de leito carroçável";"Com Vítimas Feridas";"Pleno dia";"Crescente";"Nublado";"Dupla";"Reta";"Sim";2;0;1;0;1;0;1;1;"-4.877648";"-43.338158";"SR-MA";"DEL18/3";"UOP02/MA"
186127;2019-01-19;"7";"08:50:00";"PI";316;3;"TERESINA";"Desobediência às normas de trânsito pelo condutor";"Colisão traseira";"Com Vítimas Feridas";"Pleno dia";"Decrescente";"Céu Claro";"Múltipla";"Reta";"Sim";4;0;1;0;3;0;1;4;"-5.128264";"-42.792923";"SR-PI";"DEL17/1";"UOP02/PI"
186128;2019-01-19;"7";"10:40:00";"SC";101;209,4;"SAO JOSE";"Velocidade Incompatível";"Colisão traseira";"Com Vítimas Feridas";"Pleno dia";"Decrescente";"Céu Claro";"Múltipla";"Reta";"Sim";2;0;1;0;1;0;1;2;"-27.6176";"-48.6463";"SR-SC";"DEL8/1";"UOP01/SC"
186129;2019-01-19;"7";"10:00:00";"PA";316;20;"BENEVIDES";"Velocidade Incompatível";"Colisão transversal";"Com Vítimas Feridas";"Pleno dia";"Decrescente";"Nublado";"Dupla";"Reta";"Sim";3;0;1;0;2;0;1;2;"-1.360972";"-48.262413";"SR-PA";"DEL19/1";"UOP01/PA"
186130;2019-01-19;"7";"10:45:00";"MG";262;384,8;"MATEUS LEME";"Falta de Atenção à Condução";"Saída de leito carroçável";"Com Vítimas Feridas";"Pleno dia";"Crescente";"Sol";"Dupla";"Reta";"Não";2;0;1;0;1;0;1;1;"-19.92074441";"-44.47608948";"SR-MG";"DEL4/1";"UOP03/MG"
186131;2019-01-19;"7";"09:20:00";"MG";381;568,7;"ITAGUARA";"Velocidade Incompatível";"Tombamento";"Com Vítimas Feridas";"Pleno dia";"Crescente";"Céu Claro";"Dupla";"Curva";"Não";3;0;1;1;1;0;2;1;"-20.4119";"-44.5272";"SR-MG";"DEL4/4";"UOP03/MG"
186132;2019-01-19;"7";"05:40:00";"ES";101;358;"ANCHIETA";"Falta de Atenção à Condução";"Colisão frontal";"Com Vítimas Feridas";"Amanhecer";"Crescente";"Céu Claro";"Simples";"Reta";"Não";2;0;1;0;1;0;1;2;"-20.71437289";"-40.72666168";"SR-ES";"DEL12/3";"UOP01/ES"
186134;2019-01-19;"7";"08:00:00";"MA";230;70;"SAO JOAO DOS PATOS";"Falta de Atenção à Condução";"Saída de leito carroçável";"Com Vítimas Feridas";"Pleno dia";"Crescente";"Céu Claro";"Simples";"Reta";"Não";2;0;2;0;0;0;2;1;"-6.591704";"-43.46545";"SR-PI";"DEL17/3";"UOP01/PI"
186136;2019-01-19;"7";"10:35:00";"SC";101;41;"JOINVILLE";"Desobediência às normas de trânsito pelo condutor";"Colisão transversal";"Sem Vítimas";"Pleno dia";"Crescente";"Sol";"Simples";"Rotatória";"Não";2;0;0;0;2;0;0;2;"-26.31858468";"-48.87216568";"SR-SC";"DEL8/3";"UOP01/SC"
186137;2019-01-19;"7";"10:40:00";"PR";376;659,7;"TIJUCAS DO SUL";"Falta de Atenção à Condução";"Queda de ocupante de veículo";"Com Vítimas Feridas";"Pleno dia";"Crescente";"Céu Claro";"Dupla";"Curva";"Não";2;0;1;0;1;0;1;2;"-25.85304449";"-49.00108337";"SR-PR";"DEL7/1";"UOP08/PR"
186138;2019-01-19;"7";"11:20:00";"GO";158;274;"JATAI";"Velocidade Incompatível";"Colisão transversal";"Sem Vítimas";"Pleno dia";"Crescente";"Céu Claro";"Simples";"Reta";"Sim";2;0;0;0;2;0;0;2;"-17.90981578";"-51.72320366";"SR-GO";"DEL1/5";"UOP01/GO"
186141;2019-01-19;"7";"10:20:00";"PR";277;112,6;"CAMPO LARGO";"Falta de Atenção à Condução";"Colisão lateral";"Com Vítimas Fatais";"Pleno dia";"Crescente";"Céu Claro";"Dupla";"Reta";"Sim";3;1;0;0;1;1;0;2;"-25.44668483";"-49.47795868";"SR-PR";"DEL7/1";"UOP05/PR"
186142;2019-01-19;"7";"10:50:00";"PI";343;342;"TERESINA";"Falta de Atenção à Condução";"Colisão com objeto estático";"Com Vítimas Feridas";"Pleno dia";"Crescente";"Nublado";"Simples";"Reta";"Sim";1;0;1;0;0;0;1;1;"-5.08284";"-42.750385";"SR-PI";"DEL17/1";"UOP01/PI"
186143;2019-01-19;"7";"12:04:00";"ES";101;304;"VIANA";"Falta de Atenção à Condução";"Colisão traseira";"Com Vítimas Feridas";"Pleno dia";"Crescente";"Céu Claro";"Dupla";"Reta";"Sim";3;0;1;0;2;0;1;2;"-20.38430773";"-40.46172749";"SR-ES";"DEL12/1";"UOP01/ES"
186144;2019-01-19;"7";"10:50:00";"BA";116;824;"VITORIA DA CONQUISTA";"Mal Súbito";"Queda de ocupante de veículo";"Com Vítimas Feridas";"Pleno dia";"Decrescente";"Céu Claro";"Dupla";"Reta";"Sim";1;0;1;0;0;0;1;1;"-14.869928";"-40.850925";"SR-BA";"DEL10/8";"UOP01/BA"
186145;2019-01-19;"7";"12:30:00";"DF";20;21,6;"BRASILIA";"Falta de Atenção à Condução";"Colisão lateral";"Com Vítimas Feridas";"Pleno dia";"Decrescente";"Sol";"Dupla";"Retorno Regulamentado";"Sim";2;0;1;0;1;0;1;2;"-15.603384";"-47.684692";"SR-DF";"DF";"UOP04/DF"
186146;2019-01-19;"7";"10:25:00";"PB";230;16,2;"JOAO PESSOA";"Velocidade Incompatível";"Colisão traseira";"Sem Vítimas";"Pleno dia";"Crescente";"Céu Claro";"Dupla";"Reta";"Sim";3;0;0;0;3;0;0;2;"-7.1039";"-34.8458";"SR-PB";"DEL14/1";"UOP00/PB"
186147;2019-01-19;"7";"12:00:00";"DF";251;35;"BRASILIA";"Falta de Atenção à Condução";"Colisão traseira";"Com Vítimas Feridas";"Pleno dia";"Crescente";"Céu Claro";"Simples";"Reta";"Sim";2;0;1;0;1;0;1;2;"-15.940731";"-47.770015";"SR-DF";"DF";"UOP01/DF"
186148;2019-01-19;"7";"11:00:00";"PB";230;73,8;"SOBRADO";"Desobediência às normas de trânsito pelo condutor";"Colisão transversal";"Com Vítimas Feridas";"Pleno dia";"Crescente";"Sol";"Dupla";"Reta";"Não";3;0;1;0;2;0;1;2;"-7.1894";"-35.2596";"SR-PB";"DEL14/1";"UOP02/PB"
186149;2019-01-19;"7";"11:00:00";"TO";153;222,2;"COLINAS DO TOCANTINS";"Ingestão de Álcool";"Colisão lateral";"Com Vítimas Feridas";"Pleno dia";"Crescente";"Céu Claro";"Simples";"Reta";"Não";5;0;2;1;2;0;3;2;"-7.836279";"-48.45599";"SR-TO";"UOP04/TO";""
186151;2019-01-19;"7";"12:15:00";"MG";153;71,5;"MONTE ALEGRE DE MINAS";"Não guardar distância de segurança";"Saída de leito carroçável";"Com Vítimas Feridas";"Pleno dia";"Crescente";"Céu Claro";"Simples";"Ponte";"Não";2;0;1;1;0;0;2;1;"-18.8878";"-49.051";"SR-MG";"DEL4/15";"UOP03/MG"
186152;2019-01-19;"7";"12:40:00";"DF";70;4;"BRASILIA";"Ingestão de Álcool";"Colisão traseira";"Com Vítimas Feridas";"Pleno dia";"Decrescente";"Céu Claro";"Dupla";"Reta";"Sim";5;0;3;0;2;0;3;2;"-15.79882977";"-48.08891773";"SR-DF";"DF";"UOP06/DF"
186153;2019-01-19;"7";"13:10:00";"SC";101;201;"BIGUACU";"Falta de Atenção à Condução";"Colisão lateral";"Com Vítimas Feridas";"Pleno dia";"Crescente";"Céu Claro";"Dupla";"Viaduto";"Não";2;0;1;0;1;0;1;2;"-27.5572";"-48.6188";"SR-SC";"DEL8/1";"UOP01/SC"
186154;2019-01-19;"7";"12:30:00";"BA";324;583;"CANDEIAS";"Desobediência às normas de trânsito pelo condutor";"Colisão frontal";"Com Vítimas Feridas";"Pleno dia";"Decrescente";"Nublado";"Dupla";"Retorno Regulamentado";"Sim";2;0;0;1;1;0;1;2;"-12.63218717";"-38.47944688";"SR-BA";"DEL10/1";"UOP01/BA"
186155;2019-01-19;"7";"13:00:00";"MG";40;433,2;"PARAOPEBA";"Falta de Atenção do Pedestre";"Atropelamento de Pedestre";"Com Vítimas Fatais";"Pleno dia";"Decrescente";"Céu Claro";"Dupla";"Reta";"Não";3;1;0;0;2;0;0;1;"-19.2164";"-44.4548";"SR-MG";"DEL4/2";"UOP01/MG"
186157;2019-01-19;"7";"14:05:00";"PR";277;572,3;"CASCAVEL";"Ingestão de Álcool";"Tombamento";"Com Vítimas Feridas";"Pleno dia";"Crescente";"Céu Claro";"Simples";"Curva";"Não";1;0;1;0;0;0;1;1;"-24.997576";"-53.297036";"SR-PR";"DEL7/4";"UOP01/PR"
186158;2019-01-19;"7";"12:40:00";"PB";230;18;"JOAO PESSOA";"Não guardar distância de segurança";"Engavetamento";"Sem Vítimas";"Pleno dia";"Decrescente";"Sol";"Dupla";"Reta";"Sim";7;0;0;0;7;0;0;5;"-7.1198";"-34.8453";"SR-PB";"DEL14/1";"UOP00/PB"
186159;2019-01-19;"7";"13:40:00";"SP";116;209;"GUARULHOS";"Não guardar distância de segurança";"Colisão traseira";"Com Vítimas Feridas";"Pleno dia";"Crescente";"Sol";"Dupla";"Reta";"Sim";3;0;1;1;1;0;2;3;"-23.42603935";"-46.40479088";"SR-SP";"DEL6/1";"UOP01/SP"
186160;2019-01-19;"7";"13:45:00";"RJ";116;167;"SAO JOAO DE MERITI";"Falta de Atenção à Condução";"Colisão traseira";"Com Vítimas Feridas";"Pleno dia";"Crescente";"Céu Claro";"Dupla";"Reta";"Sim";3;0;1;0;2;0;1;2;"-22.818039";"-43.307873";"SR-RJ";"DEL5/1";"UOP02/RJ"
186161;2019-01-19;"7";"13:30:00";"SP";153;113,1;"JOSE BONIFACIO";"Falta de Atenção à Condução";"Colisão transversal";"Sem Vítimas";"Pleno dia";"Crescente";"Céu Claro";"Simples";"Reta";"Não";2;0;0;0;2;0;0;2;"-21.113001";"-49.686787";"SR-SP";"DEL6/9";"UOP01/SP"
186162;2019-01-19;"7";"14:30:00";"PR";369;90,5;"CORNELIO PROCOPIO";"Falta de Atenção à Condução";"Saída de leito carroçável";"Com Vítimas Feridas";"Pleno dia";"Decrescente";"Céu Claro";"Dupla";"Curva";"Sim";3;0;2;0;1;0;2;1;"-23.1965286";"-50.65402687";"SR-PR";"DEL7/7";"UOP06/PR"
186163;2019-01-19;"7";"14:00:00";"RJ";40;27;"TRES RIOS";"Velocidade Incompatível";"Colisão com objeto estático";"Com Vítimas Feridas";"Pleno dia";"Decrescente";"Céu Claro";"Dupla";"Reta";"Não";1;0;1;0;0;0;1;1;"-22.1718";"-43.1634";"SR-RJ";"DEL5/6";"UOP01/RJ"