"id";"data_inversa";"dia_semana";"horario";"uf";"br";"km";"municipio";"causa_acidente";"tipo_acidente";"classificacao_acidente";"fase_dia";"sentido_via";"condicao_metereologica";"tipo_pista";"tracado_via";"uso_solo";"pessoas";"mortos";"feridos_leves";"feridos_graves";"ilesos";"ignorados";"feridos";"veiculos";"latitude";"longitude";"regional";"delegacia";"uop"
186164;2019-01-19;"7";"14:00:00";"PR";369;363;"CAMPO MOURAO";"Falta de Atenção à Condução";"Saída de leito carroçável";"Com Vítimas Feridas";"Pleno dia";"Decrescente";"Sol";"Simples";"Reta";"Não";4;0;2;0;2;0;2;1;"-24.0928";"-52.4229";"SR-PR";"DEL7/4";"UOP05/PR"
186165;2019-01-19;"7";"14:55:00";"SC";470;61,7;"BLUMENAU";"Falta de Atenção à Condução";"Colisão frontal";"Com Vítimas Feridas";"Pleno dia";"Crescente";"Sol";"Simples";"Reta";"Não";3;0;2;0;1;0;2;2;"-26.87535866";"-49.18136001";"SR-SC";"DEL8/4";"UOP01/SC"
186166;2019-01-19;"7";"13:15:00";"PE";232;27;"MORENO";"Defeito Mecânico no Veículo";"Saída de leito carroçável";"Com Vítimas Feridas";"Pleno dia";"Decrescente";"Céu Claro";"Dupla";"Reta";"Não";2;0;2;0;0;0;2;1;"-8.114184";"-35.12569";"SR-PE";"DEL11/1";"UOP04/PE"
186168;2019-01-19;"7";"13:30:00";"CE";20;413,8;"MARACANAU";"Desobediência às normas de trânsito pelo condutor";"Colisão transversal";"Com Vítimas Feridas";"Pleno dia";"Crescente";"Nublado";"Simples";"Reta";"Sim";4;0;3;0;1;0;3;2;"-3.823707";"-38.628413";"SR-CE";"DEL16/1";"UOP01/CE"
186169;2019-01-19;"7";"14:20:00";"SC";101;374,9;"ICARA";"Falta de Atenção à Condução";"Saída de leito carroçável";"Com Vítimas Feridas";"Pleno dia";"Crescente";"Chuva";"Dupla";"Reta";"Não";3;0;1;0;2;0;1;1;"-28.7179";"-49.2327";"SR-SC";"DEL8/2";"UOP01/SC"
186170;2019-01-19;"7";"14:40:00";"SP";459;18,5;"PIQUETE";"Avarias e/ou desgaste excessivo no pneu";"Colisão com objeto estático";"Sem Vítimas";"Pleno dia";"Crescente";"Sol";"Simples";"Reta";"Não";1;0;0;0;1;0;0;1;"-22.633976";"-45.15704";"SR-SP";"DEL6/8";"UOP03/SP"
186172;2019-01-19;"7";"08:30:00";"BA";242;368;"LENCOIS";"Falta de Atenção à Condução";"Colisão frontal";"Com Vítimas Fatais";"Pleno dia";"Crescente";"Céu Claro";"Simples";"Ponte";"Não";4;1;1;2;0;0;3;2;"-12.47032";"-41.455475";"SR-BA";"DEL10/6";"UOP01/BA"
186173;2019-01-19;"7";"09:45:00";"RN";226;130,5;"CAMPO REDONDO";"Ingestão de Álcool";"Saída de leito carroçável";"Sem Vítimas";"Pleno dia";"Crescente";"Céu Claro";"Simples";"Curva";"Não";1;0;0;0;0;1;0;1;"-6.218327";"-36.167431";"SR-RN";"DEL15/3";"UOP02/RN"
186174;2019-01-19;"7";"13:45:00";"MG";116;787,5;"LEOPOLDINA";"Velocidade Incompatível";"Tombamento";"Com Vítimas Feridas";"Pleno dia";"Decrescente";"Sol";"Simples";"Curva";"Não";1;0;1;0;0;0;1;1;"-21.65806637";"-42.72445679";"SR-MG";"DEL4/7";"UOP01/MG"
186176;2019-01-19;"7";"12:45:00";"MT";158;628;"AGUA BOA";"Falta de Atenção à Condução";"Saída de leito carroçável";"Com Vítimas Feridas";"Pleno dia";"Decrescente";"Sol";"Simples";"Reta";"Não";2;0;0;1;0;1;1;2;"-14.512";"-52.296";"SR-MT";"DEL2/8";"UOP02/MT"
186177;2019-01-19;"7";"15:00:00";"SC";470;56,2;"BLUMENAU";"Desobediência às normas de trânsito pelo condutor";"Colisão transversal";"Com Vítimas Feridas";"Pleno dia";"Crescente";"Nublado";"Simples";"Interseção de vias";"Sim";2;0;1;0;1;0;1;2;"-26.87674";"-49.127743";"SR-SC";"DEL8/4";"UOP01/SC"
186178;2019-01-19;"7";"14:00:00";"MT";163;827;"SINOP";"Falta de Atenção à Condução";"Saída de leito carroçável";"Sem Vítimas";"Pleno dia";"Decrescente";"Sol";"Dupla";"Retorno Regulamentado";"Sim";6;0;0;0;6;0;0;2;"-11.89506824";"-55.50395966";"SR-MT";"DEL2/6";"UOP01/MT"
186179;2019-01-19;"7";"11:00:00";"RJ";40;84,2;"DUQUE DE CAXIAS";"Defeito na Via";"Tombamento";"Com Vítimas Feridas";"Pleno dia";"Crescente";"Sol";"Simples";"Não Informado";"Não";1;0;1;0;0;0;1;1;"-22.5511";"-43.2257";"SR-RJ";"DEL5/6";"UOP03/RJ"
186181;2019-01-19;"7";"15:15:00";"SC";101;215;"PALHOCA";"Falta de Atenção à Condução";"Colisão traseira";"Sem Vítimas";"Pleno dia";"Decrescente";"Chuva";"Múltipla";"Reta";"Não";2;0;0;0;2;0;0;2;"-27.6601";"-48.6774";"SR-SC";"DEL8/1";"UOP02/SC"
186182;2019-01-19;"7";"15:40:00";"SC";470;56;"BLUMENAU";"Falta de Atenção à Condução";"Colisão transversal";"Com Vítimas Feridas";"Pleno dia";"Decrescente";"Nublado";"Simples";"Reta";"Sim";3;0;2;0;1;0;2;2;"-26.87743055";"-49.12990987";"SR-SC";"DEL8/4";"UOP01/SC"
186183;2019-01-19;"7";"11:15:00";"RJ";40;84,2;"PETROPOLIS";"Defeito na Via";"Tombamento";"Com Vítimas Feridas";"Pleno dia";"Crescente";"Céu Claro";"Simples";"Não Informado";"Não";2;0;2;0;0;0;2;1;"-22.5511";"-43.2257";"SR-RJ";"DEL5/6";"UOP03/RJ"
186184;2019-01-19;"7";"15:00:00";"RJ";101;469;"ANGRA DOS REIS";"Condutor Dormindo";"Saída de leito carroçável";"Com Vítimas Feridas";"Pleno dia";"Crescente";"Sol";"Simples";"Reta";"Não";1;0;1;0;0;0;1;1;"-23.00770023";"-44.23267365";"SR-RJ";"DEL5/3";"UOP02/RJ"
186185;2019-01-19;"7";"13:15:00";"SC";470;269;"CURITIBANOS";"Falta de Atenção à Condução";"Saída de leito carroçável";"Com Vítimas Feridas";"Pleno dia";"Decrescente";"Nublado";"Simples";"Curva";"Não";2;0;1;0;1;0;1;1;"-27.313988";"-50.758327";"SR-SC";"DEL8/5";"UOP03/SC"
186186;2019-01-19;"7";"14:00:00";"ES";101;2;"VITORIA";"Falta de Atenção à Condução";"Colisão lateral";"Com Vítimas Feridas";"Pleno dia";"Crescente";"Sol";"Dupla";"Reta";"Sim";2;0;1;0;1;0;1;2;"-20.2510559";"-40.2867404";"SR-ES";"DEL12/2";"UOP01/ES"
186187;2019-01-19;"7";"15:50:00";"SP";116;274,9;"TABOAO DA SERRA";"Não guardar distância de segurança";"Colisão lateral";"Com Vítimas Feridas";"Pleno dia";"Crescente";"Céu Claro";"Dupla";"Reta";"Não";4;0;1;0;0;3;1;2;"-23.61307029";"-46.78150177";"SR-SP";"DEL6/4";"UOP01/SP"
186188;2019-01-19;"7";"16:10:00";"PR";376;158;"MANDAGUACU";"Mal Súbito";"Queda de ocupante de veículo";"Com Vítimas Feridas";"Pleno dia";"Crescente";"Céu Claro";"Dupla";"Reta";"Não";1;0;1;0;0;0;1;1;"-23.352516";"-52.09127";"SR-PR";"DEL7/7";"UOP04/PR"
186189;2019-01-19;"7";"13:00:00";"RO";364;686;"CANDEIAS DO JAMARI";"Falta de Atenção à Condução";"Colisão lateral";"Com Vítimas Feridas";"Pleno dia";"Crescente";"Céu Claro";"Simples";"Reta";"Não";3;0;1;0;2;0;1;2;"-8.79368734";"-63.66317663";"SR-RO";"DEL21/1";"UOP01/RO"
186190;2019-01-19;"7";"16:00:00";"SP";116;99,2;"PINDAMONHANGABA";"Defeito Mecânico no Veículo";"Incêndio";"Sem Vítimas";"Pleno dia";"Decrescente";"Sol";"Dupla";"Desvio Temporário";"Não";1;0;0;0;1;0;0;1;"-22.98237";"-45.464367";"SR-SP";"DEL6";"UOP01/SP"
186191;2019-01-19;"7";"16:00:00";"RS";470;167,9;"VILA FLORES";"Falta de Atenção à Condução";"Colisão transversal";"Com Vítimas Feridas";"Pleno dia";"Decrescente";"Céu Claro";"Simples";"Interseção de vias";"Não";3;0;1;0;2;0;1;2;"-28.85915969";"-51.55528849";"SR-RS";"DEL9/6";"UOP02/RS"
186192;2019-01-19;"7";"16:15:00";"SC";470;161;"TROMBUDO CENTRAL";"Falta de Atenção à Condução";"Colisão transversal";"Com Vítimas Feridas";"Pleno dia";"Decrescente";"Chuva";"Simples";"Curva";"Sim";2;0;1;0;1;0;1;2;"-27.28672892";"-49.79409456";"SR-SC";"DEL8/4";"UOP02/SC"
186193;2019-01-19;"7";"15:30:00";"BA";242;617;"MUQUEM DE SAO FRANCISCO";"Defeito Mecânico no Veículo";"Incêndio";"Sem Vítimas";"Pleno dia";"Crescente";"Céu Claro";"Simples";"Curva";"Não";1;0;0;0;1;0;0;1;"-12.22728634";"-43.46466064";"SR-BA";"DEL 10/10";"UOP02/BA"
186195;2019-01-19;"7";"15:00:00";"MS";463;1;"DOURADOS";"Ingestão de Álcool";"Colisão transversal";"Sem Vítimas";"Pleno dia";"Crescente";"Céu Claro";"Simples";"Reta";"Sim";2;0;0;0;2;0;0;2;"-22.259064";"-54.813751";"SR-MS";"DEL3/4";"UOP01/MS"
186196;2019-01-19;"7";"15:55:00";"SC";101;300;"LAGUNA";"Falta de Atenção à Condução";"Colisão com objeto estático";"Com Vítimas Feridas";"Pleno dia";"Decrescente";"Nublado";"Dupla";"Não Informado";"Sim";4;0;1;0;3;0;1;1;"-28.36049465";"-48.74875188";"SR-SC";"DEL8/2";"UOP03/SC"
186197;2019-01-19;"7";"15:35:00";"CE";116;526,5;"JATI";"Desobediência às normas de trânsito pelo condutor";"Colisão frontal";"Com Vítimas Feridas";"Pleno dia";"Decrescente";"Céu Claro";"Simples";"Interseção de vias";"Sim";2;0;0;1;1;0;1;2;"-7.69049301";"-39.00867462";"SR-CE";"DEL16/5";"UOP03/CE"
186198;2019-01-19;"7";"17:00:00";"MG";365;613;"UBERLANDIA";"Ingestão de Álcool";"Colisão lateral";"Com Vítimas Feridas";"Pleno dia";"Crescente";"Céu Claro";"Dupla";"Reta";"Não";3;0;0;1;2;0;1;2;"-18.9303403";"-48.19541216";"SR-MG";"DEL4/15";"UOP01/MG"
186199;2019-01-19;"7";"16:15:00";"SC";282;88,9;"ALFREDO WAGNER";"Velocidade Incompatível";"Colisão frontal";"Com Vítimas Feridas";"Pleno dia";"Decrescente";"Nublado";"Simples";"Curva";"Não";6;0;4;2;0;0;6;3;"-27.67768501";"-49.21499491";"SR-SC";"DEL8/1";"UOP03/SC"
186200;2019-01-19;"7";"15:50:00";"GO";60;275,4;"JANDAIA";"Ingestão de Álcool";"Colisão traseira";"Sem Vítimas";"Pleno dia";"Decrescente";"Céu Claro";"Dupla";"Reta";"Não";3;0;0;0;3;0;0;2;"-17.215";"-50.1678";"SR-GO";"DEL1/4";"UOP01/GO"
186201;2019-01-19;"7";"16:50:00";"SC";101;41;"JOINVILLE";"Ingestão de Álcool";"Colisão com objeto estático";"Sem Vítimas";"Pleno dia";"Crescente";"Chuva";"Dupla";"Reta";"Sim";2;0;0;0;2;0;0;2;"-26.31747875";"-48.8729167";"SR-SC";"DEL8/3";"UOP01/SC"
186202;2019-01-19;"7";"15:30:00";"MG";262;462;"NOVA SERRANA";"Animais na Pista";"Saída de leito carroçável";"Com Vítimas Feridas";"Pleno dia";"Decrescente";"Céu Claro";"Simples";"Reta";"Não";3;0;3;0;0;0;3;1;"-19.859983";"-45.006966";"SR-MG";"DEL4/8";"UOP03/MG"
186203;2019-01-19;"7";"15:20:00";"MG";262;427,2;"SAO GONCALO DO PARA";"Defeito Mecânico no Veículo";"Tombamento";"Com Vítimas Feridas";"Pleno dia";"Crescente";"Sol";"Dupla";"Não Informado";"Não";2;0;1;0;1;0;1;1;"-19.8947";"-44.8464";"SR-MG";"DEL4/8";"UOP03/MG"
186204;2019-01-19;"7";"16:20:00";"SC";280;131;"RIO NEGRINHO";"Velocidade Incompatível";"Colisão transversal";"Com Vítimas Feridas";"Pleno dia";"Decrescente";"Nublado";"Simples";"Desvio Temporário";"Não";2;0;1;0;1;0;1;2;"-26.255838";"-49.539585";"SR-SC";"DEL8/6";"UOP03/SC"
186206;2019-01-19;"7";"17:35:00";"SC";101;258;"PAULO LOPES";"Velocidade Incompatível";"Saída de leito carroçável";"Com Vítimas Feridas";"Pleno dia";"Crescente";"Chuva";"Simples";"Curva";"Não";2;0;1;1;0;0;2;1;"-28.0187";"-48.6954";"SR-SC";"DEL8/2";"UOP03/SC"
186208;2019-01-19;"7";"17:35:00";"PR";116;93;"PIRAQUARA";"Velocidade Incompatível";"Saída de leito carroçável";"Com Vítimas Feridas";"Pleno dia";"Crescente";"Céu Claro";"Simples";"Curva";"Não";1;0;1;0;0;0;1;1;"-25.482296";"-49.105915";"SR-PR";"DEL7/1";"UOP01/PR"
186209;2019-01-19;"7";"17:30:00";"SC";101;149,3;"ITAPEMA";"Falta de Atenção à Condução";"Colisão lateral";"Com Vítimas Feridas";"Pleno dia";"Crescente";"Garoa/Chuvisco";"Dupla";"Reta";"Sim";3;0;1;0;2;0;1;3;"-27.1175";"-48.6092";"SR-SC";"DEL8/4";"UOP03/SC"
186210;2019-01-19;"7";"17:00:00";"CE";222;128;"ITAPAJE";"Velocidade Incompatível";"Tombamento";"Sem Vítimas";"Pleno dia";"Crescente";"Nublado";"Simples";"Curva";"Sim";1;0;0;0;1;0;0;1;"-3.704279";"-39.615295";"SR-CE";"DEL16/4";"UOP03/CE"
186211;2019-01-19;"7";"18:01:00";"SP";116;215;"GUARULHOS";"Não guardar distância de segurança";"Colisão com objeto estático";"Com Vítimas Feridas";"Pleno dia";"Crescente";"Céu Claro";"Múltipla";"Reta";"Sim";3;0;1;0;1;1;1;1;"-23.45073947";"-46.46485785";"SR-SP";"DEL6/1";"UOP01/SP"
186212;2019-01-19;"7";"18:00:00";"RJ";116;138;"DUQUE DE CAXIAS";"Falta de Atenção à Condução";"Colisão com objeto estático";"Com Vítimas Feridas";"Pleno dia";"Crescente";"Nublado";"Dupla";"Reta";"Sim";1;0;0;1;0;0;1;1;"-22.646971";"-43.191696";"SR-RJ";"DEL5/4";"UOP02/RJ"
186213;2019-01-19;"7";"16:15:00";"BA";135;145,9;"RIACHAO DAS NEVES";"Falta de Atenção à Condução";"Saída de leito carroçável";"Com Vítimas Feridas";"Pleno dia";"Decrescente";"Céu Claro";"Simples";"Reta";"Não";2;0;1;0;1;0;1;1;"-11.914425";"-44.882793";"SR-BA";"DEL10/10";"UOP01/BA"
186214;2019-01-19;"7";"17:40:00";"PE";232;417;"SERRA TALHADA";"Pista Escorregadia";"Colisão lateral";"Com Vítimas Feridas";"Anoitecer";"Decrescente";"Chuva";"Simples";"Reta";"Não";4;0;1;2;1;0;3;2;"-7.988571";"-38.329723";"SR-PE";"DEL11/4";"UOP01/PE"
186215;2019-01-19;"7";"18:45:00";"SC";101;186,1;"BIGUACU";"Falta de Atenção à Condução";"Colisão com objeto estático";"Com Vítimas Feridas";"Pleno dia";"Crescente";"Nublado";"Dupla";"Curva";"Sim";2;0;1;0;1;0;1;1;"-27.4432";"-48.6284";"SR-SC";"DEL8/1";"UOP01/SC"
186216;2019-01-19;"7";"17:40:00";"CE";20;419,7;"MARACANAU";"Defeito na Via";"Tombamento";"Com Vítimas Feridas";"Pleno dia";"Crescente";"Céu Claro";"Simples";"Reta";"Sim";2;0;2;0;0;0;2;1;"-3.844213";"-38.581103";"SR-CE";"DEL16/1";"UOP02/CE"
186217;2019-01-19;"7";"18:00:00";"ES";101;261,5;"SERRA";"Defeito Mecânico no Veículo";"Saída de leito carroçável";"Com Vítimas Feridas";"Pleno dia";"Crescente";"Céu Claro";"Simples";"Não Informado";"Sim";1;0;1;0;0;0;1;1;"-20.15221294";"-40.27864024";"SR-ES";"DEL12/2";"UOP01/ES"
186218;2019-01-19;"7";"17:45:00";"MT";163;936;"SINOP";"Falta de Atenção à Condução";"Colisão lateral";"Com Vítimas Feridas";"Anoitecer";"Decrescente";"Céu Claro";"Simples";"Reta";"Sim";3;0;2;0;1;0;2;2;"-11.84319394";"-55.49062014";"SR-MT";"DEL2/6";"UOP02/MT"
186219;2019-01-19;"7";"17:50:00";"PE";101;68,1;"RECIFE";"Mal Súbito";"Colisão com objeto estático";"Com Vítimas Fatais";"Anoitecer";"Decrescente";"Nublado";"Dupla";"Rotatória";"Sim";3;1;0;0;0;2;0;1;"-8.051491";"-34.945862";"SR-PE";"DEL11/1";"UOP01/PE"
186220;2019-01-19;"7";"17:10:00";"MG";116;710,9;"MURIAE";"Desobediência às normas de trânsito pelo condutor";"Saída de leito carroçável";"Com Vítimas Feridas";"Pleno dia";"Crescente";"Sol";"Simples";"Curva";"Não";1;0;1;0;0;0;1;1;"-21.16812014";"-42.37062162";"SR-MG";"DEL4/7";"UOP02/MG"
186221;2019-01-19;"7";"17:25:00";"SC";282;49;"AGUAS MORNAS";"Velocidade Incompatível";"Saída de leito carroçável";"Com Vítimas Feridas";"Pleno dia";"Decrescente";"Garoa/Chuvisco";"Simples";"Curva";"Não";4;0;2;2;0;0;4;2;"-27.712931";"-48.943741";"SR-SC";"DEL8/1";"UOP03/SC"
186222;2019-01-19;"7";"18:45:00";"SC";101;191;"BIGUACU";"Velocidade Incompatível";"Saída de leito carroçável";"Com Vítimas Feridas";"Pleno dia";"Crescente";"Garoa/Chuvisco";"Múltipla";"Curva";"Não";1;0;1;0;0;0;1;1;"-27.4847";"-48.6476";"SR-SC";"DEL8/1";"UOP01/SC"
186223;2019-01-19;"7";"18:30:00";"SC";101;140,2;"BALNEARIO CAMBORIU";"Falta de Atenção à Condução";"Colisão lateral";"Com Vítimas Feridas";"Pleno dia";"Decrescente";"Chuva";"Dupla";"Não Informado";"Sim";3;0;2;0;1;0;2;2;"-27.0478";"-48.5981";"SR-SC";"DEL8/4";"UOP03/SC"
186224;2019-01-19;"7";"19:00:00";"PR";116;122;"CURITIBA";"Falta de Atenção à Condução";"Tombamento";"Com Vítimas Feridas";"Pleno dia";"Decrescente";"Nublado";"Dupla";"Curva";"Sim";4;0;2;0;2;0;2;1;"-25.551222";"-49.305038";"SR-PR";"DEL7/1";"UOP03/PR"
186225;2019-01-19;"7";"18:10:00";"SE";101;92;"NOSSA SENHORA DO SOCORRO";"Falta de Atenção do Pedestre";"Atropelamento de Pedestre";"Com Vítimas Feridas";"Plena Noite";"Decrescente";"Céu Claro";"Dupla";"Reta";"Sim";3;0;2;1;0;0;3;1;"-10.9061";"-37.1503";"SR-SE";"DEL20/1";"UOP01/SE"
186226;2019-01-19;"7";"18:30:00";"RJ";393;274;"BARRA DO PIRAI";"Falta de Atenção à Condução";"Colisão com objeto estático";"Sem Vítimas";"Pleno dia";"Crescente";"Sol";"Simples";"Curva";"Não";1;0;0;0;1;0;0;1;"-22.478477";"-43.951252";"SR-RJ";"DEL5/5";"UOP02/RJ"
186227;2019-01-19;"7";"17:55:00";"RN";101;66,2;"EXTREMOZ";"Desobediência às normas de trânsito pelo condutor";"Colisão transversal";"Com Vítimas Feridas";"Plena Noite";"Crescente";"Céu Claro";"Simples";"Interseção de vias";"Não";2;0;0;1;1;0;1;2;"-5.650333";"-35.250164";"SR-RN";"DEL15/2";"UOP01/RN"
186228;2019-01-19;"7";"19:15:00";"PB";101;119,8;"CAAPORA";"Ingestão de álcool e/ou substâncias psicoativas pelo pedestre";"Colisão com objeto estático";"Com Vítimas Feridas";"Anoitecer";"Decrescente";"Céu Claro";"Dupla";"Reta";"Não";1;0;0;1;0;0;1;1;"-7.4435";"-34.9782";"SR-PB";"DEL14/1";"UOP01/PB"
186229;2019-01-19;"7";"17:00:00";"RO";364;273,8;"CACOAL";"Desobediência às normas de trânsito pelo condutor";"Colisão transversal";"Com Vítimas Feridas";"Pleno dia";"Crescente";"Céu Claro";"Simples";"Rotatória";"Não";2;0;0;1;1;0;1;2;"-11.38546519";"-61.74865723";"SR-RO";"DEL21/2";"UOP02/RO"
186230;2019-01-19;"7";"18:40:00";"PB";230;17;"JOAO PESSOA";"Falta de Atenção à Condução";"Queda de ocupante de veículo";"Com Vítimas Feridas";"Plena Noite";"Crescente";"Garoa/Chuvisco";"Dupla";"Reta";"Sim";1;0;1;0;0;0;1;1;"-7.1121";"-34.8426";"SR-PB";"DEL14/1";"UOP00/PB"
186231;2019-01-19;"7";"18:55:00";"MS";163;481,8;"CAMPO GRANDE";"Ingestão de Álcool";"Colisão frontal";"Com Vítimas Feridas";"Anoitecer";"Decrescente";"Nublado";"Simples";"Viaduto";"Sim";2;0;1;0;1;0;1;2;"-20.463915";"-54.555949";"SR-MS";"DEL3/1";"UOP02/MS"
186232;2019-01-19;"7";"18:50:00";"RS";158;165,3;"PEJUCARA";"Ingestão de Álcool";"Saída de leito carroçável";"Sem Vítimas";"Pleno dia";"Decrescente";"Nublado";"Simples";"Curva";"Não";1;0;0;0;1;0;0;1;"-28.397446";"-53.526817";"SR-RS";"DEL9/10";"UOP02/RS"
186233;2019-01-19;"7";"20:10:00";"ES";101;259;"SERRA";"Desobediência às normas de trânsito pelo pedestre";"Atropelamento de Pedestre";"Com Vítimas Feridas";"Plena Noite";"Crescente";"Céu Claro";"Simples";"Não Informado";"Sim";4;0;0;2;1;1;2;2;"-20.14101244";"-40.29220149";"SR-ES";"DEL12/2";"UOP01/ES"
186234;2019-01-19;"7";"16:20:00";"RJ";116;290,1;"BARRA MANSA";"Defeito Mecânico no Veículo";"Tombamento";"Com Vítimas Feridas";"Pleno dia";"Crescente";"Céu Claro";"Dupla";"Curva";"Não";2;0;2;0;0;0;2;1;"-22.4538699";"-44.3013382";"SR-RJ";"DEL5/7";"UOP03/RJ"
186235;2019-01-19;"7";"18:00:00";"PI";343;597,3;"FLORIANO";"Falta de Atenção à Condução";"Colisão transversal";"Com Vítimas Feridas";"Anoitecer";"Decrescente";"Céu Claro";"Dupla";"Reta";"Sim";2;0;1;0;1;0;1;2;"-6.812184";"-43.056244";"SR-PI";"DEL17/3";"UOP01/PI"
186236;2019-01-19;"7";"19:05:00";"BA";116;816,4;"VITORIA DA CONQUISTA";"Desobediência às normas de trânsito pelo condutor";"Atropelamento de Pedestre";"Com Vítimas Feridas";"Plena Noite";"Crescente";"Céu Claro";"Simples";"Reta";"Não";2;0;1;0;1;0;1;1;"-14.81719393";"-40.80667068";"SR-BA";"DEL10/8";"UOP01/BA"
186237;2019-01-19;"7";"20:00:00";"SP";153;35,7;"NOVA GRANADA";"Defeito Mecânico no Veículo";"Engavetamento";"Sem Vítimas";"Plena Noite";"Crescente";"Céu Claro";"Simples";"Reta";"Sim";6;0;0;0;5;1;0;3;"-20.580593";"-49.319378";"SR-SP";"DEL6/9";"UOP01/SP"
186238;2019-01-19;"7";"18:30:00";"SE";235;107,6;"CARIRA";"Não guardar distância de segurança";"Tombamento";"Com Vítimas Fatais";"Plena Noite";"Crescente";"Céu Claro";"Simples";"Reta";"Não";2;1;0;0;0;1;0;2;"-10.359977";"-37.69725";"SR-SE";"DEL20/1";"UOP02/SE"
186239;2019-01-19;"7";"15:00:00";"MT";70;76,6;"GENERAL CARNEIRO";"Sinalização da via insuficiente ou inadequada";"Saída de leito carroçável";"Com Vítimas Feridas";"Pleno dia";"Crescente";"Céu Claro";"Simples";"Curva";"Não";2;0;0;1;1;0;1;1;"-15.66899";"-52.800949";"SR-MT";"DEL2/8";"UOP01/MT"
186240;2019-01-19;"7";"19:30:00";"TO";153;136;"ARAGUAINA";"Ingestão de Álcool";"Colisão traseira";"Sem Vítimas";"Plena Noite";"Crescente";"Nublado";"Simples";"Reta";"Sim";2;0;0;0;2;0;0;2;"-7.137507";"-48.200943";"SR-TO";"UOP04/TO";""
186241;2019-01-19;"7";"19:25:00";"PE";423;27,5;"SAO CAITANO";"Desobediência às normas de trânsito pelo condutor";"Colisão frontal";"Com Vítimas Feridas";"Plena Noite";"Crescente";"Céu Claro";"Simples";"Não Informado";"Não";4;0;1;0;3;0;1;2;"-8.395463";"-36.180763";"SR-PE";"DEL11/2";"UOP02/PE"
186243;2019-01-19;"7";"20:40:00";"MG";381;409,6;"NOVA UNIAO";"Defeito na Via";"Colisão frontal";"Com Vítimas Feridas";"Plena Noite";"Decrescente";"Céu Claro";"Simples";"Curva";"Não";2;0;0;1;1;0;1;2;"-19.7376225";"-43.60233307";"SR-MG";"DEL4/1";"UOP01/MG"
186244;2019-01-19;"7";"18:40:00";"RR";401;6;"CANTA";"Ingestão de Álcool";"Colisão frontal";"Com Vítimas Feridas";"Plena Noite";"Decrescente";"Céu Claro";"Simples";"Reta";"Não";3;0;0;1;1;1;1;2;"2.790548";"-60.642979";"SR-RR";"UOP01/RR";""
186246;2019-01-19;"7";"20:45:00";"SC";101;207;"SAO JOSE";"Falta de Atenção à Condução";"Tombamento";"Com Vítimas Feridas";"Plena Noite";"Decrescente";"Céu Claro";"Simples";"Reta";"Não";1;0;1;0;0;0;1;1;"-27.6034";"-48.632";"SR-SC";"DEL8/1";"UOP01/SC"
186247;2019-01-19;"7";"20:30:00";"SP";116;269,6;"TABOAO DA SERRA";"Não guardar distância de segurança";"Colisão traseira";"Com Vítimas Feridas";"Plena Noite";"Decrescente";"Nublado";"Dupla";"Reta";"Sim";3;0;1;0;2;0;1;3;"-23.60866614";"-46.76811218";"SR-SP";"DEL6/4";"UOP01/SP"
186248;2019-01-19;"7";"18:30:00";"PR";476;242,7;"LAPA";"Velocidade Incompatível";"Colisão frontal";"Com Vítimas Feridas";"Pleno dia";"Crescente";"Chuva";"Simples";"Curva";"Não";3;0;2;0;1;0;2;2;"-25.858768";"-50.08609";"SR-PR";"DEL7/2";"UOP03/PR"
186249;2019-01-19;"7";"17:45:00";"MA";230;403;"BALSAS";"Desobediência às normas de trânsito pelo condutor";"Colisão lateral";"Com Vítimas Feridas";"Pleno dia";"Crescente";"Céu Claro";"Simples";"Reta";"Sim";5;0;1;0;4;0;1;2;"-7.521335";"-46.04969";"SR-MA";"DEL18/5";"UOP01/MA"
186250;2019-01-19;"7";"20:35:00";"PE";408;75,3;"PAUDALHO";"Desobediência às normas de trânsito pelo condutor";"Colisão frontal";"Com Vítimas Feridas";"Plena Noite";"Crescente";"Céu Claro";"Dupla";"Reta";"Sim";3;0;2;0;1;0;2;2;"-7.908999";"-35.170816";"SR-PE";"DEL11/1";"UOP01/PE"
186251;2019-01-19;"7";"20:30:00";"RN";101;85;"NATAL";"Ingestão de Álcool";"Atropelamento de Pedestre";"Com Vítimas Feridas";"Plena Noite";"Decrescente";"Céu Claro";"Dupla";"Reta";"Sim";3;0;3;0;0;0;3;1;"-5.777664";"-35.249371";"SR-RN";"DEL15/2";"UOP01/RN"
186252;2019-01-19;"7";"20:00:00";"MT";163;739;"SORRISO";"Ingestão de Álcool";"Atropelamento de Pedestre";"Com Vítimas Feridas";"Plena Noite";"Crescente";"Céu Claro";"Simples";"Reta";"Não";2;0;2;0;0;0;2;2;"-12.65172336";"-55.78868335";"SR-MT";"DEL2/6";"UOP01/MT"
186253;2019-01-19;"7";"21:00:00";"SP";153;71,3;"SAO JOSE DO RIO PRETO";"Sinalização da via insuficiente ou inadequada";"Colisão com objeto estático";"Com Vítimas Feridas";"Plena Noite";"Crescente";"Céu Claro";"Dupla";"Reta";"Não";1;0;1;0;0;0;1;1;"-20.858019";"-49.406662";"SR-SP";"DEL6/9";"UOP01/SP"
186254;2019-01-19;"7";"21:20:00";"SP";116;306,5;"SAO LOURENCO DA SERRA";"Defeito na Via";"Tombamento";"Com Vítimas Feridas";"Plena Noite";"Decrescente";"Nublado";"Dupla";"Reta";"Não";2;0;2;0;0;0;2;1;"-23.84735734";"-46.93761706";"SR-SP";"DEL6/4";"UOP01/SP"