"id";"data_inversa";"dia_semana";"horario";"uf";"br";"km";"municipio";"causa_acidente";"tipo_acidente";"classificacao_acidente";"fase_dia";"sentido_via";"condicao_metereologica";"tipo_pista";"tracado_via";"uso_solo";"pessoas";"mortos";"feridos_leves";"feridos_graves";"ilesos";"ignorados";"feridos";"veiculos";"latitude";"longitude";"regional";"delegacia";"uop"
186342;2019-01-19;"7";"18:15:00";"MG";116;537,7;"SANTA RITA DE MINAS";"Não guardar distância de segurança";"Colisão traseira";"Com Vítimas Feridas";"Pleno dia";"Crescente";"Céu Claro";"Simples";"Curva";"Não";2;0;0;1;1;0;1;2;"-19.85941001";"-42.13420297";"SR-MG";"DEL4/6";"UOP02/MG"
186343;2019-01-20;"1";"08:40:00";"MG";50;174,8;"UBERABA";"Defeito Mecânico no Veículo";"Tombamento";"Com Vítimas Feridas";"Pleno dia";"Crescente";"Céu Claro";"Dupla";"Não Informado";"Sim";2;0;2;0;0;0;2;1;"-19.779538";"-47.961675";"SR-MG";"DEL13";"UOP01/MG"
186346;2019-01-20;"1";"09:00:00";"PE";101;59;"RECIFE";"Velocidade Incompatível";"Colisão com objeto estático";"Sem Vítimas";"Pleno dia";"Decrescente";"Sol";"Dupla";"Curva";"Não";1;0;0;0;0;1;0;1;"-7.9841";"-34.9316";"SR-PE";"DEL11/1";"UOP02/PE"
186347;2019-01-20;"1";"08:25:00";"SC";101;149,7;"ITAPEMA";"Falta de Atenção à Condução";"Colisão com objeto estático";"Com Vítimas Feridas";"Pleno dia";"Decrescente";"Céu Claro";"Dupla";"Reta";"Sim";1;0;1;0;0;0;1;1;"-27.1175";"-48.6092";"SR-SC";"DEL8/4";"UOP03/SC"
186348;2019-01-20;"1";"10:05:00";"MG";381;705,4;"LAVRAS";"Velocidade Incompatível";"Saída de leito carroçável";"Com Vítimas Feridas";"Pleno dia";"Crescente";"Chuva";"Dupla";"Curva";"Não";1;0;0;1;0;0;1;1;"-21.3237";"-45.1662";"SR-MG";"DEL4/4";"UOP02/MG"
186350;2019-01-20;"1";"09:38:00";"SC";101;151;"ITAPEMA";"Velocidade Incompatível";"Colisão com objeto estático";"Com Vítimas Feridas";"Pleno dia";"Decrescente";"Nublado";"Dupla";"Reta";"Sim";2;0;2;0;0;0;2;1;"-27.1358";"-48.6099";"SR-SC";"DEL8/4";"UOP03/SC"
186351;2019-01-20;"1";"10:00:00";"RS";392;661,7;"CERRO LARGO";"Não guardar distância de segurança";"Colisão lateral";"Sem Vítimas";"Pleno dia";"Crescente";"Sol";"Simples";"Reta";"Não";2;0;0;0;2;0;0;2;"-28.124626";"-54.724182";"SR-RS";"DEL9/10";"UOP01/RS"
186352;2019-01-20;"1";"10:50:00";"SP";116;299;"SAO LOURENCO DA SERRA";"Não guardar distância de segurança";"Colisão traseira";"Com Vítimas Feridas";"Pleno dia";"Crescente";"Sol";"Dupla";"Curva";"Não";5;0;4;0;1;0;4;3;"-23.77683048";"-46.91535565";"SR-SP";"DEL6/4";"UOP01/SP"
186354;2019-01-20;"1";"11:10:00";"GO";60;163;"GOIANIA";"Defeito Mecânico no Veículo";"Queda de ocupante de veículo";"Com Vítimas Feridas";"Pleno dia";"Decrescente";"Céu Claro";"Dupla";"Reta";"Sim";2;0;2;0;0;0;2;1;"-16.7002";"-49.3335";"SR-GO";"DEL1/1";"UOP02/GO"
186355;2019-01-20;"1";"10:00:00";"AL";101;29;"JOAQUIM GOMES";"Carga excessiva e/ou mal acondicionada";"Tombamento";"Sem Vítimas";"Pleno dia";"Decrescente";"Garoa/Chuvisco";"Simples";"Curva";"Não";1;0;0;0;1;0;0;1;"-9.076606";"-35.744316";"SR-AL";"DEL13/1";"UOP01/AL"
186356;2019-01-20;"1";"10:20:00";"PR";277;4,7;"PARANAGUA";"Desobediência às normas de trânsito pelo condutor";"Colisão transversal";"Sem Vítimas";"Pleno dia";"Decrescente";"Nublado";"Simples";"Interseção de vias";"Sim";2;0;0;0;2;0;0;2;"-25.55514131";"-48.56506348";"SR-PR";"DEL7/1";"UOP07/PR"
186357;2019-01-20;"1";"08:00:00";"RS";158;93;"PALMEIRA DAS MISSOES";"Ultrapassagem Indevida";"Colisão lateral";"Sem Vítimas";"Pleno dia";"Crescente";"Céu Claro";"Simples";"Reta";"Não";2;0;0;0;2;0;0;2;"-27.844856";"-53.331131";"SR-RS";"DEL08";"UOP02/RS"
186358;2019-01-20;"1";"09:10:00";"MS";463;53,2;"PONTA PORA";"Falta de Atenção à Condução";"Saída de leito carroçável";"Com Vítimas Feridas";"Pleno dia";"Decrescente";"Céu Claro";"Simples";"Reta";"Não";4;0;1;0;3;0;1;1;"-22.584805";"-55.513603";"SR-MS";"DEL3/4";"UOP03/MS"
186360;2019-01-20;"1";"06:40:00";"MT";163;834;"SINOP";"Falta de Atenção à Condução";"Saída de leito carroçável";"Com Vítimas Feridas";"Amanhecer";"Crescente";"Céu Claro";"Dupla";"Curva";"Sim";1;0;1;0;0;0;1;1;"-11.86640595";"-55.49623489";"SR-MT";"DEL2/6";"UOP01/MT"
186361;2019-01-20;"1";"09:00:00";"MT";364;139,6;"PEDRA PRETA";"Defeito Mecânico no Veículo";"Incêndio";"Sem Vítimas";"Pleno dia";"Crescente";"Nublado";"Simples";"Reta";"Não";1;0;0;0;1;0;0;1;"-16.800938";"-54.109947";"SR-MT";"DEL2/2";"UOP01/MT"
186363;2019-01-20;"1";"07:30:00";"MA";226;501;"LAJEADO NOVO";"Condutor Dormindo";"Colisão frontal";"Com Vítimas Feridas";"Pleno dia";"Crescente";"Sol";"Simples";"Reta";"Não";5;0;4;0;1;0;4;2;"-6.105648";"-46.81";"SR-MA";"DEL18/4";"UOP02/MA"
186364;2019-01-20;"1";"12:20:00";"ES";262;111;"VENDA NOVA DO IMIGRANTE";"Falta de Atenção à Condução";"Colisão transversal";"Com Vítimas Feridas";"Pleno dia";"Crescente";"Céu Claro";"Simples";"Reta";"Não";3;0;0;2;1;0;2;2;"-20.3373";"-41.1926";"SR-ES";"DEL12/1";"UOP02/ES"
186365;2019-01-20;"1";"10:30:00";"SC";280;196,5;"MAFRA";"Velocidade Incompatível";"Tombamento";"Sem Vítimas";"Pleno dia";"Crescente";"Céu Claro";"Simples";"Curva";"Não";1;0;0;0;1;0;0;1;"-26.174635";"-50.03373";"SR-SC";"DEL8/6";"UOP01/SC"
186366;2019-01-20;"1";"12:30:00";"ES";393;2,5;"CACHOEIRO DE ITAPEMIRIM";"Desobediência às normas de trânsito pelo condutor";"Colisão transversal";"Com Vítimas Feridas";"Pleno dia";"Crescente";"Céu Claro";"Simples";"Reta";"Sim";2;0;0;1;0;1;1;2;"-20.832424";"-41.174911";"SR-ES";"DEL12/3";"UOP02/ES"
186367;2019-01-20;"1";"10:30:00";"PE";101;132;"ESCADA";"Condutor Dormindo";"Capotamento";"Com Vítimas Feridas";"Pleno dia";"Crescente";"Nublado";"Dupla";"Curva";"Não";2;0;2;0;0;0;2;1;"-8.408";"-35.2755";"SR-PE";"DEL11/1";"UOP03/PE"
186369;2019-01-20;"1";"09:00:00";"SC";470;173;"POUSO REDONDO";"Falta de Atenção à Condução";"Saída de leito carroçável";"Sem Vítimas";"Pleno dia";"Crescente";"Nublado";"Simples";"Curva";"Não";1;0;0;0;0;1;0;1;"-27.25984";"-49.919285";"SR-SC";"DEL8/4";"UOP02/SC"
186370;2019-01-20;"1";"13:10:00";"PR";376;160;"MANDAGUACU";"Pista Escorregadia";"Saída de leito carroçável";"Com Vítimas Feridas";"Pleno dia";"Crescente";"Chuva";"Dupla";"Curva";"Não";2;0;2;0;0;0;2;1;"-23.352516";"-52.09127";"SR-PR";"DEL7/7";"UOP04/PR"
186371;2019-01-20;"1";"12:00:00";"GO";60;101;"ANAPOLIS";"Defeito Mecânico no Veículo";"Incêndio";"Sem Vítimas";"Pleno dia";"Crescente";"Céu Claro";"Dupla";"Curva";"Não";1;0;0;0;0;1;0;1;"-16.4022";"-48.9745";"SR-GO";"DEL1/2";"UOP01/GO"
186372;2019-01-20;"1";"11:45:00";"SC";101;122,1;"ITAJAI";"Não guardar distância de segurança";"Colisão traseira";"Com Vítimas Feridas";"Pleno dia";"Decrescente";"Nublado";"Dupla";"Reta";"Sim";5;0;3;0;2;0;3;3;"-26.9366";"-48.6987";"SR-SC";"DEL8/4";"UOP04/SC"
186373;2019-01-20;"1";"12:30:00";"SC";282;138,1;"BOM RETIRO";"Falta de Atenção à Condução";"Colisão lateral";"Com Vítimas Feridas";"Pleno dia";"Decrescente";"Nublado";"Simples";"Reta";"Não";2;0;1;0;1;0;1;2;"-27.825998";"-49.575924";"SR-SC";"DEL8/5";"UOP01/SC"
186374;2019-01-20;"1";"13:40:00";"SP";116;146;"SAO JOSE DOS CAMPOS";"Falta de Atenção à Condução";"Queda de ocupante de veículo";"Com Vítimas Feridas";"Pleno dia";"Decrescente";"Nublado";"Dupla";"Não Informado";"Sim";1;0;1;0;0;0;1;1;"-23.191269";"-45.863358";"SR-SP";"DEL6/2";"UOP01/SP"
186376;2019-01-20;"1";"12:00:00";"PI";343;317,1;"ALTOS";"Ultrapassagem Indevida";"Colisão traseira";"Com Vítimas Feridas";"Pleno dia";"Decrescente";"Céu Claro";"Simples";"Reta";"Não";4;0;3;0;1;0;3;2;"-5.044959";"-42.544502";"SR-PI";"DEL17/1";"UOP01/PI"
186377;2019-01-20;"1";"13:00:00";"PB";101;56,2;"SANTA RITA";"Velocidade Incompatível";"Colisão traseira";"Com Vítimas Fatais";"Pleno dia";"Crescente";"Sol";"Dupla";"Reta";"Não";6;1;2;2;1;0;4;2;"-6.98055117";"-35.07639992";"SR-PB";"DEL14/1";"UOP03/PB"
186378;2019-01-20;"1";"14:25:00";"SC";280;50,6;"GUARAMIRIM";"Desobediência às normas de trânsito pelo condutor";"Colisão transversal";"Com Vítimas Feridas";"Pleno dia";"Crescente";"Céu Claro";"Simples";"Interseção de vias";"Sim";5;0;2;1;1;1;3;3;"-26.46405008";"-48.95143569";"SR-SC";"DEL8/3";"UOP03/SC"
186380;2019-01-20;"1";"13:30:00";"ES";101;258,8;"SERRA";"Ingestão de Álcool";"Capotamento";"Com Vítimas Feridas";"Pleno dia";"Crescente";"Céu Claro";"Dupla";"Reta";"Sim";1;0;1;0;0;0;1;1;"-20.13532297";"-40.29267138";"SR-ES";"DEL12/2";"UOP01/ES"
186381;2019-01-20;"1";"12:00:00";"MG";365;186;"BURITIZEIRO";"Defeito na Via";"Capotamento";"Com Vítimas Feridas";"Pleno dia";"Decrescente";"Sol";"Simples";"Reta";"Não";5;0;1;0;4;0;1;1;"-17.420111";"-45.139751";"SR-MG";"DEL4/12";"UOP01/MG"
186382;2019-01-17;"5";"07:00:00";"ES";262;84;"1S MARTINS";"Condutor Dormindo";"Capotamento";"Sem Vítimas";"Pleno dia";"Decrescente";"Céu Claro";"Simples";"Reta";"Não";1;0;0;0;1;0;0;1;"-20.4063";"-40.9713";"SR-ES";"DEL12/1";"UOP02/ES"
186384;2019-01-20;"1";"13:45:00";"SP";116;32,4;"CRUZEIRO";"Defeito Mecânico no Veículo";"Colisão traseira";"Com Vítimas Feridas";"Pleno dia";"Crescente";"Céu Claro";"Dupla";"Reta";"Não";8;0;3;0;5;0;3;4;"-22.642225";"-44.947342";"SR-SP";"DEL6/8";"UOP01/SP"
186385;2019-01-20;"1";"14:56:00";"PR";116;10;"COLOMBO";"Falta de Atenção à Condução";"Colisão lateral";"Com Vítimas Feridas";"Pleno dia";"Decrescente";"Céu Claro";"Dupla";"Reta";"Sim";1;0;1;0;0;0;1;1;"-25.3719";"-49.134";"SR-PR";"DEL7/1";"UOP02/PR"
186386;2019-01-20;"1";"14:00:00";"SP";116;128,4;"CACAPAVA";"Defeito Mecânico no Veículo";"Colisão com objeto estático";"Com Vítimas Feridas";"Pleno dia";"Crescente";"Céu Claro";"Dupla";"Reta";"Sim";5;0;4;0;1;0;4;1;"-23.114546";"-45.711056";"SR-SP";"DEL6";"UOP02/SP"
186388;2019-01-20;"1";"07:40:00";"MT";163;548;"DIAMANTINO";"Ingestão de Álcool";"Colisão frontal";"Com Vítimas Feridas";"Amanhecer";"Decrescente";"Céu Claro";"Simples";"Reta";"Não";3;0;1;0;2;0;1;3;"-14.34894498";"-56.14449263";"SR-MT";"DEL2/4";"UOP01/MT"
186389;2019-01-20;"1";"12:40:00";"PR";277;110,7;"CAMPO LARGO";"Falta de Atenção à Condução";"Saída de leito carroçável";"Sem Vítimas";"Pleno dia";"Decrescente";"Garoa/Chuvisco";"Dupla";"Reta";"Não";2;0;0;0;2;0;0;1;"-25.4433645";"-49.4622656";"SR-PR";"DEL7/1";"UOP05/PR"
186391;2019-01-20;"1";"14:15:00";"MS";262;484,3;"ANASTACIO";"Desobediência às normas de trânsito pelo condutor";"Colisão frontal";"Com Vítimas Fatais";"Pleno dia";"Decrescente";"Céu Claro";"Simples";"Reta";"Não";12;3;3;2;4;0;5;4;"-20.50231023";"-55.76103422";"SR-MS";"DEL3/3";"UOP01/MS"
186394;2019-01-20;"1";"15:35:00";"GO";50;302,5;"CUMARI";"Mal Súbito";"Capotamento";"Com Vítimas Feridas";"Pleno dia";"Crescente";"Céu Claro";"Simples";"Curva";"Não";3;0;1;0;2;0;1;1;"-18.3433";"-48.0366";"SR-GO";"DEL1/6";"UOP01/GO"
186395;2019-01-20;"1";"10:00:00";"CE";222;2,1;"FORTALEZA";"Falta de Atenção à Condução";"Colisão traseira";"Com Vítimas Feridas";"Pleno dia";"Crescente";"Céu Claro";"Múltipla";"Reta";"Sim";2;0;0;1;1;0;1;2;"-3.739117";"-38.586914";"SR-CE";"DEL16/1";"UOP01/CE"
186396;2019-01-20;"1";"15:20:00";"PR";158;524,5;"PATO BRANCO";"Velocidade Incompatível";"Tombamento";"Com Vítimas Feridas";"Pleno dia";"Crescente";"Céu Claro";"Simples";"Rotatória";"Sim";1;0;0;1;0;0;1;1;"-26.15050983";"-52.66283068";"SR-PR";"DEL7/2";"UOP01/PR"
186397;2019-01-20;"1";"15:30:00";"PR";376;651;"TIJUCAS DO SUL";"Falta de Atenção à Condução";"Capotamento";"Com Vítimas Fatais";"Pleno dia";"Crescente";"Céu Claro";"Múltipla";"Curva";"Não";6;1;5;0;0;0;5;1;"-25.845098";"-49.07302";"SR-PR";"DEL7/1";"UOP08/PR"
186398;2019-01-20;"1";"15:00:00";"PE";101;45;"IGARASSU";"Falta de Atenção à Condução";"Colisão com objeto estático";"Sem Vítimas";"Pleno dia";"Crescente";"Céu Claro";"Múltipla";"Reta";"Sim";2;0;0;0;2;0;0;2;"-7.8728";"-34.9061";"SR-PE";"DEL11/1";"UOP02/PE"
186399;2019-01-20;"1";"15:40:00";"SC";280;25,1;"ARAQUARI";"Desobediência às normas de trânsito pelo condutor";"Colisão traseira";"Com Vítimas Feridas";"Pleno dia";"Decrescente";"Céu Claro";"Simples";"Reta";"Sim";4;0;2;0;2;0;2;3;"-26.383551";"-48.726803";"SR-SC";"DEL8/3";"UOP03/SC"
186400;2019-01-20;"1";"16:00:00";"MG";40;617,5;"CONGONHAS";"Falta de Atenção à Condução";"Saída de leito carroçável";"Com Vítimas Feridas";"Pleno dia";"Decrescente";"Céu Claro";"Simples";"Reta";"Não";4;0;3;0;1;0;3;1;"-20.5647";"-43.8114";"SR-MG";"DEL5";"UOP02/MG"
186401;2019-01-20;"1";"15:20:00";"SP";116;77;"ROSEIRA";"Não guardar distância de segurança";"Colisão traseira";"Com Vítimas Feridas";"Pleno dia";"Crescente";"Nublado";"Dupla";"Reta";"Não";4;0;2;0;2;0;2;2;"-22.883369";"-45.279385";"SR-SP";"DEL6";"UOP01/SP"
186403;2019-01-20;"1";"15:30:00";"AL";101;187;"JUNQUEIRO";"Desobediência às normas de trânsito pelo condutor";"Colisão transversal";"Com Vítimas Feridas";"Pleno dia";"Crescente";"Céu Claro";"Dupla";"Curva";"Sim";2;0;1;0;1;0;1;2;"-9.897701";"-36.460474";"SR-AL";"DEL13/2";"UOP02/AL"
186405;2019-01-20;"1";"16:05:00";"GO";50;184,4;"CAMPO ALEGRE DE GOIAS";"Avarias e/ou desgaste excessivo no pneu";"Saída de leito carroçável";"Com Vítimas Feridas";"Pleno dia";"Decrescente";"Sol";"Dupla";"Reta";"Não";4;0;3;0;1;0;3;1;"-17.4413";"-47.8018";"SR-GO";"DEL1/6";"UOP01/GO"
186406;2019-01-20;"1";"15:50:00";"SC";101;135;"BALNEARIO CAMBORIU";"Pista Escorregadia";"Tombamento";"Com Vítimas Feridas";"Pleno dia";"Crescente";"Céu Claro";"Simples";"Curva";"Sim";2;0;2;0;0;0;2;1;"-27.0081";"-48.617";"SR-SC";"DEL8/4";"UOP03/SC"
186407;2019-01-17;"5";"07:40:00";"RJ";116;299;"RESENDE";"Falta de Atenção à Condução";"Colisão traseira";"Sem Vítimas";"Pleno dia";"Decrescente";"Céu Claro";"Dupla";"Reta";"Sim";1;0;0;0;1;0;0;1;"-22.450125";"-44.330193";"SR-RJ";"DEL5/7";"UOP03/RJ"
186409;2019-01-20;"1";"11:00:00";"GO";60;16;"ALEXANIA";"Falta de Atenção à Condução";"Colisão traseira";"Com Vítimas Feridas";"Pleno dia";"Crescente";"Céu Claro";"Dupla";"Reta";"Não";1;0;1;0;0;0;1;1;"-16.11731666";"-48.3810854";"SR-DF";"GO";"UOP03/DF"
186410;2019-01-20;"1";"16:49:00";"DF";60;2,3;"BRASILIA";"Falta de Atenção à Condução";"Colisão lateral";"Com Vítimas Feridas";"Pleno dia";"Decrescente";"Nublado";"Dupla";"Reta";"Sim";6;0;0;4;2;0;4;3;"-15.887383";"-48.077988";"SR-DF";"DF";"UOP03/DF"
186412;2019-01-20;"1";"15:00:00";"MG";251;364;"GRAO MOGOL";"Condutor Dormindo";"Saída de leito carroçável";"Com Vítimas Feridas";"Pleno dia";"Crescente";"Sol";"Simples";"Reta";"Não";1;0;1;0;0;0;1;1;"-16.2535";"-42.6259";"SR-MG";"DEL4/12";"UOP01/MG"
186413;2019-01-20;"1";"14:00:00";"MG";267;251,5;"CARVALHOS";"Velocidade Incompatível";"Tombamento";"Sem Vítimas";"Pleno dia";"Decrescente";"Céu Claro";"Simples";"Curva";"Não";1;0;0;0;1;0;0;1;"-21.93430279";"-44.49262798";"SR-MG";"DEL5";"UOP03/MG"
186415;2019-01-20;"1";"13:40:00";"MG";459;22,5;"CALDAS";"Velocidade Incompatível";"Colisão com objeto estático";"Com Vítimas Feridas";"Pleno dia";"Decrescente";"Chuva";"Simples";"Curva";"Não";5;0;1;4;0;0;5;1;"-21.88111325";"-46.38311863";"SR-MG";"DEL13";"UOP01/MG"
186416;2019-01-20;"1";"16:50:00";"SP";116;194;"SANTA ISABEL";"Condutor Dormindo";"Colisão traseira";"Com Vítimas Feridas";"Pleno dia";"Crescente";"Céu Claro";"Dupla";"Reta";"Não";5;0;4;0;1;0;4;2;"-23.38431716";"-46.26580417";"SR-SP";"DEL6/2";"UOP01/SP"
186417;2019-01-20;"1";"16:20:00";"MG";365;545,3;"ROMARIA";"Não guardar distância de segurança";"Saída de leito carroçável";"Com Vítimas Feridas";"Pleno dia";"Crescente";"Céu Claro";"Simples";"Reta";"Não";3;0;3;0;0;0;3;1;"-18.9312";"-47.61606";"SR-MG";"DEL4/10";"UOP01/MG"
186418;2019-01-20;"1";"15:45:00";"SC";470;341,7;"CAMPOS NOVOS";"Falta de Atenção à Condução";"Colisão transversal";"Com Vítimas Feridas";"Pleno dia";"Crescente";"Céu Claro";"Simples";"Interseção de vias";"Não";3;0;2;0;1;0;2;2;"-27.53008916";"-51.38835669";"SR-SC";"DEL7";"UOP08/SC"
186419;2019-01-20;"1";"17:30:00";"SP";116;325,5;"JUQUITIBA";"Pista Escorregadia";"Saída de leito carroçável";"Com Vítimas Feridas";"Pleno dia";"Crescente";"Chuva";"Dupla";"Curva";"Não";3;0;1;0;2;0;1;2;"-23.94061959";"-47.05621898";"SR-SP";"DEL6/4";"UOP02/SP"
186420;2019-01-20;"1";"15:50:00";"CE";222;141,6;"IRAUCUBA";"Pista Escorregadia";"Saída de leito carroçável";"Com Vítimas Feridas";"Pleno dia";"Crescente";"Chuva";"Simples";"Reta";"Não";4;0;3;0;1;0;3;1;"-3.754671";"-39.715527";"SR-CE";"DEL16/4";"UOP03/CE"
186422;2019-01-20;"1";"16:30:00";"BA";110;192;"RIBEIRA DO POMBAL";"Falta de Atenção do Pedestre";"Atropelamento de Pedestre";"Com Vítimas Feridas";"Pleno dia";"Crescente";"Céu Claro";"Simples";"Reta";"Não";2;0;1;1;0;0;2;1;"-11.0007";"-38.5152";"SR-BA";"DEL10/7";"UOP02/BA"
186423;2019-01-20;"1";"16:30:00";"PE";101;73,8;"RECIFE";"Falta de Atenção à Condução";"Colisão transversal";"Sem Vítimas";"Pleno dia";"Crescente";"Céu Claro";"Simples";"Curva";"Não";2;0;0;0;1;1;0;2;"-8.1027";"-34.9483";"SR-PE";"DEL11/1";"UOP01/PE"
186424;2019-01-20;"1";"17:20:00";"SC";101;334;"TUBARAO";"Falta de Atenção à Condução";"Colisão traseira";"Com Vítimas Feridas";"Pleno dia";"Crescente";"Céu Claro";"Dupla";"Reta";"Sim";4;0;1;0;2;1;1;3;"-28.4701";"-49.0169";"SR-SC";"DEL8/2";"UOP01/SC"
186425;2019-01-20;"1";"16:50:00";"PR";116;121;"CURITIBA";"Falta de Atenção à Condução";"Queda de ocupante de veículo";"Com Vítimas Feridas";"Pleno dia";"Crescente";"Nublado";"Dupla";"Desvio Temporário";"Não";1;0;1;0;0;0;1;1;"-25.551222";"-49.305038";"SR-PR";"DEL7/1";"UOP03/PR"
186426;2019-01-20;"1";"17:35:00";"MG";381;441;"SABARA";"Velocidade Incompatível";"Colisão traseira";"Com Vítimas Feridas";"Pleno dia";"Crescente";"Céu Claro";"Simples";"Curva";"Não";2;0;1;0;1;0;1;2;"-19.807575";"-43.76509667";"SR-MG";"DEL4/1";"UOP01/MG"
186427;2019-01-20;"1";"16:50:00";"PE";232;168,7;"TACAIMBO";"Falta de Atenção à Condução";"Colisão traseira";"Com Vítimas Feridas";"Pleno dia";"Decrescente";"Céu Claro";"Simples";"Não Informado";"Não";3;0;1;0;2;0;1;2;"-8.33884631";"-36.32227185";"SR-PE";"DEL11/2";"UOP02/PE"
186428;2019-01-20;"1";"15:45:00";"SC";280;80;"CORUPA";"Falta de Atenção à Condução";"Colisão traseira";"Com Vítimas Feridas";"Pleno dia";"Decrescente";"Céu Claro";"Simples";"Reta";"Sim";1;0;1;0;0;0;1;1;"-26.444054";"-49.209812";"SR-SC";"DEL8/6";"UOP03/SC"
186429;2019-01-20;"1";"17:40:00";"SP";116;92,7;"PINDAMONHANGABA";"Não guardar distância de segurança";"Colisão traseira";"Com Vítimas Feridas";"Anoitecer";"Crescente";"Nublado";"Dupla";"Reta";"Não";4;0;2;0;2;0;2;2;"-22.952322";"-45.404633";"SR-SP";"DEL6";"UOP01/SP"
186430;2019-01-20;"1";"15:30:00";"RN";304;229,9;"RIACHUELO";"Mal Súbito";"Saída de leito carroçável";"Com Vítimas Feridas";"Pleno dia";"Crescente";"Sol";"Simples";"Reta";"Não";4;0;4;0;0;0;4;1;"-5.75366438";"-35.89336395";"SR-RN";"DEL15/1";"UOP02/RN"
186431;2019-01-20;"1";"17:50:00";"RJ";101;163;"MACAE";"Avarias e/ou desgaste excessivo no pneu";"Colisão frontal";"Com Vítimas Feridas";"Anoitecer";"Crescente";"Céu Claro";"Simples";"Reta";"Não";4;0;2;0;2;0;2;2;"-22.308807";"-41.890049";"SR-RJ";"DEL5/2";"UOP04/RJ"
186432;2019-01-20;"1";"15:20:00";"PE";232;413,7;"SERRA TALHADA";"Ingestão de Álcool";"Saída de leito carroçável";"Com Vítimas Feridas";"Pleno dia";"Crescente";"Céu Claro";"Simples";"Não Informado";"Sim";2;0;1;1;0;0;2;1;"-7.98694515";"-38.32717896";"SR-PE";"DEL11/4";"UOP01/PE"
186433;2019-01-20;"1";"15:30:00";"MA";10;167,7;"PORTO FRANCO";"Velocidade Incompatível";"Saída de leito carroçável";"Com Vítimas Feridas";"Pleno dia";"Crescente";"Céu Claro";"Simples";"Reta";"Não";7;0;6;1;0;0;7;2;"-6.257395";"-47.354179";"SR-MA";"DEL18/4";"UOP02/MA"
186434;2019-01-20;"1";"17:00:00";"PR";277;127,7;"BALSA NOVA";"Falta de Atenção à Condução";"Saída de leito carroçável";"Com Vítimas Feridas";"Pleno dia";"Decrescente";"Nublado";"Dupla";"Curva";"Não";2;0;1;0;1;0;1;1;"-25.4684437";"-49.6295851";"SR-PR";"DEL7/1";"UOP05/PR"
186435;2019-01-20;"1";"18:20:00";"SC";101;67,4;"ARAQUARI";"Desobediência às normas de trânsito pelo condutor";"Colisão traseira";"Com Vítimas Feridas";"Pleno dia";"Decrescente";"Nublado";"Dupla";"Reta";"Não";2;0;1;0;1;0;1;2;"-26.49274066";"-48.7335062";"SR-SC";"DEL8/3";"UOP02/SC"
186436;2019-01-20;"1";"18:20:00";"SC";101;63;"ARAQUARI";"Desobediência às normas de trânsito pelo condutor";"Colisão traseira";"Com Vítimas Feridas";"Pleno dia";"Decrescente";"Céu Claro";"Dupla";"Reta";"Não";3;0;2;0;1;0;2;2;"-26.465";"-48.7497";"SR-SC";"DEL8/3";"UOP02/SC"
186437;2019-01-20;"1";"18:00:00";"MG";381;633,5;"OLIVEIRA";"Condutor Dormindo";"Colisão lateral";"Com Vítimas Feridas";"Pleno dia";"Crescente";"Céu Claro";"Dupla";"Curva";"Não";2;0;1;0;1;0;1;2;"-20.8519";"-44.8354";"SR-MG";"DEL4/4";"UOP01/MG"
186438;2019-01-20;"1";"18:00:00";"SP";153;326,3;"SALTO GRANDE";"Defeito Mecânico no Veículo";"Tombamento";"Com Vítimas Feridas";"Pleno dia";"Decrescente";"Nublado";"Simples";"Reta";"Não";3;0;2;0;0;1;2;1;"-22.922949";"-49.900826";"SR-SP";"DEL6/07";"UOP03/SP"
186439;2019-01-20;"1";"17:15:00";"PB";101;73,3;"SANTA RITA";"Falta de Atenção do Pedestre";"Atropelamento de Pedestre";"Com Vítimas Feridas";"Anoitecer";"Crescente";"Céu Claro";"Dupla";"Interseção de vias";"Não";2;0;0;1;1;0;1;1;"-7.0819";"-34.9824";"SR-PB";"DEL14/1";"UOP03/PB"
186440;2019-01-20;"1";"17:20:00";"PE";101;52;"PAULISTA";"Defeito na Via";"Queda de ocupante de veículo";"Com Vítimas Feridas";"Anoitecer";"Decrescente";"Céu Claro";"Dupla";"Curva";"Sim";1;0;1;0;0;0;1;1;"-7.9324";"-34.9017";"SR-PE";"DEL11/1";"UOP02/PE"
186441;2019-01-20;"1";"18:20:00";"GO";70;9,9;"AGUAS LINDAS DE GOIAS";"Falta de Atenção à Condução";"Saída de leito carroçável";"Com Vítimas Feridas";"Pleno dia";"Decrescente";"Sol";"Múltipla";"Reta";"Sim";4;0;3;1;0;0;4;1;"-15.7359";"-48.2829";"SR-DF";"GO";"UOP06/DF"
186443;2019-01-20;"1";"17:25:00";"PR";376;294,6;"MAUA DA SERRA";"Ultrapassagem Indevida";"Colisão frontal";"Com Vítimas Feridas";"Pleno dia";"Crescente";"Céu Claro";"Simples";"Reta";"Não";4;0;1;1;2;0;2;3;"-23.905766";"-51.198186";"SR-PR";"DEL7/7";"UOP02/PR"
186444;2019-01-20;"1";"16:15:00";"RR";174;501,9;"BOA VISTA";"Velocidade Incompatível";"Colisão traseira";"Com Vítimas Feridas";"Pleno dia";"Decrescente";"Céu Claro";"Dupla";"Não Informado";"Sim";3;0;1;0;2;0;1;2;"2.781689";"-60.703827";"SR-RR";"UOP01/RR";""
186445;2019-01-20;"1";"17:30:00";"RJ";116;93;"GUAPIMIRIM";"Fenômenos da Natureza";"Colisão transversal";"Com Vítimas Feridas";"Anoitecer";"Crescente";"Chuva";"Simples";"Curva";"Não";4;0;0;2;2;0;2;2;"-22.464163";"-42.992157";"SR-RJ";"DEL5/4";"UOP02/RJ"