"id";"data_inversa";"dia_semana";"horario";"uf";"br";"km";"municipio";"causa_acidente";"tipo_acidente";"classificacao_acidente";"fase_dia";"sentido_via";"condicao_metereologica";"tipo_pista";"tracado_via";"uso_solo";"pessoas";"mortos";"feridos_leves";"feridos_graves";"ilesos";"ignorados";"feridos";"veiculos";"latitude";"longitude";"regional";"delegacia";"uop"
186446;2019-01-20;"1";"17:20:00";"BA";116;823,7;"VITORIA DA CONQUISTA";"Falta de Atenção à Condução";"Colisão transversal";"Com Vítimas Feridas";"Pleno dia";"Crescente";"Sol";"Dupla";"Interseção de vias";"Sim";2;0;1;0;1;0;1;2;"-14.86002669";"-40.8497858";"SR-BA";"DEL10/8";"UOP01/BA"
186448;2019-01-20;"1";"17:30:00";"SC";282;614,2;"MARAVILHA";"Velocidade Incompatível";"Saída de leito carroçável";"Com Vítimas Feridas";"Anoitecer";"Decrescente";"Nublado";"Simples";"Curva";"Não";1;0;1;0;0;0;1;1;"-26.76932";"-53.264568";"SR-SC";"DEL7";"UOP02/SC"
186449;2019-01-20;"1";"18:50:00";"ES";101;267,5;"SERRA";"Falta de Atenção à Condução";"Colisão traseira";"Com Vítimas Feridas";"Anoitecer";"Decrescente";"Céu Claro";"Múltipla";"Reta";"Sim";3;0;0;1;2;0;1;3;"-20.20659412";"-40.26918596";"SR-ES";"DEL12/2";"UOP01/ES"
186450;2019-01-20;"1";"18:30:00";"MG";40;553;"NOVA LIMA";"Falta de Atenção à Condução";"Capotamento";"Com Vítimas Feridas";"Pleno dia";"Crescente";"Chuva";"Dupla";"Reta";"Sim";2;0;1;0;1;0;1;1;"-20.077";"-43.9823";"SR-MG";"DEL4/1";"UOP02/MG"
186451;2019-01-20;"1";"18:55:00";"SC";470;172,7;"POUSO REDONDO";"Ingestão de Álcool";"Colisão traseira";"Com Vítimas Feridas";"Pleno dia";"Crescente";"Garoa/Chuvisco";"Simples";"Reta";"Sim";5;0;3;0;2;0;3;4;"-27.257526";"-49.909592";"SR-SC";"DEL8/4";"UOP02/SC"
186452;2019-01-20;"1";"18:45:00";"MG";40;592,3;"OURO PRETO";"Defeito Mecânico no Veículo";"Incêndio";"Sem Vítimas";"Pleno dia";"Crescente";"Sol";"Dupla";"Não Informado";"Não";2;0;0;0;2;0;0;1;"-20.3902";"-43.9066";"SR-MG";"DEL5";"UOP02/MG"
186453;2019-01-20;"1";"18:40:00";"SC";101;144;"ITAPEMA";"Não guardar distância de segurança";"Colisão lateral";"Com Vítimas Feridas";"Pleno dia";"Decrescente";"Nublado";"Dupla";"Reta";"Sim";2;0;1;0;1;0;1;2;"-27.0816";"-48.6012";"SR-SC";"DEL8/4";"UOP03/SC"
186458;2019-01-20;"1";"18:20:00";"PE";104;66;"CARUARU";"Falta de Atenção à Condução";"Colisão traseira";"Com Vítimas Feridas";"Plena Noite";"Crescente";"Céu Claro";"Dupla";"Interseção de vias";"Sim";2;0;1;0;1;0;1;2;"-8.2937";"-35.9864";"SR-PE";"DEL11/2";"UOP01/PE"
186459;2019-01-20;"1";"18:10:00";"MG";NA;NA;"ARAUJOS";"Ingestão de Álcool";"Colisão com objeto estático";"Sem Vítimas";"Pleno dia";"Não Informado";"Céu Claro";"Simples";"Reta";"Não";2;0;0;0;2;0;0;1;"-19.7872324";"-45.2308929";"SR-MG";"DEL4/8";"UOP03/MG"
186460;2019-01-20;"1";"19:30:00";"GO";60;36,3;"GOIANIA";"Velocidade Incompatível";"Colisão com objeto estático";"Sem Vítimas";"Plena Noite";"Crescente";"Chuva";"Dupla";"Rotatória";"Sim";1;0;0;0;1;0;0;1;"-16.729286";"-49.35057";"SR-GO";"DEL1/1";"UOP02/GO"
186462;2019-01-20;"1";"15:00:00";"MA";316;275;"BELA VISTA DO MARANHAO";"Falta de Atenção à Condução";"Colisão traseira";"Com Vítimas Feridas";"Pleno dia";"Crescente";"Sol";"Simples";"Reta";"Não";2;0;1;0;0;1;1;2;"-3.724337";"-45.27808";"SR-MA";"DEL18/2";"UOP02/MA"
186463;2019-01-20;"1";"19:20:00";"MG";40;526;"CONTAGEM";"Falta de Atenção à Condução";"Atropelamento de Pedestre";"Com Vítimas Feridas";"Plena Noite";"Crescente";"Chuva";"Dupla";"Reta";"Sim";2;0;0;1;1;0;1;1;"-19.9054";"-44.0476";"SR-MG";"DEL4/1";"UOP03/MG"
186464;2019-01-20;"1";"16:30:00";"RS";471;486;"CHUI";"Ingestão de Álcool";"Saída de leito carroçável";"Sem Vítimas";"Pleno dia";"Decrescente";"Céu Claro";"Simples";"Reta";"Não";1;0;0;0;1;0;0;1;"-33.637653";"-53.419846";"SR-RS";"DEL9/7";"UOP02/RS"
186465;2019-01-20;"1";"18:50:00";"PE";101;65;"RECIFE";"Falta de Atenção à Condução";"Atropelamento de Pedestre";"Sem Vítimas";"Plena Noite";"Decrescente";"Céu Claro";"Múltipla";"Reta";"Sim";3;0;0;0;1;2;0;1;"-8.0349";"-34.9415";"SR-PE";"DEL11/1";"UOP01/PE"
186466;2019-01-20;"1";"20:00:00";"SC";101;133;"BALNEARIO CAMBORIU";"Falta de Atenção à Condução";"Tombamento";"Sem Vítimas";"Plena Noite";"Crescente";"Céu Claro";"Simples";"Reta";"Sim";1;0;0;0;1;0;0;1;"-27.0021";"-48.6362";"SR-SC";"DEL8/4";"UOP03/SC"
186467;2019-01-20;"1";"18:30:00";"MG";40;695,2;"ALFREDO VASCONCELOS";"Velocidade Incompatível";"Colisão frontal";"Com Vítimas Fatais";"Anoitecer";"Crescente";"Chuva";"Simples";"Não Informado";"Não";6;1;0;3;1;1;3;2;"-21.17264";"-43.75584";"SR-MG";"DEL5";"UOP02/MG"
186468;2019-01-20;"1";"18:50:00";"BA";101;163;"CONCEICAO DO JACUIPE";"Falta de Atenção à Condução";"Colisão lateral";"Com Vítimas Feridas";"Plena Noite";"Crescente";"Céu Claro";"Simples";"Reta";"Não";1;0;1;0;0;0;1;1;"-12.3547";"-38.7934";"SR-BA";"DEL10/1";"UOP03/BA"
186469;2019-01-20;"1";"19:50:00";"MG";40;456,7;"CAETANOPOLIS";"Defeito Mecânico no Veículo";"Tombamento";"Com Vítimas Feridas";"Plena Noite";"Crescente";"Céu Claro";"Dupla";"Reta";"Não";2;0;2;0;0;0;2;1;"-19.3676";"-44.33784";"SR-MG";"DEL4/2";"UOP01/MG"
186470;2019-01-20;"1";"20:00:00";"RJ";101;286;"ITABORAI";"Não guardar distância de segurança";"Colisão lateral";"Com Vítimas Feridas";"Plena Noite";"Crescente";"Céu Claro";"Dupla";"Reta";"Não";3;0;2;0;1;0;2;2;"-22.754093";"-42.824917";"SR-RJ";"DEL5/2";"UOP03/RJ"
186471;2019-01-20;"1";"18:30:00";"SP";381;23;"BRAGANCA PAULISTA";"Desobediência às normas de trânsito pelo condutor";"Tombamento";"Com Vítimas Feridas";"Anoitecer";"Decrescente";"Céu Claro";"Dupla";"Reta";"Não";1;0;1;0;0;0;1;1;"-23.004795";"-46.520626";"SR-SP";"DEL6/3";"UOP01/SP"
186472;2019-01-20;"1";"20:00:00";"MG";381;442;"SABARA";"Falta de Atenção à Condução";"Colisão transversal";"Com Vítimas Feridas";"Plena Noite";"Decrescente";"Chuva";"Simples";"Reta";"Não";4;0;0;3;1;0;3;3;"-19.80951173";"-43.77704755";"SR-MG";"DEL4/1";"UOP01/MG"
186474;2019-01-20;"1";"20:20:00";"DF";20;12;"BRASILIA";"Agressão Externa";"Saída de leito carroçável";"Com Vítimas Feridas";"Plena Noite";"Decrescente";"Céu Claro";"Dupla";"Reta";"Sim";4;0;3;0;1;0;3;1;"-15.642812";"-47.757786";"SR-DF";"DF";"UOP04/DF"
186475;2019-01-20;"1";"19:30:00";"PE";101;147,6;"RIBEIRAO";"Falta de Atenção à Condução";"Colisão com objeto estático";"Com Vítimas Feridas";"Plena Noite";"Decrescente";"Céu Claro";"Dupla";"Não Informado";"Não";3;0;1;1;0;1;2;2;"-8.475417";"-35.37169";"SR-PE";"DEL11/1";"UOP03/PE"
186476;2019-01-20;"1";"20:30:00";"GO";153;401,9;"PIRENOPOLIS";"Desobediência às normas de trânsito pelo condutor";"Colisão transversal";"Com Vítimas Feridas";"Plena Noite";"Crescente";"Nublado";"Simples";"Interseção de vias";"Não";5;0;1;0;4;0;1;2;"-16.04808183";"-49.07425404";"SR-GO";"DEL1/2";"UOP01/GO"
186477;2019-01-20;"1";"18:40:00";"CE";222;25,4;"CAUCAIA";"Ultrapassagem Indevida";"Capotamento";"Com Vítimas Feridas";"Plena Noite";"Crescente";"Céu Claro";"Simples";"Reta";"Não";1;0;0;1;0;0;1;1;"-3.726669";"-38.777054";"SR-CE";"DEL16/1";"UOP01/CE"
186479;2019-01-20;"1";"18:00:00";"PA";10;17;"DOM ELISEU";"Ingestão de Álcool";"Colisão transversal";"Com Vítimas Feridas";"Anoitecer";"Decrescente";"Céu Claro";"Simples";"Reta";"Sim";2;0;1;0;1;0;1;2;"-4.293095";"-47.556904";"SR-PA";"DEL19/2";"UOP03/PA"
186480;2019-01-20;"1";"20:50:00";"PR";376;507,3;"PONTA GROSSA";"Falta de Atenção à Condução";"Queda de ocupante de veículo";"Com Vítimas Feridas";"Plena Noite";"Decrescente";"Chuva";"Dupla";"Reta";"Não";2;0;1;0;1;0;1;1;"-25.19880596";"-50.07370949";"SR-PR";"DEL7/3";"UOP03/PR"
186481;2019-01-20;"1";"21:15:00";"GO";60;95,8;"ANAPOLIS";"Falta de Atenção à Condução";"Queda de ocupante de veículo";"Com Vítimas Feridas";"Plena Noite";"Decrescente";"Nublado";"Dupla";"Reta";"Não";1;0;1;0;0;0;1;1;"-16.3679";"-48.939";"SR-GO";"DEL1/2";"UOP01/GO"
186482;2019-01-20;"1";"20:00:00";"RN";405;74,8;"APODI";"Desobediência às normas de trânsito pelo condutor";"Colisão frontal";"Com Vítimas Feridas";"Plena Noite";"Crescente";"Nublado";"Simples";"Reta";"Sim";4;0;3;1;0;0;4;2;"-5.633979";"-37.800461";"SR-RN";"DEL15/4";"UOP02/RN"
186483;2019-01-20;"1";"21:00:00";"RJ";116;44;"TERESOPOLIS";"Avarias e/ou desgaste excessivo no pneu";"Queda de ocupante de veículo";"Com Vítimas Feridas";"Plena Noite";"Decrescente";"Chuva";"Simples";"Reta";"Não";1;0;0;1;0;0;1;1;"-22.158552";"-42.805958";"SR-RJ";"DEL5/4";"UOP01/RJ"
186484;2019-01-20;"1";"20:20:00";"MG";50;170;"UBERABA";"Ingestão de Álcool";"Colisão com objeto estático";"Sem Vítimas";"Plena Noite";"Crescente";"Céu Claro";"Dupla";"Reta";"Sim";5;0;0;0;2;3;0;1;"-19.7448";"-47.984";"SR-MG";"DEL13";"UOP01/MG"
186485;2019-01-20;"1";"18:10:00";"PR";376;651;"TIJUCAS DO SUL";"Falta de Atenção à Condução";"Danos eventuais";"Sem Vítimas";"Pleno dia";"Crescente";"Céu Claro";"Dupla";"Reta";"Não";2;0;0;0;2;0;0;2;"-25.84641611";"-49.07300949";"SR-PR";"DEL7/1";"UOP08/PR"
186486;2019-01-20;"1";"20:35:00";"PR";476;283,1;"SAO MATEUS DO SUL";"Ingestão de Álcool";"Saída de leito carroçável";"Com Vítimas Feridas";"Plena Noite";"Crescente";"Chuva";"Simples";"Reta";"Não";2;0;2;0;0;0;2;1;"-25.891396";"-50.435032";"SR-PR";"DEL7/2";"UOP03/PR"
186487;2019-01-20;"1";"21:50:00";"MG";40;556,7;"NOVA LIMA";"Defeito Mecânico no Veículo";"Incêndio";"Sem Vítimas";"Plena Noite";"Crescente";"Nublado";"Dupla";"Curva";"Sim";2;0;0;0;1;1;0;1;"-20.1037";"-43.9749";"SR-MG";"DEL4/1";"UOP02/MG"
186488;2019-01-20;"1";"22:20:00";"SC";470;87,6;"RODEIO";"Ingestão de Álcool";"Colisão frontal";"Com Vítimas Feridas";"Plena Noite";"Crescente";"Nublado";"Simples";"Reta";"Não";2;0;1;0;1;0;1;2;"-26.95199126";"-49.35405403";"SR-SC";"DEL8/4";"UOP01/SC"
186489;2019-01-20;"1";"22:00:00";"SP";116;357;"MIRACATU";"Velocidade Incompatível";"Tombamento";"Sem Vítimas";"Plena Noite";"Decrescente";"Nublado";"Dupla";"Não Informado";"Não";1;0;0;0;1;0;0;1;"-24.10273685";"-47.25688653";"SR-SP";"DEL6/4";"UOP02/SP"
186490;2019-01-20;"1";"18:30:00";"AC";364;113,8;"RIO BRANCO";"Defeito na Via";"Queda de ocupante de veículo";"Com Vítimas Feridas";"Plena Noite";"Crescente";"Céu Claro";"Simples";"Reta";"Sim";2;0;1;0;1;0;1;1;"-10.0135";"-67.692131";"SR-AC";"UOP01/AC";""
186491;2019-01-20;"1";"22:05:00";"DF";20;17,2;"BRASILIA";"Ingestão de Álcool";"Colisão lateral";"Com Vítimas Feridas";"Plena Noite";"Decrescente";"Céu Claro";"Dupla";"Não Informado";"Não";8;0;5;0;3;0;5;2;"-15.621374";"-47.71698";"SR-DF";"DF";"UOP04/DF"
186492;2019-01-20;"1";"18:00:00";"MT";163;837;"SINOP";"Desobediência às normas de trânsito pelo condutor";"Colisão transversal";"Com Vítimas Feridas";"Pleno dia";"Decrescente";"Céu Claro";"Múltipla";"Reta";"Sim";2;0;1;0;1;0;1;2;"-11.84317756";"-55.49051735";"SR-MT";"DEL2/6";"UOP02/MT"
186493;2019-01-20;"1";"21:00:00";"SP";381;1;"VARGEM";"Defeito Mecânico no Veículo";"Incêndio";"Sem Vítimas";"Plena Noite";"Decrescente";"Nublado";"Dupla";"Reta";"Não";1;0;0;0;1;0;0;1;"-22.88147";"-46.381161";"SR-SP";"DEL6/3";"UOP01/SP"
186494;2019-01-20;"1";"22:10:00";"SP";116;146,4;"SAO JOSE DOS CAMPOS";"Falta de Atenção à Condução";"Colisão lateral";"Com Vítimas Feridas";"Plena Noite";"Decrescente";"Nublado";"Dupla";"Não Informado";"Não";1;0;1;0;0;0;1;1;"-23.191269";"-45.863358";"SR-SP";"DEL6/2";"UOP01/SP"
186495;2019-01-20;"1";"22:50:00";"SC";470;167,9;"POUSO REDONDO";"Ingestão de Álcool";"Colisão com objeto estático";"Com Vítimas Feridas";"Plena Noite";"Crescente";"Nublado";"Simples";"Reta";"Não";2;0;2;0;0;0;2;1;"-27.269835";"-49.863087";"SR-SC";"DEL8/4";"UOP02/SC"
186496;2019-01-20;"1";"21:50:00";"MS";163;276,4;"DOURADOS";"Velocidade Incompatível";"Saída de leito carroçável";"Com Vítimas Feridas";"Plena Noite";"Decrescente";"Céu Claro";"Dupla";"Rotatória";"Sim";4;0;1;2;1;0;3;1;"-22.15892113";"-54.64619204";"SR-MS";"DEL3/4";"UOP01/MS"
186497;2019-01-20;"1";"15:05:00";"MG";153;50,1;"MONTE ALEGRE DE MINAS";"Pista Escorregadia";"Colisão com objeto estático";"Com Vítimas Feridas";"Pleno dia";"Crescente";"Chuva";"Dupla";"Reta";"Não";2;0;2;0;0;0;2;1;"-18.829";"-49.0884";"SR-MG";"DEL4/15";"UOP03/MG"
186498;2019-01-20;"1";"22:30:00";"SP";116;229;"SAO JOSE DOS CAMPOS";"Falta de Atenção à Condução";"Colisão traseira";"Com Vítimas Feridas";"Plena Noite";"Decrescente";"Céu Claro";"Múltipla";"Reta";"Sim";3;0;2;0;1;0;2;2;"-23.219809";"-45.899918";"SR-SP";"DEL6/1";"UOP01/SP"
186499;2019-01-20;"1";"17:50:00";"MT";163;529,7;"DIAMANTINO";"Falta de Atenção à Condução";"Saída de leito carroçável";"Com Vítimas Feridas";"Anoitecer";"Decrescente";"Chuva";"Simples";"Reta";"Não";1;0;1;0;0;0;1;1;"-14.36185413";"-56.14597321";"SR-MT";"DEL2/4";"UOP01/MT"
186500;2019-01-20;"1";"22:30:00";"BA";116;353,9;"SERRINHA";"Falta de Atenção à Condução";"Colisão traseira";"Com Vítimas Feridas";"Plena Noite";"Crescente";"Céu Claro";"Simples";"Reta";"Não";3;0;3;0;0;0;3;2;"-11.58375961";"-38.99369717";"SR-BA";"DEL10/2";"UOP01/BA"
186501;2019-01-20;"1";"22:10:00";"TO";153;138;"ARAGUAINA";"Falta de Atenção à Condução";"Tombamento";"Com Vítimas Feridas";"Plena Noite";"Decrescente";"Céu Claro";"Dupla";"Reta";"Não";2;0;2;0;0;0;2;1;"-7.155106";"-48.204163";"SR-TO";"UOP04/TO";""
186502;2019-01-20;"1";"19:40:00";"TO";153;501,2;"PARAISO DO TOCANTINS";"Defeito Mecânico no Veículo";"Saída de leito carroçável";"Com Vítimas Feridas";"Plena Noite";"Decrescente";"Nublado";"Simples";"Desvio Temporário";"Não";4;0;3;1;0;0;4;1;"-10.209515";"-48.874096";"SR-TO";"UOP02/TO";""
186503;2019-01-20;"1";"22:40:00";"PE";101;70;"RECIFE";"Falta de Atenção à Condução";"Saída de leito carroçável";"Com Vítimas Fatais";"Plena Noite";"Decrescente";"Céu Claro";"Dupla";"Reta";"Sim";2;1;0;1;0;0;1;1;"-8.0778";"-34.9429";"SR-PE";"DEL11/1";"UOP01/PE"
186504;2019-01-20;"1";"23:49:00";"PR";277;4,9;"PARANAGUA";"Ingestão de Álcool";"Colisão frontal";"Sem Vítimas";"Plena Noite";"Crescente";"Chuva";"Simples";"Não Informado";"Sim";2;0;0;0;2;0;0;2;"-25.55281827";"-48.56214523";"SR-PR";"DEL7/1";"UOP07/PR"
186505;2019-01-20;"1";"21:20:00";"MT";174;578;"COMODORO";"Avarias e/ou desgaste excessivo no pneu";"Queda de ocupante de veículo";"Com Vítimas Feridas";"Plena Noite";"Crescente";"Céu Claro";"Simples";"Reta";"Não";2;0;2;0;0;0;2;1;"-12.959806";"-60.032429";"SR-RO";"DEL21/4";"UOP01/RO"
186506;2019-01-20;"1";"23:20:00";"RS";158;566;"SANTANA DO LIVRAMENTO";"Desobediência às normas de trânsito pelo condutor";"Colisão transversal";"Com Vítimas Feridas";"Plena Noite";"Crescente";"Céu Claro";"Simples";"Rotatória";"Sim";3;0;0;1;2;0;1;2;"-30.876242";"-55.510815";"SR-RS";"DEL9/11";"UOP01/RS"
186507;2019-01-20;"1";"23:10:00";"PR";369;44,6;"BANDEIRANTES";"Velocidade Incompatível";"Saída de leito carroçável";"Com Vítimas Feridas";"Plena Noite";"Decrescente";"Céu Claro";"Simples";"Curva";"Não";1;0;1;0;0;0;1;1;"-23.08940411";"-50.2861619";"SR-PR";"DEL7/7";"UOP06/PR"
186508;2019-01-20;"1";"22:45:00";"RN";101;78;"NATAL";"Desobediência às normas de trânsito pelo condutor";"Colisão transversal";"Com Vítimas Feridas";"Plena Noite";"Crescente";"Céu Claro";"Dupla";"Reta";"Não";4;0;0;3;1;0;3;2;"-5.740798";"-35.290199";"SR-RN";"DEL15/2";"UOP01/RN"
186509;2019-01-20;"1";"21:20:00";"CE";116;49,8;"PACAJUS";"Desobediência às normas de trânsito pelo condutor";"Colisão traseira";"Com Vítimas Feridas";"Plena Noite";"Crescente";"Céu Claro";"Dupla";"Reta";"Não";2;0;0;1;1;0;1;2;"-4.1797";"-38.4917";"SR-CE";"DEL16/1";"UOP02/CE"
186510;2019-01-20;"1";"22:10:00";"SC";282;614,2;"MARAVILHA";"Falta de Atenção à Condução";"Colisão frontal";"Com Vítimas Feridas";"Plena Noite";"Crescente";"Céu Claro";"Simples";"Curva";"Não";5;0;1;4;0;0;5;2;"-26.76932";"-53.264568";"SR-SC";"DEL7";"UOP02/SC"
186511;2019-01-20;"1";"23:00:00";"PR";476;176,5;"CONTENDA";"Falta de Atenção à Condução";"Saída de leito carroçável";"Com Vítimas Feridas";"Plena Noite";"Decrescente";"Chuva";"Simples";"Curva";"Não";1;0;1;0;0;0;1;1;"-25.694412";"-49.553158";"SR-PR";"DEL7/1";"UOP04/PR"
186512;2019-01-20;"1";"23:40:00";"CE";116;111,5;"BEBERIBE";"Defeito na Via";"Queda de ocupante de veículo";"Com Vítimas Feridas";"Plena Noite";"Crescente";"Céu Claro";"Simples";"Reta";"Não";1;0;1;0;0;0;1;1;"-4.590173";"-38.214588";"SR-CE";"DEL16/3";"UOP02/CE"
186513;2019-01-21;"2";"01:00:00";"SC";101;152,6;"ITAPEMA";"Ingestão de Álcool";"Colisão traseira";"Com Vítimas Fatais";"Plena Noite";"Decrescente";"Céu Claro";"Dupla";"Reta";"Sim";3;2;0;0;1;0;0;2;"-27.1448";"-48.6102";"SR-SC";"DEL8/4";"UOP03/SC"
186514;2019-01-20;"1";"19:00:00";"MG";381;378;"SAO GONCALO DO RIO ABAIXO";"Ultrapassagem Indevida";"Saída de leito carroçável";"Com Vítimas Feridas";"Anoitecer";"Crescente";"Nublado";"Simples";"Não Informado";"Não";3;0;2;0;1;0;2;1;"-19.841981";"-43.320868";"SR-MG";"DEL4/1";"UOP01/MG"
186515;2019-01-21;"2";"01:00:00";"RJ";40;119;"DUQUE DE CAXIAS";"Falta de Atenção à Condução";"Colisão traseira";"Com Vítimas Feridas";"Plena Noite";"Decrescente";"Céu Claro";"Múltipla";"Reta";"Sim";4;0;1;0;3;0;1;3;"-22.7713";"-43.2862";"SR-RJ";"DEL5/1";"UOP01/RJ"
186516;2019-01-20;"1";"16:05:00";"RS";285;615;"SANTO ANTONIO DAS MISSOES";"Ultrapassagem Indevida";"Capotamento";"Com Vítimas Feridas";"Pleno dia";"Crescente";"Céu Claro";"Simples";"Reta";"Não";1;0;1;0;0;0;1;1;"-28.497679";"-55.436481";"SR-RS";"DEL9/12";"UOP01/RS"
186517;2019-01-21;"2";"02:00:00";"PR";116;26;"CAMPINA GRANDE DO SUL";"Pista Escorregadia";"Saída de leito carroçável";"Com Vítimas Feridas";"Plena Noite";"Decrescente";"Chuva";"Múltipla";"Curva";"Não";1;0;1;0;0;0;1;1;"-25.106836";"-48.785343";"SR-PR";"DEL7/1";"UOP02/PR"
186518;2019-01-21;"2";"02:30:00";"MG";40;424,6;"PARAOPEBA";"Objeto estático sobre o leito carroçável";"Colisão traseira";"Com Vítimas Feridas";"Plena Noite";"Decrescente";"Céu Claro";"Dupla";"Não Informado";"Não";2;0;0;1;1;0;1;2;"-19.16142463";"-44.52360749";"SR-MG";"DEL4/2";"UOP01/MG"
186519;2019-01-21;"2";"03:29:00";"GO";40;2,9;"VALPARAISO DE GOIAS";"Ingestão de Álcool";"Saída de leito carroçável";"Sem Vítimas";"Plena Noite";"Decrescente";"Céu Claro";"Dupla";"Reta";"Não";1;0;0;0;0;1;0;1;"-16.067129";"-47.984235";"SR-DF";"GO";"UOP01/DF"
186520;2019-01-21;"2";"00:05:00";"PR";476;135;"CURITIBA";"Ingestão de Álcool";"Colisão transversal";"Com Vítimas Feridas";"Plena Noite";"Decrescente";"Nublado";"Dupla";"Reta";"Sim";2;0;1;0;1;0;1;2;"-25.483786";"-49.265808";"SR-PR";"DEL7/1";"UOP06/PR"
186521;2019-01-21;"2";"03:40:00";"RS";392;118,4;"CANGUCU";"Falta de Atenção à Condução";"Saída de leito carroçável";"Com Vítimas Feridas";"Plena Noite";"Decrescente";"Garoa/Chuvisco";"Simples";"Interseção de vias";"Sim";2;0;1;0;1;0;1;1;"-31.407227";"-52.681717";"SR-RS";"DEL9/7";"UOP01/RS"
186522;2019-01-21;"2";"03:00:00";"SE";101;7;"CEDRO DE SAO JOAO";"Desobediência às normas de trânsito pelo condutor";"Colisão com objeto estático";"Com Vítimas Feridas";"Plena Noite";"Crescente";"Garoa/Chuvisco";"Simples";"Não Informado";"Não";2;0;1;1;0;0;2;1;"-10.255915";"-36.861301";"SR-SE";"DEL20/2";"UOP02/SE"
186523;2019-01-21;"2";"00:15:00";"SC";470;147,9;"AGRONOMICA";"Ingestão de Álcool";"Saída de leito carroçável";"Sem Vítimas";"Plena Noite";"Crescente";"Nublado";"Dupla";"Curva";"Não";1;0;0;0;1;0;0;1;"-27.243439";"-49.690025";"SR-SC";"DEL8/4";"UOP02/SC"
186524;2019-01-21;"2";"01:50:00";"MG";50;118,4;"UBERABA";"Ingestão de Álcool";"Colisão lateral";"Sem Vítimas";"Plena Noite";"Decrescente";"Céu Claro";"Dupla";"Retorno Regulamentado";"Não";3;0;0;0;2;1;0;2;"-19.2995";"-48.1139";"SR-MG";"DEL13";"UOP01/MG"
186525;2019-01-21;"2";"04:40:00";"MG";381;359;"JOAO MONLEVADE";"Falta de Atenção à Condução";"Colisão lateral";"Com Vítimas Feridas";"Plena Noite";"Crescente";"Céu Claro";"Simples";"Reta";"Não";1;0;1;0;0;0;1;1;"-19.84907103";"-43.15120697";"SR-MG";"DEL4/3";"UOP01/MG"
186526;2019-01-21;"2";"06:20:00";"SP";116;91;"PINDAMONHANGABA";"Falta de Atenção à Condução";"Capotamento";"Com Vítimas Feridas";"Pleno dia";"Crescente";"Céu Claro";"Dupla";"Reta";"Não";1;0;1;0;0;0;1;1;"-22.948011";"-45.396046";"SR-SP";"DEL6";"UOP01/SP"
186527;2019-01-21;"2";"05:30:00";"RJ";493;55;"DUQUE DE CAXIAS";"Defeito Mecânico no Veículo";"Incêndio";"Sem Vítimas";"Amanhecer";"Crescente";"Céu Claro";"Dupla";"Reta";"Não";1;0;0;0;0;1;0;1;"-22.672079";"-43.285179";"SR-RJ";"DEL5/1";"UOP01/RJ"
186528;2019-01-21;"2";"06:10:00";"SP";153;276,3;"OCAUCU";"Ultrapassagem Indevida";"Colisão lateral";"Com Vítimas Fatais";"Plena Noite";"Crescente";"Nublado";"Simples";"Reta";"Não";5;1;1;1;2;0;2;3;"-22.37842";"-49.866512";"SR-SP";"DEL6/07";"UOP02/SP"
186529;2019-01-21;"2";"06:01:00";"GO";364;7,1;"SAO SIMAO";"Desobediência às normas de trânsito pelo pedestre";"Colisão frontal";"Com Vítimas Fatais";"Amanhecer";"Crescente";"Céu Claro";"Simples";"Reta";"Não";2;1;0;0;1;0;0;2;"-19.009096";"-50.548683";"SR-GO";"DEL1/5";"UOP02/GO"
186530;2019-01-21;"2";"06:50:00";"SC";470;53,6;"BLUMENAU";"Desobediência às normas de trânsito pelo condutor";"Colisão transversal";"Com Vítimas Feridas";"Pleno dia";"Decrescente";"Nublado";"Simples";"Reta";"Sim";2;0;1;0;0;1;1;2;"-26.867121";"-49.102066";"SR-SC";"DEL8/4";"UOP01/SC"
186531;2019-01-21;"2";"01:30:00";"SC";101;436,5;"SOMBRIO";"Ingestão de Álcool";"Colisão frontal";"Sem Vítimas";"Plena Noite";"Crescente";"Chuva";"Múltipla";"Rotatória";"Sim";3;0;0;0;2;1;0;2;"-29.1138";"-49.6396";"SR-SC";"DEL8/2";"UOP02/SC"
186532;2019-01-21;"2";"06:30:00";"SP";116;221;"GUARULHOS";"Não guardar distância de segurança";"Colisão lateral";"Com Vítimas Feridas";"Pleno dia";"Crescente";"Sol";"Múltipla";"Reta";"Sim";2;0;1;0;1;0;1;2;"-23.4684938";"-46.5098847";"SR-SP";"DEL6/1";"UOP01/SP"
186533;2019-01-21;"2";"05:40:00";"MG";381;308,8;"ANTONIO DIAS";"Falta de Atenção à Condução";"Colisão traseira";"Com Vítimas Feridas";"Plena Noite";"Crescente";"Céu Claro";"Simples";"Curva";"Não";3;0;0;1;2;0;1;3;"-19.64301382";"-42.91934274";"SR-MG";"DEL4/3";"UOP02/MG"
186534;2019-01-20;"1";"18:30:00";"PI";135;161,7;"BERTOLINIA";"Objeto estático sobre o leito carroçável";"Colisão com objeto estático";"Com Vítimas Fatais";"Anoitecer";"Crescente";"Céu Claro";"Simples";"Reta";"Não";3;1;0;0;2;0;0;3;"-7.903041";"-43.804741";"SR-PI";"DEL17/3";"UOP01/PI"
186537;2019-01-21;"2";"06:10:00";"PE";424;85;"GARANHUNS";"Animais na Pista";"Colisão traseira";"Com Vítimas Feridas";"Pleno dia";"Crescente";"Céu Claro";"Simples";"Reta";"Não";2;0;0;1;1;0;1;2;"-8.857109";"-36.512157";"SR-PE";"DEL11/3";"UOP01/PE"