"id";"data_inversa";"dia_semana";"horario";"uf";"br";"km";"municipio";"causa_acidente";"tipo_acidente";"classificacao_acidente";"fase_dia";"sentido_via";"condicao_metereologica";"tipo_pista";"tracado_via";"uso_solo";"pessoas";"mortos";"feridos_leves";"feridos_graves";"ilesos";"ignorados";"feridos";"veiculos";"latitude";"longitude";"regional";"delegacia";"uop"
186830;2019-01-22;"3";"14:20:00";"GO";153;113;"SANTA TEREZA DE GOIAS";"Condutor Dormindo";"Saída de leito carroçável";"Com Vítimas Feridas";"Pleno dia";"Decrescente";"Céu Claro";"Simples";"Reta";"Não";4;0;0;4;0;0;4;1;"-13.761327";"-49.028198";"SR-GO";"DEL1/7";"UOP01/GO"
186832;2019-01-22;"3";"16:10:00";"PE";232;173;"BELO JARDIM";"Falta de Atenção à Condução";"Colisão lateral";"Com Vítimas Fatais";"Pleno dia";"Crescente";"Chuva";"Simples";"Reta";"Não";2;1;0;0;1;0;0;2;"-8.34628";"-36.437763";"SR-PE";"DEL11/2";"UOP02/PE"
186833;2019-01-22;"3";"16:30:00";"PR";376;545;"PALMEIRA";"Velocidade Incompatível";"Derramamento de carga";"Sem Vítimas";"Pleno dia";"Decrescente";"Chuva";"Dupla";"Reta";"Não";1;0;0;0;1;0;0;1;"-25.35258045";"-49.8372969";"SR-PR";"DEL7/1";"UOP05/PR"
186834;2019-01-22;"3";"15:15:00";"CE";116;7;"FORTALEZA";"Falta de Atenção à Condução";"Colisão lateral";"Com Vítimas Feridas";"Pleno dia";"Crescente";"Céu Claro";"Simples";"Viaduto";"Sim";3;0;2;0;1;0;2;2;"-3.8214";"-38.503";"SR-CE";"DEL16/1";"UOP02/CE"
186835;2019-01-22;"3";"16:45:00";"CE";222;3,4;"CAUCAIA";"Falta de Atenção à Condução";"Colisão traseira";"Sem Vítimas";"Pleno dia";"Crescente";"Céu Claro";"Múltipla";"Ponte";"Sim";6;0;0;0;5;1;0;3;"-3.740385";"-38.595749";"SR-CE";"DEL16/1";"UOP01/CE"
186836;2019-01-22;"3";"18:15:00";"SP";153;34,5;"NOVA GRANADA";"Agressão Externa";"Colisão com objeto em movimento";"Sem Vítimas";"Pleno dia";"Crescente";"Sol";"Simples";"Reta";"Não";1;0;0;0;1;0;0;1;"-20.57172";"-49.317741";"SR-SP";"DEL6/9";"UOP01/SP"
186838;2019-01-22;"3";"06:00:00";"MG";381;591,5;"CARMOPOLIS DE MINAS";"Falta de Atenção à Condução";"Capotamento";"Com Vítimas Feridas";"Amanhecer";"Decrescente";"Ignorado";"Dupla";"Reta";"Não";1;0;1;0;0;0;1;1;"-20.5571";"-44.6621";"SR-MG";"DEL4/4";"UOP01/MG"
186839;2019-01-22;"3";"17:50:00";"SC";101;13,2;"GARUVA";"Falta de Atenção à Condução";"Colisão com objeto estático";"Sem Vítimas";"Pleno dia";"Decrescente";"Céu Claro";"Dupla";"Reta";"Não";1;0;0;0;0;1;0;1;"-26.0982";"-48.8676";"SR-SC";"DEL8/3";"UOP01/SC"
186840;2019-01-22;"3";"18:10:00";"SP";116;223,1;"GUARULHOS";"Falta de Atenção à Condução";"Tombamento";"Com Vítimas Feridas";"Pleno dia";"Decrescente";"Nublado";"Múltipla";"Reta";"Sim";2;0;1;0;1;0;1;1;"-23.47988765";"-46.5314126";"SR-SP";"DEL6/1";"UOP01/SP"
186841;2019-01-22;"3";"17:45:00";"MG";381;519,7;"IGARAPE";"Velocidade Incompatível";"Colisão traseira";"Com Vítimas Feridas";"Pleno dia";"Crescente";"Chuva";"Dupla";"Curva";"Não";3;0;1;0;2;0;1;2;"-20.1127";"-44.3091";"SR-MG";"DEL4/1";"UOP03/MG"
186842;2019-01-22;"3";"18:20:00";"SC";101;213;"PALHOCA";"Não guardar distância de segurança";"Colisão lateral";"Com Vítimas Feridas";"Pleno dia";"Decrescente";"Céu Claro";"Múltipla";"Interseção de vias";"Sim";3;0;1;0;2;0;1;2;"-27.6446";"-48.6705";"SR-SC";"DEL8/1";"UOP02/SC"
186843;2019-01-22;"3";"09:05:00";"CE";222;119;"ITAPAJE";"Velocidade Incompatível";"Derramamento de carga";"Com Vítimas Feridas";"Pleno dia";"Decrescente";"Céu Claro";"Simples";"Não Informado";"Não";3;0;0;1;2;0;1;2;"-3.722229";"-39.561836";"SR-CE";"DEL16/4";"UOP03/CE"
186844;2019-01-22;"3";"17:11:00";"SP";116;195;"SANTA ISABEL";"Pista Escorregadia";"Colisão com objeto estático";"Com Vítimas Feridas";"Pleno dia";"Decrescente";"Chuva";"Dupla";"Reta";"Sim";3;0;1;0;2;0;1;1;"-23.38807367";"-46.27406806";"SR-SP";"DEL6/1";"UOP02/SP"
186845;2019-01-22;"3";"15:20:00";"AC";364;135;"RIO BRANCO";"Falta de Atenção à Condução";"Colisão traseira";"Sem Vítimas";"Pleno dia";"Crescente";"Sol";"Dupla";"Reta";"Sim";2;0;0;0;2;0;0;2;"-9.985886";"-67.84523";"SR-AC";"UOP01/AC";""
186846;2019-01-22;"3";"16:00:00";"SC";282;599,1;"CUNHA PORA";"Falta de Atenção à Condução";"Colisão frontal";"Com Vítimas Fatais";"Pleno dia";"Decrescente";"Céu Claro";"Simples";"Não Informado";"Não";2;1;0;1;0;0;1;2;"-26.820206";"-53.155052";"SR-SC";"DEL7";"UOP02/SC"
186847;2019-01-22;"3";"18:40:00";"SP";116;85,7;"PINDAMONHANGABA";"Falta de Atenção à Condução";"Tombamento";"Com Vítimas Feridas";"Anoitecer";"Crescente";"Chuva";"Dupla";"Reta";"Sim";2;0;1;0;1;0;1;2;"-22.922148";"-45.344574";"SR-SP";"DEL6";"UOP01/SP"
186849;2019-01-19;"7";"16:40:00";"MS";163;92;"ITAQUIRAI";"Ultrapassagem Indevida";"Colisão frontal";"Com Vítimas Feridas";"Pleno dia";"Crescente";"Céu Claro";"Simples";"Reta";"Não";2;0;0;1;1;0;1;2;"-23.352152";"-54.215858";"SR-MS";"DEL3/09";"UOP01/MS"
186850;2019-01-22;"3";"19:30:00";"ES";101;267,9;"SERRA";"Falta de Atenção à Condução";"Colisão lateral";"Com Vítimas Feridas";"Plena Noite";"Crescente";"Céu Claro";"Múltipla";"Interseção de vias";"Sim";3;0;1;0;2;0;1;3;"-20.20691859";"-40.26946398";"SR-ES";"DEL12/2";"UOP01/ES"
186851;2019-01-22;"3";"17:20:00";"PR";376;601;"CURITIBA";"Não guardar distância de segurança";"Colisão traseira";"Com Vítimas Feridas";"Anoitecer";"Decrescente";"Nublado";"Dupla";"Reta";"Não";4;0;1;0;3;0;1;4;"-25.43335343";"-49.31213379";"SR-PR";"DEL7/1";"UOP04/PR"
186852;2019-01-22;"3";"16:25:00";"CE";116;64;"CHOROZINHO";"Falta de Atenção à Condução";"Colisão transversal";"Com Vítimas Feridas";"Pleno dia";"Crescente";"Céu Claro";"Simples";"Rotatória";"Sim";4;0;0;3;1;0;3;2;"-4.297529";"-38.501347";"SR-CE";"DEL16/3";"UOP02/CE"
186853;2019-01-22;"3";"18:30:00";"MS";463;108,7;"PONTA PORA";"Falta de Atenção à Condução";"Colisão traseira";"Com Vítimas Feridas";"Anoitecer";"Decrescente";"Céu Claro";"Dupla";"Reta";"Sim";1;0;1;0;0;0;1;1;"-22.580349";"-55.688927";"SR-MS";"DEL3/4";"UOP03/MS"
186854;2019-01-22;"3";"17:55:00";"SC";470;32;"GASPAR";"Falta de Atenção à Condução";"Colisão traseira";"Com Vítimas Feridas";"Pleno dia";"Crescente";"Sol";"Simples";"Reta";"Não";3;0;1;0;2;0;1;3;"-26.901793";"-48.931812";"SR-SC";"DEL8/4";"UOP01/SC"
186855;2019-01-22;"3";"17:00:00";"RJ";101;486;"ANGRA DOS REIS";"Falta de Atenção do Pedestre";"Atropelamento de Pedestre";"Com Vítimas Feridas";"Pleno dia";"Decrescente";"Céu Claro";"Simples";"Reta";"Sim";2;0;1;0;1;0;1;1;"-22.97739107";"-44.29616372";"SR-RJ";"DEL5/3";"UOP02/RJ"
186856;2019-01-22;"3";"20:10:00";"SP";116;211;"GUARULHOS";"Ingestão de Álcool";"Colisão com objeto estático";"Com Vítimas Feridas";"Plena Noite";"Decrescente";"Nublado";"Múltipla";"Reta";"Sim";1;0;1;0;0;0;1;1;"-23.43270721";"-46.4202064";"SR-SP";"DEL6/1";"UOP01/SP"
186858;2019-01-22;"3";"20:40:00";"SP";488;0,5;"APARECIDA";"Desobediência às normas de trânsito pelo condutor";"Colisão lateral";"Com Vítimas Feridas";"Plena Noite";"Crescente";"Ignorado";"Dupla";"Reta";"Sim";2;0;1;0;1;0;1;2;"-22.85856";"-45.233116";"SR-SP";"DEL6/8";"UOP02/SP"
186859;2019-01-22;"3";"18:50:00";"BA";324;521;"FEIRA DE SANTANA";"Desobediência às normas de trânsito pelo condutor";"Colisão traseira";"Com Vítimas Feridas";"Plena Noite";"Decrescente";"Céu Claro";"Dupla";"Reta";"Não";2;0;1;0;1;0;1;2;"-12.288589";"-38.913761";"SR-BA";"DEL10/1";"UOP01/BA"
186860;2019-01-22;"3";"20:15:00";"PI";316;3;"TERESINA";"Falta de Atenção à Condução";"Colisão transversal";"Com Vítimas Feridas";"Plena Noite";"Decrescente";"Céu Claro";"Simples";"Interseção de vias";"Sim";3;0;1;0;2;0;1;2;"-5.128264";"-42.792923";"SR-PI";"DEL17/1";"UOP02/PI"
186861;2019-01-22;"3";"17:30:00";"BA";101;386;"GANDU";"Defeito Mecânico no Veículo";"Colisão com objeto estático";"Sem Vítimas";"Anoitecer";"Crescente";"Céu Claro";"Simples";"Curva";"Não";1;0;0;0;1;0;0;1;"-13.9103";"-39.4816";"SR-BA";"DEL10/5";"UOP03/BA"
186862;2019-01-22;"3";"21:30:00";"SC";101;120,8;"ITAJAI";"Ultrapassagem Indevida";"Tombamento";"Com Vítimas Feridas";"Plena Noite";"Crescente";"Garoa/Chuvisco";"Dupla";"Reta";"Sim";3;0;2;0;1;0;2;2;"-26.9211";"-48.7084";"SR-SC";"DEL8/4";"UOP04/SC"
186863;2019-01-22;"3";"20:24:00";"BA";116;354;"SERRINHA";"Animais na Pista";"Atropelamento de Animal";"Com Vítimas Feridas";"Plena Noite";"Crescente";"Céu Claro";"Simples";"Reta";"Não";2;0;1;0;0;1;1;2;"-11.6284712";"-38.9817065";"SR-BA";"DEL10/2";"UOP01/BA"
186864;2019-01-22;"3";"21:30:00";"MG";365;523,3;"MONTE CARMELO";"Falta de Atenção à Condução";"Colisão transversal";"Com Vítimas Feridas";"Plena Noite";"Crescente";"Céu Claro";"Simples";"Reta";"Não";2;0;1;0;1;0;1;2;"-18.91354";"-47.41923";"SR-MG";"DEL4/10";"UOP01/MG"
186865;2019-01-22;"3";"14:00:00";"RJ";493;119;"ITAGUAI";"Animais na Pista";"Saída de leito carroçável";"Com Vítimas Feridas";"Pleno dia";"Crescente";"Céu Claro";"Dupla";"Reta";"Não";4;0;3;0;1;0;3;1;"-22.86925924";"-43.81434962";"SR-RJ";"DEL5/3";"UOP01/RJ"
186866;2019-01-22;"3";"21:00:00";"MG";40;789,1;"JUIZ DE FORA";"Velocidade Incompatível";"Saída de leito carroçável";"Com Vítimas Feridas";"Plena Noite";"Decrescente";"Céu Claro";"Dupla";"Reta";"Não";2;0;2;0;0;0;2;1;"-21.7755";"-43.4327";"SR-MG";"DEL5";"UOP01/MG"
186867;2019-01-22;"3";"20:40:00";"AL";104;87;"RIO LARGO";"Ingestão de álcool e/ou substâncias psicoativas pelo pedestre";"Colisão com objeto em movimento";"Com Vítimas Feridas";"Plena Noite";"Crescente";"Chuva";"Dupla";"Reta";"Sim";3;0;0;2;1;0;2;2;"-9.47221723";"-35.8230257";"SR-AL";"DEL13/1";"UOP01/AL"
186868;2019-01-22;"3";"21:20:00";"MG";381;605;"OLIVEIRA";"Não guardar distância de segurança";"Saída de leito carroçável";"Com Vítimas Feridas";"Plena Noite";"Decrescente";"Nublado";"Dupla";"Não Informado";"Não";6;0;5;0;1;0;5;2;"-20.6436";"-44.7369";"SR-MG";"DEL4/4";"UOP01/MG"
186869;2019-01-22;"3";"21:30:00";"PR";116;131;"FAZENDA RIO GRANDE";"Desobediência às normas de trânsito pelo condutor";"Colisão lateral";"Sem Vítimas";"Plena Noite";"Decrescente";"Nublado";"Dupla";"Reta";"Não";2;0;0;0;2;0;0;2;"-25.630278";"-49.313812";"SR-PR";"DEL7/1";"UOP03/PR"
186870;2019-01-22;"3";"17:00:00";"RO";364;236,9;"CACOAL";"Falta de Atenção do Pedestre";"Atropelamento de Pedestre";"Com Vítimas Feridas";"Pleno dia";"Crescente";"Chuva";"Simples";"Reta";"Sim";2;0;2;0;0;0;2;1;"-11.445874";"-61.437862";"SR-RO";"DEL21/2";"UOP02/RO"
186872;2019-01-22;"3";"20:45:00";"RS";285;122,1;"VACARIA";"Desobediência às normas de trânsito pelo condutor";"Colisão frontal";"Com Vítimas Feridas";"Plena Noite";"Crescente";"Nublado";"Simples";"Reta";"Sim";3;0;1;0;1;1;1;2;"-28.505535";"-50.944073";"SR-RS";"DEL9/5";"UOP03/RS"
186873;2019-01-22;"3";"19:40:00";"SC";282;80;"RANCHO QUEIMADO";"Velocidade Incompatível";"Saída de leito carroçável";"Com Vítimas Feridas";"Anoitecer";"Decrescente";"Nublado";"Simples";"Curva";"Não";1;0;0;1;0;0;1;1;"-27.663555";"-49.159309";"SR-SC";"DEL8/1";"UOP03/SC"
186874;2019-01-22;"3";"21:50:00";"AL";104;35,2;"UNIAO DOS PALMARES";"Ingestão de álcool e/ou substâncias psicoativas pelo pedestre";"Atropelamento de Pedestre";"Com Vítimas Feridas";"Plena Noite";"Crescente";"Chuva";"Simples";"Reta";"Sim";2;0;0;1;0;1;1;1;"-9.16205226";"-36.0173893";"SR-AL";"DEL13/1";"UOP02/AL"
186875;2019-01-22;"3";"22:05:00";"SC";101;278,8;"IMBITUBA";"Falta de Atenção à Condução";"Colisão traseira";"Sem Vítimas";"Plena Noite";"Crescente";"Céu Claro";"Dupla";"Reta";"Não";2;0;0;0;1;1;0;2;"-28.1907";"-48.6968";"SR-SC";"DEL8/2";"UOP03/SC"
186876;2019-01-22;"3";"22:00:00";"PE";428;155,5;"PETROLINA";"Animais na Pista";"Atropelamento de Animal";"Com Vítimas Feridas";"Plena Noite";"Decrescente";"Céu Claro";"Simples";"Reta";"Não";1;0;0;1;0;0;1;1;"-9.108626";"-40.334179";"SR-PE";"DEL11/6";"UOP01/PE"
186877;2019-01-22;"3";"21:15:00";"SE";101;149;"ESTANCIA";"Falta de Atenção à Condução";"Saída de leito carroçável";"Sem Vítimas";"Plena Noite";"Crescente";"Céu Claro";"Simples";"Não Informado";"Sim";1;0;0;0;0;1;0;1;"-11.2414";"-37.4316";"SR-SE";"DEL20/2";"UOP01/SE"
186878;2019-01-22;"3";"19:00:00";"RR";401;81;"BONFIM";"Desobediência às normas de trânsito pelo condutor";"Capotamento";"Com Vítimas Feridas";"Plena Noite";"Crescente";"Céu Claro";"Dupla";"Reta";"Não";4;0;2;0;2;0;2;1;"3.219378";"-60.146648";"SR-RR";"UOP03/RR";""
186879;2019-01-22;"3";"20:30:00";"MT";163;821;"SINOP";"Desobediência às normas de trânsito pelo condutor";"Colisão frontal";"Com Vítimas Feridas";"Plena Noite";"Decrescente";"Nublado";"Simples";"Reta";"Sim";3;0;3;0;0;0;3;2;"-11.98593911";"-55.51709544";"SR-MT";"DEL2/6";"UOP01/MT"
186881;2019-01-22;"3";"23:05:00";"MT";163;713;"SORRISO";"Desobediência às normas de trânsito pelo condutor";"Colisão transversal";"Sem Vítimas";"Plena Noite";"Decrescente";"Céu Claro";"Simples";"Reta";"Sim";2;0;0;0;1;1;0;2;"-12.85776791";"-55.83141111";"SR-MT";"DEL2/6";"UOP01/MT"
186884;2019-01-23;"4";"02:20:00";"PA";230;121,5;"MARABA";"Falta de Atenção à Condução";"Colisão com objeto estático";"Com Vítimas Feridas";"Plena Noite";"Crescente";"Céu Claro";"Dupla";"Reta";"Sim";1;0;1;0;0;0;1;1;"-5.352974";"-49.121437";"SR-PA";"DEL19/3";"UOP01/PA"
186885;2019-01-23;"4";"03:00:00";"PA";163;1003,6;"SANTAREM";"Velocidade Incompatível";"Saída de leito carroçável";"Sem Vítimas";"Plena Noite";"Decrescente";"Chuva";"Dupla";"Reta";"Sim";1;0;0;0;0;1;0;1;"-2.43820917";"-54.7330787";"SR-PA";"DEL19/5";"UOP01/PA"
186886;2019-01-23;"4";"03:30:00";"SP";116;127,7;"CACAPAVA";"Falta de Atenção à Condução";"Atropelamento de Pedestre";"Com Vítimas Fatais";"Plena Noite";"Crescente";"Céu Claro";"Dupla";"Reta";"Sim";2;1;0;0;1;0;0;1;"-23.109911";"-45.702461";"SR-SP";"DEL6";"UOP02/SP"
186887;2019-01-23;"4";"01:10:00";"SP";116;198,5;"ARUJA";"Não guardar distância de segurança";"Colisão traseira";"Com Vítimas Feridas";"Plena Noite";"Crescente";"Nublado";"Dupla";"Reta";"Não";1;0;1;0;0;0;1;1;"-23.40000793";"-46.30284548";"SR-SP";"DEL6/1";"UOP02/SP"
186888;2019-01-23;"4";"04:00:00";"GO";153;423,1;"ANAPOLIS";"Defeito Mecânico no Veículo";"Incêndio";"Sem Vítimas";"Plena Noite";"Decrescente";"Céu Claro";"Dupla";"Não Informado";"Não";1;0;0;0;1;0;0;1;"-16.197029";"-49.025223";"SR-GO";"DEL1/2";"UOP01/GO"
186889;2019-01-23;"4";"01:00:00";"BA";101;666,8;"ITAPEBI";"Condutor Dormindo";"Tombamento";"Com Vítimas Feridas";"Plena Noite";"Crescente";"Céu Claro";"Simples";"Reta";"Não";1;0;1;0;0;0;1;1;"-15.971";"-39.562";"SR-BA";"DEL10/9";"UOP01/BA"
186890;2019-01-23;"4";"04:30:00";"RJ";116;245,5;"PIRAI";"Condutor Dormindo";"Tombamento";"Sem Vítimas";"Amanhecer";"Decrescente";"Céu Claro";"Dupla";"Não Informado";"Não";1;0;0;0;1;0;0;1;"-22.624538";"-43.917652";"SR-RJ";"DEL5/7";"UOP01/RJ"
186891;2019-01-23;"4";"05:30:00";"ES";101;207,6;"IBIRACU";"Condutor Dormindo";"Saída de leito carroçável";"Com Vítimas Feridas";"Amanhecer";"Decrescente";"Céu Claro";"Dupla";"Reta";"Não";1;0;0;1;0;0;1;1;"-19.77776454";"-40.37216133";"SR-ES";"DEL12/2";"UOP01/ES"
186894;2019-01-23;"4";"05:10:00";"GO";50;196;"CAMPO ALEGRE DE GOIAS";"Animais na Pista";"Atropelamento de Animal";"Com Vítimas Feridas";"Amanhecer";"Decrescente";"Céu Claro";"Dupla";"Reta";"Não";2;0;0;2;0;0;2;1;"-17.5457";"-47.8303";"SR-GO";"DEL1/6";"UOP01/GO"
186895;2019-01-23;"4";"05:45:00";"MT";163;116;"RONDONOPOLIS";"Defeito Mecânico no Veículo";"Tombamento";"Com Vítimas Feridas";"Amanhecer";"Decrescente";"Céu Claro";"Dupla";"Reta";"Não";2;0;2;0;0;0;2;1;"-16.52998";"-54.662449";"SR-MT";"DEL2/2";"UOP01/MT"
186896;2019-01-23;"4";"06:30:00";"PE";101;77,8;"RECIFE";"Velocidade Incompatível";"Colisão transversal";"Com Vítimas Feridas";"Pleno dia";"Crescente";"Céu Claro";"Dupla";"Túnel";"Sim";3;0;1;0;2;0;1;3;"-8.1368";"-34.9474";"SR-PE";"DEL11/1";"UOP01/PE"
186897;2019-01-23;"4";"07:30:00";"RS";392;351,9;"SANTA MARIA";"Não guardar distância de segurança";"Colisão traseira";"Com Vítimas Feridas";"Pleno dia";"Decrescente";"Céu Claro";"Simples";"Reta";"Sim";3;0;1;0;1;1;1;2;"-29.728384";"-53.803284";"SR-RS";"DEL9/9";"UOP01/RS"
186898;2019-01-23;"4";"02:15:00";"TO";153;671,6;"GURUPI";"Ingestão de Álcool";"Saída de leito carroçável";"Sem Vítimas";"Plena Noite";"Crescente";"Céu Claro";"Dupla";"Reta";"Sim";1;0;0;0;1;0;0;1;"-11.720757";"-49.077137";"SR-TO";"UOP01/TO";""
186899;2019-01-23;"4";"06:00:00";"MG";40;700,2;"BARBACENA";"Falta de Atenção à Condução";"Colisão lateral";"Com Vítimas Feridas";"Pleno dia";"Decrescente";"Céu Claro";"Dupla";"Reta";"Não";3;0;0;2;1;0;2;2;"-21.2189";"-43.739";"SR-MG";"DEL5";"UOP02/MG"
186900;2019-01-23;"4";"05:30:00";"RJ";40;120;"DUQUE DE CAXIAS";"Falta de Atenção à Condução";"Colisão lateral";"Com Vítimas Feridas";"Amanhecer";"Crescente";"Céu Claro";"Múltipla";"Reta";"Sim";3;0;1;0;2;0;1;2;"-22.7807";"-43.2856";"SR-RJ";"DEL5/1";"UOP01/RJ"
186901;2019-01-23;"4";"06:20:00";"SC";116;181;"SAO CRISTOVAO DO SUL";"Carga excessiva e/ou mal acondicionada";"Tombamento";"Com Vítimas Feridas";"Amanhecer";"Decrescente";"Nublado";"Simples";"Curva";"Não";1;0;1;0;0;0;1;1;"-27.270414";"-50.440971";"SR-SC";"DEL8/5";"UOP03/SC"
186902;2019-01-23;"4";"08:10:00";"RS";116;142,4;"CAXIAS DO SUL";"Falta de Atenção à Condução";"Atropelamento de Pedestre";"Com Vítimas Feridas";"Pleno dia";"Crescente";"Céu Claro";"Dupla";"Curva";"Sim";2;0;0;1;1;0;1;1;"-29.11727";"-51.115208";"SR-RS";"DEL9/5";"UOP01/RS"
186904;2019-01-23;"4";"08:15:00";"MG";381;362,5;"JOAO MONLEVADE";"Condutor Dormindo";"Colisão frontal";"Com Vítimas Feridas";"Pleno dia";"Crescente";"Céu Claro";"Simples";"Curva";"Não";2;0;2;0;0;0;2;2;"-19.84966737";"-43.20871722";"SR-MG";"DEL4/3";"UOP01/MG"
186905;2019-01-20;"1";"05:45:00";"SC";101;95,6;"BARRA VELHA";"Falta de Atenção do Pedestre";"Atropelamento de Pedestre";"Com Vítimas Fatais";"Plena Noite";"Crescente";"Nublado";"Dupla";"Não Informado";"Não";2;1;0;0;1;0;0;1;"-26.7228";"-48.7022";"SR-SC";"DEL8/3";"UOP02/SC"
186906;2019-01-20;"1";"05:24:00";"SC";101;98;"BALNEARIO PICARRAS";"Condutor Dormindo";"Saída de leito carroçável";"Sem Vítimas";"Amanhecer";"Decrescente";"Céu Claro";"Dupla";"Reta";"Não";1;0;0;0;1;0;0;1;"-26.7493";"-48.6944";"SR-SC";"DEL8/3";"UOP02/SC"
186907;2019-01-23;"4";"04:15:00";"CE";116;151,2;"RUSSAS";"Condutor Dormindo";"Colisão traseira";"Com Vítimas Feridas";"Plena Noite";"Crescente";"Céu Claro";"Simples";"Não Informado";"Não";2;0;0;1;1;0;1;2;"-4.853039";"-38.038853";"SR-CE";"DEL16/3";"UOP01/CE"
186908;2019-01-23;"4";"07:50:00";"SP";153;62,7;"SAO JOSE DO RIO PRETO";"Falta de Atenção à Condução";"Colisão lateral";"Com Vítimas Feridas";"Pleno dia";"Crescente";"Céu Claro";"Dupla";"Não Informado";"Sim";2;0;1;0;1;0;1;2;"-20.81382989";"-49.35700178";"SR-SP";"DEL6/9";"UOP01/SP"
186910;2019-01-20;"1";"04:30:00";"MG";267;280,9;"AIURUOCA";"Ingestão de Álcool";"Saída de leito carroçável";"Com Vítimas Feridas";"Plena Noite";"Decrescente";"Céu Claro";"Simples";"Não Informado";"Não";1;0;1;0;0;0;1;1;"-21.925083";"-44.733373";"SR-MG";"DEL5";"UOP03/MG"
186911;2019-01-23;"4";"05:30:00";"RS";285;92,1;"BOM JESUS";"Falta de Atenção do Pedestre";"Saída de leito carroçável";"Com Vítimas Feridas";"Plena Noite";"Decrescente";"Nublado";"Simples";"Reta";"Não";1;0;1;0;0;0;1;1;"-28.60535918";"-50.70709705";"SR-RS";"DEL9/5";"UOP03/RS"
186913;2019-01-23;"4";"06:40:00";"PR";476;133,3;"CURITIBA";"Falta de Atenção à Condução";"Colisão lateral";"Com Vítimas Feridas";"Pleno dia";"Crescente";"Céu Claro";"Múltipla";"Reta";"Sim";2;0;1;0;1;0;1;2;"-25.469219";"-49.254143";"SR-PR";"DEL7/1";"UOP06/PR"
186914;2019-01-23;"4";"08:00:00";"RS";386;243,6;"SOLEDADE";"Desobediência às normas de trânsito pelo condutor";"Colisão transversal";"Com Vítimas Feridas";"Pleno dia";"Crescente";"Sol";"Simples";"Não Informado";"Sim";2;0;0;1;1;0;1;2;"-28.80430265";"-52.50709534";"SR-RS";"DEL9/4";"UOP04/RS"
186915;2019-01-23;"4";"07:30:00";"PB";230;4,8;"CABEDELO";"Desobediência às normas de trânsito pelo condutor";"Colisão lateral";"Com Vítimas Feridas";"Pleno dia";"Decrescente";"Sol";"Simples";"Reta";"Sim";2;0;1;0;1;0;1;2;"-7.0004";"-34.8284";"SR-PB";"DEL14/1";"UOP00/PB"
186916;2019-01-20;"1";"01:30:00";"SE";101;22,1;"MALHADA DOS BOIS";"Ingestão de Álcool";"Saída de leito carroçável";"Sem Vítimas";"Plena Noite";"Crescente";"Céu Claro";"Simples";"Retorno Regulamentado";"Não";2;0;0;0;1;1;0;1;"-10.38575942";"-36.91571474";"SR-SE";"DEL20/2";"UOP02/SE"
186917;2019-01-23;"4";"08:50:00";"RJ";495;8,5;"PETROPOLIS";"Defeito Mecânico no Veículo";"Colisão traseira";"Com Vítimas Feridas";"Pleno dia";"Decrescente";"Céu Claro";"Simples";"Não Informado";"Não";2;0;1;0;1;0;1;2;"-22.413733";"-43.020088";"SR-RJ";"DEL5/6";"UOP01/RJ"
186919;2019-01-23;"4";"02:05:00";"SC";101;54;"JOINVILLE";"Defeito Mecânico no Veículo";"Incêndio";"Sem Vítimas";"Plena Noite";"Decrescente";"Nublado";"Dupla";"Reta";"Não";1;0;0;0;1;0;0;1;"-26.4277";"-48.8264";"SR-SC";"DEL8/3";"UOP01/SC"
186920;2019-01-23;"4";"08:30:00";"SP";116;440;"REGISTRO";"Falta de Atenção à Condução";"Saída de leito carroçável";"Com Vítimas Feridas";"Pleno dia";"Crescente";"Céu Claro";"Dupla";"Reta";"Sim";2;0;0;1;1;0;1;2;"-24.51214147";"-47.85095215";"SR-SP";"DEL6/5";"UOP01/SP"
186921;2019-01-23;"4";"07:00:00";"GO";153;18,2;"PORANGATU";"Ingestão de Álcool";"Tombamento";"Com Vítimas Feridas";"Pleno dia";"Decrescente";"Sol";"Simples";"Reta";"Não";1;0;1;0;0;0;1;1;"-12.987399";"-49.15126";"SR-GO";"DEL1/7";"UOP01/GO"
186922;2019-01-23;"4";"07:30:00";"MG";40;521;"CONTAGEM";"Não guardar distância de segurança";"Colisão lateral";"Com Vítimas Feridas";"Pleno dia";"Crescente";"Céu Claro";"Dupla";"Curva";"Sim";3;0;2;0;1;0;2;2;"-19.8665";"-44.064";"SR-MG";"DEL4/1";"UOP03/MG"
186923;2019-01-23;"4";"08:15:00";"MT";364;400,5;"CUIABA";"Desobediência às normas de trânsito pelo condutor";"Colisão frontal";"Com Vítimas Feridas";"Pleno dia";"Crescente";"Sol";"Simples";"Reta";"Não";2;0;1;0;1;0;1;2;"-15.675622";"-55.938293";"SR-MT";"DEL2/1";"UOP01/MT"
186924;2019-01-23;"4";"09:10:00";"ES";101;73;"SAO MATEUS";"Desobediência às normas de trânsito pelo condutor";"Colisão traseira";"Com Vítimas Feridas";"Pleno dia";"Crescente";"Céu Claro";"Simples";"Reta";"Não";3;0;1;1;1;0;2;2;"-18.77015098";"-39.86786496";"SR-ES";"DEL12/4";"UOP02/ES"
186926;2019-01-20;"1";"06:00:00";"PR";277;662,3;"MATELANDIA";"Falta de Atenção à Condução";"Saída de leito carroçável";"Sem Vítimas";"Amanhecer";"Decrescente";"Nublado";"Dupla";"Reta";"Não";1;0;0;0;0;1;0;1;"-25.251236";"-54.009113";"SR-PR";"DEL7/5";"UOP02/PR"