"id";"data_inversa";"dia_semana";"horario";"uf";"br";"km";"municipio";"causa_acidente";"tipo_acidente";"classificacao_acidente";"fase_dia";"sentido_via";"condicao_metereologica";"tipo_pista";"tracado_via";"uso_solo";"pessoas";"mortos";"feridos_leves";"feridos_graves";"ilesos";"ignorados";"feridos";"veiculos";"latitude";"longitude";"regional";"delegacia";"uop"
186927;2019-01-23;"4";"08:55:00";"PR";277;4;"FOZ DO IGUACU";"Falta de Atenção à Condução";"Tombamento";"Com Vítimas Feridas";"Pleno dia";"Decrescente";"Céu Claro";"Dupla";"Reta";"Sim";1;0;1;0;0;0;1;1;"-25.5469";"-54.5882";"SR-PR";"DEL7/5";"UOP03/PR"
186928;2019-01-23;"4";"09:10:00";"RJ";393;279;"BARRA DO PIRAI";"Falta de Atenção à Condução";"Colisão transversal";"Com Vítimas Feridas";"Pleno dia";"Decrescente";"Sol";"Simples";"Reta";"Sim";2;0;0;1;1;0;1;2;"-22.478477";"-43.951252";"SR-RJ";"DEL5/5";"UOP02/RJ"
186930;2019-01-23;"4";"09:00:00";"PB";230;27,6;"JOAO PESSOA";"Não guardar distância de segurança";"Colisão traseira";"Com Vítimas Feridas";"Pleno dia";"Crescente";"Céu Claro";"Dupla";"Não Informado";"Sim";2;0;1;0;1;0;1;2;"-7.16542749";"-34.89532471";"SR-PB";"DEL14/1";"UOP00/PB"
186931;2019-01-23;"4";"08:30:00";"BA";324;602;"SIMOES FILHO";"Não guardar distância de segurança";"Colisão traseira";"Com Vítimas Feridas";"Pleno dia";"Decrescente";"Céu Claro";"Dupla";"Reta";"Sim";2;0;1;0;1;0;1;2;"-12.78485047";"-38.41197968";"SR-BA";"DEL10/1";"UOP01/BA"
186932;2019-01-23;"4";"07:50:00";"PR";277;726,4;"FOZ DO IGUACU";"Não guardar distância de segurança";"Colisão lateral";"Com Vítimas Feridas";"Pleno dia";"Crescente";"Céu Claro";"Dupla";"Curva";"Sim";2;0;1;0;1;0;1;2;"-25.510586";"-54.554813";"SR-PR";"DEL7/5";"UOP03/PR"
186934;2019-01-23;"4";"07:48:00";"SC";101;135;"BALNEARIO CAMBORIU";"Falta de Atenção à Condução";"Colisão transversal";"Com Vítimas Feridas";"Pleno dia";"Crescente";"Céu Claro";"Simples";"Reta";"Sim";2;0;0;1;1;0;1;2;"-27.00572292";"-48.6255312";"SR-SC";"DEL8/4";"UOP03/SC"
186935;2019-01-23;"4";"10:09:00";"SC";101;126;"ITAJAI";"Não guardar distância de segurança";"Colisão traseira";"Com Vítimas Feridas";"Pleno dia";"Decrescente";"Sol";"Dupla";"Não Informado";"Não";3;0;2;0;1;0;2;2;"-26.964";"-48.6832";"SR-SC";"DEL8/4";"UOP04/SC"
186937;2019-01-23;"4";"09:10:00";"PA";230;120;"MARABA";"Desobediência às normas de trânsito pelo condutor";"Colisão transversal";"Com Vítimas Feridas";"Pleno dia";"Decrescente";"Nublado";"Dupla";"Reta";"Sim";2;0;0;1;1;0;1;2;"-5.350384";"-49.114384";"SR-PA";"DEL19/3";"UOP01/PA"
186938;2019-01-23;"4";"09:00:00";"BA";367;80;"EUNAPOLIS";"Desobediência às normas de trânsito pelo condutor";"Colisão transversal";"Com Vítimas Feridas";"Pleno dia";"Crescente";"Céu Claro";"Simples";"Rotatória";"Sim";3;0;1;0;0;2;1;2;"-16.369566";"-39.544456";"SR-BA";"DEL10/9";"UOP01/BA"
186939;2019-01-23;"4";"09:30:00";"SC";101;124;"ITAJAI";"Falta de Atenção à Condução";"Colisão lateral";"Com Vítimas Feridas";"Pleno dia";"Crescente";"Sol";"Dupla";"Reta";"Não";2;0;1;0;1;0;1;2;"-26.9479";"-48.6832";"SR-SC";"DEL8/4";"UOP04/SC"
186940;2019-01-23;"4";"10:45:00";"PR";369;36,4;"ANDIRA";"Falta de Atenção à Condução";"Colisão lateral";"Com Vítimas Feridas";"Pleno dia";"Crescente";"Céu Claro";"Simples";"Reta";"Sim";5;0;3;0;1;1;3;2;"-23.04055926";"-50.22709697";"SR-PR";"DEL7/7";"UOP06/PR"
186942;2019-01-23;"4";"10:20:00";"MG";365;611;"UBERLANDIA";"Velocidade Incompatível";"Colisão frontal";"Com Vítimas Feridas";"Pleno dia";"Crescente";"Céu Claro";"Simples";"Rotatória";"Não";2;0;0;1;1;0;1;2;"-18.92358122";"-48.2007122";"SR-MG";"DEL4/15";"UOP01/MG"
186945;2019-01-23;"4";"09:57:00";"RJ";101;265,7;"RIO BONITO";"Falta de Atenção do Pedestre";"Atropelamento de Pedestre";"Com Vítimas Fatais";"Pleno dia";"Crescente";"Sol";"Dupla";"Reta";"Sim";2;1;0;0;1;0;0;1;"-22.70969484";"-42.64900273";"SR-RJ";"DEL5/2";"UOP03/RJ"
186946;2019-01-23;"4";"09:40:00";"MA";230;406;"BALSAS";"Falta de Atenção à Condução";"Colisão transversal";"Com Vítimas Feridas";"Pleno dia";"Decrescente";"Céu Claro";"Simples";"Reta";"Sim";3;0;0;1;2;0;1;2;"-7.51972";"-46.058456";"SR-MA";"DEL18/5";"UOP01/MA"
186947;2019-01-23;"4";"10:30:00";"PE";101;41;"IGARASSU";"Desobediência às normas de trânsito pelo pedestre";"Atropelamento de Pedestre";"Com Vítimas Feridas";"Pleno dia";"Crescente";"Céu Claro";"Dupla";"Reta";"Sim";2;0;0;1;1;0;1;1;"-7.837";"-34.9124";"SR-PE";"DEL11/1";"UOP02/PE"
186949;2019-01-23;"4";"10:00:00";"PB";230;176;"CAMPINA GRANDE";"Desobediência às normas de trânsito pelo condutor";"Colisão traseira";"Com Vítimas Feridas";"Pleno dia";"Crescente";"Céu Claro";"Simples";"Reta";"Sim";2;0;1;0;1;0;1;2;"-7.1733";"-36.0333";"SR-PB";"DEL14/2";"UOP02/PB"
186950;2019-01-23;"4";"09:40:00";"RO";364;710;"PORTO VELHO";"Falta de Atenção à Condução";"Colisão transversal";"Sem Vítimas";"Pleno dia";"Decrescente";"Nublado";"Simples";"Reta";"Sim";3;0;0;0;2;1;0;3;"-8.78244607";"-63.8645831";"SR-RO";"DEL21/1";"UOP01/RO"
186951;2019-01-23;"4";"09:50:00";"SC";101;262;"GAROPABA";"Velocidade Incompatível";"Colisão com objeto estático";"Com Vítimas Feridas";"Pleno dia";"Decrescente";"Céu Claro";"Dupla";"Não Informado";"Sim";2;0;1;0;1;0;1;2;"-28.0489";"-48.7154";"SR-SC";"DEL8/2";"UOP03/SC"
186952;2019-01-23;"4";"11:10:00";"SC";280;27,5;"ARAQUARI";"Falta de Atenção à Condução";"Colisão transversal";"Com Vítimas Feridas";"Pleno dia";"Crescente";"Sol";"Simples";"Reta";"Sim";2;0;1;0;1;0;1;2;"-26.396912";"-48.740257";"SR-SC";"DEL8/3";"UOP03/SC"
186953;2019-01-23;"4";"10:40:00";"MT";163;721,7;"SORRISO";"Falta de Atenção à Condução";"Colisão traseira";"Com Vítimas Feridas";"Pleno dia";"Crescente";"Céu Claro";"Simples";"Reta";"Não";2;0;1;0;1;0;1;2;"-12.79606639";"-55.83475113";"SR-MT";"DEL2/6";"UOP01/MT"
186954;2019-01-23;"4";"11:20:00";"PE";101;48,7;"ABREU E LIMA";"Não guardar distância de segurança";"Colisão traseira";"Sem Vítimas";"Pleno dia";"Decrescente";"Céu Claro";"Múltipla";"Reta";"Sim";2;0;0;0;1;1;0;2;"-7.898";"-34.9025";"SR-PE";"DEL11/1";"UOP02/PE"
186955;2019-01-23;"4";"11:55:00";"PR";116;115;"CURITIBA";"Falta de Atenção à Condução";"Colisão traseira";"Com Vítimas Feridas";"Pleno dia";"Decrescente";"Céu Claro";"Múltipla";"Interseção de vias";"Sim";2;0;2;0;0;0;2;2;"-25.544559";"-49.30146";"SR-PR";"DEL7/1";"UOP01/PR"
186956;2019-01-23;"4";"11:30:00";"GO";153;506,8;"APARECIDA DE GOIANIA";"Desobediência às normas de trânsito pelo condutor";"Tombamento";"Com Vítimas Feridas";"Pleno dia";"Decrescente";"Sol";"Múltipla";"Não Informado";"Sim";1;0;1;0;0;0;1;1;"-16.7633";"-49.24";"SR-GO";"DEL1/1";"UOP01/GO"
186957;2019-01-23;"4";"12:10:00";"RS";116;227,5;"DOIS IRMAOS";"Desobediência às normas de trânsito pelo condutor";"Colisão com objeto estático";"Com Vítimas Feridas";"Pleno dia";"Crescente";"Céu Claro";"Simples";"Interseção de vias";"Não";1;0;1;0;0;0;1;1;"-29.604891";"-51.12529";"SR-RS";"DEL9/5";"UOP02/RS"
186958;2019-01-23;"4";"11:30:00";"RJ";101;120,3;"CAMPOS DOS GOYTACAZES";"Desobediência às normas de trânsito pelo condutor";"Colisão transversal";"Com Vítimas Feridas";"Pleno dia";"Crescente";"Céu Claro";"Dupla";"Reta";"Sim";2;0;1;0;1;0;1;2;"-22.026218";"-41.691715";"SR-RJ";"DEL5/8";"UOP02/RJ"
186960;2019-01-23;"4";"12:30:00";"MG";262;163,7;"SAO 1S DO PRATA";"Defeito na Via";"Colisão frontal";"Com Vítimas Feridas";"Pleno dia";"Crescente";"Céu Claro";"Simples";"Curva";"Não";6;0;4;0;2;0;4;2;"-19.958855";"-42.861557";"SR-MG";"DEL4/3";"UOP03/MG"
186961;2019-01-19;"7";"13:50:00";"MS";163;128;"NAVIRAI";"Falta de Atenção à Condução";"Tombamento";"Sem Vítimas";"Pleno dia";"Decrescente";"Nublado";"Simples";"Reta";"Não";1;0;0;0;1;0;0;1;"-23.048";"-54.247";"SR-MS";"DEL3/09";"UOP01/MS"
186962;2019-01-23;"4";"12:45:00";"MG";40;739,7;"SANTOS DUMONT";"Velocidade Incompatível";"Tombamento";"Com Vítimas Feridas";"Pleno dia";"Decrescente";"Sol";"Simples";"Curva";"Não";1;0;1;0;0;0;1;1;"-21.4229";"-43.5578";"SR-MG";"DEL5";"UOP01/MG"
186963;2019-01-23;"4";"12:00:00";"MG";116;279,3;"TEOFILO OTONI";"Desobediência às normas de trânsito pelo condutor";"Colisão com objeto estático";"Com Vítimas Feridas";"Pleno dia";"Crescente";"Sol";"Simples";"Reta";"Sim";2;0;1;0;1;0;1;2;"-17.87893";"-41.522713";"SR-MG";"DEL4/11";"UOP01/MG"
186964;2019-01-23;"4";"13:13:00";"SC";282;17,9;"PALHOCA";"Falta de Atenção à Condução";"Colisão transversal";"Com Vítimas Feridas";"Pleno dia";"Crescente";"Céu Claro";"Simples";"Reta";"Não";2;0;1;1;0;0;2;2;"-27.665707";"-48.688065";"SR-SC";"DEL8/1";"UOP02/SC"
186965;2019-01-23;"4";"13:25:00";"PR";467;82;"CASCAVEL";"Velocidade Incompatível";"Tombamento";"Com Vítimas Feridas";"Pleno dia";"Decrescente";"Céu Claro";"Dupla";"Curva";"Não";2;0;1;1;0;0;2;1;"-24.8057";"-53.6718";"SR-PR";"DEL7/4";"UOP01/PR"
186967;2019-01-23;"4";"13:45:00";"SC";101;121,5;"ITAJAI";"Desobediência às normas de trânsito pelo condutor";"Colisão transversal";"Com Vítimas Feridas";"Pleno dia";"Decrescente";"Sol";"Dupla";"Reta";"Sim";2;0;1;0;1;0;1;2;"-26.9297";"-48.7048";"SR-SC";"DEL8/4";"UOP04/SC"
186968;2019-01-23;"4";"10:00:00";"RJ";101;519;"ANGRA DOS REIS";"Velocidade Incompatível";"Tombamento";"Com Vítimas Feridas";"Pleno dia";"Decrescente";"Céu Claro";"Simples";"Curva";"Não";2;0;1;0;1;0;1;2;"-22.98459117";"-44.43944693";"SR-RJ";"DEL5/3";"UOP03/RJ"
186969;2019-01-23;"4";"13:15:00";"GO";60;94;"ANAPOLIS";"Defeito Mecânico no Veículo";"Queda de ocupante de veículo";"Com Vítimas Feridas";"Pleno dia";"Crescente";"Céu Claro";"Dupla";"Reta";"Sim";2;0;1;0;1;0;1;1;"-16.3611";"-48.9328";"SR-GO";"DEL1/2";"UOP01/GO"
186970;2019-01-23;"4";"11:43:00";"PR";116;115;"CURITIBA";"Falta de Atenção à Condução";"Colisão traseira";"Com Vítimas Feridas";"Pleno dia";"Decrescente";"Céu Claro";"Dupla";"Reta";"Sim";2;0;2;0;0;0;2;2;"-25.544559";"-49.30146";"SR-PR";"DEL7/1";"UOP01/PR"
186971;2019-01-23;"4";"13:15:00";"MG";381;477;"CONTAGEM";"Falta de Atenção à Condução";"Colisão traseira";"Com Vítimas Feridas";"Pleno dia";"Decrescente";"Céu Claro";"Dupla";"Reta";"Sim";5;0;1;0;3;1;1;2;"-19.9605";"-44.0357";"SR-MG";"DEL4/1";"UOP03/MG"
186972;2019-01-23;"4";"13:42:00";"PR";163;284;"MARECHAL CANDIDO RONDON";"Falta de Atenção à Condução";"Colisão lateral";"Com Vítimas Feridas";"Pleno dia";"Decrescente";"Céu Claro";"Simples";"Rotatória";"Sim";4;0;0;1;1;2;1;2;"-24.5495";"-54.0421";"SR-PR";"DEL7/6";"UOP04/PR"
186973;2019-01-23;"4";"11:30:00";"RO";319;61,5;"PORTO VELHO";"Desobediência às normas de trânsito pelo condutor";"Colisão transversal";"Com Vítimas Feridas";"Pleno dia";"Crescente";"Sol";"Dupla";"Reta";"Sim";4;0;1;0;2;1;1;2;"-8.74024";"-63.892185";"SR-RO";"DEL21/1";"UOP01/RO"
186974;2019-01-23;"4";"13:00:00";"RJ";356;14;"ITAPERUNA";"Falta de Atenção à Condução";"Colisão transversal";"Com Vítimas Feridas";"Pleno dia";"Decrescente";"Céu Claro";"Simples";"Reta";"Não";2;0;0;1;1;0;1;2;"-21.175032";"-42.097176";"SR-RJ";"DEL5/8";"UOP03/RJ"
186975;2019-01-23;"4";"11:30:00";"CE";222;49,7;"SAO GONCALO DO AMARANTE";"Falta de Atenção à Condução";"Colisão frontal";"Com Vítimas Feridas";"Pleno dia";"Crescente";"Sol";"Simples";"Curva";"Não";6;0;5;0;1;0;5;2;"-3.667214";"-38.983643";"SR-CE";"DEL16/1";"UOP03/CE"
186976;2019-01-23;"4";"13:45:00";"GO";60;449,5;"JATAI";"Defeito Mecânico no Veículo";"Capotamento";"Com Vítimas Feridas";"Pleno dia";"Decrescente";"Nublado";"Dupla";"Reta";"Não";1;0;1;0;0;0;1;1;"-17.8514";"-51.5158";"SR-GO";"DEL1/5";"UOP01/GO"
186977;2019-01-23;"4";"13:10:00";"MT";163;748,8;"SORRISO";"Falta de Atenção à Condução";"Colisão traseira";"Com Vítimas Feridas";"Pleno dia";"Decrescente";"Céu Claro";"Dupla";"Reta";"Não";3;0;0;1;2;0;1;3;"-12.58191966";"-55.7335715";"SR-MT";"DEL2/6";"UOP01/MT"
186978;2019-01-23;"4";"14:40:00";"PR";376;306;"MAUA DA SERRA";"Pista Escorregadia";"Saída de leito carroçável";"Com Vítimas Feridas";"Pleno dia";"Crescente";"Chuva";"Dupla";"Curva";"Não";1;0;1;0;0;0;1;1;"-23.93497133";"-51.1267662";"SR-PR";"DEL7/7";"UOP02/PR"
186979;2019-01-23;"4";"14:20:00";"RJ";101;398;"ITAGUAI";"Falta de Atenção à Condução";"Saída de leito carroçável";"Com Vítimas Feridas";"Pleno dia";"Crescente";"Céu Claro";"Dupla";"Curva";"Não";1;0;1;0;0;0;1;1;"-22.867878";"-43.748631";"SR-RJ";"DEL5/3";"UOP01/RJ"
186980;2019-01-23;"4";"13:30:00";"RJ";40;115,8;"DUQUE DE CAXIAS";"Falta de Atenção à Condução";"Colisão lateral";"Com Vítimas Feridas";"Pleno dia";"Crescente";"Sol";"Múltipla";"Reta";"Não";2;0;1;0;0;1;1;2;"-22.7374";"-43.2883";"SR-RJ";"DEL5/1";"UOP01/RJ"
186981;2019-01-23;"4";"14:35:00";"RS";290;94;"PORTO ALEGRE";"Falta de Atenção à Condução";"Colisão traseira";"Com Vítimas Feridas";"Pleno dia";"Crescente";"Céu Claro";"Dupla";"Curva";"Sim";2;0;2;0;0;0;2;2;"-29.973856";"-51.197853";"SR-RS";"DEL9/1";"UOP01/RS"
186982;2019-01-23;"4";"13:15:00";"GO";50;278,6;"CATALAO";"Falta de Atenção à Condução";"Colisão transversal";"Com Vítimas Feridas";"Pleno dia";"Decrescente";"Céu Claro";"Simples";"Não Informado";"Sim";2;0;1;1;0;0;2;2;"-18.1696";"-47.92";"SR-GO";"DEL1/6";"UOP01/GO"
186983;2019-01-23;"4";"12:40:00";"PR";153;18;"JACAREZINHO";"Falta de Atenção à Condução";"Tombamento";"Com Vítimas Feridas";"Pleno dia";"Crescente";"Céu Claro";"Simples";"Reta";"Sim";1;0;0;1;0;0;1;1;"-23.150551";"-49.954391";"SR-PR";"DEL7/7";"UOP07/PR"
186984;2019-01-23;"4";"14:20:00";"MG";50;105;"UBERABA";"Defeito Mecânico no Veículo";"Colisão traseira";"Com Vítimas Feridas";"Pleno dia";"Decrescente";"Céu Claro";"Dupla";"Reta";"Não";2;0;0;1;1;0;1;2;"-19.1897";"-48.1547";"SR-MG";"DEL13";"UOP01/MG"
186985;2019-01-23;"4";"13:10:00";"PB";230;153;"CAMPINA GRANDE";"Carga excessiva e/ou mal acondicionada";"Capotamento";"Com Vítimas Fatais";"Pleno dia";"Decrescente";"Céu Claro";"Simples";"Curva";"Não";1;1;0;0;0;0;0;1;"-7.2763";"-35.8887";"SR-PB";"DEL14/2";"UOP01/PB"
186986;2019-01-23;"4";"15:00:00";"MG";262;855;"CAMPO FLORIDO";"Falta de Atenção à Condução";"Colisão traseira";"Com Vítimas Feridas";"Pleno dia";"Crescente";"Sol";"Dupla";"Reta";"Não";3;0;2;0;1;0;2;2;"-19.77727104";"-48.48894596";"SR-MG";"DEL13";"UOP01/MG"
186987;2019-01-23;"4";"14:20:00";"PR";369;133;"IBIPORA";"Desobediência às normas de trânsito pelo condutor";"Colisão transversal";"Com Vítimas Feridas";"Pleno dia";"Crescente";"Céu Claro";"Dupla";"Interseção de vias";"Não";2;0;2;0;0;0;2;2;"-23.26063274";"-51.01273477";"SR-PR";"DEL7/7";"UOP01/PR"
186989;2019-01-23;"4";"15:20:00";"MG";116;274,3;"TEOFILO OTONI";"Desobediência às normas de trânsito pelo condutor";"Colisão transversal";"Com Vítimas Feridas";"Pleno dia";"Crescente";"Sol";"Dupla";"Não Informado";"Sim";3;0;1;0;2;0;1;2;"-17.83450891";"-41.51125073";"SR-MG";"DEL4/11";"UOP01/MG"
186990;2019-01-23;"4";"14:20:00";"SC";101;435,2;"SOMBRIO";"Sinalização da via insuficiente ou inadequada";"Colisão transversal";"Com Vítimas Feridas";"Pleno dia";"Crescente";"Céu Claro";"Simples";"Interseção de vias";"Sim";2;0;1;0;1;0;1;2;"-29.107";"-49.6369";"SR-SC";"DEL8/2";"UOP02/SC"
186992;2019-01-23;"4";"15:00:00";"MA";10;262,5;"IMPERATRIZ";"Não guardar distância de segurança";"Colisão transversal";"Com Vítimas Feridas";"Pleno dia";"Decrescente";"Céu Claro";"Simples";"Reta";"Sim";2;0;1;0;1;0;1;2;"-5.445326";"-47.472542";"SR-MA";"DEL18/4";"UOP01/MA"
186993;2019-01-23;"4";"15:40:00";"MG";153;172;"COMENDADOR GOMES";"Defeito Mecânico no Veículo";"Tombamento";"Com Vítimas Feridas";"Pleno dia";"Decrescente";"Céu Claro";"Simples";"Reta";"Não";2;0;1;0;1;0;1;1;"-19.82614163";"-48.96606445";"SR-MG";"DEL13";"UOP02/MG"
186994;2019-01-23;"4";"14:30:00";"CE";222;10,9;"CAUCAIA";"Condutor Dormindo";"Atropelamento de Pedestre";"Com Vítimas Feridas";"Pleno dia";"Crescente";"Céu Claro";"Simples";"Reta";"Sim";3;0;2;1;0;0;3;1;"-3.757749";"-38.646118";"SR-CE";"DEL16/1";"UOP01/CE"
186995;2019-01-23;"4";"15:20:00";"BA";116;555;"NOVA ITARANA";"Ultrapassagem Indevida";"Capotamento";"Com Vítimas Feridas";"Pleno dia";"Decrescente";"Céu Claro";"Simples";"Reta";"Não";1;0;0;1;0;0;1;1;"-12.933118";"-39.900309";"SR-BA";"DEL10/3";"UOP02/BA"
186998;2019-01-23;"4";"16:50:00";"PR";376;379;"IMBAU";"Defeito Mecânico no Veículo";"Colisão com objeto estático";"Com Vítimas Feridas";"Pleno dia";"Decrescente";"Nublado";"Simples";"Curva";"Não";4;0;1;3;0;0;4;2;"-24.395989";"-50.783348";"SR-PR";"DEL7/3";"UOP05/PR"
187000;2019-01-23;"4";"16:00:00";"SP";116;139;"SAO JOSE DOS CAMPOS";"Falta de Atenção à Condução";"Capotamento";"Com Vítimas Feridas";"Pleno dia";"Crescente";"Céu Claro";"Dupla";"Reta";"Não";1;0;1;0;0;0;1;1;"-23.161556";"-45.804054";"SR-SP";"DEL6";"UOP02/SP"
187001;2019-01-23;"4";"17:10:00";"SC";470;2,4;"NAVEGANTES";"Falta de Atenção à Condução";"Colisão transversal";"Com Vítimas Feridas";"Pleno dia";"Crescente";"Sol";"Simples";"Reta";"Não";2;0;1;0;1;0;1;2;"-26.868551";"-48.674831";"SR-SC";"DEL8/4";"UOP04/SC"
187002;2019-01-23;"4";"11:00:00";"RS";386;445;"CANOAS";"Falta de Atenção à Condução";"Saída de leito carroçável";"Sem Vítimas";"Pleno dia";"Decrescente";"Céu Claro";"Dupla";"Reta";"Sim";1;0;0;0;0;1;0;1;"-29.892885";"-51.192703";"SR-RS";"DEL9/1";"UOP01/RS"
187003;2019-01-23;"4";"16:50:00";"RJ";493;1,5;"ITABORAI";"Desobediência às normas de trânsito pelo condutor";"Colisão frontal";"Com Vítimas Feridas";"Pleno dia";"Crescente";"Céu Claro";"Simples";"Reta";"Não";4;0;0;1;2;1;1;2;"-22.763901";"-42.927532";"SR-RJ";"DEL5/4";"UOP02/RJ"
187005;2019-01-23;"4";"17:50:00";"RS";116;248;"SAO LEOPOLDO";"Falta de Atenção à Condução";"Colisão traseira";"Com Vítimas Feridas";"Pleno dia";"Decrescente";"Chuva";"Dupla";"Reta";"Sim";2;0;1;0;1;0;1;2;"-29.776119";"-51.155102";"SR-RS";"DEL9/1";"UOP02/RS"
187006;2019-01-23;"4";"16:45:00";"RJ";40;117;"DUQUE DE CAXIAS";"Falta de Atenção à Condução";"Colisão traseira";"Com Vítimas Feridas";"Pleno dia";"Decrescente";"Nublado";"Dupla";"Reta";"Sim";1;0;1;0;0;0;1;1;"-22.7556";"-43.2871";"SR-RJ";"DEL5/1";"UOP01/RJ"
187007;2019-01-23;"4";"17:15:00";"RJ";101;415;"ITAGUAI";"Falta de Atenção à Condução";"Colisão transversal";"Com Vítimas Feridas";"Pleno dia";"Decrescente";"Céu Claro";"Dupla";"Interseção de vias";"Não";7;0;5;0;1;1;5;2;"-22.903904";"-43.872597";"SR-RJ";"DEL5/3";"UOP01/RJ"
187009;2019-01-23;"4";"14:30:00";"RJ";101;308;"SAO GONCALO";"Agressão Externa";"Colisão com objeto estático";"Com Vítimas Feridas";"Pleno dia";"Decrescente";"Céu Claro";"Dupla";"Reta";"Sim";1;0;1;0;0;0;1;1;"-22.793098";"-43.024815";"SR-RJ";"DEL5/2";"UOP02/RJ"
187010;2019-01-23;"4";"16:40:00";"PI";343;335,2;"TERESINA";"Desobediência às normas de trânsito pelo condutor";"Colisão transversal";"Com Vítimas Feridas";"Pleno dia";"Decrescente";"Céu Claro";"Simples";"Curva";"Sim";7;0;6;0;1;0;6;2;"-5.061626";"-42.696655";"SR-PI";"DEL17/1";"UOP01/PI"
187012;2019-01-23;"4";"18:20:00";"SC";470;135,1;"RIO DO SUL";"Falta de Atenção à Condução";"Colisão transversal";"Com Vítimas Feridas";"Pleno dia";"Crescente";"Sol";"Simples";"Interseção de vias";"Sim";3;0;1;1;1;0;2;2;"-27.188492";"-49.61232";"SR-SC";"DEL8/4";"UOP02/SC"
187013;2019-01-23;"4";"18:30:00";"SP";116;406;"MIRACATU";"Falta de Atenção à Condução";"Capotamento";"Com Vítimas Feridas";"Pleno dia";"Decrescente";"Céu Claro";"Dupla";"Reta";"Não";2;0;1;0;1;0;1;1;"-24.3264";"-47.5634";"SR-SP";"DEL6/4";"UOP03/SP"
187014;2019-01-03;"5";"11:00:00";"BA";110;340;"ALAGOINHAS";"Falta de Atenção à Condução";"Colisão lateral";"Com Vítimas Feridas";"Pleno dia";"Decrescente";"Sol";"Simples";"Interseção de vias";"Sim";3;0;2;0;1;0;2;2;"-12.16188442";"-38.41628596";"SR-BA";"DEL10/1";"UOP04/BA"
187015;2019-01-23;"4";"15:20:00";"CE";222;3,6;"CAUCAIA";"Não guardar distância de segurança";"Colisão traseira";"Com Vítimas Feridas";"Pleno dia";"Decrescente";"Céu Claro";"Dupla";"Reta";"Sim";2;0;1;0;0;1;1;2;"-3.74118749";"-38.60145092";"SR-CE";"DEL16/1";"UOP01/CE"
187016;2019-01-23;"4";"18:30:00";"SP";116;115;"TAUBATE";"Defeito Mecânico no Veículo";"Queda de ocupante de veículo";"Com Vítimas Feridas";"Pleno dia";"Decrescente";"Sol";"Dupla";"Reta";"Sim";1;0;1;0;0;0;1;1;"-23.049601";"-45.599728";"SR-SP";"DEL6";"UOP02/SP"
187017;2019-01-23;"4";"15:30:00";"PR";487;147;"TUNEIRAS DO OESTE";"Velocidade Incompatível";"Saída de leito carroçável";"Com Vítimas Feridas";"Pleno dia";"Crescente";"Céu Claro";"Simples";"Não Informado";"Não";1;0;1;0;0;0;1;1;"-23.921835";"-52.721981";"SR-PR";"DEL7/4";"UOP05/PR"
187018;2019-01-23;"4";"19:40:00";"CE";116;1,2;"FORTALEZA";"Falta de Atenção à Condução";"Colisão traseira";"Com Vítimas Feridas";"Plena Noite";"Crescente";"Nublado";"Dupla";"Reta";"Sim";2;0;1;0;1;0;1;2;"-3.7704";"-38.5169";"SR-CE";"DEL16/1";"UOP02/CE"
187019;2019-01-23;"4";"19:00:00";"SE";101;162,6;"ESTANCIA";"Falta de Atenção do Pedestre";"Atropelamento de Pedestre";"Com Vítimas Fatais";"Plena Noite";"Crescente";"Céu Claro";"Simples";"Reta";"Não";3;1;0;0;2;0;0;1;"-11.2414";"-37.4316";"SR-SE";"DEL20/2";"UOP01/SE"
187020;2019-01-23;"4";"19:25:00";"PB";101;37,9;"MAMANGUAPE";"Ingestão de Álcool";"Colisão traseira";"Com Vítimas Feridas";"Plena Noite";"Crescente";"Céu Claro";"Dupla";"Reta";"Sim";6;0;2;0;4;0;2;3;"-6.8221";"-35.1384";"SR-PB";"DEL14/1";"UOP03/PB"
187021;2019-01-23;"4";"17:55:00";"SC";101;140;"ITAPEMA";"Desobediência às normas de trânsito pelo condutor";"Colisão traseira";"Com Vítimas Feridas";"Pleno dia";"Decrescente";"Nublado";"Dupla";"Não Informado";"Não";2;0;1;0;1;0;1;2;"-27.0478";"-48.5981";"SR-SC";"DEL8/4";"UOP03/SC"
187023;2019-01-23;"4";"19:30:00";"PA";316;98,8;"SANTA MARIA DO PARA";"Desobediência às normas de trânsito pelo condutor";"Atropelamento de Pedestre";"Com Vítimas Feridas";"Plena Noite";"Crescente";"Céu Claro";"Simples";"Não Informado";"Não";2;0;1;0;1;0;1;1;"-1.328786";"-47.639122";"SR-PA";"DEL19/1";"UOP03/PA"
187024;2019-01-20;"1";"01:53:00";"PR";476;177,7;"CONTENDA";"Falta de Atenção à Condução";"Tombamento";"Com Vítimas Feridas";"Plena Noite";"Crescente";"Ignorado";"Simples";"Reta";"Não";1;0;0;1;0;0;1;1;"-25.696129";"-49.563389";"SR-PR";"DEL7/1";"UOP04/PR"
187025;2019-01-23;"4";"20:45:00";"ES";101;309,7;"VIANA";"Velocidade Incompatível";"Saída de leito carroçável";"Com Vítimas Feridas";"Plena Noite";"Decrescente";"Céu Claro";"Simples";"Reta";"Sim";2;0;2;0;0;0;2;1;"-20.42158723";"-40.45974299";"SR-ES";"DEL12/3";"UOP01/ES"