"id";"data_inversa";"dia_semana";"horario";"uf";"br";"km";"municipio";"causa_acidente";"tipo_acidente";"classificacao_acidente";"fase_dia";"sentido_via";"condicao_metereologica";"tipo_pista";"tracado_via";"uso_solo";"pessoas";"mortos";"feridos_leves";"feridos_graves";"ilesos";"ignorados";"feridos";"veiculos";"latitude";"longitude";"regional";"delegacia";"uop"
187330;2019-01-25;"6";"05:10:00";"MT";364;18,5;"ALTO ARAGUAIA";"Defeito Mecânico no Veículo";"Colisão frontal";"Com Vítimas Fatais";"Amanhecer";"Decrescente";"Nublado";"Simples";"Curva";"Não";2;1;1;0;0;0;1;2;"-17.2149202";"-53.33450317";"SR-MT";"DEL2/2";"UOP04/MT"
187331;2019-01-25;"6";"10:54:00";"ES";101;286,9;"CARIACICA";"Falta de Atenção à Condução";"Colisão transversal";"Com Vítimas Feridas";"Pleno dia";"Crescente";"Céu Claro";"Dupla";"Retorno Regulamentado";"Sim";2;0;0;1;1;0;1;2;"-20.25911267";"-40.37772959";"SR-ES";"DEL12/1";"UOP01/ES"
187332;2019-01-25;"6";"11:20:00";"GO";50;239,5;"CATALAO";"Velocidade Incompatível";"Tombamento";"Com Vítimas Feridas";"Pleno dia";"Crescente";"Céu Claro";"Dupla";"Não Informado";"Não";1;0;1;0;0;0;1;1;"-17.8745";"-47.7889";"SR-GO";"DEL1/6";"UOP01/GO"
187333;2019-01-25;"6";"12:00:00";"SC";470;140;"RIO DO SUL";"Falta de Atenção à Condução";"Colisão traseira";"Com Vítimas Feridas";"Pleno dia";"Decrescente";"Nublado";"Simples";"Reta";"Sim";2;0;1;0;1;0;1;2;"-27.222485";"-49.662827";"SR-SC";"DEL8/4";"UOP02/SC"
187334;2019-01-25;"6";"10:40:00";"PE";232;118,5;"CARUARU";"Não guardar distância de segurança";"Colisão transversal";"Com Vítimas Feridas";"Pleno dia";"Crescente";"Céu Claro";"Dupla";"Reta";"Não";7;0;3;0;4;0;3;2;"-8.29624";"-35.89308";"SR-PE";"DEL11/2";"UOP02/PE"
187335;2019-01-25;"6";"09:40:00";"BA";407;25,9;"JUAZEIRO";"Velocidade Incompatível";"Capotamento";"Com Vítimas Feridas";"Pleno dia";"Decrescente";"Céu Claro";"Simples";"Reta";"Não";4;0;2;0;2;0;2;1;"-9.609668";"-40.412937";"SR-BA";"DEL10/4";"UOP01/BA"
187336;2019-01-25;"6";"10:00:00";"RJ";101;487;"ANGRA DOS REIS";"Desobediência às normas de trânsito pelo condutor";"Colisão transversal";"Com Vítimas Feridas";"Pleno dia";"Crescente";"Céu Claro";"Simples";"Reta";"Sim";2;0;1;0;0;1;1;2;"-22.96991358";"-44.29816984";"SR-RJ";"DEL5/3";"UOP02/RJ"
187337;2019-01-25;"6";"09:50:00";"CE";222;6;"CAUCAIA";"Falta de Atenção à Condução";"Colisão traseira";"Com Vítimas Feridas";"Pleno dia";"Crescente";"Céu Claro";"Dupla";"Curva";"Sim";2;0;2;0;0;0;2;2;"-3.736507";"-38.65337";"SR-CE";"DEL16/1";"UOP01/CE"
187338;2019-01-18;"6";"08:30:00";"SE";101;67,6;"MARUIM";"Ultrapassagem Indevida";"Colisão frontal";"Com Vítimas Fatais";"Pleno dia";"Crescente";"Céu Claro";"Simples";"Reta";"Não";8;1;0;6;0;1;6;2;"-10.7853";"-37.1421";"SR-SE";"DEL20/1";"UOP01/SE"
187339;2019-01-25;"6";"11:37:00";"RS";471;478,8;"RIO GRANDE";"Condutor Dormindo";"Colisão frontal";"Com Vítimas Feridas";"Pleno dia";"Crescente";"Sol";"Simples";"Reta";"Sim";4;0;2;2;0;0;4;2;"-32.184608";"-52.427261";"SR-RS";"DEL9/7";"UOP02/RS"
187341;2019-01-16;"4";"07:30:00";"MA";135;123,8;"MIRANDA DO NORTE";"Falta de Atenção à Condução";"Colisão frontal";"Com Vítimas Feridas";"Pleno dia";"Crescente";"Nublado";"Simples";"Reta";"Não";4;0;0;2;2;0;2;2;"-3.541438";"-44.568504";"SR-MA";"DEL18/1";"UOP02/MA"
187342;2019-01-25;"6";"11:10:00";"PE";408;57,9;"TRACUNHAEM";"Não guardar distância de segurança";"Colisão traseira";"Com Vítimas Feridas";"Pleno dia";"Decrescente";"Céu Claro";"Simples";"Não Informado";"Sim";2;0;1;0;1;0;1;2;"-7.79832";"-35.24477";"SR-PE";"DEL11/1";"UOP01/PE"
187343;2019-01-23;"4";"18:15:00";"BA";367;32,6;"PORTO SEGURO";"Falta de Atenção à Condução";"Colisão frontal";"Com Vítimas Feridas";"Anoitecer";"Decrescente";"Céu Claro";"Simples";"Reta";"Não";7;0;4;2;0;1;6;2;"-16.422001";"-39.14463";"SR-BA";"DEL10/9";"UOP01/BA"
187344;2019-01-25;"6";"11:10:00";"PE";101;50;"ABREU E LIMA";"Falta de Atenção à Condução";"Colisão transversal";"Com Vítimas Feridas";"Pleno dia";"Crescente";"Sol";"Múltipla";"Reta";"Sim";2;0;1;0;1;0;1;2;"-7.9148";"-34.8984";"SR-PE";"DEL11/1";"UOP02/PE"
187345;2019-01-25;"6";"12:24:00";"RJ";116;142;"DUQUE DE CAXIAS";"Falta de Atenção à Condução";"Colisão lateral";"Com Vítimas Feridas";"Pleno dia";"Decrescente";"Céu Claro";"Dupla";"Reta";"Sim";3;0;1;0;2;0;1;2;"-22.648762";"-43.230316";"SR-RJ";"DEL5/4";"UOP02/RJ"
187347;2019-01-25;"6";"12:20:00";"RS";101;1,4;"TORRES";"Falta de Atenção à Condução";"Engavetamento";"Com Vítimas Feridas";"Pleno dia";"Decrescente";"Céu Claro";"Dupla";"Viaduto";"Sim";6;0;1;0;5;0;1;4;"-29.307631";"-49.772755";"SR-RS";"DEL9/3";"UOP03/RS"
187348;2019-01-25;"6";"12:00:00";"PE";232;13,4;"JABOATAO DOS GUARARAPES";"Falta de Atenção à Condução";"Saída de leito carroçável";"Com Vítimas Feridas";"Pleno dia";"Crescente";"Céu Claro";"Dupla";"Curva";"Não";1;0;1;0;0;0;1;1;"-8.088272";"-35.013311";"SR-PE";"DEL11/1";"UOP01/PE"
187351;2019-01-25;"6";"13:12:00";"PR";277;367,9;"GUARAPUAVA";"Falta de Atenção à Condução";"Colisão transversal";"Com Vítimas Feridas";"Pleno dia";"Decrescente";"Sol";"Simples";"Não Informado";"Não";3;0;2;0;1;0;2;2;"-25.41374118";"-51.67599678";"SR-PR";"DEL7/3";"UOP02/PR"
187352;2019-01-25;"6";"11:25:00";"MG";116;757,9;"LEOPOLDINA";"Desobediência às normas de trânsito pelo condutor";"Colisão traseira";"Sem Vítimas";"Pleno dia";"Decrescente";"Céu Claro";"Simples";"Reta";"Não";2;0;0;0;2;0;0;2;"-21.521114";"-42.61631012";"SR-MG";"DEL4/7";"UOP01/MG"
187353;2019-01-25;"6";"12:30:00";"PA";230;121;"MARABA";"Falta de Atenção à Condução";"Colisão lateral";"Com Vítimas Feridas";"Pleno dia";"Crescente";"Céu Claro";"Dupla";"Curva";"Sim";2;0;1;0;1;0;1;2;"-5.36589103";"-49.12599217";"SR-PA";"DEL19/3";"UOP01/PA"
187355;2019-01-25;"6";"08:50:00";"RS";285;96;"MONTE ALEGRE DOS CAMPOS";"Falta de Atenção à Condução";"Colisão transversal";"Com Vítimas Feridas";"Pleno dia";"Decrescente";"Céu Claro";"Simples";"Interseção de vias";"Não";5;0;2;1;2;0;3;2;"-28.597429";"-50.742641";"SR-RS";"DEL9/5";"UOP03/RS"
187356;2019-01-25;"6";"12:50:00";"SC";470;138;"RIO DO SUL";"Desobediência às normas de trânsito pelo condutor";"Colisão traseira";"Com Vítimas Feridas";"Pleno dia";"Decrescente";"Céu Claro";"Simples";"Reta";"Não";2;0;1;0;1;0;1;2;"-27.207214";"-49.648476";"SR-SC";"DEL8/4";"UOP02/SC"
187357;2019-01-25;"6";"13:45:00";"PA";316;31;"SANTA IZABEL DO PARA";"Avarias e/ou desgaste excessivo no pneu";"Saída de leito carroçável";"Com Vítimas Feridas";"Pleno dia";"Decrescente";"Chuva";"Dupla";"Curva";"Sim";1;0;1;0;0;0;1;1;"-1.289763";"-48.156025";"SR-PA";"DEL19/1";"UOP01/PA"
187358;2019-01-25;"6";"13:56:00";"RS";116;248,3;"SAO LEOPOLDO";"Velocidade Incompatível";"Colisão traseira";"Com Vítimas Feridas";"Pleno dia";"Decrescente";"Sol";"Dupla";"Curva";"Sim";5;0;0;1;4;0;1;5;"-29.776119";"-51.155102";"SR-RS";"DEL9/1";"UOP02/RS"
187361;2019-01-25;"6";"12:55:00";"CE";116;22,9;"ITAITINGA";"Não guardar distância de segurança";"Colisão traseira";"Com Vítimas Feridas";"Pleno dia";"Decrescente";"Céu Claro";"Dupla";"Curva";"Não";3;0;2;0;1;0;2;2;"-3.94852868";"-38.51184879";"SR-CE";"DEL16/1";"UOP02/CE"
187363;2019-01-25;"6";"13:20:00";"PE";232;9,9;"JABOATAO DOS GUARARAPES";"Desobediência às normas de trânsito pelo condutor";"Colisão frontal";"Com Vítimas Feridas";"Pleno dia";"Decrescente";"Céu Claro";"Simples";"Reta";"Sim";2;0;2;0;0;0;2;2;"-8.077656";"-34.978714";"SR-PE";"DEL11/1";"UOP01/PE"
187364;2019-01-25;"6";"13:50:00";"RN";226;12;"MACAIBA";"Falta de Atenção à Condução";"Colisão traseira";"Com Vítimas Feridas";"Pleno dia";"Decrescente";"Sol";"Simples";"Reta";"Sim";2;0;0;1;1;0;1;2;"-5.847669";"-35.312698";"SR-RN";"DEL15/1";"UOP02/RN"
187366;2019-01-25;"6";"13:30:00";"PB";230;23,8;"JOAO PESSOA";"Não guardar distância de segurança";"Engavetamento";"Com Vítimas Feridas";"Pleno dia";"Decrescente";"Sol";"Dupla";"Não Informado";"Sim";10;0;4;1;5;0;5;8;"-7.16252138";"-34.86097097";"SR-PB";"DEL14/1";"UOP00/PB"
187367;2019-01-25;"6";"13:50:00";"RN";304;296,3;"MACAIBA";"Não guardar distância de segurança";"Engavetamento";"Sem Vítimas";"Pleno dia";"Crescente";"Céu Claro";"Simples";"Ponte";"Sim";5;0;0;0;5;0;0;3;"-5.864849";"-35.349312";"SR-RN";"DEL15/1";"UOP02/RN"
187369;2019-01-25;"6";"12:45:00";"ES";101;12,5;"PEDRO CANARIO";"Carga excessiva e/ou mal acondicionada";"Tombamento";"Com Vítimas Feridas";"Pleno dia";"Decrescente";"Céu Claro";"Simples";"Curva";"Não";1;0;1;0;0;0;1;1;"-18.265766";"-39.957359";"SR-ES";"DEL12/4";"UOP02/ES"
187370;2019-01-25;"6";"15:00:00";"PR";369;193;"ARAPONGAS";"Carga excessiva e/ou mal acondicionada";"Derramamento de carga";"Com Vítimas Feridas";"Pleno dia";"Decrescente";"Sol";"Dupla";"Reta";"Não";2;0;0;1;1;0;1;2;"-23.48367";"-51.42388";"SR-PR";"DEL7/7";"UOP03/PR"
187371;2019-01-25;"6";"12:10:00";"RS";116;203;"PICADA CAFE";"Velocidade Incompatível";"Saída de leito carroçável";"Com Vítimas Feridas";"Pleno dia";"Decrescente";"Céu Claro";"Simples";"Curva";"Não";1;0;1;0;0;0;1;1;"-29.491133";"-51.149986";"SR-RS";"DEL9/5";"UOP02/RS"
187372;2019-01-25;"6";"09:00:00";"TO";153;460,5;"BARROLANDIA";"Falta de Atenção à Condução";"Saída de leito carroçável";"Com Vítimas Feridas";"Pleno dia";"Crescente";"Céu Claro";"Simples";"Reta";"Não";1;0;1;0;0;0;1;1;"-9.915545";"-48.731834";"SR-TO";"UOP02/TO";""
187374;2019-01-25;"6";"14:30:00";"CE";116;8,1;"FORTALEZA";"Falta de Atenção à Condução";"Colisão transversal";"Com Vítimas Feridas";"Pleno dia";"Decrescente";"Céu Claro";"Dupla";"Interseção de vias";"Sim";2;0;1;0;1;0;1;2;"-3.8301";"-38.5049";"SR-CE";"DEL16/1";"UOP02/CE"
187375;2019-01-25;"6";"15:30:00";"GO";153;574,8;"PROFESSOR JAMIL";"Falta de Atenção à Condução";"Saída de leito carroçável";"Com Vítimas Feridas";"Pleno dia";"Decrescente";"Céu Claro";"Dupla";"Curva";"Não";1;0;1;0;0;0;1;1;"-17.3387";"-49.2399";"SR-GO";"DEL1/3";"UOP01/GO"
187376;2019-01-25;"6";"15:10:00";"ES";101;144,9;"LINHARES";"Falta de Atenção à Condução";"Colisão transversal";"Com Vítimas Feridas";"Pleno dia";"Crescente";"Céu Claro";"Múltipla";"Interseção de vias";"Sim";3;0;1;0;1;1;1;2;"-19.35873038";"-40.06459778";"SR-ES";"DEL12/4";"UOP01/ES"
187377;2019-01-25;"6";"14:40:00";"CE";222;31,5;"CAUCAIA";"Não guardar distância de segurança";"Engavetamento";"Sem Vítimas";"Pleno dia";"Decrescente";"Céu Claro";"Simples";"Reta";"Sim";4;0;0;0;3;1;0;3;"-3.710199";"-38.828724";"SR-CE";"DEL16/1";"UOP01/CE"
187379;2019-01-25;"6";"13:50:00";"ES";101;312,2;"VILA VELHA";"Objeto estático sobre o leito carroçável";"Colisão com objeto em movimento";"Com Vítimas Feridas";"Pleno dia";"Crescente";"Céu Claro";"Simples";"Reta";"Não";1;0;1;0;0;0;1;1;"-20.4458751";"-40.4606686";"SR-ES";"DEL12/3";"UOP01/ES"
187380;2019-01-25;"6";"15:40:00";"RJ";116;125,7;"MAGE";"Falta de Atenção à Condução";"Colisão com objeto estático";"Com Vítimas Feridas";"Pleno dia";"Decrescente";"Chuva";"Dupla";"Curva";"Sim";1;0;1;0;0;0;1;1;"-22.6516";"-43.077751";"SR-RJ";"DEL5/4";"UOP02/RJ"
187383;2019-01-25;"6";"14:45:00";"RJ";101;326;"NITEROI";"Não guardar distância de segurança";"Colisão traseira";"Com Vítimas Feridas";"Pleno dia";"Decrescente";"Céu Claro";"Dupla";"Reta";"Não";3;0;1;0;2;0;1;2;"-22.872055";"-43.146187";"SR-RJ";"DEL5/2";"UOP01/RJ"
187384;2019-01-25;"6";"15:40:00";"MG";381;930;"ITAPEVA";"Velocidade Incompatível";"Saída de leito carroçável";"Com Vítimas Feridas";"Pleno dia";"Decrescente";"Chuva";"Dupla";"Curva";"Não";1;0;1;0;0;0;1;1;"-22.7853";"-46.2414";"SR-MG";"DEL09";"UOP03/MG"
187385;2019-01-25;"6";"16:30:00";"SP";116;508,5;"CAJATI";"Não guardar distância de segurança";"Colisão traseira";"Com Vítimas Feridas";"Pleno dia";"Crescente";"Céu Claro";"Dupla";"Curva";"Não";3;0;2;0;0;1;2;2;"-24.90418747";"-48.25469971";"SR-SP";"DEL6/5";"UOP02/SP"
187387;2019-01-25;"6";"14:40:00";"SP";116;350;"MIRACATU";"Condutor Dormindo";"Colisão traseira";"Com Vítimas Feridas";"Pleno dia";"Decrescente";"Nublado";"Dupla";"Não Informado";"Não";5;0;1;0;4;0;1;2;"-24.05818156";"-47.22528934";"SR-SP";"DEL6/4";"UOP02/SP"
187388;2019-01-25;"6";"11:00:00";"RS";153;579;"BAGE";"Condutor Dormindo";"Saída de leito carroçável";"Com Vítimas Feridas";"Pleno dia";"Decrescente";"Céu Claro";"Simples";"Não Informado";"Não";1;0;1;0;0;0;1;1;"-31.065966";"-53.683304";"SR-RS";"DEL9/11";"UOP03/RS"
187389;2019-01-25;"6";"15:50:00";"MG";262;368;"JUATUBA";"Falta de Atenção à Condução";"Capotamento";"Com Vítimas Feridas";"Pleno dia";"Crescente";"Céu Claro";"Dupla";"Reta";"Não";1;0;1;0;0;0;1;1;"-19.9568";"-44.344";"SR-MG";"DEL4/1";"UOP03/MG"
187390;2019-01-25;"6";"15:40:00";"SP";116;154;"SAO JOSE DOS CAMPOS";"Falta de Atenção à Condução";"Colisão traseira";"Com Vítimas Feridas";"Pleno dia";"Decrescente";"Chuva";"Múltipla";"Reta";"Não";1;0;1;0;0;0;1;1;"-23.219809";"-45.899918";"SR-SP";"DEL6/2";"UOP01/SP"
187391;2019-01-25;"6";"11:00:00";"PI";135;325;"SANTA LUZ";"Falta de Atenção do Pedestre";"Atropelamento de Pedestre";"Com Vítimas Feridas";"Pleno dia";"Crescente";"Céu Claro";"Simples";"Reta";"Não";2;0;0;1;1;0;1;1;"-8.885297";"-44.244171";"SR-PI";"DEL17/3";"UOP02/PI"
187392;2019-01-25;"6";"16:15:00";"SP";381;69;"MAIRIPORA";"Pista Escorregadia";"Colisão com objeto estático";"Sem Vítimas";"Pleno dia";"Decrescente";"Chuva";"Dupla";"Curva";"Sim";1;0;0;0;1;0;0;1;"-23.35060406";"-46.5600189";"SR-SP";"DEL6/3";"UOP02/SP"
187393;2019-01-25;"6";"15:50:00";"ES";101;297,8;"VIANA";"Falta de Atenção à Condução";"Colisão traseira";"Com Vítimas Feridas";"Pleno dia";"Decrescente";"Céu Claro";"Múltipla";"Não Informado";"Sim";4;0;2;0;2;0;2;2;"-20.35340138";"-40.41533324";"SR-ES";"DEL12/1";"UOP01/ES"
187395;2019-01-25;"6";"16:20:00";"SP";381;70,5;"MAIRIPORA";"Carga excessiva e/ou mal acondicionada";"Derramamento de carga";"Sem Vítimas";"Pleno dia";"Crescente";"Céu Claro";"Dupla";"Curva";"Sim";1;0;0;0;1;0;0;1;"-23.349114";"-46.554468";"SR-SP";"DEL6/3";"UOP02/SP"
187396;2019-01-25;"6";"15:10:00";"BA";116;846,2;"VITORIA DA CONQUISTA";"Velocidade Incompatível";"Saída de leito carroçável";"Com Vítimas Feridas";"Pleno dia";"Crescente";"Chuva";"Simples";"Curva";"Não";1;0;1;0;0;0;1;1;"-15.02748904";"-40.95608711";"SR-BA";"DEL10/8";"UOP03/BA"
187397;2019-01-25;"6";"17:15:00";"SC";470;62,2;"INDAIAL";"Desobediência às normas de trânsito pelo condutor";"Atropelamento de Pedestre";"Com Vítimas Feridas";"Pleno dia";"Crescente";"Nublado";"Simples";"Reta";"Não";2;0;1;1;0;0;2;1;"-26.874521";"-49.182938";"SR-SC";"DEL8/4";"UOP01/SC"
187398;2019-01-25;"6";"16:50:00";"SC";282;3,7;"FLORIANOPOLIS";"Falta de Atenção à Condução";"Colisão lateral";"Com Vítimas Feridas";"Pleno dia";"Crescente";"Nublado";"Múltipla";"Curva";"Sim";2;0;1;0;1;0;1;2;"-27.592646";"-48.604034";"SR-SC";"DEL8/1";"UOP01/SC"
187399;2019-01-25;"6";"09:10:00";"MA";135;6,1;"SAO LUIS";"Falta de Atenção à Condução";"Colisão transversal";"Sem Vítimas";"Pleno dia";"Crescente";"Garoa/Chuvisco";"Dupla";"Reta";"Sim";3;0;0;0;3;0;0;2;"-2.628887";"-44.263302";"SR-MA";"DEL18/1";"UOP01/MA"
187400;2019-01-25;"6";"16:00:00";"CE";116;27;"ITAITINGA";"Ingestão de Álcool";"Colisão traseira";"Com Vítimas Feridas";"Pleno dia";"Crescente";"Sol";"Dupla";"Reta";"Sim";9;0;4;0;5;0;4;2;"-3.9978";"-38.5162";"SR-CE";"DEL16/1";"UOP02/CE"
187401;2019-01-25;"6";"15:50:00";"SC";101;394;"CRICIUMA";"Desobediência às normas de trânsito pelo condutor";"Colisão transversal";"Com Vítimas Feridas";"Pleno dia";"Decrescente";"Céu Claro";"Simples";"Curva";"Não";2;0;0;1;1;0;1;2;"-28.825";"-49.404";"SR-SC";"DEL8/2";"UOP02/SC"
187402;2019-01-25;"6";"16:15:00";"MT";163;750;"SORRISO";"Desobediência às normas de trânsito pelo condutor";"Colisão traseira";"Com Vítimas Feridas";"Pleno dia";"Crescente";"Céu Claro";"Dupla";"Retorno Regulamentado";"Sim";3;0;1;1;1;0;2;2;"-12.57341298";"-55.72782755";"SR-MT";"DEL2/6";"UOP01/MT"
187403;2019-01-25;"6";"15:00:00";"RS";158;394,3;"SAO GABRIEL";"Defeito Mecânico no Veículo";"Incêndio";"Sem Vítimas";"Pleno dia";"Decrescente";"Céu Claro";"Simples";"Reta";"Não";1;0;0;0;0;1;0;1;"-29.936205";"-54.377316";"SR-RS";"DEL9/9";"UOP01/RS"
187405;2019-01-25;"6";"16:30:00";"PR";277;44;"MORRETES";"Não guardar distância de segurança";"Colisão traseira";"Com Vítimas Feridas";"Pleno dia";"Crescente";"Garoa/Chuvisco";"Dupla";"Não Informado";"Não";3;0;1;0;2;0;1;2;"-25.59309243";"-48.88990581";"SR-PR";"DEL7/1";"UOP06/PR"
187406;2019-01-25;"6";"17:25:00";"RS";290;107;"ELDORADO DO SUL";"Desobediência às normas de trânsito pelo condutor";"Colisão frontal";"Com Vítimas Feridas";"Pleno dia";"Crescente";"Céu Claro";"Simples";"Reta";"Sim";2;0;0;1;1;0;1;2;"-30.001852";"-51.304264";"SR-RS";"DEL9/2";"UOP01/RS"
187407;2019-01-25;"6";"17:45:00";"SC";282;2,7;"FLORIANOPOLIS";"Falta de Atenção à Condução";"Colisão lateral";"Com Vítimas Feridas";"Pleno dia";"Decrescente";"Céu Claro";"Múltipla";"Viaduto";"Sim";2;0;2;0;0;0;2;2;"-27.60334148";"-48.58994901";"SR-SC";"DEL8/1";"UOP01/SC"
187408;2019-01-25;"6";"15:50:00";"PR";277;37;"MORRETES";"Pista Escorregadia";"Danos eventuais";"Sem Vítimas";"Pleno dia";"Decrescente";"Garoa/Chuvisco";"Dupla";"Curva";"Não";1;0;0;0;1;0;0;1;"-25.57217556";"-48.83560181";"SR-PR";"DEL7/1";"UOP07/PR"
187409;2019-01-25;"6";"16:30:00";"PB";230;23;"JOAO PESSOA";"Falta de Atenção à Condução";"Engavetamento";"Sem Vítimas";"Pleno dia";"Decrescente";"Céu Claro";"Dupla";"Viaduto";"Sim";5;0;0;0;4;1;0;5;"-7.1562";"-34.8574";"SR-PB";"DEL14/1";"UOP00/PB"
187410;2019-01-25;"6";"17:30:00";"RN";304;37,5;"MOSSORO";"Desobediência às normas de trânsito pelo condutor";"Colisão traseira";"Com Vítimas Feridas";"Anoitecer";"Crescente";"Céu Claro";"Dupla";"Viaduto";"Sim";2;0;1;0;1;0;1;2;"-5.177903";"-37.365639";"SR-RN";"DEL15/4";"UOP02/RN"
187411;2019-01-25;"6";"17:05:00";"PB";230;20,2;"JOAO PESSOA";"Não guardar distância de segurança";"Colisão traseira";"Com Vítimas Feridas";"Pleno dia";"Crescente";"Céu Claro";"Dupla";"Reta";"Sim";2;0;1;0;0;1;1;2;"-7.1337";"-34.8544";"SR-PB";"DEL14/1";"UOP00/PB"
187412;2019-01-25;"6";"16:00:00";"PR";116;121;"CURITIBA";"Velocidade Incompatível";"Saída de leito carroçável";"Sem Vítimas";"Pleno dia";"Crescente";"Nublado";"Dupla";"Reta";"Sim";1;0;0;0;1;0;0;1;"-25.551222";"-49.305038";"SR-PR";"DEL7/1";"UOP03/PR"
187413;2019-01-25;"6";"08:10:00";"BA";101;841;"VEREDA";"Desobediência às normas de trânsito pelo condutor";"Saída de leito carroçável";"Com Vítimas Feridas";"Pleno dia";"Crescente";"Céu Claro";"Simples";"Curva";"Não";3;0;3;0;0;0;3;1;"-17.2503";"-39.6256";"SR-BA";"DEL10/9";"UOP03/BA"
187414;2019-01-25;"6";"16:15:00";"RR";174;501;"BOA VISTA";"Ingestão de Álcool";"Colisão traseira";"Com Vítimas Feridas";"Pleno dia";"Crescente";"Céu Claro";"Múltipla";"Reta";"Sim";3;0;1;0;2;0;1;2;"2.781689";"-60.703827";"SR-RR";"UOP01/RR";""
187415;2019-01-25;"6";"16:30:00";"PB";230;23;"JOAO PESSOA";"Falta de Atenção à Condução";"Colisão traseira";"Com Vítimas Feridas";"Pleno dia";"Decrescente";"Céu Claro";"Dupla";"Viaduto";"Sim";2;0;1;0;0;1;1;2;"-7.1562";"-34.8574";"SR-PB";"DEL14/1";"UOP00/PB"
187416;2019-01-25;"6";"18:35:00";"SC";101;203,7;"SAO JOSE";"Não guardar distância de segurança";"Colisão traseira";"Com Vítimas Feridas";"Pleno dia";"Decrescente";"Nublado";"Múltipla";"Não Informado";"Sim";3;0;2;0;1;0;2;2;"-27.5742";"-48.6134";"SR-SC";"DEL8/1";"UOP01/SC"
187418;2019-01-25;"6";"18:20:00";"SC";470;53,7;"BLUMENAU";"Desobediência às normas de trânsito pelo condutor";"Colisão transversal";"Com Vítimas Feridas";"Pleno dia";"Crescente";"Chuva";"Simples";"Curva";"Sim";2;0;1;0;1;0;1;2;"-26.87103815";"-49.10735434";"SR-SC";"DEL8/4";"UOP01/SC"
187419;2019-01-25;"6";"17:25:00";"SP";381;72;"SAO PAULO";"Falta de Atenção do Pedestre";"Tombamento";"Com Vítimas Feridas";"Pleno dia";"Decrescente";"Chuva";"Múltipla";"Reta";"Não";1;0;1;0;0;0;1;1;"-23.36047911";"-46.5506201";"SR-SP";"DEL6/3";"UOP02/SP"
187420;2019-01-25;"6";"17:45:00";"PB";230;17,2;"JOAO PESSOA";"Falta de Atenção à Condução";"Colisão lateral";"Com Vítimas Feridas";"Anoitecer";"Crescente";"Céu Claro";"Dupla";"Retorno Regulamentado";"Sim";2;0;1;0;1;0;1;2;"-7.1121";"-34.8426";"SR-PB";"DEL14/1";"UOP00/PB"
187421;2019-01-25;"6";"18:50:00";"SP";153;255,8;"MARILIA";"Velocidade Incompatível";"Tombamento";"Com Vítimas Feridas";"Pleno dia";"Decrescente";"Nublado";"Dupla";"Reta";"Sim";1;0;1;0;0;0;1;1;"-22.23253967";"-49.9187851";"SR-SP";"DEL6/07";"UOP02/SP"
187422;2019-01-25;"6";"18:30:00";"PR";476;351;"UNIAO DA VITORIA";"Defeito Mecânico no Veículo";"Queda de ocupante de veículo";"Com Vítimas Feridas";"Pleno dia";"Crescente";"Céu Claro";"Simples";"Reta";"Não";1;0;1;0;0;0;1;1;"-26.196728";"-50.982819";"SR-PR";"DEL7/2";"UOP02/PR"
187423;2019-01-25;"6";"18:25:00";"SC";101;425,8;"ARARANGUA";"Falta de Atenção à Condução";"Tombamento";"Com Vítimas Feridas";"Pleno dia";"Crescente";"Céu Claro";"Dupla";"Reta";"Sim";1;0;1;0;0;0;1;1;"-29.02852156";"-49.60285708";"SR-SC";"DEL8/2";"UOP02/SC"
187424;2019-01-25;"6";"19:05:00";"SP";116;213;"GUARULHOS";"Pista Escorregadia";"Colisão com objeto estático";"Com Vítimas Feridas";"Plena Noite";"Decrescente";"Chuva";"Simples";"Reta";"Não";1;0;1;0;0;0;1;1;"-23.42991475";"-46.41376376";"SR-SP";"DEL6/1";"UOP01/SP"
187425;2019-01-25;"6";"19:00:00";"SC";470;125;"IBIRAMA";"Velocidade Incompatível";"Colisão traseira";"Com Vítimas Feridas";"Pleno dia";"Crescente";"Céu Claro";"Simples";"Reta";"Não";2;0;1;0;1;0;1;2;"-27.108916";"-49.52475116";"SR-SC";"DEL8/4";"UOP02/SC"
187426;2019-01-25;"6";"18:00:00";"GO";50;314,1;"CUMARI";"Ingestão de Álcool";"Colisão com objeto estático";"Sem Vítimas";"Pleno dia";"Crescente";"Sol";"Simples";"Não Informado";"Não";1;0;0;0;1;0;0;1;"-18.42465191";"-48.06664467";"SR-GO";"DEL1/6";"UOP01/GO"
187427;2019-01-25;"6";"18:30:00";"ES";101;261,5;"SERRA";"Não guardar distância de segurança";"Engavetamento";"Com Vítimas Feridas";"Pleno dia";"Crescente";"Céu Claro";"Simples";"Não Informado";"Sim";4;0;1;0;3;0;1;3;"-20.15742827";"-40.27687334";"SR-ES";"DEL12/2";"UOP01/ES"
187428;2019-01-07;"2";"00:40:00";"BA";101;794;"ITAMARAJU";"Falta de Atenção à Condução";"Saída de leito carroçável";"Com Vítimas Feridas";"Plena Noite";"Crescente";"Céu Claro";"Simples";"Não Informado";"Não";3;0;3;0;0;0;3;1;"-16.9058";"-39.5238";"SR-BA";"DEL10/9";"UOP01/BA"