"id";"data_inversa";"dia_semana";"horario";"uf";"br";"km";"municipio";"causa_acidente";"tipo_acidente";"classificacao_acidente";"fase_dia";"sentido_via";"condicao_metereologica";"tipo_pista";"tracado_via";"uso_solo";"pessoas";"mortos";"feridos_leves";"feridos_graves";"ilesos";"ignorados";"feridos";"veiculos";"latitude";"longitude";"regional";"delegacia";"uop"
187431;2019-01-25;"6";"17:50:00";"MG";153;44,9;"CANAPOLIS";"Animais na Pista";"Saída de leito carroçável";"Com Vítimas Feridas";"Pleno dia";"Crescente";"Céu Claro";"Dupla";"Desvio Temporário";"Não";1;0;1;0;0;0;1;1;"-18.7782";"-49.077";"SR-MG";"DEL4/15";"UOP03/MG"
187433;2019-01-25;"6";"17:15:00";"MA";135;107;"ITAPECURU MIRIM";"Pista Escorregadia";"Colisão lateral";"Com Vítimas Feridas";"Pleno dia";"Decrescente";"Chuva";"Simples";"Reta";"Não";6;0;3;0;3;0;3;4;"-3.409386";"-44.514267";"SR-MA";"DEL18/1";"UOP02/MA"
187434;2019-01-25;"6";"18:35:00";"RN";406;116;"POCO BRANCO";"Animais na Pista";"Atropelamento de Animal";"Com Vítimas Feridas";"Plena Noite";"Crescente";"Céu Claro";"Simples";"Reta";"Não";4;0;1;0;3;0;1;4;"-5.57771698";"-35.68771362";"SR-RN";"DEL15/2";"UOP01/RN"
187435;2019-01-25;"6";"14:00:00";"MA";230;2;"BARAO DE GRAJAU";"Ingestão de Álcool";"Colisão lateral";"Com Vítimas Feridas";"Pleno dia";"Crescente";"Nublado";"Simples";"Reta";"Não";2;0;1;0;1;0;1;2;"-6.753782";"-43.027554";"SR-PI";"DEL17/3";"UOP01/PI"
187436;2019-01-25;"6";"20:00:00";"ES";101;244,5;"SERRA";"Desobediência às normas de trânsito pelo condutor";"Colisão lateral";"Com Vítimas Feridas";"Plena Noite";"Decrescente";"Céu Claro";"Simples";"Reta";"Não";9;0;0;5;2;2;5;3;"-20.02994158";"-40.39786309";"SR-ES";"DEL12/2";"UOP01/ES"
187437;2019-01-25;"6";"19:00:00";"RJ";101;570;"PARATY";"Pista Escorregadia";"Colisão lateral";"Com Vítimas Feridas";"Anoitecer";"Crescente";"Chuva";"Simples";"Curva";"Não";4;0;1;0;3;0;1;3;"-23.18396";"-44.71784";"SR-RJ";"DEL5/3";"UOP04/RJ"
187438;2019-01-25;"6";"20:05:00";"SC";101;214,7;"PALHOCA";"Falta de Atenção à Condução";"Colisão lateral";"Com Vítimas Feridas";"Anoitecer";"Decrescente";"Céu Claro";"Dupla";"Reta";"Sim";3;0;1;1;1;0;2;2;"-27.652";"-48.676";"SR-SC";"DEL8/1";"UOP02/SC"
187439;2019-01-25;"6";"18:00:00";"MT";163;748;"SORRISO";"Avarias e/ou desgaste excessivo no pneu";"Saída de leito carroçável";"Com Vítimas Feridas";"Anoitecer";"Crescente";"Céu Claro";"Dupla";"Reta";"Não";1;0;1;0;0;0;1;1;"-12.58404235";"-55.73519122";"SR-MT";"DEL2/6";"UOP01/MT"
187440;2019-01-25;"6";"17:00:00";"PE";316;375;"PETROLANDIA";"Ingestão de Álcool";"Colisão traseira";"Com Vítimas Feridas";"Anoitecer";"Crescente";"Céu Claro";"Simples";"Reta";"Sim";3;0;1;0;2;0;1;2;"-8.98715747";"-38.21697235";"SR-BA";"DEL10/7";"UOP01/BA"
187441;2019-01-25;"6";"19:05:00";"MS";262;452,8;"DOIS IRMAOS DO BURITI";"Restrição de Visibilidade";"Colisão traseira";"Com Vítimas Feridas";"Anoitecer";"Crescente";"Sol";"Simples";"Reta";"Não";3;0;1;1;1;0;2;2;"-20.53797086";"-55.43186188";"SR-MS";"DEL3/3";"UOP01/MS"
187442;2019-01-25;"6";"19:20:00";"PR";116;40;"CAMPINA GRANDE DO SUL";"Velocidade Incompatível";"Saída de leito carroçável";"Sem Vítimas";"Anoitecer";"Decrescente";"Chuva";"Dupla";"Curva";"Não";1;0;0;0;1;0;0;1;"-25.16453";"-48.862446";"SR-PR";"DEL7/1";"UOP02/PR"
187443;2019-01-25;"6";"19:50:00";"SP";153;67,3;"SAO JOSE DO RIO PRETO";"Falta de Atenção à Condução";"Tombamento";"Com Vítimas Feridas";"Plena Noite";"Crescente";"Nublado";"Simples";"Reta";"Não";1;0;1;0;0;0;1;1;"-20.85055041";"-49.38165665";"SR-SP";"DEL6/9";"UOP01/SP"
187444;2019-01-25;"6";"19:20:00";"CE";304;49,4;"ARACATI";"Animais na Pista";"Atropelamento de Animal";"Com Vítimas Feridas";"Plena Noite";"Decrescente";"Céu Claro";"Simples";"Reta";"Sim";2;0;1;1;0;0;2;1;"-4.578963";"-37.770653";"SR-CE";"DEL16/3";"UOP03/CE"
187445;2019-01-25;"6";"20:10:00";"RJ";40;110;"DUQUE DE CAXIAS";"Não guardar distância de segurança";"Colisão lateral";"Com Vítimas Feridas";"Plena Noite";"Decrescente";"Chuva";"Múltipla";"Desvio Temporário";"Sim";4;0;1;0;3;0;1;2;"-22.695215";"-43.288513";"SR-RJ";"DEL5/1";"UOP01/RJ"
187446;2019-01-25;"6";"20:50:00";"SC";101;125;"ITAJAI";"Desobediência às normas de trânsito pelo condutor";"Colisão lateral";"Com Vítimas Feridas";"Plena Noite";"Crescente";"Nublado";"Dupla";"Reta";"Não";2;0;0;1;1;0;1;2;"-26.9557";"-48.6796";"SR-SC";"DEL8/4";"UOP04/SC"
187447;2019-01-25;"6";"15:30:00";"PI";343;540,7;"FRANCISCO AYRES";"Defeito Mecânico no Veículo";"Saída de leito carroçável";"Com Vítimas Feridas";"Pleno dia";"Crescente";"Nublado";"Simples";"Reta";"Não";3;0;0;1;2;0;1;1;"-6.53252";"-42.796818";"SR-PI";"DEL17/3";"UOP01/PI"
187448;2019-01-25;"6";"17:40:00";"AC";364;123,3;"RIO BRANCO";"Não guardar distância de segurança";"Colisão traseira";"Com Vítimas Feridas";"Anoitecer";"Crescente";"Céu Claro";"Dupla";"Reta";"Não";1;0;1;0;0;0;1;1;"-10.011705";"-67.782433";"SR-AC";"UOP01/AC";""
187449;2019-01-25;"6";"16:20:00";"MT";364;312;"JACIARA";"Falta de Atenção à Condução";"Capotamento";"Com Vítimas Feridas";"Pleno dia";"Crescente";"Chuva";"Dupla";"Desvio Temporário";"Não";5;0;4;0;1;0;4;1;"-15.812568";"-55.256477";"SR-MT";"DEL2/1";"UOP02/MT"
187450;2019-01-25;"6";"16:50:00";"MT";364;277,5;"JACIARA";"Falta de Atenção à Condução";"Colisão transversal";"Sem Vítimas";"Pleno dia";"Decrescente";"Chuva";"Dupla";"Curva";"Não";2;0;0;0;2;0;0;2;"-15.945487";"-55.006153";"SR-MT";"DEL2/1";"UOP02/MT"
187452;2019-01-25;"6";"21:25:00";"SC";101;398;"MARACAJA";"Falta de Atenção à Condução";"Colisão lateral";"Com Vítimas Feridas";"Plena Noite";"Crescente";"Céu Claro";"Dupla";"Reta";"Não";2;0;0;1;1;0;1;2;"-28.849";"-49.435";"SR-SC";"DEL8/2";"UOP02/SC"
187453;2019-01-25;"6";"21:55:00";"PR";376;168,6;"MARINGA";"Falta de Atenção à Condução";"Colisão traseira";"Com Vítimas Fatais";"Plena Noite";"Crescente";"Céu Claro";"Dupla";"Reta";"Não";3;1;0;0;2;0;0;3;"-23.409788";"-51.987453";"SR-PR";"DEL7/7";"UOP04/PR"
187454;2019-01-25;"6";"22:10:00";"PR";277;70;"SAO JOSE DOS PINHAIS";"Avarias e/ou desgaste excessivo no pneu";"Queda de ocupante de veículo";"Com Vítimas Feridas";"Plena Noite";"Decrescente";"Nublado";"Dupla";"Reta";"Não";1;0;1;0;0;0;1;1;"-25.51401684";"-49.12210464";"SR-PR";"DEL7/1";"UOP06/PR"
187455;2019-01-25;"6";"21:10:00";"SC";280;128,2;"RIO NEGRINHO";"Desobediência às normas de trânsito pelo pedestre";"Atropelamento de Pedestre";"Com Vítimas Feridas";"Plena Noite";"Crescente";"Nublado";"Simples";"Não Informado";"Sim";2;0;1;0;1;0;1;1;"-26.243179";"-49.513199";"SR-SC";"DEL8/6";"UOP03/SC"
187456;2019-01-25;"6";"21:50:00";"RS";290;106;"ELDORADO DO SUL";"Avarias e/ou desgaste excessivo no pneu";"Tombamento";"Com Vítimas Feridas";"Plena Noite";"Decrescente";"Céu Claro";"Dupla";"Reta";"Não";2;0;1;0;1;0;1;1;"-29.998999";"-51.294563";"SR-RS";"DEL9/2";"UOP01/RS"
187457;2019-01-25;"6";"20:00:00";"BA";101;378;"GANDU";"Velocidade Incompatível";"Colisão frontal";"Com Vítimas Fatais";"Plena Noite";"Crescente";"Céu Claro";"Simples";"Curva";"Não";2;1;0;0;1;0;0;2;"-13.8503";"-39.4972";"SR-BA";"DEL10/5";"UOP03/BA"
187458;2019-01-24;"5";"06:00:00";"PI";316;296;"PICOS";"Falta de Atenção à Condução";"Tombamento";"Sem Vítimas";"Amanhecer";"Crescente";"Céu Claro";"Simples";"Curva";"Não";1;0;0;0;1;0;0;1;"-7.02636083";"-41.56042099";"SR-PI";"DEL17/4";"UOP01/PI"
187459;2019-01-25;"6";"19:10:00";"PA";316;64;"CASTANHAL";"Ingestão de Álcool";"Colisão transversal";"Sem Vítimas";"Anoitecer";"Crescente";"Céu Claro";"Dupla";"Reta";"Não";2;0;0;0;2;0;0;2;"-1.296296";"-47.919842";"SR-PA";"DEL19/1";"UOP02/PA"
187460;2019-01-25;"6";"19:25:00";"PI";343;345,5;"TERESINA";"Desobediência às normas de trânsito pelo condutor";"Colisão transversal";"Com Vítimas Feridas";"Plena Noite";"Decrescente";"Chuva";"Dupla";"Interseção de vias";"Sim";2;0;1;0;1;0;1;2;"-5.10606057";"-42.76774948";"SR-PI";"DEL17/1";"UOP01/PI"
187461;2019-01-25;"6";"20:40:00";"BA";101;263;"SANTO ANTONIO DE JESUS";"Falta de Atenção à Condução";"Colisão lateral";"Com Vítimas Feridas";"Plena Noite";"Decrescente";"Céu Claro";"Simples";"Reta";"Sim";2;0;1;0;1;0;1;2;"-12.9781";"-39.2801";"SR-BA";"DEL10/1";"UOP02/BA"
187462;2019-01-25;"6";"17:15:00";"MT";364;277,5;"JACIARA";"Falta de Atenção à Condução";"Colisão traseira";"Com Vítimas Feridas";"Pleno dia";"Decrescente";"Chuva";"Dupla";"Curva";"Não";2;0;0;1;1;0;1;2;"-15.950761";"-54.999538";"SR-MT";"DEL2/1";"UOP02/MT"
187463;2019-01-25;"6";"22:30:00";"SC";280;52,3;"GUARAMIRIM";"Falta de Atenção à Condução";"Colisão transversal";"Com Vítimas Feridas";"Plena Noite";"Crescente";"Nublado";"Simples";"Reta";"Sim";2;0;1;0;1;0;1;2;"-26.468904";"-48.96492";"SR-SC";"DEL8/3";"UOP03/SC"
187464;2019-01-25;"6";"23:15:00";"SC";282;216,6;"LAGES";"Desobediência às normas de trânsito pelo condutor";"Colisão lateral";"Com Vítimas Feridas";"Plena Noite";"Crescente";"Céu Claro";"Simples";"Curva";"Sim";4;0;2;0;2;0;2;2;"-27.797529";"-50.291862";"SR-SC";"DEL8/5";"UOP01/SC"
187467;2019-01-25;"6";"18:30:00";"MG";153;239,3;"FRONTEIRA";"Falta de Atenção à Condução";"Colisão traseira";"Com Vítimas Feridas";"Pleno dia";"Crescente";"Chuva";"Simples";"Reta";"Sim";4;0;1;0;3;0;1;2;"-20.25243574";"-49.17133592";"SR-MG";"DEL13";"UOP02/MG"
187468;2019-01-25;"6";"22:40:00";"SE";235;6;"NOSSA SENHORA DO SOCORRO";"Falta de Atenção à Condução";"Tombamento";"Com Vítimas Feridas";"Plena Noite";"Crescente";"Céu Claro";"Dupla";"Reta";"Sim";1;0;1;0;0;0;1;1;"-10.903851";"-37.128677";"SR-SE";"DEL20/1";"UOP01/SE"
187469;2019-01-25;"6";"21:50:00";"BA";110;322;"ALAGOINHAS";"Velocidade Incompatível";"Tombamento";"Com Vítimas Feridas";"Plena Noite";"Crescente";"Céu Claro";"Simples";"Curva";"Não";1;0;1;0;0;0;1;1;"-12.0431819";"-38.36099625";"SR-BA";"DEL10/1";"UOP04/BA"
187470;2019-01-25;"6";"22:30:00";"CE";116;183;"LIMOEIRO DO NORTE";"Condutor Dormindo";"Saída de leito carroçável";"Com Vítimas Feridas";"Pleno dia";"Crescente";"Céu Claro";"Simples";"Reta";"Não";1;0;1;0;0;0;1;1;"-5.117457";"-38.143829";"SR-CE";"DEL16/3";"UOP01/CE"
187471;2019-01-25;"6";"16:40:00";"MG";116;660,1;"SAO FRANCISCO DO GLORIA";"Defeito Mecânico no Veículo";"Incêndio";"Sem Vítimas";"Pleno dia";"Crescente";"Céu Claro";"Simples";"Não Informado";"Não";1;0;0;0;1;0;0;1;"-20.77937";"-42.299578";"SR-MG";"DEL4/7";"UOP03/MG"
187472;2019-01-25;"6";"23:30:00";"MG";381;587,2;"CARMOPOLIS DE MINAS";"Falta de Atenção à Condução";"Saída de leito carroçável";"Com Vítimas Feridas";"Plena Noite";"Crescente";"Céu Claro";"Dupla";"Não Informado";"Não";2;0;1;0;1;0;1;1;"-20.5331";"-44.639";"SR-MG";"DEL4/4";"UOP01/MG"
187473;2019-01-25;"6";"23:40:00";"SP";116;412,1;"JUQUIA";"Condutor Dormindo";"Colisão com objeto estático";"Com Vítimas Feridas";"Plena Noite";"Crescente";"Nublado";"Dupla";"Reta";"Não";1;0;1;0;0;0;1;1;"-24.3396729";"-47.552948";"SR-SP";"DEL6/5";"UOP01/SP"
187474;2019-01-25;"6";"19:45:00";"MG";262;36,1;"MANHUACU";"Falta de Atenção do Pedestre";"Atropelamento de Pedestre";"Com Vítimas Feridas";"Plena Noite";"Crescente";"Céu Claro";"Simples";"Curva";"Não";4;0;2;0;1;1;2;1;"-20.259321";"-42.022984";"SR-MG";"DEL4/6";"UOP04/MG"
187476;2019-01-25;"6";"23:50:00";"PE";232;128;"CARUARU";"Animais na Pista";"Atropelamento de Animal";"Com Vítimas Fatais";"Plena Noite";"Crescente";"Céu Claro";"Dupla";"Reta";"Sim";1;1;0;0;0;0;0;1;"-8.301935";"-35.980919";"SR-PE";"DEL11/2";"UOP02/PE"
187477;2019-01-26;"7";"00:25:00";"SC";282;21,2;"PALHOCA";"Ingestão de álcool e/ou substâncias psicoativas pelo pedestre";"Colisão com objeto estático";"Com Vítimas Feridas";"Plena Noite";"Crescente";"Nublado";"Simples";"Reta";"Sim";4;0;4;0;0;0;4;1;"-27.68907";"-48.717541";"SR-SC";"DEL8/1";"UOP02/SC"
187478;2019-01-25;"6";"11:15:00";"MG";381;849,9;"POUSO ALEGRE";"Falta de Atenção à Condução";"Colisão traseira";"Com Vítimas Feridas";"Pleno dia";"Decrescente";"Nublado";"Dupla";"Reta";"Não";3;0;3;0;0;0;3;2;"-22.23851316";"-45.88011324";"SR-MG";"DEL09";"UOP01/MG"
187479;2019-01-25;"6";"18:00:00";"MG";459;89,7;"POUSO ALEGRE";"Falta de Atenção à Condução";"Colisão transversal";"Com Vítimas Feridas";"Pleno dia";"Decrescente";"Céu Claro";"Simples";"Curva";"Não";3;0;1;1;0;1;2;2;"-22.1499473";"-46.01685762";"SR-MG";"DEL13";"UOP01/MG"
187480;2019-01-26;"7";"00:20:00";"RN";304;129,8;"ITAJA";"Animais na Pista";"Atropelamento de Animal";"Com Vítimas Feridas";"Plena Noite";"Decrescente";"Céu Claro";"Simples";"Reta";"Não";2;0;1;1;0;0;2;1;"-5.658596";"-36.76851";"SR-RN";"DEL15/4";"UOP01/RN"
187481;2019-01-25;"6";"22:50:00";"MG";262;685,5;"ARAXA";"Ingestão de Álcool";"Colisão lateral";"Com Vítimas Feridas";"Plena Noite";"Crescente";"Nublado";"Simples";"Curva";"Não";2;0;1;0;1;0;1;2;"-19.560389";"-46.97274";"SR-MG";"DEL4/8";"UOP01/MG"
187482;2019-01-26;"7";"00:05:00";"RS";285;207;"LAGOA VERMELHA";"Ingestão de álcool e/ou substâncias psicoativas pelo pedestre";"Colisão lateral";"Sem Vítimas";"Plena Noite";"Crescente";"Céu Claro";"Simples";"Reta";"Não";2;0;0;0;1;1;0;2;"-28.22011";"-51.588711";"SR-RS";"DEL08";"UOP05/RS"
187483;2019-01-25;"6";"23:00:00";"MG";262;562;"CORREGO DANTA";"Ingestão de álcool e/ou substâncias psicoativas pelo pedestre";"Atropelamento de Pedestre";"Com Vítimas Feridas";"Plena Noite";"Crescente";"Céu Claro";"Simples";"Reta";"Não";2;0;1;0;0;1;1;1;"-19.737259";"-46.013737";"SR-MG";"DEL4/8";"UOP02/MG"
187484;2019-01-26;"7";"00:30:00";"PA";163;1005;"SANTAREM";"Avarias e/ou desgaste excessivo no pneu";"Tombamento";"Com Vítimas Feridas";"Plena Noite";"Decrescente";"Nublado";"Dupla";"Interseção de vias";"Sim";2;0;2;0;0;0;2;1;"-2.42465326";"-54.73577684";"SR-PA";"DEL19/5";"UOP01/PA"
187485;2019-01-25;"6";"16:30:00";"MG";381;876,6;"ESTIVA";"Velocidade Incompatível";"Saída de leito carroçável";"Com Vítimas Fatais";"Pleno dia";"Crescente";"Chuva";"Dupla";"Não Informado";"Não";8;1;4;2;1;0;6;3;"-22.4407";"-45.9871";"SR-MG";"DEL09";"UOP01/MG"
187486;2019-01-25;"6";"23:30:00";"RO";364;19,9;"VILHENA";"Desobediência às normas de trânsito pelo condutor";"Colisão lateral";"Com Vítimas Feridas";"Plena Noite";"Crescente";"Céu Claro";"Simples";"Reta";"Não";3;0;0;1;0;2;1;2;"-12.727398";"-60.183716";"SR-RO";"DEL21/4";"UOP01/RO"
187488;2019-01-26;"7";"00:20:00";"SC";282;539,5;"CHAPECO";"Ingestão de Álcool";"Saída de leito carroçável";"Sem Vítimas";"Plena Noite";"Decrescente";"Céu Claro";"Simples";"Curva";"Não";1;0;0;0;1;0;0;1;"-26.993254";"-52.681767";"SR-SC";"DEL7";"UOP01/SC"
187489;2019-01-26;"7";"03:50:00";"RJ";101;60;"CAMPOS DOS GOYTACAZES";"Falta de Atenção à Condução";"Colisão transversal";"Com Vítimas Feridas";"Plena Noite";"Decrescente";"Céu Claro";"Simples";"Reta";"Sim";2;0;1;0;1;0;1;2;"-21.720467";"-41.314461";"SR-RJ";"DEL5/8";"UOP01/RJ"
187490;2019-01-26;"7";"02:49:00";"RJ";493;45,7;"DUQUE DE CAXIAS";"Velocidade Incompatível";"Tombamento";"Sem Vítimas";"Plena Noite";"Decrescente";"Chuva";"Simples";"Retorno Regulamentado";"Sim";1;0;0;0;1;0;0;1;"-22.663929";"-43.257774";"SR-RJ";"DEL5/4";"UOP02/RJ"
187491;2019-01-26;"7";"02:50:00";"SP";153;126,8;"UBARANA";"Falta de Atenção à Condução";"Capotamento";"Com Vítimas Feridas";"Plena Noite";"Decrescente";"Nublado";"Simples";"Reta";"Não";6;0;3;1;2;0;4;1;"-21.219351";"-49.739624";"SR-SP";"DEL6/9";"UOP01/SP"
187492;2019-01-26;"7";"02:45:00";"SC";280;69;"JARAGUA DO SUL";"Ingestão de Álcool";"Colisão frontal";"Com Vítimas Feridas";"Plena Noite";"Decrescente";"Nublado";"Simples";"Reta";"Sim";3;0;1;0;2;0;1;2;"-26.468018";"-49.118355";"SR-SC";"DEL8/3";"UOP03/SC"
187493;2019-01-25;"6";"19:30:00";"AM";319;817;"CANUTAMA";"Falta de Atenção à Condução";"Colisão traseira";"Com Vítimas Feridas";"Plena Noite";"Crescente";"Chuva";"Simples";"Reta";"Não";3;0;2;0;1;0;2;2;"-8.59869638";"-63.99684907";"SR-RO";"DEL21/1";"UOP01/RO"
187494;2019-01-26;"7";"04:10:00";"RN";101;68,4;"EXTREMOZ";"Ingestão de Álcool";"Colisão frontal";"Com Vítimas Feridas";"Amanhecer";"Crescente";"Chuva";"Simples";"Reta";"Não";5;0;1;2;2;0;3;2;"-5.666287";"-35.253036";"SR-RN";"DEL15/2";"UOP01/RN"
187495;2019-01-09;"4";"10:40:00";"PB";230;17;"JOAO PESSOA";"Não guardar distância de segurança";"Colisão traseira";"Sem Vítimas";"Pleno dia";"Decrescente";"Céu Claro";"Dupla";"Reta";"Sim";3;0;0;0;3;0;0;3;"-7.1121";"-34.8426";"SR-PB";"DEL14/1";"UOP00/PB"
187496;2019-01-26;"7";"04:30:00";"MG";381;261;"CORONEL FABRICIANO";"Animais na Pista";"Atropelamento de Animal";"Com Vítimas Feridas";"Plena Noite";"Decrescente";"Céu Claro";"Simples";"Curva";"Não";1;0;0;1;0;0;1;1;"-19.53050978";"-42.58103371";"SR-MG";"DEL4/3";"UOP02/MG"
187497;2019-01-26;"7";"04:15:00";"MS";163;256,5;"DOURADOS";"Defeito Mecânico no Veículo";"Tombamento";"Com Vítimas Feridas";"Plena Noite";"Crescente";"Céu Claro";"Dupla";"Reta";"Não";1;0;0;1;0;0;1;1;"-22.25907769";"-54.79801439";"SR-MS";"DEL3/4";"UOP01/MS"
187498;2019-01-26;"7";"05:30:00";"PR";277;72;"SAO JOSE DOS PINHAIS";"Condutor Dormindo";"Saída de leito carroçável";"Sem Vítimas";"Plena Noite";"Decrescente";"Nublado";"Dupla";"Reta";"Não";1;0;0;0;1;0;0;1;"-25.50828463";"-49.13558006";"SR-PR";"DEL7/1";"UOP01/PR"
187499;2019-01-26;"7";"04:30:00";"RS";116;455,3;"SAO LOURENCO DO SUL";"Falta de Atenção do Pedestre";"Atropelamento de Pedestre";"Com Vítimas Fatais";"Plena Noite";"Decrescente";"Céu Claro";"Simples";"Reta";"Não";2;1;0;0;1;0;0;1;"-31.23938258";"-51.99708134";"SR-RS";"DEL9/2";"UOP02/RS"
187500;2019-01-26;"7";"04:50:00";"PB";230;66;"SAO MIGUEL DE TAIPU";"Animais na Pista";"Atropelamento de Animal";"Com Vítimas Feridas";"Plena Noite";"Crescente";"Céu Claro";"Dupla";"Reta";"Não";2;0;1;1;0;0;2;1;"-7.1874";"-35.1889";"SR-PB";"DEL14/1";"UOP02/PB"
187501;2019-01-26;"7";"04:30:00";"MG";365;629,7;"UBERLANDIA";"Ingestão de Álcool";"Saída de leito carroçável";"Sem Vítimas";"Amanhecer";"Crescente";"Chuva";"Dupla";"Reta";"Sim";1;0;0;0;1;0;0;1;"-18.9054";"-48.3233";"SR-MG";"DEL4/15";"UOP01/MG"
187502;2019-01-26;"7";"06:20:00";"MG";116;296;"TEOFILO OTONI";"Animais na Pista";"Atropelamento de Animal";"Com Vítimas Feridas";"Pleno dia";"Decrescente";"Céu Claro";"Simples";"Reta";"Não";2;0;2;0;0;0;2;1;"-17.99100923";"-41.56445503";"SR-MG";"DEL4/11";"UOP01/MG"
187503;2019-01-26;"7";"05:05:00";"PB";101;105,7;"ALHANDRA";"Velocidade Incompatível";"Saída de leito carroçável";"Com Vítimas Feridas";"Pleno dia";"Crescente";"Chuva";"Dupla";"Curva";"Não";1;0;1;0;0;0;1;1;"-7.3262";"-34.947";"SR-PB";"DEL14/1";"UOP01/PB"
187504;2019-01-26;"7";"04:00:00";"PE";232;77;"GRAVATA";"Falta de Atenção à Condução";"Colisão traseira";"Com Vítimas Feridas";"Plena Noite";"Crescente";"Nublado";"Dupla";"Reta";"Sim";5;0;3;0;2;0;3;2;"-8.193439";"-35.543007";"SR-PE";"DEL11/1";"UOP04/PE"
187505;2019-01-26;"7";"04:20:00";"MG";381;380;"BARAO DE COCAIS";"Falta de Atenção à Condução";"Colisão frontal";"Com Vítimas Feridas";"Amanhecer";"Decrescente";"Céu Claro";"Simples";"Curva";"Não";2;0;1;0;1;0;1;2;"-19.7975967";"-43.42455318";"SR-MG";"DEL4/1";"UOP01/MG"
187506;2019-01-25;"6";"18:50:00";"BA";242;392,3;"PALMEIRAS";"Ultrapassagem Indevida";"Colisão frontal";"Com Vítimas Feridas";"Plena Noite";"Decrescente";"Céu Claro";"Simples";"Curva";"Não";4;0;0;2;2;0;2;2;"-12.459191";"-41.624428";"SR-BA";"DEL 10/10";"UOP02/BA"
187507;2019-01-26;"7";"06:50:00";"RS";116;244,6;"SAO LEOPOLDO";"Não guardar distância de segurança";"Colisão traseira";"Sem Vítimas";"Pleno dia";"Crescente";"Sol";"Dupla";"Reta";"Não";2;0;0;0;2;0;0;2;"-29.740892";"-51.150398";"SR-RS";"DEL9/1";"UOP02/RS"
187508;2019-01-26;"7";"06:25:00";"RS";158;329,3;"SANTA MARIA";"Falta de Atenção à Condução";"Colisão lateral";"Com Vítimas Feridas";"Amanhecer";"Crescente";"Céu Claro";"Simples";"Rotatória";"Não";2;0;0;1;0;1;1;2;"-29.70049207";"-53.84047633";"SR-RS";"DEL9/9";"UOP01/RS"
187509;2019-01-26;"7";"06:30:00";"SC";101;384,3;"ICARA";"Falta de Atenção à Condução";"Saída de leito carroçável";"Com Vítimas Feridas";"Amanhecer";"Decrescente";"Céu Claro";"Dupla";"Reta";"Não";1;0;1;0;0;0;1;1;"-28.778";"-49.323";"SR-SC";"DEL8/2";"UOP02/SC"
187510;2019-01-26;"7";"07:10:00";"MG";381;352;"JOAO MONLEVADE";"Velocidade Incompatível";"Colisão frontal";"Com Vítimas Feridas";"Pleno dia";"Crescente";"Céu Claro";"Simples";"Curva";"Não";5;0;2;0;3;0;2;4;"-19.85558492";"-43.12742651";"SR-MG";"DEL4/3";"UOP01/MG"
187511;2019-01-26;"7";"05:50:00";"SC";282;5;"SAO JOSE";"Falta de Atenção à Condução";"Colisão traseira";"Sem Vítimas";"Plena Noite";"Decrescente";"Céu Claro";"Múltipla";"Reta";"Sim";1;0;0;0;0;1;0;1;"-27.588425";"-48.612919";"SR-SC";"DEL8/1";"UOP01/SC"
187512;2019-01-26;"7";"06:59:00";"PR";369;126,6;"JATAIZINHO";"Desobediência às normas de trânsito pelo condutor";"Colisão traseira";"Com Vítimas Feridas";"Pleno dia";"Decrescente";"Nublado";"Dupla";"Reta";"Sim";6;0;6;0;0;0;6;2;"-23.2790932";"-50.96003473";"SR-PR";"DEL7/7";"UOP01/PR"
187513;2019-01-11;"6";"03:30:00";"PR";277;165;"PALMEIRA";"Falta de Atenção à Condução";"Saída de leito carroçável";"Com Vítimas Feridas";"Plena Noite";"Decrescente";"Céu Claro";"Simples";"Reta";"Não";4;0;1;0;3;0;1;1;"-25.44248254";"-49.96747074";"SR-PR";"DEL7/1";"UOP05/PR"
187514;2019-01-25;"6";"19:30:00";"RS";101;33;"TRES CACHOEIRAS";"Falta de Atenção à Condução";"Saída de leito carroçável";"Com Vítimas Feridas";"Anoitecer";"Decrescente";"Céu Claro";"Dupla";"Reta";"Não";1;0;1;0;0;0;1;1;"-29.50575577";"-49.98277187";"SR-RS";"DEL9/3";"UOP03/RS"
187515;2019-01-26;"7";"07:30:00";"PR";476;127,3;"CURITIBA";"Defeito Mecânico no Veículo";"Incêndio";"Sem Vítimas";"Pleno dia";"Decrescente";"Céu Claro";"Dupla";"Curva";"Sim";1;0;0;0;1;0;0;1;"-25.42792304";"-49.22813958";"SR-PR";"DEL7/1";"UOP06/PR"
187516;2019-01-26;"7";"04:30:00";"MA";135;150;"MATOES DO NORTE";"Defeito na Via";"Tombamento";"Sem Vítimas";"Plena Noite";"Crescente";"Chuva";"Simples";"Reta";"Não";1;0;0;0;1;0;0;1;"-3.6743101";"-44.53039348";"SR-MA";"DEL18/1";"UOP02/MA"
187517;2019-01-26;"7";"07:00:00";"PI";343;329;"TERESINA";"Falta de Atenção à Condução";"Queda de ocupante de veículo";"Com Vítimas Feridas";"Pleno dia";"Crescente";"Céu Claro";"Simples";"Reta";"Não";1;0;0;1;0;0;1;1;"-5.064808";"-42.641769";"SR-PI";"DEL17/1";"UOP01/PI"
187518;2019-01-26;"7";"05:00:00";"PR";376;490,3;"PONTA GROSSA";"Falta de Atenção à Condução";"Saída de leito carroçável";"Sem Vítimas";"Plena Noite";"Decrescente";"Céu Claro";"Dupla";"Reta";"Sim";1;0;0;0;0;1;0;1;"-25.10700687";"-50.19297123";"SR-PR";"DEL7/3";"UOP03/PR"