"id";"data_inversa";"dia_semana";"horario";"uf";"br";"km";"municipio";"causa_acidente";"tipo_acidente";"classificacao_acidente";"fase_dia";"sentido_via";"condicao_metereologica";"tipo_pista";"tracado_via";"uso_solo";"pessoas";"mortos";"feridos_leves";"feridos_graves";"ilesos";"ignorados";"feridos";"veiculos";"latitude";"longitude";"regional";"delegacia";"uop"
187521;2019-01-26;"7";"05:30:00";"PE";101;64,6;"RECIFE";"Falta de Atenção à Condução";"Saída de leito carroçável";"Com Vítimas Feridas";"Pleno dia";"Crescente";"Chuva";"Múltipla";"Curva";"Sim";2;0;2;0;0;0;2;2;"-8.0266";"-34.9429";"SR-PE";"DEL11/1";"UOP01/PE"
187522;2019-01-26;"7";"08:15:00";"RS";386;394;"TRIUNFO";"Falta de Atenção à Condução";"Colisão lateral";"Com Vítimas Feridas";"Pleno dia";"Crescente";"Céu Claro";"Dupla";"Reta";"Não";2;0;1;0;1;0;1;2;"-29.718338";"-51.642879";"SR-RS";"DEL9/4";"UOP02/RS"
187523;2019-01-26;"7";"09:00:00";"PR";476;356;"UNIAO DA VITORIA";"Falta de Atenção à Condução";"Colisão transversal";"Com Vítimas Feridas";"Pleno dia";"Crescente";"Céu Claro";"Simples";"Interseção de vias";"Sim";2;0;1;0;1;0;1;2;"-26.1970331";"-51.04213715";"SR-PR";"DEL7/2";"UOP02/PR"
187525;2019-01-26;"7";"08:20:00";"PE";101;41,6;"IGARASSU";"Falta de Atenção à Condução";"Colisão transversal";"Com Vítimas Feridas";"Pleno dia";"Decrescente";"Sol";"Dupla";"Não Informado";"Sim";3;0;1;0;2;0;1;2;"-7.837";"-34.9124";"SR-PE";"DEL11/1";"UOP02/PE"
187526;2019-01-26;"7";"08:20:00";"MG";381;704,5;"LAVRAS";"Pista Escorregadia";"Colisão com objeto estático";"Com Vítimas Feridas";"Pleno dia";"Crescente";"Chuva";"Dupla";"Curva";"Não";1;0;1;0;0;0;1;1;"-21.3156";"-45.1672";"SR-MG";"DEL4/4";"UOP02/MG"
187527;2019-01-26;"7";"08:30:00";"RN";101;135;"SAO JOSE DE MIPIBU";"Falta de Atenção à Condução";"Colisão traseira";"Com Vítimas Feridas";"Pleno dia";"Decrescente";"Céu Claro";"Dupla";"Curva";"Não";2;0;1;0;1;0;1;2;"-6.164453";"-35.224861";"SR-RN";"DEL15/1";"UOP01/RN"
187528;2019-01-26;"7";"09:15:00";"PR";277;730;"FOZ DO IGUACU";"Falta de Atenção à Condução";"Colisão lateral";"Com Vítimas Feridas";"Pleno dia";"Crescente";"Céu Claro";"Dupla";"Reta";"Sim";3;0;1;0;2;0;1;2;"-25.507555";"-54.583755";"SR-PR";"DEL7/5";"UOP03/PR"
187529;2019-01-14;"2";"17:10:00";"SP";116;307;"SAO LOURENCO DA SERRA";"Velocidade Incompatível";"Capotamento";"Com Vítimas Feridas";"Pleno dia";"Decrescente";"Chuva";"Dupla";"Curva";"Não";1;0;1;0;0;0;1;1;"-23.85879418";"-46.94482488";"SR-SP";"DEL6/4";"UOP01/SP"
187530;2019-01-26;"7";"08:10:00";"PE";316;250;"BELEM DE SAO FRANCISCO";"Velocidade Incompatível";"Tombamento";"Com Vítimas Feridas";"Pleno dia";"Decrescente";"Céu Claro";"Simples";"Curva";"Não";1;0;0;1;0;0;1;1;"-8.678411";"-38.971153";"SR-PE";"DEL11/5";"UOP03/PE"
187531;2019-01-19;"7";"04:50:00";"MS";463;91,8;"PONTA PORA";"Falta de Atenção do Pedestre";"Atropelamento de Pedestre";"Com Vítimas Feridas";"Plena Noite";"Decrescente";"Nublado";"Simples";"Curva";"Não";3;0;0;1;2;0;1;1;"-22.5977";"-55.538887";"SR-MS";"DEL3/4";"UOP03/MS"
187533;2019-01-26;"7";"09:50:00";"MG";251;471;"FRANCISCO SA";"Defeito Mecânico no Veículo";"Incêndio";"Sem Vítimas";"Pleno dia";"Decrescente";"Céu Claro";"Simples";"Não Informado";"Não";2;0;0;0;1;1;0;2;"-16.4775";"-43.4201";"SR-MG";"DEL4/12";"UOP01/MG"
187534;2019-01-26;"7";"05:40:00";"MG";262;608;"CAMPOS ALTOS";"Condutor Dormindo";"Saída de leito carroçável";"Com Vítimas Feridas";"Plena Noite";"Decrescente";"Chuva";"Simples";"Reta";"Não";2;0;2;0;0;0;2;1;"-19.60877094";"-46.28361822";"SR-MG";"DEL4/8";"UOP02/MG"
187535;2019-01-26;"7";"09:50:00";"MG";381;925,3;"ITAPEVA";"Pista Escorregadia";"Queda de ocupante de veículo";"Com Vítimas Feridas";"Pleno dia";"Decrescente";"Céu Claro";"Dupla";"Curva";"Não";2;0;1;0;1;0;1;2;"-22.7686";"-46.207";"SR-MG";"DEL09";"UOP03/MG"
187536;2019-01-26;"7";"10:00:00";"RJ";101;63;"CAMPOS DOS GOYTACAZES";"Desobediência às normas de trânsito pelo condutor";"Colisão transversal";"Com Vítimas Feridas";"Pleno dia";"Decrescente";"Céu Claro";"Simples";"Reta";"Sim";4;0;0;1;3;0;1;2;"-21.742022";"-41.330212";"SR-RJ";"DEL5/8";"UOP01/RJ"
187537;2019-01-26;"7";"10:20:00";"MG";381;519,5;"IGARAPE";"Velocidade Incompatível";"Colisão com objeto estático";"Com Vítimas Feridas";"Pleno dia";"Decrescente";"Céu Claro";"Dupla";"Não Informado";"Não";1;0;1;0;0;0;1;1;"-20.1127";"-44.3091";"SR-MG";"DEL4/1";"UOP03/MG"
187539;2019-01-26;"7";"09:50:00";"BA";116;485,6;"RAFAEL JAMBEIRO";"Falta de Atenção à Condução";"Colisão transversal";"Com Vítimas Feridas";"Pleno dia";"Decrescente";"Céu Claro";"Dupla";"Reta";"Não";2;0;1;1;0;0;2;2;"-12.54725376";"-39.44591761";"SR-BA";"DEL10/2";"UOP01/BA"
187540;2019-01-26;"7";"09:50:00";"SC";163;103,7;"SAO JOSE DO CEDRO";"Falta de Atenção à Condução";"Tombamento";"Com Vítimas Feridas";"Pleno dia";"Crescente";"Céu Claro";"Dupla";"Curva";"Não";1;0;1;0;0;0;1;1;"-26.462091";"-53.507706";"SR-SC";"DEL7";"UOP03/SC"
187541;2019-01-26;"7";"11:35:00";"SP";116;157;"SAO JOSE DOS CAMPOS";"Falta de Atenção à Condução";"Queda de ocupante de veículo";"Com Vítimas Feridas";"Pleno dia";"Crescente";"Céu Claro";"Múltipla";"Reta";"Não";1;0;1;0;0;0;1;1;"-23.253749";"-45.941613";"SR-SP";"DEL6/2";"UOP01/SP"
187542;2019-01-26;"7";"11:12:00";"PR";277;17;"PARANAGUA";"Avarias e/ou desgaste excessivo no pneu";"Saída de leito carroçável";"Com Vítimas Feridas";"Pleno dia";"Decrescente";"Sol";"Dupla";"Curva";"Não";4;0;4;0;0;0;4;1;"-25.5435663";"-48.6824969";"SR-PR";"DEL7/1";"UOP07/PR"
187543;2019-01-26;"7";"10:45:00";"PI";316;309;"PICOS";"Ingestão de Álcool";"Colisão traseira";"Com Vítimas Feridas";"Pleno dia";"Decrescente";"Sol";"Simples";"Rotatória";"Sim";2;0;1;0;1;0;1;2;"-7.07561578";"-41.46709237";"SR-PI";"DEL17/4";"UOP01/PI"
187544;2019-01-26;"7";"10:00:00";"SP";116;27,8;"SILVEIRAS";"Velocidade Incompatível";"Colisão com objeto estático";"Com Vítimas Feridas";"Pleno dia";"Decrescente";"Chuva";"Dupla";"Curva";"Não";5;0;2;0;3;0;2;2;"-22.620018";"-44.908443";"SR-SP";"DEL6/8";"UOP01/SP"
187545;2019-01-26;"7";"05:30:00";"RS";285;311,2;"PASSO FUNDO";"Velocidade Incompatível";"Saída de leito carroçável";"Com Vítimas Fatais";"Amanhecer";"Crescente";"Céu Claro";"Simples";"Reta";"Não";1;1;0;0;0;0;0;1;"-28.240654";"-52.54298";"SR-RS";"DEL08";"UOP03/RS"
187546;2019-01-26;"7";"09:00:00";"PR";376;303;"MAUA DA SERRA";"Velocidade Incompatível";"Tombamento";"Com Vítimas Feridas";"Pleno dia";"Crescente";"Céu Claro";"Dupla";"Não Informado";"Não";1;0;1;0;0;0;1;1;"-23.93571758";"-51.1386981";"SR-PR";"DEL7/7";"UOP02/PR"
187547;2019-01-26;"7";"11:05:00";"PE";101;69;"RECIFE";"Pista Escorregadia";"Saída de leito carroçável";"Com Vítimas Feridas";"Pleno dia";"Crescente";"Nublado";"Múltipla";"Não Informado";"Sim";2;0;2;0;0;0;2;1;"-8.05992592";"-34.94566625";"SR-PE";"DEL11/1";"UOP01/PE"
187548;2019-01-26;"7";"11:20:00";"GO";414;429,2;"ANAPOLIS";"Pista Escorregadia";"Colisão frontal";"Com Vítimas Feridas";"Pleno dia";"Crescente";"Chuva";"Simples";"Reta";"Não";10;0;3;0;7;0;3;4;"-16.13553885";"-48.89465332";"SR-GO";"DEL1/2";"UOP01/GO"
187549;2019-01-26;"7";"12:15:00";"MG";262;437,4;"NOVA SERRANA";"Desobediência às normas de trânsito pelo condutor";"Colisão transversal";"Com Vítimas Fatais";"Pleno dia";"Decrescente";"Céu Claro";"Dupla";"Reta";"Não";2;1;0;0;1;0;0;2;"-19.896221";"-44.869728";"SR-MG";"DEL4/8";"UOP03/MG"
187550;2019-01-26;"7";"12:45:00";"RJ";101;207;"CASIMIRO DE ABREU";"Falta de Atenção à Condução";"Colisão traseira";"Sem Vítimas";"Pleno dia";"Decrescente";"Céu Claro";"Simples";"Reta";"Sim";2;0;0;0;2;0;0;2;"-22.477646";"-42.211269";"SR-RJ";"DEL5/2";"UOP04/RJ"
187551;2019-01-26;"7";"12:50:00";"GO";60;20;"ALEXANIA";"Defeito Mecânico no Veículo";"Incêndio";"Sem Vítimas";"Pleno dia";"Crescente";"Chuva";"Dupla";"Não Informado";"Sim";2;0;0;0;2;0;0;1;"-16.0963";"-48.5202";"SR-DF";"GO";"UOP03/DF"
187552;2019-01-26;"7";"12:40:00";"MG";40;525;"CONTAGEM";"Falta de Atenção à Condução";"Colisão lateral";"Com Vítimas Feridas";"Pleno dia";"Decrescente";"Nublado";"Dupla";"Reta";"Sim";2;0;1;0;1;0;1;2;"-19.8971";"-44.0497";"SR-MG";"DEL4/1";"UOP03/MG"
187553;2019-01-26;"7";"12:05:00";"MT";163;1010;"TERRA NOVA DO NORTE";"Falta de Atenção à Condução";"Colisão lateral";"Com Vítimas Feridas";"Pleno dia";"Crescente";"Céu Claro";"Simples";"Não Informado";"Não";7;0;2;5;0;0;7;2;"-10.27059123";"-55.00926107";"SR-MT";"DEL2/6";"UOP02/MT"
187554;2019-01-26;"7";"11:05:00";"PR";376;182;"MARINGA";"Desobediência às normas de trânsito pelo condutor";"Colisão transversal";"Com Vítimas Feridas";"Pleno dia";"Decrescente";"Nublado";"Dupla";"Rotatória";"Sim";2;0;1;0;1;0;1;2;"-23.43684";"-51.878807";"SR-PR";"DEL7/7";"UOP04/PR"
187556;2019-01-26;"7";"13:20:00";"SC";101;209,7;"SAO JOSE";"Não guardar distância de segurança";"Colisão traseira";"Com Vítimas Feridas";"Pleno dia";"Decrescente";"Céu Claro";"Dupla";"Reta";"Não";2;0;1;0;1;0;1;2;"-27.6176";"-48.6463";"SR-SC";"DEL8/1";"UOP01/SC"
187557;2019-01-26;"7";"13:10:00";"MG";381;531,9;"ITATIAIUCU";"Velocidade Incompatível";"Saída de leito carroçável";"Sem Vítimas";"Pleno dia";"Decrescente";"Chuva";"Dupla";"Curva";"Não";1;0;0;0;1;0;0;1;"-20.1644";"-44.3667";"SR-MG";"DEL4/4";"UOP03/MG"
187558;2019-01-26;"7";"14:20:00";"SC";470;148;"RIO DO SUL";"Ingestão de Álcool";"Colisão traseira";"Sem Vítimas";"Pleno dia";"Crescente";"Sol";"Simples";"Reta";"Sim";3;0;0;0;3;0;0;2;"-27.2455493";"-49.69347954";"SR-SC";"DEL8/4";"UOP02/SC"
187559;2019-01-26;"7";"13:00:00";"SE";235;31;"AREIA BRANCA";"Falta de Atenção à Condução";"Colisão frontal";"Com Vítimas Feridas";"Pleno dia";"Decrescente";"Sol";"Simples";"Reta";"Não";2;0;1;0;1;0;1;2;"-10.777317";"-37.295372";"SR-SE";"DEL20/1";"UOP01/SE"
187560;2019-01-26;"7";"12:00:00";"CE";222;12;"CAUCAIA";"Falta de Atenção à Condução";"Tombamento";"Com Vítimas Feridas";"Pleno dia";"Decrescente";"Nublado";"Dupla";"Curva";"Não";1;0;1;0;0;0;1;1;"-3.7648";"-38.668972";"SR-CE";"DEL16/1";"UOP01/CE"
187561;2019-01-26;"7";"13:30:00";"PR";116;18,6;"ANTONINA";"Velocidade Incompatível";"Saída de leito carroçável";"Sem Vítimas";"Pleno dia";"Decrescente";"Chuva";"Dupla";"Não Informado";"Não";1;0;0;0;1;0;0;1;"-25.103985";"-48.710857";"SR-PR";"DEL7/1";"UOP02/PR"
187562;2019-01-26;"7";"11:10:00";"MG";381;705,3;"LAVRAS";"Velocidade Incompatível";"Saída de leito carroçável";"Com Vítimas Feridas";"Pleno dia";"Crescente";"Chuva";"Dupla";"Curva";"Não";5;0;5;0;0;0;5;1;"-21.3237";"-45.1662";"SR-MG";"DEL4/4";"UOP02/MG"
187563;2019-01-26;"7";"13:00:00";"MG";365;640;"UBERLANDIA";"Falta de Atenção à Condução";"Colisão traseira";"Com Vítimas Feridas";"Pleno dia";"Crescente";"Sol";"Dupla";"Reta";"Não";3;0;1;0;2;0;1;2;"-18.8928";"-48.4176";"SR-MG";"DEL4/15";"UOP01/MG"
187564;2019-01-26;"7";"12:25:00";"MG";50;55,6;"UBERLANDIA";"Avarias e/ou desgaste excessivo no pneu";"Tombamento";"Com Vítimas Feridas";"Pleno dia";"Crescente";"Céu Claro";"Dupla";"Reta";"Não";2;0;2;0;0;0;2;1;"-18.7819";"-48.2344";"SR-MG";"DEL4/15";"UOP02/MG"
187565;2019-01-26;"7";"14:00:00";"SP";116;109,2;"TAUBATE";"Não guardar distância de segurança";"Colisão traseira";"Com Vítimas Feridas";"Pleno dia";"Crescente";"Sol";"Dupla";"Reta";"Sim";2;0;1;0;1;0;1;2;"-23.028759";"-45.545235";"SR-SP";"DEL6";"UOP01/SP"
187566;2019-01-26;"7";"11:30:00";"RS";470;179;"VERANOPOLIS";"Desobediência às normas de trânsito pelo condutor";"Colisão transversal";"Com Vítimas Feridas";"Pleno dia";"Crescente";"Céu Claro";"Dupla";"Reta";"Não";2;0;2;0;0;0;2;2;"-28.94960289";"-51.55606091";"SR-RS";"DEL9/6";"UOP02/RS"
187567;2019-01-26;"7";"11:45:00";"MG";356;272,1;"MURIAE";"Velocidade Incompatível";"Colisão com objeto estático";"Com Vítimas Fatais";"Pleno dia";"Crescente";"Sol";"Simples";"Não Informado";"Não";2;1;0;1;0;0;1;1;"-21.125526";"-42.375477";"SR-MG";"DEL4/7";"UOP02/MG"
187568;2019-01-26;"7";"14:30:00";"SP";116;286,4;"ITAPECERICA DA SERRA";"Falta de Atenção à Condução";"Colisão lateral";"Com Vítimas Feridas";"Pleno dia";"Decrescente";"Céu Claro";"Dupla";"Reta";"Sim";3;0;1;1;1;0;2;2;"-23.69486197";"-46.86417374";"SR-SP";"DEL6/4";"UOP01/SP"
187569;2019-01-26;"7";"14:00:00";"SC";470;96,2;"APIUNA";"Falta de Atenção à Condução";"Colisão frontal";"Com Vítimas Feridas";"Pleno dia";"Decrescente";"Céu Claro";"Simples";"Curva";"Não";2;0;1;0;1;0;1;2;"-27.020767";"-49.371342";"SR-SC";"DEL8/4";"UOP01/SC"
187570;2019-01-26;"7";"13:58:00";"DF";60;3,2;"BRASILIA";"Falta de Atenção à Condução";"Colisão traseira";"Com Vítimas Feridas";"Pleno dia";"Decrescente";"Garoa/Chuvisco";"Dupla";"Reta";"Sim";2;0;1;0;1;0;1;2;"-15.890521";"-48.086864";"SR-DF";"DF";"UOP03/DF"
187571;2019-01-26;"7";"14:50:00";"GO";153;515;"APARECIDA DE GOIANIA";"Pista Escorregadia";"Capotamento";"Com Vítimas Feridas";"Pleno dia";"Crescente";"Nublado";"Dupla";"Desvio Temporário";"Sim";1;0;1;0;0;0;1;1;"-16.8413";"-49.2454";"SR-GO";"DEL1/1";"UOP03/GO"
187572;2019-01-26;"7";"11:45:00";"SC";282;138;"BOM RETIRO";"Falta de Atenção à Condução";"Colisão transversal";"Com Vítimas Feridas";"Pleno dia";"Decrescente";"Céu Claro";"Simples";"Reta";"Não";6;0;2;0;4;0;2;2;"-27.825998";"-49.575924";"SR-SC";"DEL8/5";"UOP01/SC"
187573;2019-01-18;"6";"11:00:00";"SC";282;2,5;"FLORIANOPOLIS";"Não guardar distância de segurança";"Colisão lateral";"Com Vítimas Feridas";"Pleno dia";"Decrescente";"Nublado";"Múltipla";"Reta";"Sim";2;0;1;0;1;0;1;2;"-27.603289";"-48.590416";"SR-SC";"DEL8/1";"UOP01/SC"
187574;2019-01-26;"7";"15:15:00";"GO";70;2;"AGUAS LINDAS DE GOIAS";"Falta de Atenção à Condução";"Colisão transversal";"Com Vítimas Feridas";"Pleno dia";"Crescente";"Nublado";"Dupla";"Reta";"Não";5;0;1;0;3;1;1;3;"-15.7481";"-48.2635";"SR-DF";"GO";"UOP06/DF"
187575;2019-01-26;"7";"14:30:00";"MT";70;555;"NOSSA SENHORA DO LIVRAMENTO";"Pista Escorregadia";"Colisão frontal";"Com Vítimas Feridas";"Pleno dia";"Crescente";"Chuva";"Simples";"Reta";"Não";5;0;3;0;1;1;3;2;"-15.679523";"-56.35421";"SR-MT";"DEL2/4";"UOP02/MT"
187576;2019-01-26;"7";"15:54:00";"GO";20;20,8;"FORMOSA";"Velocidade Incompatível";"Colisão frontal";"Com Vítimas Feridas";"Pleno dia";"Decrescente";"Chuva";"Simples";"Reta";"Não";7;0;6;0;1;0;6;2;"-15.551152";"-47.178364";"SR-DF";"GO";"UOP04/DF"
187577;2019-01-26;"7";"14:50:00";"PE";232;80,9;"GRAVATA";"Falta de Atenção do Pedestre";"Atropelamento de Pedestre";"Com Vítimas Fatais";"Pleno dia";"Crescente";"Céu Claro";"Dupla";"Reta";"Sim";3;1;0;0;0;2;0;1;"-8.193437";"-35.551865";"SR-PE";"DEL11/1";"UOP04/PE"
187578;2019-01-26;"7";"12:45:00";"AC";364;137;"RIO BRANCO";"Pista Escorregadia";"Queda de ocupante de veículo";"Com Vítimas Feridas";"Pleno dia";"Decrescente";"Céu Claro";"Dupla";"Rotatória";"Sim";2;0;2;0;0;0;2;1;"-9.969359";"-67.852646";"SR-AC";"UOP01/AC";""
187579;2019-01-26;"7";"15:10:00";"MS";163;257,3;"DOURADOS";"Defeito na Via";"Queda de ocupante de veículo";"Com Vítimas Feridas";"Pleno dia";"Decrescente";"Céu Claro";"Dupla";"Reta";"Sim";1;0;1;0;0;0;1;1;"-22.25879967";"-54.79025744";"SR-MS";"DEL3/4";"UOP01/MS"
187580;2019-01-26;"7";"16:30:00";"SC";101;206,9;"SAO JOSE";"Desobediência às normas de trânsito pelo condutor";"Colisão transversal";"Com Vítimas Feridas";"Pleno dia";"Crescente";"Céu Claro";"Dupla";"Interseção de vias";"Sim";3;0;1;0;2;0;1;2;"-27.6001";"-48.6225";"SR-SC";"DEL8/1";"UOP01/SC"
187581;2019-01-26;"7";"15:20:00";"BA";116;481;"RAFAEL JAMBEIRO";"Defeito Mecânico no Veículo";"Incêndio";"Sem Vítimas";"Pleno dia";"Crescente";"Céu Claro";"Dupla";"Reta";"Não";1;0;0;0;1;0;0;1;"-12.53005243";"-39.41155499";"SR-BA";"DEL10/2";"UOP01/BA"
187582;2019-01-23;"4";"14:40:00";"MT";364;490;"JANGADA";"Desobediência às normas de trânsito pelo condutor";"Colisão frontal";"Com Vítimas Fatais";"Pleno dia";"Decrescente";"Céu Claro";"Simples";"Reta";"Não";2;1;0;0;1;0;0;2;"-15.32585";"-56.426987";"SR-MT";"DEL2/4";"UOP02/MT"
187583;2019-01-26;"7";"13:15:00";"SC";282;75,5;"RANCHO QUEIMADO";"Velocidade Incompatível";"Saída de leito carroçável";"Com Vítimas Feridas";"Pleno dia";"Crescente";"Garoa/Chuvisco";"Simples";"Curva";"Não";2;0;1;0;1;0;1;1;"-27.690931";"-49.129143";"SR-SC";"DEL8/1";"UOP03/SC"
187584;2019-01-26;"7";"15:00:00";"BA";116;12;"VITORIA DA CONQUISTA";"Desobediência às normas de trânsito pelo condutor";"Colisão transversal";"Com Vítimas Feridas";"Pleno dia";"Crescente";"Sol";"Simples";"Interseção de vias";"Sim";3;0;2;0;1;0;2;2;"-14.87312362";"-40.87141514";"SR-BA";"DEL10/8";"UOP01/BA"
187585;2019-01-26;"7";"16:10:00";"PE";232;159,2;"TACAIMBO";"Ultrapassagem Indevida";"Colisão frontal";"Com Vítimas Feridas";"Pleno dia";"Crescente";"Céu Claro";"Simples";"Reta";"Não";3;0;1;0;2;0;1;2;"-8.333485";"-36.280579";"SR-PE";"DEL11/2";"UOP02/PE"
187586;2019-01-26;"7";"15:25:00";"SP";116;548;"BARRA DO TURVO";"Falta de Atenção à Condução";"Saída de leito carroçável";"Sem Vítimas";"Pleno dia";"Decrescente";"Garoa/Chuvisco";"Dupla";"Curva";"Não";1;0;0;0;1;0;0;1;"-24.96614016";"-48.43322754";"SR-SP";"DEL6/5";"UOP03/SP"
187587;2019-01-26;"7";"15:45:00";"SE";101;77;"LARANJEIRAS";"Ingestão de Álcool";"Colisão transversal";"Sem Vítimas";"Pleno dia";"Decrescente";"Céu Claro";"Dupla";"Interseção de vias";"Sim";2;0;0;0;2;0;0;2;"-10.7853";"-37.1421";"SR-SE";"DEL20/1";"UOP01/SE"
187588;2019-01-26;"7";"16:40:00";"GO";20;195,7;"POSSE";"Falta de Atenção à Condução";"Colisão com objeto estático";"Com Vítimas Feridas";"Pleno dia";"Crescente";"Chuva";"Simples";"Curva";"Não";2;0;1;1;0;0;2;1;"-14.355703";"-46.443913";"SR-DF";"GO";"UOP05/DF"
187589;2019-01-26;"7";"16:30:00";"PE";232;244;"ARCOVERDE";"Falta de Atenção à Condução";"Colisão transversal";"Com Vítimas Fatais";"Pleno dia";"Crescente";"Céu Claro";"Simples";"Curva";"Não";5;1;0;0;4;0;0;2;"-8.418014";"-36.992159";"SR-PE";"DEL11/3";"UOP02/PE"
187590;2019-01-26;"7";"16:40:00";"GO";153;547;"PIRACANJUBA";"Falta de Atenção à Condução";"Colisão lateral";"Sem Vítimas";"Pleno dia";"Crescente";"Nublado";"Dupla";"Curva";"Não";2;0;0;0;2;0;0;2;"-17.1147";"-49.2132";"SR-GO";"DEL1/1";"UOP03/GO"
187591;2019-01-26;"7";"16:45:00";"SC";101;386,9;"ICARA";"Ingestão de Álcool";"Colisão com objeto estático";"Sem Vítimas";"Pleno dia";"Crescente";"Céu Claro";"Dupla";"Reta";"Não";1;0;0;0;1;0;0;1;"-28.7806";"-49.328";"SR-SC";"DEL8/2";"UOP02/SC"
187592;2019-01-26;"7";"18:05:00";"PR";376;180;"MARINGA";"Desobediência às normas de trânsito pelo condutor";"Queda de ocupante de veículo";"Com Vítimas Feridas";"Pleno dia";"Decrescente";"Céu Claro";"Múltipla";"Reta";"Sim";1;0;1;0;0;0;1;1;"-23.427254";"-51.895123";"SR-PR";"DEL7/7";"UOP04/PR"
187594;2019-01-26;"7";"18:00:00";"MG";381;889,1;"CAMBUI";"Velocidade Incompatível";"Colisão com objeto estático";"Com Vítimas Feridas";"Pleno dia";"Crescente";"Céu Claro";"Dupla";"Curva";"Não";1;0;1;0;0;0;1;1;"-22.53291502";"-46.03046179";"SR-MG";"DEL09";"UOP03/MG"
187595;2019-01-26;"7";"18:00:00";"SP";116;120,4;"CACAPAVA";"Falta de Atenção à Condução";"Engavetamento";"Com Vítimas Feridas";"Pleno dia";"Crescente";"Céu Claro";"Dupla";"Reta";"Não";5;0;2;0;3;0;2;4;"-23.071577";"-45.644619";"SR-SP";"DEL6";"UOP02/SP"
187596;2019-01-26;"7";"17:10:00";"MG";40;467,8;"SETE LAGOAS";"Não guardar distância de segurança";"Saída de leito carroçável";"Com Vítimas Feridas";"Pleno dia";"Crescente";"Nublado";"Dupla";"Reta";"Sim";2;0;1;0;1;0;1;1;"-19.4593";"-44.3033";"SR-MG";"DEL4/2";"UOP01/MG"
187597;2019-01-26;"7";"16:25:00";"MS";163;267,8;"DOURADOS";"Avarias e/ou desgaste excessivo no pneu";"Queda de ocupante de veículo";"Com Vítimas Feridas";"Pleno dia";"Crescente";"Céu Claro";"Dupla";"Reta";"Não";2;0;2;0;0;0;2;1;"-22.20741525";"-54.70850907";"SR-MS";"DEL3/4";"UOP01/MS"
187598;2019-01-26;"7";"16:40:00";"SP";116;124,9;"CACAPAVA";"Falta de Atenção à Condução";"Colisão com objeto estático";"Com Vítimas Feridas";"Pleno dia";"Crescente";"Céu Claro";"Dupla";"Reta";"Não";3;0;1;0;2;0;1;2;"-23.093163";"-45.677975";"SR-SP";"DEL6";"UOP02/SP"
187599;2019-01-26;"7";"17:30:00";"PE";408;67,4;"PAUDALHO";"Não guardar distância de segurança";"Colisão com objeto estático";"Com Vítimas Feridas";"Pleno dia";"Decrescente";"Nublado";"Dupla";"Reta";"Não";2;0;1;0;1;0;1;1;"-7.860438";"-35.211318";"SR-PE";"DEL11/1";"UOP01/PE"
187600;2019-01-26;"7";"16:00:00";"BA";110;357;"CATU";"Falta de Atenção à Condução";"Colisão lateral";"Com Vítimas Fatais";"Pleno dia";"Crescente";"Céu Claro";"Simples";"Curva";"Não";3;2;0;0;1;0;0;2;"-12.2801";"-38.3705";"SR-BA";"DEL10/1";"UOP04/BA"
187601;2019-01-26;"7";"18:15:00";"GO";153;496;"GOIANIA";"Falta de Atenção à Condução";"Colisão lateral";"Sem Vítimas";"Pleno dia";"Crescente";"Sol";"Dupla";"Reta";"Sim";2;0;0;0;2;0;0;2;"-16.6776";"-49.2314";"SR-GO";"DEL1/1";"UOP01/GO"
187602;2019-01-26;"7";"17:45:00";"MG";40;593;"OURO PRETO";"Velocidade Incompatível";"Colisão com objeto estático";"Com Vítimas Feridas";"Pleno dia";"Decrescente";"Nublado";"Dupla";"Não Informado";"Não";1;0;1;0;0;0;1;1;"-20.3961";"-43.9034";"SR-MG";"DEL5";"UOP02/MG"
187603;2019-01-18;"6";"10:20:00";"PR";476;119,4;"COLOMBO";"Desobediência às normas de trânsito pelo condutor";"Tombamento";"Com Vítimas Feridas";"Pleno dia";"Decrescente";"Sol";"Dupla";"Reta";"Sim";2;0;1;0;1;0;1;2;"-25.34872255";"-49.16995525";"SR-PR";"DEL7/1";"UOP01/PR"
187604;2019-01-26;"7";"14:47:00";"MG";381;547,7;"RIO MANSO";"Velocidade Incompatível";"Capotamento";"Com Vítimas Fatais";"Pleno dia";"Crescente";"Chuva";"Dupla";"Curva";"Não";5;1;2;1;1;0;3;1;"-20.2843";"-44.4322";"SR-MG";"DEL4/4";"UOP03/MG"
187605;2019-01-26;"7";"17:25:00";"MS";163;646,5;"SAO GABRIEL DO OESTE";"Falta de Atenção à Condução";"Tombamento";"Com Vítimas Feridas";"Anoitecer";"Crescente";"Ignorado";"Dupla";"Reta";"Não";1;0;1;0;0;0;1;1;"-19.185926";"-54.750452";"SR-MS";"DEL3/6";"UOP02/MS"
187606;2019-01-26;"7";"18:22:00";"SC";470;98,5;"APIUNA";"Falta de Atenção à Condução";"Colisão transversal";"Com Vítimas Feridas";"Pleno dia";"Crescente";"Sol";"Simples";"Reta";"Sim";2;0;1;0;1;0;1;2;"-27.03483234";"-49.38924372";"SR-SC";"DEL8/4";"UOP01/SC"
187607;2019-01-26;"7";"16:55:00";"PR";369;7,2;"JACAREZINHO";"Desobediência às normas de trânsito pelo condutor";"Colisão frontal";"Com Vítimas Fatais";"Pleno dia";"Crescente";"Céu Claro";"Simples";"Reta";"Não";7;4;1;1;0;1;2;2;"-23.00153785";"-49.954319";"SR-PR";"DEL7/7";"UOP06/PR"