"id";"data_inversa";"dia_semana";"horario";"uf";"br";"km";"municipio";"causa_acidente";"tipo_acidente";"classificacao_acidente";"fase_dia";"sentido_via";"condicao_metereologica";"tipo_pista";"tracado_via";"uso_solo";"pessoas";"mortos";"feridos_leves";"feridos_graves";"ilesos";"ignorados";"feridos";"veiculos";"latitude";"longitude";"regional";"delegacia";"uop"
187608;2019-01-26;"7";"18:00:00";"SC";101;346;"TREZE DE MAIO";"Ingestão de Álcool";"Saída de leito carroçável";"Com Vítimas Feridas";"Pleno dia";"Decrescente";"Sol";"Dupla";"Reta";"Não";2;0;1;0;1;0;1;1;"-28.5626";"-49.0543";"SR-SC";"DEL8/2";"UOP01/SC"
187609;2019-01-26;"7";"18:00:00";"AL";104;87,7;"RIO LARGO";"Desobediência às normas de trânsito pelo pedestre";"Atropelamento de Pedestre";"Com Vítimas Fatais";"Plena Noite";"Crescente";"Céu Claro";"Dupla";"Reta";"Sim";3;1;0;0;1;1;0;2;"-9.47708808";"-35.82089844";"SR-AL";"DEL13/1";"UOP01/AL"
187610;2019-01-26;"7";"19:00:00";"ES";101;8;"PEDRO CANARIO";"Falta de Atenção à Condução";"Atropelamento de Pedestre";"Com Vítimas Feridas";"Anoitecer";"Decrescente";"Céu Claro";"Simples";"Não Informado";"Não";2;0;1;0;1;0;1;1;"-18.230616";"-39.953331";"SR-ES";"DEL12/4";"UOP02/ES"
187611;2019-01-26;"7";"19:15:00";"SC";470;54,4;"BLUMENAU";"Falta de Atenção à Condução";"Colisão transversal";"Com Vítimas Feridas";"Pleno dia";"Crescente";"Céu Claro";"Simples";"Não Informado";"Sim";2;0;2;0;0;0;2;2;"-26.87326918";"-49.1142118";"SR-SC";"DEL8/4";"UOP01/SC"
187612;2019-01-26;"7";"18:24:00";"MG";262;378,8;"JUATUBA";"Velocidade Incompatível";"Saída de leito carroçável";"Com Vítimas Feridas";"Pleno dia";"Decrescente";"Nublado";"Dupla";"Desvio Temporário";"Não";1;0;1;0;0;0;1;1;"-19.9324";"-44.4265";"SR-MG";"DEL4/1";"UOP03/MG"
187613;2019-01-26;"7";"18:50:00";"MG";262;378;"JUATUBA";"Velocidade Incompatível";"Saída de leito carroçável";"Com Vítimas Feridas";"Anoitecer";"Decrescente";"Chuva";"Dupla";"Desvio Temporário";"Não";2;0;1;0;1;0;1;1;"-19.9324";"-44.4265";"SR-MG";"DEL4/1";"UOP03/MG"
187614;2019-01-26;"7";"17:00:00";"GO";153;492;"GOIANIA";"Falta de Atenção à Condução";"Saída de leito carroçável";"Com Vítimas Feridas";"Pleno dia";"Decrescente";"Sol";"Dupla";"Reta";"Sim";1;0;0;1;0;0;1;1;"-16.6461";"-49.2114";"SR-GO";"DEL1/1";"UOP01/GO"
187615;2019-01-26;"7";"18:40:00";"MG";153;17,3;"CENTRALINA";"Falta de Atenção à Condução";"Colisão transversal";"Com Vítimas Fatais";"Pleno dia";"Crescente";"Nublado";"Dupla";"Reta";"Sim";1;1;0;0;0;0;0;1;"-18.5777";"-49.1934";"SR-MG";"DEL4/15";"UOP03/MG"
187616;2019-01-26;"7";"16:30:00";"RJ";493;74;"NOVA IGUACU";"Condutor Dormindo";"Colisão com objeto estático";"Com Vítimas Feridas";"Pleno dia";"Decrescente";"Céu Claro";"Dupla";"Reta";"Não";1;0;1;0;0;0;1;1;"-22.68773467";"-43.50032044";"SR-RJ";"DEL5/1";"UOP03/RJ"
187617;2019-01-26;"7";"19:15:00";"RS";101;85,8;"OSORIO";"Falta de Atenção à Condução";"Colisão traseira";"Com Vítimas Feridas";"Anoitecer";"Decrescente";"Céu Claro";"Dupla";"Interseção de vias";"Não";2;0;1;0;1;0;1;2;"-29.87667197";"-50.25806808";"SR-RS";"DEL9/3";"UOP01/RS"
187618;2019-01-26;"7";"18:30:00";"MS";163;290,8;"DOURADINA";"Falta de Atenção à Condução";"Queda de ocupante de veículo";"Com Vítimas Feridas";"Anoitecer";"Crescente";"Céu Claro";"Simples";"Rotatória";"Não";1;0;1;0;0;0;1;1;"-22.06305081";"-54.55844879";"SR-MS";"DEL3/4";"UOP01/MS"
187619;2019-01-26;"7";"18:50:00";"PI";343;14;"PARNAIBA";"Ingestão de Álcool";"Colisão com objeto estático";"Com Vítimas Feridas";"Plena Noite";"Crescente";"Céu Claro";"Dupla";"Reta";"Sim";1;0;1;0;0;0;1;1;"-2.93659065";"-41.75498843";"SR-PI";"DEL17/5";"UOP01/PI"
187620;2019-01-26;"7";"17:45:00";"SC";280;24,8;"ARAQUARI";"Falta de Atenção à Condução";"Colisão transversal";"Com Vítimas Feridas";"Pleno dia";"Decrescente";"Céu Claro";"Simples";"Reta";"Sim";6;0;2;0;4;0;2;2;"-26.37726";"-48.719547";"SR-SC";"DEL8/3";"UOP03/SC"
187621;2019-01-26;"7";"17:35:00";"MA";222;665;"ACAILANDIA";"Desobediência às normas de trânsito pelo condutor";"Colisão frontal";"Com Vítimas Fatais";"Pleno dia";"Crescente";"Céu Claro";"Simples";"Desvio Temporário";"Sim";2;1;0;0;1;0;0;2;"-4.914962";"-47.420988";"SR-MA";"DEL18/4";"UOP03/MA"
187622;2019-01-26;"7";"20:30:00";"RS";158;176,8;"PEJUCARA";"Ultrapassagem Indevida";"Colisão frontal";"Com Vítimas Fatais";"Anoitecer";"Decrescente";"Céu Claro";"Simples";"Reta";"Não";6;1;3;2;0;0;5;2;"-28.48428";"-53.549381";"SR-RS";"DEL9/10";"UOP02/RS"
187624;2019-01-26;"7";"19:40:00";"BA";407;3,8;"JUAZEIRO";"Desobediência às normas de trânsito pelo pedestre";"Atropelamento de Pedestre";"Com Vítimas Fatais";"Plena Noite";"Decrescente";"Céu Claro";"Simples";"Reta";"Sim";4;1;3;0;0;0;3;1;"-9.431397";"-40.498207";"SR-PE";"DEL11/6";"UOP01/PE"
187625;2019-01-26;"7";"20:00:00";"PR";373;274;"PRUDENTOPOLIS";"Defeito Mecânico no Veículo";"Queda de ocupante de veículo";"Com Vítimas Feridas";"Plena Noite";"Crescente";"Céu Claro";"Simples";"Reta";"Não";2;0;2;0;0;0;2;1;"-25.2502906";"-51.05589867";"SR-PR";"DEL7/3";"UOP01/PR"
187626;2019-01-26;"7";"20:10:00";"PR";376;1,2;"SAO JOSE DOS PINHAIS";"Falta de Atenção à Condução";"Colisão lateral";"Com Vítimas Feridas";"Anoitecer";"Crescente";"Nublado";"Dupla";"Não Informado";"Sim";2;0;0;1;1;0;1;2;"-25.5307";"-49.1958";"SR-PR";"DEL7/1";"UOP08/PR"
187627;2019-01-26;"7";"19:40:00";"BA";324;354,9;"CAPIM GROSSO";"Ingestão de Álcool";"Atropelamento de Pedestre";"Com Vítimas Feridas";"Plena Noite";"Crescente";"Nublado";"Simples";"Reta";"Sim";3;0;1;0;1;1;1;1;"-11.38290461";"-40.00207013";"SR-BA";"DEL10/4";"UOP02/BA"
187628;2019-01-26;"7";"19:40:00";"MT";364;112;"PEDRA PRETA";"Ultrapassagem Indevida";"Colisão frontal";"Com Vítimas Fatais";"Plena Noite";"Crescente";"Chuva";"Simples";"Reta";"Não";6;4;0;0;2;0;0;2;"-16.84481977";"-53.96706391";"SR-MT";"DEL2/2";"UOP04/MT"
187629;2019-01-26;"7";"21:20:00";"PR";376;1,2;"SAO JOSE DOS PINHAIS";"Falta de Atenção à Condução";"Colisão frontal";"Com Vítimas Feridas";"Plena Noite";"Crescente";"Céu Claro";"Dupla";"Interseção de vias";"Sim";3;0;1;0;2;0;1;3;"-25.5307";"-49.1958";"SR-PR";"DEL7/1";"UOP08/PR"
187630;2019-01-26;"7";"19:05:00";"SC";282;510;"XANXERE";"Velocidade Incompatível";"Colisão frontal";"Com Vítimas Fatais";"Anoitecer";"Crescente";"Céu Claro";"Simples";"Reta";"Não";5;1;1;3;0;0;4;2;"-26.897114";"-52.463585";"SR-SC";"DEL7";"UOP01/SC"
187631;2019-01-26;"7";"21:00:00";"PR";277;594;"CASCAVEL";"Ingestão de Álcool";"Colisão frontal";"Com Vítimas Feridas";"Plena Noite";"Crescente";"Céu Claro";"Simples";"Reta";"Sim";5;0;0;2;2;1;2;3;"-25.02817";"-53.55983";"SR-PR";"DEL7/4";"UOP01/PR"
187632;2019-01-26;"7";"09:15:00";"SP";116;477,3;"JACUPIRANGA";"Falta de Atenção à Condução";"Colisão transversal";"Com Vítimas Feridas";"Plena Noite";"Decrescente";"Nublado";"Simples";"Reta";"Sim";3;0;1;0;2;0;1;2;"-24.69849381";"-48.00270081";"SR-SP";"DEL6/5";"UOP02/SP"
187633;2019-01-26;"7";"20:00:00";"MA";135;4,2;"SAO LUIS";"Não guardar distância de segurança";"Colisão traseira";"Com Vítimas Feridas";"Plena Noite";"Decrescente";"Nublado";"Dupla";"Reta";"Sim";2;0;1;0;1;0;1;2;"-2.614323";"-44.252632";"SR-MA";"DEL18/1";"UOP01/MA"
187635;2019-01-26;"7";"19:50:00";"MS";262;630;"MIRANDA";"Avarias e/ou desgaste excessivo no pneu";"Tombamento";"Com Vítimas Feridas";"Plena Noite";"Decrescente";"Céu Claro";"Simples";"Desvio Temporário";"Não";2;0;0;2;0;0;2;1;"-19.87293";"-56.8752";"SR-MS";"DEL3/3";"UOP02/MS"
187636;2019-01-26;"7";"21:10:00";"MT";70;520;"VARZEA GRANDE";"Desobediência às normas de trânsito pelo condutor";"Saída de leito carroçável";"Com Vítimas Feridas";"Plena Noite";"Decrescente";"Garoa/Chuvisco";"Simples";"Reta";"Sim";1;0;1;0;0;0;1;1;"-15.66337075";"-56.22596741";"SR-MT";"DEL2/4";"UOP02/MT"
187637;2019-01-26;"7";"22:25:00";"SC";101;443;"SANTA ROSA DO SUL";"Velocidade Incompatível";"Colisão traseira";"Com Vítimas Fatais";"Plena Noite";"Decrescente";"Céu Claro";"Simples";"Reta";"Não";2;1;0;0;1;0;0;2;"-29.135";"-49.7066";"SR-SC";"DEL8/2";"UOP02/SC"
187639;2019-01-26;"7";"22:45:00";"RS";290;89;"PORTO ALEGRE";"Falta de Atenção à Condução";"Colisão lateral";"Com Vítimas Feridas";"Plena Noite";"Decrescente";"Nublado";"Múltipla";"Reta";"Não";3;0;1;0;2;0;1;2;"-29.967892";"-51.147331";"SR-RS";"DEL9/1";"UOP01/RS"
187640;2019-01-26;"7";"17:15:00";"PR";153;101,2;"JAPIRA";"Defeito na Via";"Saída de leito carroçável";"Com Vítimas Feridas";"Pleno dia";"Crescente";"Céu Claro";"Simples";"Reta";"Não";1;0;1;0;0;0;1;1;"-23.772675";"-50.185608";"SR-PR";"DEL7/7";"UOP07/PR"
187641;2019-01-26;"7";"22:20:00";"SC";101;142;"ITAPEMA";"Ingestão de Álcool";"Queda de ocupante de veículo";"Com Vítimas Feridas";"Plena Noite";"Crescente";"Nublado";"Simples";"Interseção de vias";"Sim";2;0;0;1;1;0;1;2;"-27.0645";"-48.5958";"SR-SC";"DEL8/4";"UOP03/SC"
187642;2019-01-26;"7";"20:20:00";"PI";343;599;"FLORIANO";"Falta de Atenção do Pedestre";"Atropelamento de Pedestre";"Com Vítimas Feridas";"Plena Noite";"Decrescente";"Chuva";"Dupla";"Reta";"Sim";2;0;1;0;1;0;1;1;"-6.827629";"-43.064651";"SR-PI";"DEL17/3";"UOP01/PI"
187643;2019-01-26;"7";"21:53:00";"SC";282;523,9;"XAXIM";"Velocidade Incompatível";"Colisão frontal";"Com Vítimas Feridas";"Plena Noite";"Crescente";"Céu Claro";"Simples";"Curva";"Não";4;0;4;0;0;0;4;2;"-26.963129";"-52.548851";"SR-SC";"DEL7";"UOP01/SC"
187644;2019-01-26;"7";"20:40:00";"PI";343;307,3;"ALTOS";"Defeito na Via";"Danos eventuais";"Sem Vítimas";"Plena Noite";"Decrescente";"Chuva";"Simples";"Reta";"Sim";1;0;0;0;1;0;0;1;"-5.039802";"-42.459518";"SR-PI";"DEL17/1";"UOP01/PI"
187645;2019-01-26;"7";"17:00:00";"BA";242;489;"OLIVEIRA DOS BREJINHOS";"Falta de Atenção à Condução";"Colisão lateral";"Com Vítimas Feridas";"Pleno dia";"Crescente";"Céu Claro";"Simples";"Reta";"Não";2;0;1;0;1;0;1;2;"-12.330553";"-42.551072";"SR-BA";"DEL10/6";"UOP01/BA"
187646;2019-01-26;"7";"22:00:00";"TO";153;688,7;"CARIRI DO TOCANTINS";"Falta de Atenção à Condução";"Colisão frontal";"Com Vítimas Fatais";"Plena Noite";"Crescente";"Céu Claro";"Simples";"Reta";"Não";2;1;0;0;1;0;0;2;"-11.887465";"-49.164433";"SR-TO";"UOP01/TO";""
187647;2019-01-26;"7";"22:40:00";"PR";277;716;"SANTA TEREZINHA DE ITAIPU";"Falta de Atenção à Condução";"Saída de leito carroçável";"Com Vítimas Feridas";"Plena Noite";"Crescente";"Céu Claro";"Dupla";"Reta";"Não";3;0;0;3;0;0;3;1;"-25.47267";"-54.467037";"SR-PR";"DEL7/5";"UOP01/PR"
187648;2019-01-26;"7";"22:35:00";"BA";407;104;"JAGUARARI";"Ultrapassagem Indevida";"Saída de leito carroçável";"Com Vítimas Feridas";"Plena Noite";"Crescente";"Céu Claro";"Simples";"Desvio Temporário";"Não";2;0;2;0;0;0;2;1;"-10.264918";"-40.18277";"SR-BA";"DEL10/4";"UOP01/BA"
187650;2019-01-26;"7";"23:47:00";"CE";116;256;"ALTO SANTO";"Animais na Pista";"Atropelamento de Animal";"Sem Vítimas";"Plena Noite";"Decrescente";"Céu Claro";"Simples";"Reta";"Não";1;0;0;0;1;0;0;1;"-5.490278";"-38.403522";"SR-CE";"DEL16/5";"UOP02/CE"
187651;2019-01-27;"1";"00:35:00";"RJ";493;19;"GUAPIMIRIM";"Sinalização da via insuficiente ou inadequada";"Colisão transversal";"Sem Vítimas";"Plena Noite";"Crescente";"Céu Claro";"Simples";"Não Informado";"Não";3;0;0;0;2;1;0;2;"-22.666386";"-43.027702";"SR-RJ";"DEL5/4";"UOP02/RJ"
187652;2019-01-27;"1";"00:05:00";"PR";163;350;"GUAIRA";"Restrição de Visibilidade";"Colisão com objeto estático";"Sem Vítimas";"Plena Noite";"Crescente";"Céu Claro";"Dupla";"Curva";"Não";1;0;0;0;1;0;0;1;"-24.0742";"-54.2446";"SR-PR";"DEL7/6";"UOP01/PR"
187653;2019-01-26;"7";"23:00:00";"RJ";101;320;"NITEROI";"Falta de Atenção à Condução";"Colisão com objeto estático";"Com Vítimas Fatais";"Plena Noite";"Crescente";"Céu Claro";"Dupla";"Túnel";"Sim";1;1;0;0;0;0;0;1;"-22.861752";"-43.107143";"SR-RJ";"DEL5/2";"UOP01/RJ"
187654;2019-01-27;"1";"01:10:00";"GO";153;444;"ANAPOLIS";"Ingestão de Álcool";"Tombamento";"Com Vítimas Feridas";"Plena Noite";"Decrescente";"Nublado";"Dupla";"Desvio Temporário";"Sim";2;0;2;0;0;0;2;1;"-16.35263262";"-48.9287281";"SR-GO";"DEL1/2";"UOP01/GO"
187655;2019-01-27;"1";"00:05:00";"PR";476;320,7;"PAULO FRONTIN";"Defeito na Via";"Tombamento";"Sem Vítimas";"Plena Noite";"Decrescente";"Céu Claro";"Simples";"Desvio Temporário";"Não";1;0;0;0;1;0;0;1;"-26.066572";"-50.729763";"SR-PR";"DEL7/2";"UOP03/PR"
187657;2019-01-27;"1";"01:30:00";"SP";101;50,5;"UBATUBA";"Ingestão de Álcool";"Colisão transversal";"Com Vítimas Feridas";"Plena Noite";"Crescente";"Céu Claro";"Simples";"Interseção de vias";"Sim";4;0;1;0;3;0;1;2;"-23.45696716";"-45.07031679";"SR-SP";"DEL6";"UOP03/SP"
187658;2019-01-26;"7";"23:20:00";"PA";222;231;"MARABA";"Ingestão de Álcool";"Atropelamento de Pedestre";"Com Vítimas Feridas";"Plena Noite";"Decrescente";"Garoa/Chuvisco";"Simples";"Reta";"Não";4;0;0;3;0;1;3;1;"-5.248291";"-49.058533";"SR-PA";"DEL19/3";"UOP01/PA"
187659;2019-01-27;"1";"01:50:00";"PR";376;276;"MARILANDIA DO SUL";"Condutor Dormindo";"Colisão transversal";"Com Vítimas Feridas";"Plena Noite";"Crescente";"Céu Claro";"Simples";"Não Informado";"Não";7;0;1;2;4;0;3;2;"-23.78738953";"-51.26490265";"SR-PR";"DEL7/7";"UOP02/PR"
187660;2019-01-25;"6";"23:30:00";"RO";364;132;"PIMENTA BUENO";"Falta de Atenção à Condução";"Colisão lateral";"Com Vítimas Feridas";"Plena Noite";"Decrescente";"Nublado";"Simples";"Reta";"Não";4;0;1;0;3;0;1;2;"-12.028334";"-60.774635";"SR-RO";"DEL21/2";"UOP02/RO"
187661;2019-01-27;"1";"01:00:00";"SC";101;227,6;"PALHOCA";"Ingestão de Álcool";"Colisão com objeto estático";"Sem Vítimas";"Plena Noite";"Crescente";"Céu Claro";"Dupla";"Reta";"Sim";2;0;0;0;1;1;0;1;"-27.7591";"-48.6308";"SR-SC";"DEL8/1";"UOP02/SC"
187663;2019-01-27;"1";"01:45:00";"GO";40;2;"VALPARAISO DE GOIAS";"Condutor Dormindo";"Saída de leito carroçável";"Sem Vítimas";"Plena Noite";"Decrescente";"Chuva";"Dupla";"Reta";"Sim";1;0;0;0;1;0;0;1;"-16.067129";"-47.984235";"SR-DF";"GO";"UOP01/DF"
187664;2019-01-27;"1";"01:50:00";"RJ";356;152;"CAMPOS DOS GOYTACAZES";"Falta de Atenção à Condução";"Atropelamento de Pedestre";"Com Vítimas Feridas";"Plena Noite";"Decrescente";"Céu Claro";"Simples";"Reta";"Não";2;0;0;1;0;1;1;1;"-21.777777";"-41.306713";"SR-RJ";"DEL5/8";"UOP02/RJ"
187666;2019-01-26;"7";"22:30:00";"MA";226;537;"PORTO FRANCO";"Falta de Atenção à Condução";"Queda de ocupante de veículo";"Sem Vítimas";"Plena Noite";"Crescente";"Céu Claro";"Simples";"Reta";"Não";2;0;0;0;0;2;0;1;"-6.348567";"-47.371593";"SR-MA";"DEL18/4";"UOP02/MA"
187667;2019-01-27;"1";"01:30:00";"GO";452;183,9;"ITUMBIARA";"Condutor Dormindo";"Saída de leito carroçável";"Com Vítimas Feridas";"Plena Noite";"Decrescente";"Chuva";"Simples";"Reta";"Não";1;0;1;0;0;0;1;1;"-18.3992881";"-49.32150409";"SR-GO";"DEL1/3";"UOP02/GO"
187668;2019-01-27;"1";"00:40:00";"SC";280;36,7;"ARAQUARI";"Ingestão de Álcool";"Capotamento";"Com Vítimas Feridas";"Plena Noite";"Decrescente";"Céu Claro";"Simples";"Curva";"Não";1;0;1;0;0;0;1;1;"-26.442017";"-48.809643";"SR-SC";"DEL8/3";"UOP03/SC"
187670;2019-01-27;"1";"03:20:00";"RJ";116;175;"SAO JOAO DE MERITI";"Falta de Atenção à Condução";"Colisão com objeto estático";"Sem Vítimas";"Plena Noite";"Decrescente";"Céu Claro";"Múltipla";"Reta";"Sim";3;0;0;0;2;1;0;2;"-22.789236";"-43.372753";"SR-RJ";"DEL5/1";"UOP02/RJ"
187671;2019-01-27;"1";"04:50:00";"SE";101;93,7;"NOSSA SENHORA DO SOCORRO";"Velocidade Incompatível";"Colisão frontal";"Com Vítimas Feridas";"Amanhecer";"Crescente";"Céu Claro";"Dupla";"Curva";"Sim";4;0;1;0;1;2;1;2;"-10.9116";"-37.1585";"SR-SE";"DEL20/1";"UOP01/SE"
187673;2019-01-27;"1";"04:15:00";"PR";469;13,5;"FOZ DO IGUACU";"Desobediência às normas de trânsito pelo condutor";"Colisão traseira";"Com Vítimas Feridas";"Plena Noite";"Decrescente";"Céu Claro";"Simples";"Interseção de vias";"Sim";2;0;1;0;1;0;1;2;"-25.5754";"-54.5489";"SR-PR";"DEL7/5";"UOP04/PR"
187674;2019-01-27;"1";"03:22:00";"SC";470;151,9;"AGRONOMICA";"Ingestão de Álcool";"Colisão frontal";"Com Vítimas Fatais";"Plena Noite";"Decrescente";"Nublado";"Simples";"Reta";"Não";2;2;0;0;0;0;0;2;"-27.260792";"-49.719761";"SR-SC";"DEL8/4";"UOP02/SC"
187676;2019-01-27;"1";"01:00:00";"PE";104;68;"CARUARU";"Defeito Mecânico no Veículo";"Incêndio";"Sem Vítimas";"Plena Noite";"Crescente";"Céu Claro";"Dupla";"Reta";"Sim";1;0;0;0;0;1;0;1;"-8.3107";"-35.9904";"SR-PE";"DEL11/2";"UOP01/PE"
187677;2019-01-27;"1";"07:10:00";"ES";262;3,7;"CARIACICA";"Falta de Atenção à Condução";"Colisão lateral";"Com Vítimas Feridas";"Pleno dia";"Crescente";"Céu Claro";"Múltipla";"Curva";"Sim";2;0;0;1;1;0;1;2;"-20.3332";"-40.3685";"SR-ES";"DEL12/1";"UOP01/ES"
187678;2019-01-27;"1";"04:30:00";"RJ";116;94;"GUAPIMIRIM";"Condutor Dormindo";"Saída de leito carroçável";"Com Vítimas Feridas";"Plena Noite";"Decrescente";"Céu Claro";"Simples";"Curva";"Não";2;0;1;0;1;0;1;1;"-22.466434";"-43.000889";"SR-RJ";"DEL5/4";"UOP02/RJ"
187679;2019-01-27;"1";"06:00:00";"BA";418;86;"CARAVELAS";"Ingestão de Álcool";"Saída de leito carroçável";"Com Vítimas Fatais";"Amanhecer";"Crescente";"Céu Claro";"Simples";"Reta";"Sim";3;2;1;0;0;0;1;1;"-17.734264";"-39.553185";"SR-BA";"DEL10/9";"UOP03/BA"
187680;2019-01-27;"1";"04:40:00";"SC";280;181;"MAFRA";"Ingestão de Álcool";"Capotamento";"Com Vítimas Feridas";"Plena Noite";"Decrescente";"Céu Claro";"Simples";"Curva";"Não";2;0;1;1;0;0;2;1;"-26.17250508";"-49.89376545";"SR-SC";"DEL8/6";"UOP01/SC"
187681;2019-01-27;"1";"07:00:00";"GO";20;80;"VILA BOA";"Condutor Dormindo";"Colisão frontal";"Com Vítimas Fatais";"Pleno dia";"Crescente";"Nublado";"Simples";"Reta";"Não";4;3;0;0;1;0;0;2;"-15.090361";"-47.104549";"SR-DF";"GO";"UOP05/DF"
187682;2019-01-27;"1";"05:45:00";"RS";290;54;"GLORINHA";"Falta de Atenção à Condução";"Saída de leito carroçável";"Com Vítimas Feridas";"Plena Noite";"Decrescente";"Céu Claro";"Múltipla";"Reta";"Não";3;0;2;0;1;0;2;2;"-29.912643";"-50.798103";"SR-RS";"DEL9/3";"UOP02/RS"
187683;2019-01-27;"1";"02:20:00";"MA";230;2;"BARAO DE GRAJAU";"Velocidade Incompatível";"Colisão traseira";"Com Vítimas Feridas";"Plena Noite";"Crescente";"Céu Claro";"Simples";"Reta";"Sim";2;0;0;1;1;0;1;2;"-6.753782";"-43.027554";"SR-PI";"DEL17/3";"UOP01/PI"
187684;2019-01-27;"1";"06:01:00";"MT";163;560;"DIAMANTINO";"Pista Escorregadia";"Colisão frontal";"Com Vítimas Fatais";"Amanhecer";"Crescente";"Chuva";"Simples";"Reta";"Não";2;1;0;1;0;0;1;2;"-14.15288842";"-56.09653473";"SR-MT";"DEL2/4";"UOP01/MT"
187685;2019-01-27;"1";"05:00:00";"PR";277;77,5;"SAO JOSE DOS PINHAIS";"Falta de Atenção à Condução";"Colisão frontal";"Com Vítimas Feridas";"Amanhecer";"Decrescente";"Céu Claro";"Dupla";"Reta";"Sim";3;0;2;0;1;0;2;2;"-25.48518281";"-49.18727696";"SR-PR";"DEL7/1";"UOP01/PR"
187686;2019-01-27;"1";"03:30:00";"PB";230;16;"JOAO PESSOA";"Ingestão de Álcool";"Colisão traseira";"Com Vítimas Feridas";"Plena Noite";"Crescente";"Céu Claro";"Dupla";"Curva";"Sim";3;0;1;0;1;1;1;2;"-7.1039";"-34.8458";"SR-PB";"DEL14/1";"UOP00/PB"
187687;2019-01-27;"1";"05:00:00";"PR";277;77,1;"SAO JOSE DOS PINHAIS";"Não guardar distância de segurança";"Colisão traseira";"Sem Vítimas";"Plena Noite";"Decrescente";"Céu Claro";"Dupla";"Reta";"Sim";2;0;0;0;2;0;0;2;"-25.48694499";"-49.18331668";"SR-PR";"DEL7/1";"UOP01/PR"
187688;2019-01-27;"1";"04:50:00";"PR";277;660;"MATELANDIA";"Ingestão de Álcool";"Colisão com objeto estático";"Sem Vítimas";"Plena Noite";"Decrescente";"Céu Claro";"Dupla";"Reta";"Não";2;0;0;0;2;0;0;1;"-25.251387";"-53.990307";"SR-PR";"DEL7/5";"UOP02/PR"
187689;2019-01-27;"1";"05:20:00";"PR";277;617;"CEU AZUL";"Falta de Atenção à Condução";"Colisão frontal";"Com Vítimas Fatais";"Plena Noite";"Crescente";"Céu Claro";"Simples";"Reta";"Não";3;1;1;0;1;0;1;3;"-25.074165";"-53.683266";"SR-PR";"DEL7/5";"UOP02/PR"
187690;2019-01-26;"7";"21:20:00";"PR";277;709;"SANTA TEREZINHA DE ITAIPU";"Ingestão de Álcool";"Saída de leito carroçável";"Sem Vítimas";"Plena Noite";"Decrescente";"Céu Claro";"Dupla";"Reta";"Não";1;0;0;0;1;0;0;1;"-25.446581";"-54.4044";"SR-PR";"DEL7/5";"UOP01/PR"
187691;2019-01-27;"1";"06:00:00";"BA";116;860,1;"VITORIA DA CONQUISTA";"Velocidade Incompatível";"Colisão frontal";"Com Vítimas Feridas";"Pleno dia";"Crescente";"Nublado";"Simples";"Reta";"Não";4;0;1;0;3;0;1;2;"-15.15214471";"-41.05196737";"SR-BA";"DEL10/8";"UOP03/BA"
187692;2019-01-27;"1";"05:00:00";"BA";324;0;"FEIRA DE SANTANA";"Ingestão de Álcool";"Colisão com objeto estático";"Sem Vítimas";"Amanhecer";"Crescente";"Céu Claro";"Simples";"Curva";"Sim";2;0;0;0;1;1;0;1;"-12.27325057";"-38.93726349";"SR-BA";"DEL10/2";"UOP01/BA"
187693;2019-01-27;"1";"04:10:00";"PR";277;690,8;"SAO MIGUEL DO IGUACU";"Velocidade Incompatível";"Saída de leito carroçável";"Sem Vítimas";"Plena Noite";"Crescente";"Céu Claro";"Dupla";"Reta";"Não";1;0;0;0;1;0;0;1;"-25.36227076";"-54.25225946";"SR-PR";"DEL7/5";"UOP01/PR"
187694;2019-01-27;"1";"06:20:00";"PR";376;589;"CURITIBA";"Falta de Atenção à Condução";"Colisão traseira";"Sem Vítimas";"Amanhecer";"Crescente";"Céu Claro";"Dupla";"Reta";"Sim";2;0;0;0;2;0;0;2;"-25.44363146";"-49.36449409";"SR-PR";"DEL7/1";"UOP04/PR"
187695;2019-01-27;"1";"06:00:00";"PA";10;85;"ULIANOPOLIS";"Ingestão de Álcool";"Colisão frontal";"Com Vítimas Feridas";"Pleno dia";"Crescente";"Céu Claro";"Simples";"Reta";"Sim";3;0;2;0;1;0;2;2;"-3.73877865";"-47.49407887";"SR-PA";"DEL19/2";"UOP03/PA"
187696;2019-01-27;"1";"06:45:00";"SE";101;20,2;"SAO FRANCISCO";"Ingestão de Álcool";"Saída de leito carroçável";"Com Vítimas Feridas";"Pleno dia";"Crescente";"Céu Claro";"Dupla";"Reta";"Não";2;0;1;1;0;0;2;1;"-10.36456816";"-36.90977097";"SR-SE";"DEL20/2";"UOP02/SE"
187697;2019-01-27;"1";"07:50:00";"SP";116;162;"JACAREI";"Falta de Atenção à Condução";"Colisão lateral";"Com Vítimas Feridas";"Pleno dia";"Decrescente";"Sol";"Dupla";"Reta";"Sim";2;0;1;0;1;0;1;2;"-23.27785719";"-45.97862005";"SR-SP";"DEL6/2";"UOP01/SP"
187698;2019-01-26;"7";"22:00:00";"MA";226;534,5;"PORTO FRANCO";"Falta de Atenção à Condução";"Saída de leito carroçável";"Com Vítimas Fatais";"Plena Noite";"Crescente";"Céu Claro";"Simples";"Reta";"Não";1;1;0;0;0;0;0;1;"-6.348567";"-47.371593";"SR-MA";"DEL18/4";"UOP02/MA"
187699;2019-01-26;"7";"23:50:00";"SP";116;158,6;"JACAREI";"Falta de Atenção à Condução";"Colisão com objeto estático";"Com Vítimas Feridas";"Plena Noite";"Decrescente";"Céu Claro";"Dupla";"Reta";"Sim";1;0;0;1;0;0;1;1;"-23.2633435";"-45.9559792";"SR-SP";"DEL6/2";"UOP01/SP"