"id";"data_inversa";"dia_semana";"horario";"uf";"br";"km";"municipio";"causa_acidente";"tipo_acidente";"classificacao_acidente";"fase_dia";"sentido_via";"condicao_metereologica";"tipo_pista";"tracado_via";"uso_solo";"pessoas";"mortos";"feridos_leves";"feridos_graves";"ilesos";"ignorados";"feridos";"veiculos";"latitude";"longitude";"regional";"delegacia";"uop"
188356;2019-01-30;"4";"12:45:00";"RO";364;579;"ITAPUA DO OESTE";"Falta de Atenção à Condução";"Saída de leito carroçável";"Sem Vítimas";"Pleno dia";"Crescente";"Céu Claro";"Simples";"Reta";"Não";1;0;0;0;1;0;0;1;"-9.406354";"-63.124371";"SR-RO";"DEL21/3";"UOP03/RO"
188357;2019-01-30;"4";"18:30:00";"GO";452;47,2;"RIO VERDE";"Defeito Mecânico no Veículo";"Incêndio";"Sem Vítimas";"Pleno dia";"Crescente";"Céu Claro";"Simples";"Interseção de vias";"Não";2;0;0;0;2;0;0;1;"-17.956402";"-50.503559";"SR-GO";"DEL1/4";"UOP01/GO"
188359;2019-01-30;"4";"18:10:00";"ES";101;266,4;"SERRA";"Falta de Atenção à Condução";"Colisão traseira";"Com Vítimas Feridas";"Pleno dia";"Crescente";"Céu Claro";"Múltipla";"Reta";"Sim";2;0;0;1;1;0;1;2;"-20.19497462";"-40.26876753";"SR-ES";"DEL12/2";"UOP01/ES"
188360;2019-01-30;"4";"19:10:00";"SC";282;16,8;"PALHOCA";"Não guardar distância de segurança";"Colisão traseira";"Com Vítimas Feridas";"Pleno dia";"Decrescente";"Céu Claro";"Simples";"Reta";"Sim";2;0;1;0;1;0;1;2;"-27.658611";"-48.681847";"SR-SC";"DEL8/1";"UOP02/SC"
188361;2019-01-30;"4";"18:10:00";"PE";232;5;"RECIFE";"Não guardar distância de segurança";"Colisão lateral";"Com Vítimas Feridas";"Plena Noite";"Crescente";"Nublado";"Dupla";"Reta";"Sim";2;0;1;0;1;0;1;2;"-8.067958";"-34.945354";"SR-PE";"DEL11/1";"UOP01/PE"
188362;2019-01-30;"4";"19:10:00";"SP";381;69;"MAIRIPORA";"Falta de Atenção à Condução";"Saída de leito carroçável";"Com Vítimas Feridas";"Pleno dia";"Decrescente";"Céu Claro";"Dupla";"Não Informado";"Não";2;0;1;0;1;0;1;1;"-23.34982098";"-46.55765533";"SR-SP";"DEL6/3";"UOP02/SP"
188363;2019-01-30;"4";"18:15:00";"CE";116;457,6;"BARRO";"Desobediência às normas de trânsito pelo condutor";"Colisão frontal";"Com Vítimas Fatais";"Plena Noite";"Decrescente";"Céu Claro";"Simples";"Desvio Temporário";"Não";5;1;0;1;3;0;1;2;"-7.196165";"-38.79384";"SR-CE";"DEL16/5";"UOP03/CE"
188364;2019-01-30;"4";"18:30:00";"SP";381;73;"SAO PAULO";"Falta de Atenção à Condução";"Colisão traseira";"Sem Vítimas";"Pleno dia";"Crescente";"Chuva";"Múltipla";"Curva";"Não";3;0;0;0;3;0;0;3;"-23.36815132";"-46.5531466";"SR-SP";"DEL6/3";"UOP02/SP"
188365;2019-01-30;"4";"18:15:00";"MG";146;506,1;"BANDEIRA DO SUL";"Falta de Atenção à Condução";"Colisão transversal";"Com Vítimas Feridas";"Pleno dia";"Decrescente";"Nublado";"Simples";"Interseção de vias";"Não";3;0;0;1;1;1;1;2;"-21.745225";"-46.40412";"SR-MG";"DEL13";"UOP01/MG"
188366;2019-01-30;"4";"19:25:00";"SC";101;90;"BARRA VELHA";"Não guardar distância de segurança";"Colisão traseira";"Com Vítimas Feridas";"Anoitecer";"Decrescente";"Nublado";"Dupla";"Reta";"Não";3;0;2;0;1;0;2;2;"-26.678";"-48.692";"SR-SC";"DEL8/3";"UOP02/SC"
188367;2019-01-30;"4";"18:20:00";"PE";101;49;"IGARASSU";"Ingestão de álcool e/ou substâncias psicoativas pelo pedestre";"Atropelamento de Pedestre";"Com Vítimas Feridas";"Plena Noite";"Decrescente";"Céu Claro";"Múltipla";"Curva";"Sim";3;0;2;1;0;0;3;1;"-7.9068";"-34.9013";"SR-PE";"DEL11/1";"UOP02/PE"
188368;2019-01-30;"4";"18:40:00";"SC";116;221,1;"CORREIA PINTO";"Falta de Atenção à Condução";"Colisão transversal";"Com Vítimas Feridas";"Pleno dia";"Crescente";"Céu Claro";"Simples";"Interseção de vias";"Sim";2;0;1;0;1;0;1;2;"-27.59456557";"-50.35918236";"SR-SC";"DEL8/5";"UOP03/SC"
188369;2019-01-30;"4";"19:10:00";"ES";259;34,9;"COLATINA";"Velocidade Incompatível";"Tombamento";"Com Vítimas Feridas";"Plena Noite";"Decrescente";"Céu Claro";"Simples";"Curva";"Não";1;0;1;0;0;0;1;1;"-19.55308268";"-40.49633687";"SR-ES";"DEL12/2";"UOP01/ES"
188370;2019-01-30;"4";"19:05:00";"ES";101;249,2;"SERRA";"Defeito Mecânico no Veículo";"Saída de leito carroçável";"Com Vítimas Feridas";"Anoitecer";"Decrescente";"Céu Claro";"Simples";"Reta";"Não";2;0;0;1;0;1;1;1;"-20.07386275";"-40.35314798";"SR-ES";"DEL12/2";"UOP01/ES"
188371;2019-01-30;"4";"18:00:00";"GO";153;19,8;"PORANGATU";"Falta de Atenção à Condução";"Colisão lateral";"Com Vítimas Feridas";"Pleno dia";"Decrescente";"Céu Claro";"Simples";"Reta";"Não";4;0;1;1;2;0;2;2;"-12.995692";"-49.154682";"SR-GO";"DEL1/7";"UOP01/GO"
188373;2019-01-30;"4";"19:30:00";"PR";116;76,9;"PIRAQUARA";"Falta de Atenção à Condução";"Colisão traseira";"Com Vítimas Feridas";"Plena Noite";"Crescente";"Garoa/Chuvisco";"Dupla";"Reta";"Não";2;0;1;0;1;0;1;2;"-25.41046268";"-49.06320333";"SR-PR";"DEL7/1";"UOP01/PR"
188374;2019-01-30;"4";"20:00:00";"SC";101;214;"PALHOCA";"Desobediência às normas de trânsito pelo condutor";"Colisão transversal";"Com Vítimas Feridas";"Anoitecer";"Crescente";"Céu Claro";"Dupla";"Interseção de vias";"Sim";3;0;0;1;1;1;1;2;"-27.652";"-48.676";"SR-SC";"DEL8/1";"UOP02/SC"
188376;2019-01-30;"4";"19:35:00";"DF";70;0,5;"BRASILIA";"Desobediência às normas de trânsito pelo condutor";"Colisão traseira";"Com Vítimas Feridas";"Plena Noite";"Crescente";"Céu Claro";"Dupla";"Reta";"Sim";3;0;1;0;2;0;1;3;"-15.792352";"-48.054509";"SR-DF";"DF";"UOP06/DF"
188377;2019-01-30;"4";"16:50:00";"CE";222;225,2;"SOBRAL";"Pista Escorregadia";"Saída de leito carroçável";"Com Vítimas Feridas";"Pleno dia";"Crescente";"Chuva";"Simples";"Curva";"Sim";2;0;0;1;1;0;1;1;"-3.708204";"-40.35215";"SR-CE";"DEL16/4";"UOP01/CE"
188378;2019-01-30;"4";"17:20:00";"BA";110;371;"CATU";"Falta de Atenção à Condução";"Colisão transversal";"Com Vítimas Feridas";"Anoitecer";"Decrescente";"Céu Claro";"Simples";"Interseção de vias";"Não";4;0;1;0;3;0;1;2;"-12.39793418";"-38.37301254";"SR-BA";"DEL10/1";"UOP04/BA"
188379;2019-01-30;"4";"20:00:00";"MG";267;76,6;"JUIZ DE FORA";"Desobediência às normas de trânsito pelo condutor";"Colisão frontal";"Com Vítimas Feridas";"Plena Noite";"Decrescente";"Céu Claro";"Simples";"Reta";"Não";2;0;0;2;0;0;2;2;"-21.7561";"-43.2136";"SR-MG";"DEL5";"UOP01/MG"
188380;2019-01-30;"4";"19:20:00";"PE";116;24;"SALGUEIRO";"Desobediência às normas de trânsito pelo condutor";"Colisão lateral";"Com Vítimas Feridas";"Anoitecer";"Crescente";"Céu Claro";"Simples";"Reta";"Sim";2;0;1;0;1;0;1;2;"-8.052562";"-39.13718";"SR-PE";"DEL11/5";"UOP01/PE"
188381;2019-01-30;"4";"13:30:00";"BA";101;657,2;"ITAPEBI";"Não guardar distância de segurança";"Colisão traseira";"Com Vítimas Feridas";"Pleno dia";"Crescente";"Sol";"Simples";"Reta";"Sim";2;0;1;0;1;0;1;2;"-15.9066";"-39.5609";"SR-BA";"DEL10/5";"UOP02/BA"
188382;2019-01-30;"4";"17:30:00";"RJ";40;84;"PETROPOLIS";"Falta de Atenção à Condução";"Colisão com objeto estático";"Sem Vítimas";"Pleno dia";"Crescente";"Sol";"Simples";"Curva";"Não";1;0;0;0;1;0;0;1;"-22.5511";"-43.2257";"SR-RJ";"DEL5/6";"UOP03/RJ"
188383;2019-01-30;"4";"17:35:00";"MT";364;233;"RONDONOPOLIS";"Avarias e/ou desgaste excessivo no pneu";"Saída de leito carroçável";"Com Vítimas Feridas";"Anoitecer";"Decrescente";"Nublado";"Dupla";"Curva";"Não";1;0;1;0;0;0;1;1;"-16.239941";"-54.781345";"SR-MT";"DEL2/2";"UOP01/MT"
188384;2019-01-30;"4";"20:25:00";"MG";40;679,9;"RESSAQUINHA";"Não guardar distância de segurança";"Colisão lateral";"Com Vítimas Feridas";"Plena Noite";"Decrescente";"Céu Claro";"Dupla";"Curva";"Não";2;0;0;1;1;0;1;2;"-21.0531";"-43.7631";"SR-MG";"DEL5";"UOP02/MG"
188385;2019-01-30;"4";"15:00:00";"GO";60;94;"ANAPOLIS";"Avarias e/ou desgaste excessivo no pneu";"Queda de ocupante de veículo";"Com Vítimas Feridas";"Pleno dia";"Crescente";"Sol";"Dupla";"Reta";"Sim";2;0;2;0;0;0;2;1;"-16.3611";"-48.9328";"SR-GO";"DEL1/2";"UOP01/GO"
188386;2019-01-30;"4";"18:50:00";"SC";470;0,7;"NAVEGANTES";"Falta de Atenção à Condução";"Atropelamento de Pedestre";"Com Vítimas Feridas";"Pleno dia";"Decrescente";"Sol";"Simples";"Reta";"Não";2;0;2;0;0;0;2;1;"-26.88232";"-48.66183";"SR-SC";"DEL8/4";"UOP04/SC"
188387;2019-01-30;"4";"19:50:00";"PR";376;177,5;"MARINGA";"Falta de Atenção à Condução";"Queda de ocupante de veículo";"Com Vítimas Feridas";"Anoitecer";"Crescente";"Céu Claro";"Dupla";"Reta";"Sim";1;0;1;0;0;0;1;1;"-23.41465862";"-51.92653656";"SR-PR";"DEL7/7";"UOP04/PR"
188388;2019-01-30;"4";"16:30:00";"RO";421;46,1;"MONTE NEGRO";"Desobediência às normas de trânsito pelo condutor";"Colisão frontal";"Com Vítimas Feridas";"Pleno dia";"Decrescente";"Nublado";"Simples";"Reta";"Não";3;0;2;0;0;1;2;2;"-10.242063";"-63.269863";"SR-RO";"DEL21/3";"UOP04/RO"
188389;2019-01-30;"4";"21:15:00";"PR";116;44,1;"CAMPINA GRANDE DO SUL";"Velocidade Incompatível";"Colisão com objeto estático";"Sem Vítimas";"Plena Noite";"Decrescente";"Garoa/Chuvisco";"Dupla";"Não Informado";"Não";1;0;0;0;1;0;0;1;"-25.18824";"-48.884922";"SR-PR";"DEL7/1";"UOP02/PR"
188391;2019-01-30;"4";"19:30:00";"PE";101;158,5;"GAMELEIRA";"Defeito Mecânico no Veículo";"Incêndio";"Sem Vítimas";"Plena Noite";"Decrescente";"Céu Claro";"Dupla";"Reta";"Não";1;0;0;0;0;1;0;1;"-8.5519";"-35.4122";"SR-PE";"DEL11/1";"UOP03/PE"
188392;2019-01-30;"4";"16:40:00";"PR";476;126;"CURITIBA";"Desobediência às normas de trânsito pelo condutor";"Colisão traseira";"Com Vítimas Feridas";"Pleno dia";"Decrescente";"Céu Claro";"Múltipla";"Reta";"Não";2;0;1;0;1;0;1;2;"-25.416758";"-49.223446";"SR-PR";"DEL7/1";"UOP06/PR"
188393;2019-01-30;"4";"21:02:00";"RS";470;175,9;"VERANOPOLIS";"Falta de Atenção à Condução";"Colisão frontal";"Com Vítimas Feridas";"Plena Noite";"Decrescente";"Céu Claro";"Simples";"Retorno Regulamentado";"Sim";3;0;1;0;2;0;1;3;"-28.92685755";"-51.54165214";"SR-RS";"DEL9/6";"UOP02/RS"
188394;2019-01-30;"4";"22:10:00";"SP";101;43,9;"UBATUBA";"Ingestão de Álcool";"Colisão frontal";"Sem Vítimas";"Plena Noite";"Crescente";"Céu Claro";"Simples";"Interseção de vias";"Sim";2;0;0;0;2;0;0;2;"-23.41109456";"-45.06626129";"SR-SP";"DEL6";"UOP03/SP"
188395;2019-01-30;"4";"17:40:00";"PR";369;185;"CURITIBA";"Falta de Atenção à Condução";"Colisão traseira";"Com Vítimas Feridas";"Pleno dia";"Crescente";"Céu Claro";"Simples";"Reta";"Não";2;0;1;0;1;0;1;2;"-25.449564";"-49.236427";"SR-PR";"DEL7/7";"UOP03/PR"
188397;2019-01-30;"4";"18:05:00";"PR";476;115;"COLOMBO";"Não guardar distância de segurança";"Colisão traseira";"Sem Vítimas";"Pleno dia";"Decrescente";"Céu Claro";"Simples";"Reta";"Sim";2;0;0;0;2;0;0;2;"-25.344196";"-49.159679";"SR-PR";"DEL7/1";"UOP01/PR"
188398;2019-01-30;"4";"17:30:00";"PR";277;475;"NOVA LARANJEIRAS";"Falta de Atenção à Condução";"Engavetamento";"Com Vítimas Feridas";"Pleno dia";"Crescente";"Céu Claro";"Simples";"Curva";"Não";4;0;1;0;3;0;1;3;"-25.27155414";"-52.60717392";"SR-PR";"DEL7/4";"UOP03/PR"
188399;2019-01-30;"4";"21:20:00";"ES";101;143,1;"LINHARES";"Falta de Atenção à Condução";"Colisão frontal";"Com Vítimas Feridas";"Plena Noite";"Decrescente";"Céu Claro";"Simples";"Reta";"Não";2;0;2;0;0;0;2;2;"-19.35034341";"-40.06336212";"SR-ES";"DEL12/4";"UOP01/ES"
188400;2019-01-30;"4";"22:20:00";"GO";153;504,6;"APARECIDA DE GOIANIA";"Defeito Mecânico no Veículo";"Incêndio";"Com Vítimas Feridas";"Plena Noite";"Decrescente";"Céu Claro";"Dupla";"Reta";"Sim";2;0;1;0;1;0;1;1;"-16.7451";"-49.2408";"SR-GO";"DEL1/1";"UOP01/GO"
188401;2019-01-30;"4";"21:30:00";"DF";20;9;"BRASILIA";"Velocidade Incompatível";"Colisão traseira";"Sem Vítimas";"Plena Noite";"Crescente";"Céu Claro";"Dupla";"Reta";"Sim";3;0;0;0;2;1;0;3;"-15.654671";"-47.782917";"SR-DF";"DF";"UOP04/DF"
188402;2019-01-30;"4";"22:30:00";"SC";470;55,4;"BLUMENAU";"Falta de Atenção à Condução";"Colisão transversal";"Com Vítimas Feridas";"Plena Noite";"Decrescente";"Nublado";"Simples";"Interseção de vias";"Sim";2;0;1;0;1;0;1;2;"-26.87359776";"-49.11397219";"SR-SC";"DEL8/4";"UOP01/SC"
188403;2019-01-30;"4";"22:25:00";"MG";381;483;"BETIM";"Não guardar distância de segurança";"Colisão com objeto estático";"Com Vítimas Feridas";"Plena Noite";"Crescente";"Céu Claro";"Dupla";"Reta";"Não";1;0;1;0;0;0;1;1;"-19.9596";"-44.0877";"SR-MG";"DEL4/1";"UOP03/MG"
188404;2019-01-30;"4";"20:30:00";"RO";364;714;"PORTO VELHO";"Não guardar distância de segurança";"Colisão traseira";"Com Vítimas Feridas";"Plena Noite";"Decrescente";"Nublado";"Dupla";"Reta";"Sim";2;0;1;0;1;0;1;2;"-8.78100405";"-63.89314326";"SR-RO";"DEL21/1";"UOP01/RO"
188405;2019-01-30;"4";"21:20:00";"RO";319;59,5;"PORTO VELHO";"Defeito na Via";"Queda de ocupante de veículo";"Com Vítimas Feridas";"Plena Noite";"Crescente";"Nublado";"Dupla";"Interseção de vias";"Sim";1;0;1;0;0;0;1;1;"-8.74259049";"-63.90251767";"SR-RO";"DEL21/1";"UOP01/RO"
188406;2019-01-30;"4";"22:00:00";"RN";304;34;"MOSSORO";"Restrição de Visibilidade";"Atropelamento de Pedestre";"Com Vítimas Feridas";"Plena Noite";"Crescente";"Céu Claro";"Dupla";"Reta";"Sim";2;0;1;0;0;1;1;1;"-5.152564";"-37.34874";"SR-RN";"DEL15/4";"UOP02/RN"
188407;2019-01-30;"4";"21:30:00";"RJ";40;57;"PETROPOLIS";"Velocidade Incompatível";"Colisão com objeto estático";"Com Vítimas Feridas";"Plena Noite";"Decrescente";"Céu Claro";"Simples";"Reta";"Não";1;0;1;0;0;0;1;1;"-22.3796";"-43.1321";"SR-RJ";"DEL5/6";"UOP03/RJ"
188408;2019-01-31;"5";"00:10:00";"SP";116;284;"EMBU DAS ARTES";"Desobediência às normas de trânsito pelo pedestre";"Atropelamento de Pedestre";"Com Vítimas Fatais";"Plena Noite";"Crescente";"Céu Claro";"Dupla";"Reta";"Não";2;1;0;0;0;1;0;1;"-23.68718668";"-46.8609721";"SR-SP";"DEL6/4";"UOP01/SP"
188409;2019-01-30;"4";"20:00:00";"MA";222;204,8;"ITAPECURU MIRIM";"Ultrapassagem Indevida";"Colisão traseira";"Com Vítimas Feridas";"Plena Noite";"Decrescente";"Chuva";"Simples";"Curva";"Sim";4;0;1;0;3;0;1;3;"-3.40616861";"-44.35125243";"SR-MA";"DEL18/1";"UOP03/MA"
188410;2019-01-31;"5";"00:06:00";"MG";381;457;"BELO HORIZONTE";"Defeito Mecânico no Veículo";"Saída de leito carroçável";"Com Vítimas Feridas";"Plena Noite";"Decrescente";"Céu Claro";"Simples";"Reta";"Sim";1;0;0;1;0;0;1;1;"-19.9605";"-44.0357";"SR-MG";"DEL4/1";"UOP01/MG"
188411;2019-01-30;"4";"18:15:00";"SP";116;497;"CAJATI";"Falta de Atenção à Condução";"Incêndio";"Sem Vítimas";"Anoitecer";"Decrescente";"Céu Claro";"Dupla";"Reta";"Não";1;0;0;0;1;0;0;1;"-24.76748595";"-48.16861153";"SR-SP";"DEL6/5";"UOP02/SP"
188412;2019-01-30;"4";"22:10:00";"PE";232;473,5;"MIRANDIBA";"Falta de Atenção do Pedestre";"Atropelamento de Pedestre";"Com Vítimas Fatais";"Plena Noite";"Decrescente";"Céu Claro";"Simples";"Reta";"Sim";2;1;0;0;0;1;0;1;"-8.018755";"-38.807134";"SR-PE";"DEL11/5";"UOP01/PE"
188413;2019-01-31;"5";"01:40:00";"SC";116;238,9;"LAGES";"Velocidade Incompatível";"Tombamento";"Com Vítimas Feridas";"Plena Noite";"Crescente";"Céu Claro";"Simples";"Rotatória";"Não";1;0;1;0;0;0;1;1;"-27.74944286";"-50.33476353";"SR-SC";"DEL8/5";"UOP01/SC"
188414;2019-01-31;"5";"00:02:00";"ES";101;260,6;"SERRA";"Desobediência às normas de trânsito pelo condutor";"Colisão frontal";"Com Vítimas Feridas";"Plena Noite";"Crescente";"Céu Claro";"Dupla";"Curva";"Não";4;0;2;1;1;0;3;2;"-20.1464296";"-40.28270982";"SR-ES";"DEL12/2";"UOP01/ES"
188415;2019-01-30;"4";"18:45:00";"MT";163;654,5;"LUCAS DO RIO VERDE";"Falta de Atenção à Condução";"Colisão traseira";"Com Vítimas Feridas";"Anoitecer";"Decrescente";"Céu Claro";"Simples";"Reta";"Não";6;0;2;1;2;1;3;4;"-13.34745";"-56.05853";"SR-MT";"DEL2/6";"UOP01/MT"
188416;2019-01-30;"4";"22:15:00";"SC";280;35,5;"ARAQUARI";"Desobediência às normas de trânsito pelo condutor";"Colisão lateral";"Com Vítimas Feridas";"Plena Noite";"Crescente";"Céu Claro";"Simples";"Viaduto";"Não";2;0;1;0;0;1;1;2;"-26.434475";"-48.804539";"SR-SC";"DEL8/3";"UOP03/SC"
188417;2019-01-31;"5";"06:50:00";"DF";20;23;"BRASILIA";"Falta de Atenção à Condução";"Colisão traseira";"Com Vítimas Feridas";"Pleno dia";"Decrescente";"Céu Claro";"Dupla";"Não Informado";"Sim";2;0;1;0;1;0;1;2;"-15.59493063";"-47.66461372";"SR-DF";"DF";"UOP04/DF"
188418;2019-01-31;"5";"03:50:00";"PR";153;459;"UNIAO DA VITORIA";"Defeito Mecânico no Veículo";"Saída de leito carroçável";"Com Vítimas Fatais";"Plena Noite";"Decrescente";"Ignorado";"Simples";"Curva";"Não";2;1;0;1;0;0;1;1;"-26.216703";"-51.130455";"SR-PR";"DEL7/2";"UOP02/PR"
188419;2019-01-31;"5";"05:40:00";"MS";262;451,5;"DOIS IRMAOS DO BURITI";"Condutor Dormindo";"Colisão frontal";"Com Vítimas Feridas";"Amanhecer";"Crescente";"Céu Claro";"Simples";"Reta";"Não";2;0;0;2;0;0;2;2;"-20.54150734";"-55.45349121";"SR-MS";"DEL3/3";"UOP01/MS"
188420;2019-01-31;"5";"07:30:00";"MG";116;690,8;"MURIAE";"Velocidade Incompatível";"Tombamento";"Com Vítimas Feridas";"Pleno dia";"Crescente";"Céu Claro";"Simples";"Não Informado";"Não";1;0;1;0;0;0;1;1;"-21.00983362";"-42.36139666";"SR-MG";"DEL4/7";"UOP02/MG"
188421;2019-01-31;"5";"04:30:00";"CE";116;500;"BREJO SANTO";"Carga excessiva e/ou mal acondicionada";"Derramamento de carga";"Sem Vítimas";"Amanhecer";"Decrescente";"Céu Claro";"Simples";"Reta";"Sim";1;0;0;0;0;1;0;1;"-7.479773";"-38.981567";"SR-CE";"DEL16/5";"UOP03/CE"
188425;2019-01-31;"5";"07:45:00";"DF";70;10;"BRASILIA";"Falta de Atenção à Condução";"Colisão traseira";"Com Vítimas Feridas";"Pleno dia";"Decrescente";"Céu Claro";"Dupla";"Reta";"Não";4;0;1;0;3;0;1;2;"-15.787066";"-48.140709";"SR-DF";"DF";"UOP06/DF"
188426;2019-01-31;"5";"06:25:00";"PR";369;93,9;"CORNELIO PROCOPIO";"Falta de Atenção à Condução";"Queda de ocupante de veículo";"Com Vítimas Feridas";"Amanhecer";"Crescente";"Céu Claro";"Simples";"Interseção de vias";"Não";1;0;1;0;0;0;1;1;"-23.2183585";"-50.67053318";"SR-PR";"DEL7/7";"UOP06/PR"
188427;2019-01-31;"5";"07:20:00";"PR";116;119,6;"CURITIBA";"Falta de Atenção à Condução";"Colisão traseira";"Com Vítimas Feridas";"Pleno dia";"Decrescente";"Céu Claro";"Dupla";"Desvio Temporário";"Sim";3;0;1;1;1;0;2;2;"-25.58113692";"-49.31312084";"SR-PR";"DEL7/1";"UOP03/PR"
188429;2019-01-31;"5";"05:20:00";"MG";381;720,8;"CARMO DA CACHOEIRA";"Velocidade Incompatível";"Tombamento";"Sem Vítimas";"Pleno dia";"Decrescente";"Céu Claro";"Dupla";"Curva";"Não";1;0;0;0;1;0;0;1;"-21.4336";"-45.2101";"SR-MG";"DEL4/4";"UOP02/MG"
188430;2019-01-31;"5";"07:30:00";"BA";420;89;"SALVADOR";"Falta de Atenção à Condução";"Colisão lateral";"Com Vítimas Feridas";"Pleno dia";"Crescente";"Céu Claro";"Dupla";"Reta";"Sim";3;0;2;0;1;0;2;2;"-12.944265";"-38.470371";"SR-BA";"DEL10/1";"UOP01/BA"
188431;2019-01-31;"5";"06:20:00";"RO";364;709;"PORTO VELHO";"Velocidade Incompatível";"Colisão transversal";"Com Vítimas Feridas";"Pleno dia";"Crescente";"Céu Claro";"Múltipla";"Reta";"Sim";4;0;0;2;0;2;2;2;"-8.78966907";"-63.85146081";"SR-RO";"DEL21/1";"UOP01/RO"
188432;2019-01-31;"5";"07:45:00";"RS";290;106,9;"ELDORADO DO SUL";"Não guardar distância de segurança";"Engavetamento";"Com Vítimas Feridas";"Pleno dia";"Decrescente";"Sol";"Dupla";"Viaduto";"Sim";4;0;1;0;3;0;1;3;"-30.00281426";"-51.30761147";"SR-RS";"DEL9/2";"UOP01/RS"
188433;2019-01-31;"5";"07:50:00";"ES";101;259,9;"SERRA";"Desobediência às normas de trânsito pelo condutor";"Colisão transversal";"Com Vítimas Feridas";"Pleno dia";"Crescente";"Céu Claro";"Simples";"Não Informado";"Sim";7;0;3;2;1;1;5;4;"-20.1465193";"-40.28757703";"SR-ES";"DEL12/2";"UOP01/ES"
188434;2019-01-31;"5";"07:15:00";"PE";101;83,2;"JABOATAO DOS GUARARAPES";"Não guardar distância de segurança";"Colisão traseira";"Com Vítimas Feridas";"Pleno dia";"Decrescente";"Céu Claro";"Múltipla";"Interseção de vias";"Não";3;0;2;0;1;0;2;2;"-8.178499";"-34.94595";"SR-PE";"DEL11/1";"UOP03/PE"
188437;2019-01-31;"5";"08:30:00";"PR";376;497;"PONTA GROSSA";"Falta de Atenção à Condução";"Colisão traseira";"Com Vítimas Feridas";"Pleno dia";"Crescente";"Céu Claro";"Dupla";"Reta";"Sim";2;0;0;1;1;0;1;2;"-25.14440748";"-50.15398264";"SR-PR";"DEL7/3";"UOP03/PR"
188439;2019-01-31;"5";"08:35:00";"RJ";116;169;"SAO JOAO DE MERITI";"Defeito na Via";"Colisão traseira";"Sem Vítimas";"Pleno dia";"Decrescente";"Céu Claro";"Simples";"Reta";"Não";2;0;0;0;2;0;0;2;"-22.8111";"-43.333729";"SR-RJ";"DEL5/1";"UOP02/RJ"
188440;2019-01-31;"5";"07:50:00";"PI";343;229,6;"TERESINA";"Falta de Atenção à Condução";"Tombamento";"Com Vítimas Feridas";"Pleno dia";"Crescente";"Nublado";"Simples";"Reta";"Não";1;0;0;1;0;0;1;1;"-5.06144388";"-42.65104121";"SR-PI";"DEL17/1";"UOP03/PI"
188441;2019-01-31;"5";"09:10:00";"GO";60;121,5;"TEREZOPOLIS DE GOIAS";"Falta de Atenção à Condução";"Colisão transversal";"Com Vítimas Feridas";"Pleno dia";"Crescente";"Céu Claro";"Dupla";"Reta";"Não";2;0;1;0;1;0;1;2;"-16.5044";"-49.1128";"SR-GO";"DEL1/1";"UOP01/GO"
188442;2019-01-31;"5";"07:30:00";"PR";376;594;"CURITIBA";"Não guardar distância de segurança";"Engavetamento";"Com Vítimas Feridas";"Pleno dia";"Decrescente";"Céu Claro";"Dupla";"Não Informado";"Sim";4;0;2;0;2;0;2;3;"-25.48481599";"-49.34732622";"SR-PR";"DEL7/1";"UOP04/PR"
188443;2019-01-31;"5";"04:10:00";"PE";232;114;"BEZERROS";"Velocidade Incompatível";"Saída de leito carroçável";"Com Vítimas Feridas";"Amanhecer";"Decrescente";"Céu Claro";"Dupla";"Reta";"Sim";2;0;0;2;0;0;2;1;"-8.25219";"-35.76585";"SR-PE";"DEL11/2";"UOP02/PE"
188445;2019-01-31;"5";"09:50:00";"PR";376;260;"CALIFORNIA";"Falta de Atenção à Condução";"Colisão traseira";"Com Vítimas Feridas";"Pleno dia";"Crescente";"Sol";"Simples";"Reta";"Não";2;0;1;0;1;0;1;2;"-23.68534402";"-51.34991527";"SR-PR";"DEL7/7";"UOP03/PR"
188447;2019-01-31;"5";"09:05:00";"AL";316;251,6;"PILAR";"Pista Escorregadia";"Tombamento";"Com Vítimas Feridas";"Pleno dia";"Decrescente";"Céu Claro";"Simples";"Interseção de vias";"Não";1;0;1;0;0;0;1;1;"-9.563696";"-35.971119";"SR-AL";"DEL13/1";"UOP01/AL"
188448;2019-01-31;"5";"09:20:00";"PR";376;444,7;"TIBAGI";"Falta de Atenção à Condução";"Colisão lateral";"Com Vítimas Feridas";"Pleno dia";"Crescente";"Sol";"Dupla";"Não Informado";"Não";2;0;1;0;1;0;1;2;"-24.84102118";"-50.47550624";"SR-PR";"DEL7/3";"UOP05/PR"
188449;2019-01-31;"5";"08:05:00";"PR";376;599;"CURITIBA";"Não guardar distância de segurança";"Engavetamento";"Sem Vítimas";"Pleno dia";"Decrescente";"Céu Claro";"Dupla";"Reta";"Sim";7;0;0;0;7;0;0;6;"-25.42312135";"-49.36569214";"SR-PR";"DEL7/1";"UOP04/PR"