"id";"data_inversa";"dia_semana";"horario";"uf";"br";"km";"municipio";"causa_acidente";"tipo_acidente";"classificacao_acidente";"fase_dia";"sentido_via";"condicao_metereologica";"tipo_pista";"tracado_via";"uso_solo";"pessoas";"mortos";"feridos_leves";"feridos_graves";"ilesos";"ignorados";"feridos";"veiculos";"latitude";"longitude";"regional";"delegacia";"uop"
188450;2019-01-31;"5";"07:20:00";"MG";40;622;"CONSELHEIRO LAFAIETE";"Falta de Atenção à Condução";"Colisão frontal";"Com Vítimas Fatais";"Pleno dia";"Crescente";"Céu Claro";"Simples";"Reta";"Não";5;1;0;0;2;2;0;3;"-20.6034";"-43.8076";"SR-MG";"DEL5";"UOP02/MG"
188452;2019-01-31;"5";"08:00:00";"SP";459;28;"LORENA";"Falta de Atenção à Condução";"Colisão transversal";"Com Vítimas Feridas";"Pleno dia";"Crescente";"Céu Claro";"Dupla";"Interseção de vias";"Não";2;0;1;0;1;0;1;2;"-22.709425";"-45.113232";"SR-SP";"DEL6/8";"UOP03/SP"
188453;2019-01-11;"6";"07:40:00";"BA";101;398,7;"IBIRAPITANGA";"Velocidade Incompatível";"Tombamento";"Com Vítimas Fatais";"Pleno dia";"Decrescente";"Céu Claro";"Simples";"Reta";"Não";5;1;1;1;2;0;2;2;"-13.9907";"-39.4633";"SR-BA";"DEL10/5";"UOP03/BA"
188454;2019-01-31;"5";"08:40:00";"MT";163;970;"TERRA NOVA DO NORTE";"Falta de Atenção à Condução";"Colisão lateral";"Sem Vítimas";"Pleno dia";"Crescente";"Céu Claro";"Simples";"Curva";"Não";3;0;0;0;3;0;0;3;"-10.70379171";"-55.12115479";"SR-MT";"DEL2/6";"UOP02/MT"
188456;2019-01-31;"5";"11:00:00";"PR";376;5;"APUCARANA";"Desobediência às normas de trânsito pelo condutor";"Colisão transversal";"Com Vítimas Feridas";"Pleno dia";"Crescente";"Céu Claro";"Simples";"Interseção de vias";"Não";2;0;1;0;1;0;1;2;"-23.5513";"-51.461266";"SR-PR";"DEL7/7";"UOP03/PR"
188457;2019-01-31;"5";"10:20:00";"MG";381;489;"BETIM";"Defeito Mecânico no Veículo";"Colisão traseira";"Com Vítimas Feridas";"Pleno dia";"Crescente";"Céu Claro";"Dupla";"Reta";"Sim";6;0;1;0;5;0;1;5;"-19.9563";"-44.1428";"SR-MG";"DEL4/1";"UOP03/MG"
188458;2019-01-31;"5";"10:45:00";"PR";116;102;"SAO JOSE DOS PINHAIS";"Não guardar distância de segurança";"Colisão traseira";"Com Vítimas Feridas";"Pleno dia";"Crescente";"Céu Claro";"Dupla";"Reta";"Sim";2;0;1;0;1;0;1;2;"-25.550711";"-49.150246";"SR-PR";"DEL7/1";"UOP01/PR"
188459;2019-01-31;"5";"09:35:00";"PE";316;91;"OURICURI";"Falta de Atenção à Condução";"Colisão transversal";"Com Vítimas Feridas";"Pleno dia";"Decrescente";"Céu Claro";"Simples";"Reta";"Sim";2;0;1;0;1;0;1;2;"-7.906827";"-40.021515";"SR-PE";"DEL11/5";"UOP02/PE"
188461;2019-01-31;"5";"11:45:00";"PR";277;620,7;"CEU AZUL";"Falta de Atenção à Condução";"Colisão lateral";"Sem Vítimas";"Pleno dia";"Decrescente";"Céu Claro";"Simples";"Reta";"Não";2;0;0;0;2;0;0;2;"-25.083078";"-53.71064";"SR-PR";"DEL7/5";"UOP02/PR"
188462;2019-01-06;"1";"18:00:00";"MT";163;1042;"MATUPA";"Falta de Atenção à Condução";"Colisão traseira";"Com Vítimas Feridas";"Anoitecer";"Decrescente";"Céu Claro";"Simples";"Reta";"Não";5;0;3;1;1;0;4;2;"-10.14293148";"-54.9298504";"SR-MT";"DEL2/6";"UOP02/MT"
188463;2019-01-31;"5";"11:50:00";"SC";101;134;"BALNEARIO CAMBORIU";"Falta de Atenção à Condução";"Colisão transversal";"Com Vítimas Feridas";"Pleno dia";"Decrescente";"Céu Claro";"Múltipla";"Reta";"Sim";3;0;1;0;2;0;1;2;"-27.0049";"-48.6266";"SR-SC";"DEL8/4";"UOP03/SC"
188465;2019-01-31;"5";"11:00:00";"MS";163;106;"ITAQUIRAI";"Falta de Atenção à Condução";"Colisão lateral";"Com Vítimas Feridas";"Pleno dia";"Crescente";"Céu Claro";"Dupla";"Reta";"Não";3;0;1;0;2;0;1;3;"-23.22826";"-54.219696";"SR-MS";"DEL3/09";"UOP01/MS"
188466;2019-01-31;"5";"12:15:00";"PR";116;119,4;"CURITIBA";"Falta de Atenção à Condução";"Colisão com objeto estático";"Com Vítimas Feridas";"Pleno dia";"Crescente";"Céu Claro";"Dupla";"Interseção de vias";"Sim";3;0;0;2;1;0;2;2;"-25.58031436";"-49.31308866";"SR-PR";"DEL7/1";"UOP03/PR"
188467;2019-01-31;"5";"11:00:00";"PR";116;102;"SAO JOSE DOS PINHAIS";"Não guardar distância de segurança";"Colisão traseira";"Sem Vítimas";"Pleno dia";"Crescente";"Céu Claro";"Dupla";"Reta";"Sim";3;0;0;0;3;0;0;3;"-25.550711";"-49.150246";"SR-PR";"DEL7/1";"UOP01/PR"
188468;2019-01-31;"5";"11:15:00";"PI";343;0;"TERESINA";"Defeito Mecânico no Veículo";"Colisão traseira";"Com Vítimas Feridas";"Pleno dia";"Decrescente";"Céu Claro";"Dupla";"Rotatória";"Sim";6;0;2;0;4;0;2;3;"-5.089569";"-42.802288";"SR-PI";"DEL17/1";"UOP01/PI"
188470;2019-01-31;"5";"12:45:00";"ES";101;43;"SAO MATEUS";"Defeito Mecânico no Veículo";"Saída de leito carroçável";"Com Vítimas Feridas";"Pleno dia";"Crescente";"Céu Claro";"Simples";"Reta";"Não";1;0;1;0;0;0;1;1;"-18.525623";"-39.910694";"SR-ES";"DEL12/4";"UOP02/ES"
188471;2019-01-31;"5";"12:30:00";"GO";153;640,3;"MORRINHOS";"Falta de Atenção à Condução";"Colisão traseira";"Com Vítimas Feridas";"Pleno dia";"Decrescente";"Céu Claro";"Dupla";"Não Informado";"Não";3;0;2;0;0;1;2;2;"-17.8799";"-49.2301";"SR-GO";"DEL1/3";"UOP01/GO"
188472;2019-01-31;"5";"11:40:00";"PR";116;31;"CAMPINA GRANDE DO SUL";"Falta de Atenção à Condução";"Tombamento";"Sem Vítimas";"Pleno dia";"Decrescente";"Nublado";"Dupla";"Reta";"Não";1;0;0;0;1;0;0;1;"-25.101589";"-48.830654";"SR-PR";"DEL7/1";"UOP02/PR"
188473;2019-01-31;"5";"11:35:00";"MG";40;51,9;"PARACATU";"Falta de Atenção à Condução";"Colisão lateral";"Com Vítimas Feridas";"Pleno dia";"Crescente";"Sol";"Simples";"Reta";"Não";2;0;1;0;1;0;1;2;"-17.243937";"-46.792484";"SR-MG";"DEL4/14";"UOP01/MG"
188474;2019-01-31;"5";"12:00:00";"PA";316;21,5;"BENEVIDES";"Desobediência às normas de trânsito pelo condutor";"Colisão transversal";"Sem Vítimas";"Pleno dia";"Decrescente";"Nublado";"Dupla";"Retorno Regulamentado";"Sim";2;0;0;0;2;0;0;2;"-1.360972";"-48.262413";"SR-PA";"DEL19/1";"UOP01/PA"
188475;2019-01-31;"5";"13:31:00";"ES";101;305;"VIANA";"Falta de Atenção à Condução";"Colisão transversal";"Com Vítimas Feridas";"Pleno dia";"Decrescente";"Céu Claro";"Simples";"Não Informado";"Não";2;0;1;0;1;0;1;2;"-20.38445898";"-40.46248198";"SR-ES";"DEL12/3";"UOP01/ES"
188476;2019-01-31;"5";"10:30:00";"PB";230;277,8;"SANTA LUZIA";"Não guardar distância de segurança";"Colisão traseira";"Sem Vítimas";"Pleno dia";"Crescente";"Céu Claro";"Simples";"Desvio Temporário";"Não";2;0;0;0;2;0;0;2;"-6.9579";"-36.8398";"SR-PB";"DEL14/3";"UOP01/PB"
188477;2019-01-31;"5";"11:45:00";"PR";369;147;"LONDRINA";"Desobediência às normas de trânsito pelo condutor";"Colisão transversal";"Com Vítimas Feridas";"Pleno dia";"Crescente";"Céu Claro";"Dupla";"Interseção de vias";"Sim";3;0;0;2;1;0;2;3;"-23.29309161";"-51.13461435";"SR-PR";"DEL7/7";"UOP01/PR"
188478;2019-01-31;"5";"13:50:00";"SP";116;354,8;"MIRACATU";"Defeito Mecânico no Veículo";"Incêndio";"Sem Vítimas";"Pleno dia";"Decrescente";"Céu Claro";"Dupla";"Reta";"Não";1;0;0;0;1;0;0;1;"-24.0527344";"-47.20241547";"SR-SP";"DEL6/4";"UOP02/SP"
188479;2019-01-31;"5";"13:40:00";"SP";488;0,1;"APARECIDA";"Velocidade Incompatível";"Colisão transversal";"Com Vítimas Feridas";"Pleno dia";"Decrescente";"Céu Claro";"Dupla";"Reta";"Sim";3;0;1;1;1;0;2;2;"-22.85856";"-45.233116";"SR-SP";"DEL6/8";"UOP02/SP"
188480;2019-01-31;"5";"08:40:00";"PR";116;157;"MANDIRITUBA";"Falta de Atenção à Condução";"Capotamento";"Com Vítimas Feridas";"Pleno dia";"Crescente";"Céu Claro";"Simples";"Reta";"Sim";1;0;1;0;0;0;1;1;"-25.86566296";"-49.4114399";"SR-PR";"DEL7/1";"UOP03/PR"
188481;2019-01-31;"5";"14:25:00";"RJ";356;49;"ITAPERUNA";"Falta de Atenção à Condução";"Colisão frontal";"Com Vítimas Fatais";"Pleno dia";"Crescente";"Céu Claro";"Simples";"Curva";"Não";2;1;0;1;0;0;1;2;"-21.257353";"-41.775131";"SR-RJ";"DEL5/8";"UOP03/RJ"
188482;2019-01-31;"5";"12:00:00";"RO";435;84,2;"COLORADO DO OESTE";"Desobediência às normas de trânsito pelo condutor";"Colisão transversal";"Com Vítimas Feridas";"Pleno dia";"Crescente";"Céu Claro";"Dupla";"Interseção de vias";"Sim";3;0;1;1;1;0;2;2;"-13.117354";"-60.52301";"SR-RO";"DEL21/4";"UOP02/RO"
188483;2019-01-31;"5";"14:10:00";"RJ";393;171;"TRES RIOS";"Falta de Atenção à Condução";"Colisão transversal";"Com Vítimas Feridas";"Pleno dia";"Crescente";"Céu Claro";"Simples";"Reta";"Não";3;0;0;1;1;1;1;2;"-22.119568";"-43.160095";"SR-RJ";"DEL5/6";"UOP02/RJ"
188484;2019-01-31;"5";"14:10:00";"GO";60;396;"RIO VERDE";"Condutor Dormindo";"Colisão traseira";"Com Vítimas Feridas";"Pleno dia";"Decrescente";"Céu Claro";"Dupla";"Reta";"Não";3;0;0;2;1;0;2;2;"-17.8244";"-51.0172";"SR-GO";"DEL1/4";"UOP01/GO"
188485;2019-01-31;"5";"14:40:00";"RJ";116;268,8;"BARRA MANSA";"Falta de Atenção do Pedestre";"Atropelamento de Pedestre";"Com Vítimas Fatais";"Pleno dia";"Decrescente";"Céu Claro";"Dupla";"Curva";"Não";2;1;0;0;1;0;0;1;"-22.560883";"-44.122238";"SR-RJ";"DEL5/7";"UOP02/RJ"
188487;2019-01-31;"5";"14:50:00";"RS";158;202,3;"CRUZ ALTA";"Desobediência às normas de trânsito pelo condutor";"Colisão lateral";"Com Vítimas Feridas";"Pleno dia";"Crescente";"Céu Claro";"Simples";"Reta";"Não";4;0;1;0;2;1;1;2;"-28.70383835";"-53.60092163";"SR-RS";"DEL9/10";"UOP02/RS"
188489;2019-01-31;"5";"14:50:00";"SC";101;359;"SANGAO";"Carga excessiva e/ou mal acondicionada";"Saída de leito carroçável";"Com Vítimas Feridas";"Pleno dia";"Decrescente";"Céu Claro";"Múltipla";"Interseção de vias";"Não";1;0;1;0;0;0;1;1;"-28.6532";"-49.1067";"SR-SC";"DEL8/2";"UOP01/SC"
188490;2019-01-31;"5";"14:15:00";"RJ";116;54;"TERESOPOLIS";"Falta de Atenção à Condução";"Saída de leito carroçável";"Com Vítimas Feridas";"Pleno dia";"Decrescente";"Céu Claro";"Simples";"Curva";"Não";1;0;0;1;0;0;1;1;"-22.206223";"-42.879627";"SR-RJ";"DEL5/4";"UOP01/RJ"
188491;2019-01-31;"5";"14:35:00";"PR";277;345,3;"GUARAPUAVA";"Desobediência às normas de trânsito pelo condutor";"Colisão lateral";"Sem Vítimas";"Pleno dia";"Crescente";"Céu Claro";"Simples";"Curva";"Sim";2;0;0;0;2;0;0;2;"-25.3659";"-51.4883";"SR-PR";"DEL7/3";"UOP02/PR"
188492;2019-01-31;"5";"13:10:00";"RN";304;45,7;"MOSSORO";"Falta de Atenção à Condução";"Colisão lateral";"Com Vítimas Feridas";"Pleno dia";"Crescente";"Nublado";"Dupla";"Reta";"Não";2;0;1;0;1;0;1;2;"-5.225794";"-37.340046";"SR-RN";"DEL15/4";"UOP01/RN"
188493;2019-01-31;"5";"09:40:00";"SP";116;174;"JACAREI";"Falta de Atenção à Condução";"Colisão traseira";"Com Vítimas Feridas";"Pleno dia";"Decrescente";"Sol";"Dupla";"Não Informado";"Não";5;0;4;0;1;0;4;2;"-23.3206492";"-46.09120754";"SR-SP";"DEL6/2";"UOP01/SP"
188496;2019-01-31;"5";"11:30:00";"PR";369;178,8;"ARAPONGAS";"Não guardar distância de segurança";"Colisão traseira";"Com Vítimas Feridas";"Pleno dia";"Decrescente";"Sol";"Múltipla";"Não Informado";"Não";3;0;1;0;2;0;1;2;"-23.36112356";"-51.39921427";"SR-PR";"DEL7/7";"UOP01/PR"
188497;2019-01-31;"5";"16:20:00";"MG";40;358;"FELIXLANDIA";"Ultrapassagem Indevida";"Saída de leito carroçável";"Com Vítimas Feridas";"Pleno dia";"Decrescente";"Céu Claro";"Simples";"Reta";"Não";1;0;0;1;0;0;1;1;"-18.736111";"-44.864979";"SR-MG";"DEL4/2";"UOP01/MG"
188498;2019-01-31;"5";"14:10:00";"PR";277;96;"CURITIBA";"Mal Súbito";"Saída de leito carroçável";"Com Vítimas Feridas";"Pleno dia";"Decrescente";"Nublado";"Dupla";"Reta";"Sim";3;0;2;0;1;0;2;1;"-25.43040792";"-49.34384823";"SR-PR";"DEL7/1";"UOP04/PR"
188499;2019-01-31;"5";"14:00:00";"ES";262;16,1;"VIANA";"Agressão Externa";"Colisão traseira";"Com Vítimas Feridas";"Pleno dia";"Decrescente";"Sol";"Simples";"Curva";"Sim";1;0;1;0;0;0;1;1;"-20.3836";"-40.4608";"SR-ES";"DEL12/1";"UOP01/ES"
188501;2019-01-31;"5";"15:15:00";"AL";316;257;"PILAR";"Falta de Atenção à Condução";"Colisão transversal";"Com Vítimas Feridas";"Pleno dia";"Crescente";"Céu Claro";"Simples";"Reta";"Não";3;0;2;0;1;0;2;3;"-9.590915";"-35.9394";"SR-AL";"DEL13/2";"UOP01/AL"
188503;2019-01-31;"5";"14:45:00";"BA";324;1,5;"FEIRA DE SANTANA";"Desobediência às normas de trânsito pelo condutor";"Colisão frontal";"Com Vítimas Feridas";"Pleno dia";"Crescente";"Sol";"Simples";"Reta";"Sim";2;0;0;1;1;0;1;2;"-12.28194135";"-38.94580364";"SR-BA";"DEL10/2";"UOP01/BA"
188504;2019-01-31;"5";"15:50:00";"MS";163;288,1;"DOURADOS";"Desobediência às normas de trânsito pelo condutor";"Colisão transversal";"Com Vítimas Feridas";"Pleno dia";"Crescente";"Céu Claro";"Simples";"Reta";"Sim";2;0;2;0;0;0;2;2;"-22.08126436";"-54.56882499";"SR-MS";"DEL3/4";"UOP01/MS"
188505;2019-01-31;"5";"16:20:00";"MG";381;485;"BETIM";"Carga excessiva e/ou mal acondicionada";"Colisão com objeto em movimento";"Com Vítimas Feridas";"Pleno dia";"Crescente";"Céu Claro";"Dupla";"Reta";"Sim";3;0;1;0;2;0;1;2;"-19.9561";"-44.1064";"SR-MG";"DEL4/1";"UOP03/MG"
188506;2019-01-31;"5";"17:00:00";"DF";20;2,8;"BRASILIA";"Desobediência às normas de trânsito pelo condutor";"Tombamento";"Com Vítimas Feridas";"Pleno dia";"Decrescente";"Sol";"Dupla";"Reta";"Sim";1;0;0;1;0;0;1;1;"-15.682896";"-47.840729";"SR-DF";"DF";"UOP04/DF"
188508;2019-01-31;"5";"16:40:00";"MG";262;130;"RIO CASCA";"Ultrapassagem Indevida";"Tombamento";"Sem Vítimas";"Pleno dia";"Decrescente";"Sol";"Simples";"Curva";"Não";1;0;0;0;1;0;0;1;"-20.155416";"-42.694904";"SR-MG";"DEL4/3";"UOP03/MG"
188509;2019-01-07;"2";"20:40:00";"SP";116;282;"EMBU DAS ARTES";"Falta de Atenção à Condução";"Colisão com objeto estático";"Com Vítimas Feridas";"Plena Noite";"Crescente";"Céu Claro";"Dupla";"Curva";"Sim";2;0;1;0;1;0;1;1;"-23.66148428";"-46.85255977";"SR-SP";"DEL6/4";"UOP01/SP"
188511;2019-01-31;"5";"16:30:00";"RS";386;401,7;"TRIUNFO";"Pista Escorregadia";"Colisão frontal";"Com Vítimas Feridas";"Pleno dia";"Decrescente";"Chuva";"Simples";"Reta";"Não";7;0;3;2;2;0;5;2;"-29.762325";"-51.585972";"SR-RS";"DEL9/4";"UOP02/RS"
188512;2019-01-31;"5";"16:40:00";"MG";153;58;"MONTE ALEGRE DE MINAS";"Defeito Mecânico no Veículo";"Saída de leito carroçável";"Com Vítimas Feridas";"Pleno dia";"Crescente";"Céu Claro";"Dupla";"Rotatória";"Não";1;0;1;0;0;0;1;1;"-18.87832933";"-49.05694306";"SR-MG";"DEL4/15";"UOP03/MG"
188514;2019-01-31;"5";"17:26:00";"MG";50;100;"UBERLANDIA";"Mal Súbito";"Colisão traseira";"Com Vítimas Feridas";"Pleno dia";"Decrescente";"Céu Claro";"Dupla";"Reta";"Não";2;0;0;1;1;0;1;2;"-19.08063344";"-48.1876874";"SR-MG";"DEL4/15";"UOP01/MG"
188515;2019-01-31;"5";"17:50:00";"MG";365;621;"UBERLANDIA";"Não guardar distância de segurança";"Colisão traseira";"Com Vítimas Feridas";"Pleno dia";"Decrescente";"Céu Claro";"Dupla";"Reta";"Sim";2;0;1;0;1;0;1;2;"-18.8974";"-48.2715";"SR-MG";"DEL4/15";"UOP01/MG"
188516;2019-01-31;"5";"17:00:00";"SC";101;232,8;"PALHOCA";"Ultrapassagem Indevida";"Tombamento";"Sem Vítimas";"Pleno dia";"Crescente";"Nublado";"Dupla";"Reta";"Não";2;0;0;0;1;1;0;2;"-27.8032";"-48.6381";"SR-SC";"DEL8/1";"UOP02/SC"
188517;2019-01-31;"5";"17:00:00";"RJ";493;89;"SEROPEDICA";"Falta de Atenção à Condução";"Capotamento";"Com Vítimas Feridas";"Pleno dia";"Crescente";"Céu Claro";"Simples";"Reta";"Não";2;0;2;0;0;0;2;1;"-22.7164097";"-43.7158091";"SR-RJ";"DEL5/1";"UOP03/RJ"
188518;2019-01-07;"2";"10:45:00";"ES";101;298,5;"VIANA";"Falta de Atenção à Condução";"Colisão lateral";"Com Vítimas Feridas";"Pleno dia";"Decrescente";"Céu Claro";"Múltipla";"Reta";"Não";2;0;0;1;1;0;1;2;"-20.35742217";"-40.41904449";"SR-ES";"DEL12/1";"UOP01/ES"
188519;2019-01-31;"5";"18:40:00";"PR";277;144,3;"PALMEIRA";"Pista Escorregadia";"Saída de leito carroçável";"Com Vítimas Feridas";"Pleno dia";"Crescente";"Chuva";"Simples";"Curva";"Não";1;0;1;0;0;0;1;1;"-25.46727488";"-49.77482021";"SR-PR";"DEL7/1";"UOP05/PR"
188520;2019-01-31;"5";"18:00:00";"RS";285;300,5;"PASSO FUNDO";"Defeito Mecânico no Veículo";"Saída de leito carroçável";"Com Vítimas Feridas";"Pleno dia";"Decrescente";"Céu Claro";"Simples";"Reta";"Não";8;0;5;2;1;0;7;1;"-28.22777653";"-52.48263512";"SR-RS";"DEL08";"UOP03/RS"
188521;2019-01-31;"5";"17:40:00";"RS";116;324,7;"BARRA DO RIBEIRO";"Desobediência às normas de trânsito pelo condutor";"Colisão frontal";"Com Vítimas Fatais";"Pleno dia";"Crescente";"Céu Claro";"Simples";"Reta";"Não";2;1;0;0;1;0;0;2;"-30.326962";"-51.421684";"SR-RS";"DEL9/2";"UOP01/RS"
188522;2019-01-31;"5";"18:50:00";"SC";470;6,1;"NAVEGANTES";"Desobediência às normas de trânsito pelo condutor";"Colisão transversal";"Com Vítimas Feridas";"Pleno dia";"Decrescente";"Céu Claro";"Simples";"Reta";"Sim";2;0;1;0;1;0;1;2;"-26.852238";"-48.709545";"SR-SC";"DEL8/4";"UOP04/SC"
188524;2019-01-31;"5";"14:30:00";"SC";282;488,1;"FAXINAL DOS GUEDES";"Velocidade Incompatível";"Tombamento";"Com Vítimas Feridas";"Pleno dia";"Decrescente";"Sol";"Simples";"Rotatória";"Sim";1;0;1;0;0;0;1;1;"-26.85757613";"-52.26200581";"SR-SC";"DEL7";"UOP01/SC"
188525;2019-01-31;"5";"19:30:00";"ES";101;137;"LINHARES";"Falta de Atenção à Condução";"Colisão transversal";"Com Vítimas Fatais";"Plena Noite";"Crescente";"Céu Claro";"Simples";"Retorno Regulamentado";"Não";2;1;0;0;1;0;0;2;"-19.30714546";"-40.08175494";"SR-ES";"DEL12/4";"UOP01/ES"
188526;2019-01-31;"5";"19:40:00";"SP";101;48,9;"UBATUBA";"Falta de Atenção à Condução";"Colisão transversal";"Com Vítimas Feridas";"Anoitecer";"Crescente";"Céu Claro";"Simples";"Reta";"Sim";2;0;1;0;0;1;1;2;"-23.44344329";"-45.0844574";"SR-SP";"DEL6";"UOP03/SP"
188528;2019-01-31;"5";"19:40:00";"GO";20;22;"FORMOSA";"Falta de Atenção à Condução";"Colisão lateral";"Com Vítimas Feridas";"Plena Noite";"Crescente";"Nublado";"Simples";"Interseção de vias";"Não";2;0;1;0;0;1;1;2;"-15.54697589";"-47.16499329";"SR-DF";"GO";"UOP04/DF"
188529;2019-01-31;"5";"18:30:00";"RN";110;49,8;"MOSSORO";"Falta de Atenção à Condução";"Atropelamento de Pedestre";"Com Vítimas Feridas";"Plena Noite";"Crescente";"Nublado";"Dupla";"Reta";"Sim";2;0;0;1;1;0;1;1;"-5.21646";"-37.329269";"SR-RN";"DEL15/4";"UOP01/RN"
188530;2019-01-31;"5";"16:50:00";"MG";365;752,1;"ITUIUTABA";"Defeito na Via";"Saída de leito carroçável";"Com Vítimas Feridas";"Pleno dia";"Decrescente";"Céu Claro";"Simples";"Ponte";"Não";1;0;1;0;0;0;1;1;"-18.94245723";"-49.44957018";"SR-MG";"DEL4/15";"UOP03/MG"
188532;2019-01-31;"5";"17:40:00";"SP";116;222,6;"GUARULHOS";"Ingestão de Álcool";"Atropelamento de Pedestre";"Sem Vítimas";"Anoitecer";"Decrescente";"Céu Claro";"Múltipla";"Reta";"Sim";2;0;0;0;1;1;0;1;"-23.47380149";"-46.52077675";"SR-SP";"DEL6/1";"UOP01/SP"
188533;2019-01-31;"5";"14:30:00";"MA";402;56,2;"MORROS";"Desobediência às normas de trânsito pelo condutor";"Colisão frontal";"Com Vítimas Fatais";"Pleno dia";"Crescente";"Chuva";"Simples";"Curva";"Não";16;5;7;4;0;0;11;2;"-2.852267";"-43.89262";"SR-MA";"DEL18/1";"UOP01/MA"
188534;2019-01-31;"5";"20:00:00";"SC";282;3;"FLORIANOPOLIS";"Defeito Mecânico no Veículo";"Tombamento";"Com Vítimas Feridas";"Plena Noite";"Crescente";"Céu Claro";"Dupla";"Reta";"Não";2;0;1;1;0;0;2;1;"-27.600384";"-48.599705";"SR-SC";"DEL8/1";"UOP01/SC"
188535;2019-01-31;"5";"19:15:00";"SC";470;50,4;"BLUMENAU";"Falta de Atenção à Condução";"Tombamento";"Com Vítimas Feridas";"Pleno dia";"Crescente";"Céu Claro";"Simples";"Reta";"Não";1;0;1;0;0;0;1;1;"-26.859768";"-49.074493";"SR-SC";"DEL8/4";"UOP01/SC"
188536;2019-01-31;"5";"19:30:00";"DF";60;0,5;"BRASILIA";"Falta de Atenção à Condução";"Colisão transversal";"Sem Vítimas";"Anoitecer";"Crescente";"Vento";"Dupla";"Reta";"Sim";2;0;0;0;2;0;0;2;"-15.882499";"-48.060212";"SR-DF";"DF";"UOP03/DF"
188537;2019-01-31;"5";"16:30:00";"PR";163;119;"CAPANEMA";"Falta de Atenção à Condução";"Colisão com objeto estático";"Sem Vítimas";"Pleno dia";"Crescente";"Sol";"Múltipla";"Reta";"Não";2;0;0;0;2;0;0;1;"-25.59550177";"-53.62935305";"SR-PR";"DEL7/2";"UOP04/PR"
188538;2019-01-31;"5";"18:40:00";"PE";232;502,7;"VERDEJANTE";"Falta de Atenção do Pedestre";"Atropelamento de Pedestre";"Com Vítimas Feridas";"Plena Noite";"Crescente";"Céu Claro";"Simples";"Reta";"Não";2;0;1;0;1;0;1;1;"-8.064491";"-39.129845";"SR-PE";"DEL11/5";"UOP01/PE"
188539;2019-01-31;"5";"20:45:00";"GO";153;78;"PORANGATU";"Defeito na Via";"Queda de ocupante de veículo";"Com Vítimas Feridas";"Plena Noite";"Decrescente";"Céu Claro";"Simples";"Desvio Temporário";"Não";1;0;1;0;0;0;1;1;"-13.513705";"-49.121609";"SR-GO";"DEL1/7";"UOP01/GO"
188540;2019-01-31;"5";"19:10:00";"RJ";393;279;"BARRA DO PIRAI";"Desobediência às normas de trânsito pelo condutor";"Colisão frontal";"Com Vítimas Feridas";"Pleno dia";"Decrescente";"Sol";"Simples";"Reta";"Sim";2;0;0;1;1;0;1;2;"-22.478477";"-43.951252";"SR-RJ";"DEL5/5";"UOP02/RJ"
188541;2019-01-31;"5";"19:30:00";"AL";101;136;"SAO MIGUEL DOS CAMPOS";"Carga excessiva e/ou mal acondicionada";"Tombamento";"Sem Vítimas";"Plena Noite";"Crescente";"Garoa/Chuvisco";"Simples";"Reta";"Não";1;0;0;0;1;0;0;1;"-9.802605";"-36.11277";"SR-AL";"DEL13/2";"UOP01/AL"
188542;2019-01-31;"5";"16:25:00";"RS";386;423,2;"MONTENEGRO";"Falta de Atenção à Condução";"Colisão frontal";"Sem Vítimas";"Pleno dia";"Decrescente";"Chuva";"Simples";"Reta";"Não";5;0;0;0;5;0;0;2;"-29.8148548";"-51.39011741";"SR-RS";"DEL9/4";"UOP02/RS"
188543;2019-01-31;"5";"20:00:00";"PE";104;118,6;"PANELAS";"Velocidade Incompatível";"Tombamento";"Com Vítimas Feridas";"Plena Noite";"Decrescente";"Céu Claro";"Simples";"Curva";"Não";1;0;0;1;0;0;1;1;"-8.687511";"-36.017384";"SR-PE";"DEL11/2";"UOP01/PE"
188544;2019-01-31;"5";"21:00:00";"SP";116;224,6;"GUARULHOS";"Defeito na Via";"Colisão com objeto em movimento";"Com Vítimas Feridas";"Plena Noite";"Crescente";"Céu Claro";"Múltipla";"Reta";"Não";1;0;1;0;0;0;1;1;"-23.48572293";"-46.5410471";"SR-SP";"DEL6/1";"UOP01/SP"
188545;2019-01-31;"5";"21:00:00";"RJ";116;189,9;"QUEIMADOS";"Defeito Mecânico no Veículo";"Colisão com objeto estático";"Com Vítimas Feridas";"Plena Noite";"Crescente";"Céu Claro";"Dupla";"Reta";"Não";2;0;2;0;0;0;2;1;"-22.73570014";"-43.55316684";"SR-RJ";"DEL5/1";"UOP03/RJ"
188546;2019-01-31;"5";"16:00:00";"SC";282;37,4;"AGUAS MORNAS";"Velocidade Incompatível";"Saída de leito carroçável";"Com Vítimas Feridas";"Pleno dia";"Decrescente";"Chuva";"Simples";"Reta";"Não";2;0;2;0;0;0;2;1;"-27.70492151";"-48.83431435";"SR-SC";"DEL8/1";"UOP03/SC"
188547;2019-01-31;"5";"21:10:00";"PR";469;1;"FOZ DO IGUACU";"Falta de Atenção à Condução";"Colisão transversal";"Com Vítimas Feridas";"Plena Noite";"Decrescente";"Céu Claro";"Simples";"Rotatória";"Sim";2;0;0;1;1;0;1;2;"-25.57686923";"-54.55443621";"SR-PR";"DEL7/5";"UOP04/PR"
188548;2019-01-31;"5";"21:40:00";"SP";153;53;"SAO JOSE DO RIO PRETO";"Avarias e/ou desgaste excessivo no pneu";"Tombamento";"Com Vítimas Feridas";"Plena Noite";"Crescente";"Céu Claro";"Dupla";"Reta";"Sim";1;0;1;0;0;0;1;1;"-20.735983";"-49.338039";"SR-SP";"DEL6/9";"UOP01/SP"