"id";"data_inversa";"dia_semana";"horario";"uf";"br";"km";"municipio";"causa_acidente";"tipo_acidente";"classificacao_acidente";"fase_dia";"sentido_via";"condicao_metereologica";"tipo_pista";"tracado_via";"uso_solo";"pessoas";"mortos";"feridos_leves";"feridos_graves";"ilesos";"ignorados";"feridos";"veiculos";"latitude";"longitude";"regional";"delegacia";"uop"
188549;2019-01-31;"5";"19:50:00";"PR";277;350;"GUARAPUAVA";"Desobediência às normas de trânsito pelo condutor";"Colisão lateral";"Com Vítimas Feridas";"Anoitecer";"Crescente";"Céu Claro";"Simples";"Reta";"Sim";2;0;1;0;0;1;1;2;"-25.39123744";"-51.5226388";"SR-PR";"DEL7/3";"UOP02/PR"
188550;2019-01-31;"5";"21:40:00";"MG";40;518;"CONTAGEM";"Mal Súbito";"Colisão lateral";"Com Vítimas Feridas";"Plena Noite";"Crescente";"Céu Claro";"Dupla";"Reta";"Não";1;0;1;0;0;0;1;1;"-19.843";"-44.0749";"SR-MG";"DEL4/1";"UOP03/MG"
188551;2019-01-31;"5";"22:40:00";"SP";116;222;"GUARULHOS";"Não guardar distância de segurança";"Colisão lateral";"Com Vítimas Feridas";"Plena Noite";"Decrescente";"Céu Claro";"Múltipla";"Reta";"Sim";3;0;1;0;2;0;1;3;"-23.47422924";"-46.52226811";"SR-SP";"DEL6/1";"UOP01/SP"
188553;2019-01-31;"5";"23:00:00";"SC";101;178;"BIGUACU";"Pista Escorregadia";"Tombamento";"Com Vítimas Feridas";"Plena Noite";"Crescente";"Chuva";"Dupla";"Curva";"Não";1;0;1;0;0;0;1;1;"-27.3737";"-48.6328";"SR-SC";"DEL8/1";"UOP01/SC"
188554;2019-01-31;"5";"23:10:00";"MG";381;750,1;"TRES CORACOES";"Velocidade Incompatível";"Saída de leito carroçável";"Com Vítimas Feridas";"Plena Noite";"Crescente";"Nublado";"Dupla";"Curva";"Não";1;0;1;0;0;0;1;1;"-21.6469";"-45.2967";"SR-MG";"DEL09";"UOP02/MG"
188555;2019-01-31;"5";"21:40:00";"TO";153;442,2;"MIRACEMA DO TOCANTINS";"Falta de Atenção do Pedestre";"Atropelamento de Pedestre";"Com Vítimas Fatais";"Plena Noite";"Crescente";"Céu Claro";"Simples";"Reta";"Não";4;1;0;0;1;2;0;1;"-9.757113";"-48.702053";"SR-TO";"UOP02/TO";""
188556;2019-01-31;"5";"22:35:00";"MG";116;701;"MURIAE";"Não guardar distância de segurança";"Queda de ocupante de veículo";"Com Vítimas Feridas";"Plena Noite";"Decrescente";"Céu Claro";"Simples";"Reta";"Sim";1;0;1;0;0;0;1;1;"-21.09443022";"-42.3734951";"SR-MG";"DEL4/7";"UOP02/MG"
188557;2019-01-31;"5";"12:00:00";"PR";277;432;"VIRMOND";"Velocidade Incompatível";"Capotamento";"Sem Vítimas";"Pleno dia";"Decrescente";"Céu Claro";"Simples";"Curva";"Não";1;0;0;0;1;0;0;1;"-25.37894195";"-52.20606029";"SR-PR";"DEL7/4";"UOP03/PR"
188558;2019-01-31;"5";"23:50:00";"GO";40;9;"LUZIANIA";"Falta de Atenção à Condução";"Colisão traseira";"Com Vítimas Feridas";"Plena Noite";"Crescente";"Céu Claro";"Dupla";"Reta";"Sim";1;0;1;0;0;0;1;1;"-16.131158";"-47.957739";"SR-DF";"GO";"UOP01/DF"
188559;2019-01-31;"5";"22:25:00";"RJ";493;114;"ITAGUAI";"Ingestão de Álcool";"Saída de leito carroçável";"Com Vítimas Feridas";"Plena Noite";"Crescente";"Céu Claro";"Dupla";"Reta";"Não";8;0;1;0;7;0;1;2;"-22.83087017";"-43.80858773";"SR-RJ";"DEL5/3";"UOP01/RJ"
188560;2019-01-31;"5";"22:45:00";"PI";316;32;"DEMERVAL LOBAO";"Animais na Pista";"Atropelamento de Animal";"Sem Vítimas";"Plena Noite";"Decrescente";"Chuva";"Simples";"Reta";"Sim";1;0;0;0;1;0;0;1;"-5.34218";"-42.686275";"SR-PI";"DEL17/1";"UOP02/PI"
188561;2019-02-01;"6";"00:05:00";"SC";101;221,5;"PALHOCA";"Desobediência às normas de trânsito pelo condutor";"Colisão traseira";"Com Vítimas Feridas";"Plena Noite";"Crescente";"Céu Claro";"Dupla";"Não Informado";"Não";2;0;1;0;1;0;1;2;"-27.7096";"-48.6544";"SR-SC";"DEL8/1";"UOP02/SC"
188562;2019-02-01;"6";"00:30:00";"RJ";40;80;"PETROPOLIS";"Velocidade Incompatível";"Tombamento";"Com Vítimas Feridas";"Plena Noite";"Crescente";"Céu Claro";"Simples";"Curva";"Não";1;0;1;0;0;0;1;1;"-22.51985";"-43.228428";"SR-RJ";"DEL5/6";"UOP03/RJ"
188563;2019-02-01;"6";"00:10:00";"GO";60;163;"GOIANIA";"Falta de Atenção à Condução";"Colisão lateral";"Com Vítimas Feridas";"Plena Noite";"Crescente";"Céu Claro";"Dupla";"Reta";"Não";3;0;0;3;0;0;3;2;"-16.7002";"-49.3335";"SR-GO";"DEL1/1";"UOP02/GO"
188564;2019-02-01;"6";"00:50:00";"SP";116;388,2;"MIRACATU";"Ingestão de Álcool";"Colisão com objeto estático";"Com Vítimas Feridas";"Plena Noite";"Decrescente";"Nublado";"Dupla";"Reta";"Não";1;0;0;1;0;0;1;1;"-24.26547538";"-47.38730765";"SR-SP";"DEL6/4";"UOP03/SP"
188565;2019-01-31;"5";"22:30:00";"RS";158;310;"ITAARA";"Ultrapassagem Indevida";"Colisão lateral";"Sem Vítimas";"Plena Noite";"Crescente";"Garoa/Chuvisco";"Simples";"Reta";"Sim";2;0;0;0;2;0;0;2;"-29.612303";"-53.766605";"SR-RS";"DEL9/9";"UOP01/RS"
188566;2019-02-01;"6";"00:20:00";"RN";101;99;"NATAL";"Falta de Atenção à Condução";"Colisão lateral";"Com Vítimas Feridas";"Plena Noite";"Crescente";"Céu Claro";"Dupla";"Reta";"Sim";2;0;1;0;1;0;1;2;"-5.87365";"-35.220673";"SR-RN";"DEL15/1";"UOP01/RN"
188569;2019-01-31;"5";"23:40:00";"PI";407;423;"PICOS";"Desobediência às normas de trânsito pelo condutor";"Colisão frontal";"Com Vítimas Feridas";"Plena Noite";"Decrescente";"Vento";"Simples";"Reta";"Sim";3;0;2;0;1;0;2;2;"-7.079333";"-41.433254";"SR-PI";"DEL17/4";"UOP01/PI"
188570;2019-02-01;"6";"02:30:00";"SC";470;3,5;"NAVEGANTES";"Ingestão de Álcool";"Colisão traseira";"Sem Vítimas";"Plena Noite";"Decrescente";"Céu Claro";"Simples";"Reta";"Não";2;0;0;0;1;1;0;2;"-26.861937";"-48.681618";"SR-SC";"DEL8/4";"UOP04/SC"
188571;2019-01-31;"5";"17:30:00";"MG";381;313;"ANTONIO DIAS";"Defeito Mecânico no Veículo";"Saída de leito carroçável";"Sem Vítimas";"Pleno dia";"Crescente";"Céu Claro";"Simples";"Reta";"Não";3;0;0;0;3;0;0;1;"-19.65616512";"-42.95838925";"SR-MG";"DEL4/3";"UOP02/MG"
188572;2019-02-01;"6";"03:20:00";"PR";277;0,3;"FOZ DO IGUACU";"Desobediência às normas de trânsito pelo condutor";"Colisão transversal";"Com Vítimas Feridas";"Plena Noite";"Crescente";"Céu Claro";"Dupla";"Não Informado";"Sim";2;0;1;0;1;0;1;2;"-25.5469";"-54.5882";"SR-PR";"DEL7/5";"UOP03/PR"
188573;2019-02-01;"6";"03:40:00";"GO";70;10,8;"AGUAS LINDAS DE GOIAS";"Desobediência às normas de trânsito pelo condutor";"Colisão traseira";"Com Vítimas Fatais";"Plena Noite";"Crescente";"Céu Claro";"Múltipla";"Reta";"Não";2;1;0;0;1;0;0;2;"-15.7372";"-48.2917";"SR-DF";"GO";"UOP06/DF"
188574;2019-02-01;"6";"04:32:00";"SC";470;38,3;"GASPAR";"Condutor Dormindo";"Capotamento";"Com Vítimas Feridas";"Plena Noite";"Crescente";"Céu Claro";"Simples";"Túnel";"Sim";1;0;1;0;0;0;1;1;"-26.904108";"-48.980164";"SR-SC";"DEL8/4";"UOP01/SC"
188575;2019-02-01;"6";"05:10:00";"SP";116;128;"CACAPAVA";"Falta de Atenção à Condução";"Queda de ocupante de veículo";"Com Vítimas Feridas";"Plena Noite";"Crescente";"Céu Claro";"Dupla";"Reta";"Sim";1;0;1;0;0;0;1;1;"-23.114546";"-45.711056";"SR-SP";"DEL6";"UOP02/SP"
188576;2019-01-31;"5";"23:00:00";"MT";70;695;"CACERES";"Velocidade Incompatível";"Tombamento";"Sem Vítimas";"Plena Noite";"Decrescente";"Céu Claro";"Simples";"Curva";"Não";1;0;0;0;1;0;0;1;"-16.205067";"-57.405003";"SR-MT";"DEL2/3";"UOP01/MT"
188577;2019-02-01;"6";"05:00:00";"RJ";101;412,9;"ITAGUAI";"Condutor Dormindo";"Queda de ocupante de veículo";"Com Vítimas Feridas";"Plena Noite";"Decrescente";"Céu Claro";"Dupla";"Reta";"Sim";1;0;0;1;0;0;1;1;"-22.897207";"-43.8564";"SR-RJ";"DEL5/3";"UOP01/RJ"
188578;2019-02-01;"6";"06:10:00";"MG";365;407;"PATOS DE MINAS";"Defeito Mecânico no Veículo";"Incêndio";"Sem Vítimas";"Amanhecer";"Decrescente";"Céu Claro";"Simples";"Reta";"Sim";1;0;0;0;1;0;0;1;"-18.63483425";"-46.48061341";"SR-MG";"DEL4/10";"UOP01/MG"
188580;2019-02-01;"6";"05:45:00";"SP";116;404,7;"MIRACATU";"Mal Súbito";"Colisão com objeto estático";"Sem Vítimas";"Amanhecer";"Decrescente";"Céu Claro";"Dupla";"Reta";"Não";1;0;0;0;1;0;0;1;"-24.32233";"-47.54267";"SR-SP";"DEL6/4";"UOP03/SP"
188581;2019-02-01;"6";"06:50:00";"PR";277;69,5;"SAO JOSE DOS PINHAIS";"Defeito Mecânico no Veículo";"Queda de ocupante de veículo";"Com Vítimas Feridas";"Pleno dia";"Crescente";"Céu Claro";"Dupla";"Reta";"Não";1;0;1;0;0;0;1;1;"-25.52198623";"-49.10424113";"SR-PR";"DEL7/1";"UOP06/PR"
188582;2019-02-01;"6";"01:10:00";"RJ";116;96;"GUAPIMIRIM";"Velocidade Incompatível";"Saída de leito carroçável";"Com Vítimas Feridas";"Plena Noite";"Decrescente";"Céu Claro";"Simples";"Curva";"Não";3;0;3;0;0;0;3;1;"-22.480257";"-42.997448";"SR-RJ";"DEL5/4";"UOP02/RJ"
188583;2019-02-01;"6";"07:05:00";"PR";277;579,6;"CASCAVEL";"Falta de Atenção à Condução";"Queda de ocupante de veículo";"Com Vítimas Feridas";"Pleno dia";"Decrescente";"Sol";"Simples";"Reta";"Não";1;0;0;1;0;0;1;1;"-24.9838139";"-53.3730357";"SR-PR";"DEL7/4";"UOP01/PR"
188584;2019-02-01;"6";"07:02:00";"PR";116;111;"CURITIBA";"Falta de Atenção à Condução";"Colisão com objeto estático";"Com Vítimas Feridas";"Pleno dia";"Crescente";"Céu Claro";"Múltipla";"Reta";"Sim";1;0;1;0;0;0;1;1;"-25.569897";"-49.187782";"SR-PR";"DEL7/1";"UOP01/PR"
188585;2019-02-01;"6";"07:00:00";"ES";262;112,3;"VENDA NOVA DO IMIGRANTE";"Falta de Atenção à Condução";"Colisão lateral";"Com Vítimas Feridas";"Pleno dia";"Crescente";"Céu Claro";"Simples";"Reta";"Não";3;0;2;0;1;0;2;2;"-20.3372";"-41.201";"SR-ES";"DEL12/1";"UOP02/ES"
188586;2019-02-01;"6";"06:50:00";"SP";381;73;"SAO PAULO";"Carga excessiva e/ou mal acondicionada";"Derramamento de carga";"Sem Vítimas";"Pleno dia";"Crescente";"Céu Claro";"Múltipla";"Curva";"Sim";1;0;0;0;1;0;0;1;"-23.38229342";"-46.56381006";"SR-SP";"DEL6/3";"UOP02/SP"
188587;2019-02-01;"6";"06:20:00";"RS";386;432;"NOVA SANTA RITA";"Objeto estático sobre o leito carroçável";"Colisão traseira";"Com Vítimas Feridas";"Amanhecer";"Decrescente";"Céu Claro";"Simples";"Reta";"Não";2;0;1;0;1;0;1;2;"-29.83723307";"-51.30621135";"SR-RS";"DEL9/4";"UOP02/RS"
188589;2019-02-01;"6";"08:00:00";"RJ";40;124;"RIO DE JANEIRO";"Falta de Atenção do Pedestre";"Atropelamento de Pedestre";"Com Vítimas Feridas";"Pleno dia";"Crescente";"Céu Claro";"Múltipla";"Reta";"Sim";2;0;1;0;1;0;1;1;"-22.8147";"-43.2881";"SR-RJ";"DEL5/1";"UOP01/RJ"
188590;2019-01-20;"1";"17:30:00";"MG";381;946,5;"EXTREMA";"Falta de Atenção à Condução";"Colisão com objeto estático";"Com Vítimas Feridas";"Pleno dia";"Crescente";"Chuva";"Dupla";"Não Informado";"Não";15;0;4;3;8;0;7;6;"-22.86070431";"-46.34358287";"SR-MG";"DEL09";"UOP03/MG"
188591;2019-02-01;"6";"06:20:00";"SP";381;82,7;"SAO PAULO";"Falta de Atenção à Condução";"Saída de leito carroçável";"Com Vítimas Fatais";"Amanhecer";"Crescente";"Céu Claro";"Múltipla";"Reta";"Não";2;1;0;0;1;0;0;1;"-23.435804";"-46.568438";"SR-SP";"DEL6/3";"UOP02/SP"
188592;2019-02-01;"6";"07:00:00";"RN";304;53,7;"MOSSORO";"Ultrapassagem Indevida";"Tombamento";"Com Vítimas Feridas";"Pleno dia";"Decrescente";"Céu Claro";"Simples";"Reta";"Não";2;0;1;0;1;0;1;2;"-5.26806";"-37.300053";"SR-RN";"DEL15/4";"UOP01/RN"
188593;2019-02-01;"6";"08:20:00";"SC";101;206,9;"SAO JOSE";"Falta de Atenção à Condução";"Colisão traseira";"Com Vítimas Feridas";"Pleno dia";"Crescente";"Céu Claro";"Dupla";"Reta";"Não";2;0;0;1;1;0;1;2;"-27.6001";"-48.6225";"SR-SC";"DEL8/1";"UOP01/SC"
188594;2019-02-01;"6";"08:15:00";"RS";472;577;"URUGUAIANA";"Defeito na Via";"Tombamento";"Com Vítimas Feridas";"Pleno dia";"Decrescente";"Céu Claro";"Simples";"Reta";"Sim";1;0;1;0;0;0;1;1;"-29.7781603";"-57.06101418";"SR-RS";"DEL9/13";"UOP01/RS"
188595;2019-02-01;"6";"01:40:00";"RO";364;604,7;"ITAPUA DO OESTE";"Sinalização da via insuficiente ou inadequada";"Tombamento";"Sem Vítimas";"Plena Noite";"Decrescente";"Chuva";"Dupla";"Reta";"Sim";1;0;0;0;1;0;0;1;"-9.192122";"-63.188835";"SR-RO";"DEL21/3";"UOP03/RO"
188596;2019-02-01;"6";"07:30:00";"MT";163;834;"SINOP";"Falta de Atenção à Condução";"Colisão transversal";"Com Vítimas Feridas";"Pleno dia";"Decrescente";"Céu Claro";"Dupla";"Rotatória";"Não";2;0;2;0;0;0;2;2;"-11.86432703";"-55.49640656";"SR-MT";"DEL2/6";"UOP01/MT"
188597;2019-02-01;"6";"06:50:00";"CE";116;4,9;"FORTALEZA";"Velocidade Incompatível";"Colisão com objeto estático";"Sem Vítimas";"Pleno dia";"Crescente";"Chuva";"Múltipla";"Reta";"Sim";1;0;0;0;1;0;0;1;"-3.7956";"-38.507";"SR-CE";"DEL16/1";"UOP02/CE"
188598;2019-01-08;"3";"22:50:00";"PR";277;342,9;"GUARAPUAVA";"Desobediência às normas de trânsito pelo condutor";"Colisão com objeto estático";"Sem Vítimas";"Plena Noite";"Decrescente";"Ignorado";"Dupla";"Retorno Regulamentado";"Sim";1;0;0;0;1;0;0;1;"-25.35967473";"-51.46700978";"SR-PR";"DEL7/3";"UOP02/PR"
188599;2019-02-01;"6";"09:02:00";"PR";277;577;"CASCAVEL";"Falta de Atenção à Condução";"Colisão lateral";"Com Vítimas Feridas";"Pleno dia";"Decrescente";"Céu Claro";"Simples";"Reta";"Não";2;0;1;0;1;0;1;2;"-24.98567169";"-53.335121";"SR-PR";"DEL7/4";"UOP01/PR"
188600;2019-01-31;"5";"23:15:00";"BA";116;656,8;"JEQUIE";"Falta de Atenção à Condução";"Colisão frontal";"Com Vítimas Fatais";"Plena Noite";"Crescente";"Céu Claro";"Simples";"Não Informado";"Não";5;1;1;0;3;0;1;3;"-13.72277";"-40.09648";"SR-BA";"DEL10/3";"UOP01/BA"
188601;2019-02-01;"6";"08:20:00";"BA";101;716;"EUNAPOLIS";"Falta de Atenção à Condução";"Colisão transversal";"Com Vítimas Feridas";"Pleno dia";"Crescente";"Céu Claro";"Simples";"Reta";"Sim";2;0;2;0;0;0;2;2;"-16.3555";"-39.5795";"SR-BA";"DEL10/9";"UOP01/BA"
188603;2019-01-25;"6";"00:10:00";"MS";267;223,3;"NOVA ALVORADA DO SUL";"Condutor Dormindo";"Tombamento";"Com Vítimas Feridas";"Plena Noite";"Crescente";"Céu Claro";"Simples";"Reta";"Sim";1;0;1;0;0;0;1;1;"-21.54106196";"-54.15958796";"SR-MS";"DEL2";"UOP01/MS"
188604;2019-01-12;"7";"11:50:00";"RO";364;709;"PORTO VELHO";"Desobediência às normas de trânsito pelo condutor";"Colisão lateral";"Com Vítimas Feridas";"Pleno dia";"Crescente";"Nublado";"Múltipla";"Reta";"Sim";3;0;0;1;1;1;1;3;"-8.7882965";"-63.85332411";"SR-RO";"DEL21/1";"UOP01/RO"
188606;2019-02-01;"6";"07:50:00";"SC";153;100;"CONCORDIA";"Desobediência às normas de trânsito pelo condutor";"Colisão transversal";"Com Vítimas Feridas";"Pleno dia";"Decrescente";"Céu Claro";"Simples";"Reta";"Não";2;0;1;0;1;0;1;2;"-27.242643";"-51.95171";"SR-SC";"DEL7";"UOP05/SC"
188607;2019-02-01;"6";"07:40:00";"PE";428;190;"PETROLINA";"Não guardar distância de segurança";"Colisão traseira";"Com Vítimas Feridas";"Pleno dia";"Decrescente";"Céu Claro";"Simples";"Reta";"Não";3;0;2;0;1;0;2;3;"-9.372067";"-40.486843";"SR-PE";"DEL11/6";"UOP01/PE"
188609;2019-02-01;"6";"08:56:00";"MG";381;494;"BETIM";"Velocidade Incompatível";"Colisão lateral";"Com Vítimas Feridas";"Pleno dia";"Decrescente";"Céu Claro";"Múltipla";"Reta";"Sim";6;0;2;0;4;0;2;6;"-19.9731";"-44.1843";"SR-MG";"DEL4/1";"UOP03/MG"
188610;2019-02-01;"6";"07:30:00";"SC";163;92,3;"GUARACIABA";"Deficiência ou não Acionamento do Sistema de Iluminação/Sinalização do Veículo";"Colisão traseira";"Com Vítimas Feridas";"Pleno dia";"Decrescente";"Céu Claro";"Simples";"Não Informado";"Não";3;0;1;1;0;1;2;2;"-26.53373119";"-53.52175355";"SR-SC";"DEL7";"UOP03/SC"
188611;2019-02-01;"6";"08:30:00";"MG";459;13,2;"CALDAS";"Velocidade Incompatível";"Colisão frontal";"Com Vítimas Feridas";"Pleno dia";"Decrescente";"Céu Claro";"Simples";"Curva";"Não";2;0;1;1;0;0;2;2;"-21.84018403";"-46.44074857";"SR-MG";"DEL13";"UOP01/MG"
188612;2019-02-01;"6";"07:10:00";"MG";116;571,8;"MANHUACU";"Velocidade Incompatível";"Capotamento";"Com Vítimas Fatais";"Pleno dia";"Crescente";"Sol";"Simples";"Curva";"Não";3;2;1;0;0;0;1;1;"-20.112162";"-42.178111";"SR-MG";"DEL4/6";"UOP04/MG"
188613;2019-02-01;"6";"10:00:00";"SP";116;114;"TAUBATE";"Falta de Atenção do Pedestre";"Atropelamento de Pedestre";"Com Vítimas Feridas";"Pleno dia";"Crescente";"Céu Claro";"Dupla";"Reta";"Sim";2;0;0;1;1;0;1;1;"-23.046539";"-45.590172";"SR-SP";"DEL6";"UOP02/SP"
188614;2019-02-01;"6";"10:25:00";"SC";101;217;"PALHOCA";"Falta de Atenção à Condução";"Colisão transversal";"Com Vítimas Feridas";"Pleno dia";"Decrescente";"Céu Claro";"Múltipla";"Reta";"Sim";2;0;1;0;1;0;1;2;"-27.6771";"-48.67";"SR-SC";"DEL8/1";"UOP02/SC"
188615;2019-02-01;"6";"06:30:00";"PE";110;227;"PETROLANDIA";"Falta de Atenção à Condução";"Colisão transversal";"Com Vítimas Feridas";"Pleno dia";"Decrescente";"Céu Claro";"Simples";"Reta";"Não";3;0;2;0;1;0;2;2;"-9.039303";"-38.257042";"SR-BA";"DEL10/7";"UOP01/BA"
188616;2019-02-01;"6";"09:00:00";"ES";101;272;"SERRA";"Objeto estático sobre o leito carroçável";"Capotamento";"Com Vítimas Feridas";"Pleno dia";"Crescente";"Sol";"Dupla";"Reta";"Não";2;0;0;1;1;0;1;2;"-20.22122942";"-40.29004835";"SR-ES";"DEL12/2";"UOP01/ES"
188617;2019-02-01;"6";"10:29:00";"SC";282;330;"CAMPOS NOVOS";"Condutor Dormindo";"Colisão frontal";"Com Vítimas Feridas";"Pleno dia";"Decrescente";"Céu Claro";"Simples";"Não Informado";"Não";6;0;1;0;5;0;1;2;"-27.384575";"-51.106579";"SR-SC";"DEL7";"UOP08/SC"
188618;2019-02-01;"6";"11:00:00";"ES";101;296;"CARIACICA";"Falta de Atenção à Condução";"Colisão lateral";"Com Vítimas Feridas";"Pleno dia";"Crescente";"Sol";"Simples";"Reta";"Sim";3;0;0;1;1;1;1;2;"-20.34462694";"-40.4070282";"SR-ES";"DEL12/1";"UOP01/ES"
188619;2019-02-01;"6";"10:50:00";"PR";277;601;"CASCAVEL";"Velocidade Incompatível";"Engavetamento";"Com Vítimas Feridas";"Pleno dia";"Crescente";"Sol";"Dupla";"Não Informado";"Não";7;0;3;0;4;0;3;5;"-25.02215092";"-53.54873657";"SR-PR";"DEL7/4";"UOP01/PR"
188620;2019-02-01;"6";"10:19:00";"MG";116;705,3;"MURIAE";"Falta de Atenção do Pedestre";"Atropelamento de Pedestre";"Com Vítimas Feridas";"Pleno dia";"Crescente";"Sol";"Simples";"Não Informado";"Sim";4;0;2;0;0;2;2;1;"-21.12983094";"-42.3856777";"SR-MG";"DEL4/7";"UOP02/MG"
188621;2019-02-01;"6";"08:30:00";"MT";163;836;"SINOP";"Desobediência às normas de trânsito pelo condutor";"Colisão transversal";"Com Vítimas Feridas";"Pleno dia";"Decrescente";"Céu Claro";"Dupla";"Reta";"Sim";2;0;1;0;1;0;1;2;"-11.85031064";"-55.49214017";"SR-MT";"DEL2/6";"UOP01/MT"
188622;2019-02-01;"6";"09:13:00";"MG";381;495;"BETIM";"Falta de Atenção à Condução";"Colisão traseira";"Com Vítimas Feridas";"Pleno dia";"Decrescente";"Céu Claro";"Múltipla";"Reta";"Sim";6;0;1;0;5;0;1;6;"-19.9754";"-44.1937";"SR-MG";"DEL4/1";"UOP03/MG"
188623;2019-02-01;"6";"10:10:00";"PE";101;58,4;"PAULISTA";"Defeito Mecânico no Veículo";"Saída de leito carroçável";"Sem Vítimas";"Pleno dia";"Crescente";"Sol";"Dupla";"Curva";"Sim";1;0;0;0;1;0;0;1;"-7.978";"-34.9271";"SR-PE";"DEL11/1";"UOP02/PE"
188625;2019-02-01;"6";"11:50:00";"RJ";116;122;"MAGE";"Falta de Atenção à Condução";"Colisão traseira";"Com Vítimas Feridas";"Pleno dia";"Decrescente";"Céu Claro";"Dupla";"Reta";"Não";2;0;1;0;1;0;1;2;"-22.635124";"-43.055809";"SR-RJ";"DEL5/4";"UOP02/RJ"
188626;2019-02-01;"6";"04:30:00";"BA";116;135;"CANUDOS";"Falta de Atenção à Condução";"Tombamento";"Com Vítimas Feridas";"Amanhecer";"Crescente";"Céu Claro";"Simples";"Reta";"Não";1;0;1;0;0;0;1;1;"-9.79112";"-39.142147";"SR-BA";"DEL10/7";"UOP01/BA"
188627;2019-02-01;"6";"11:30:00";"PR";153;107;"IBAITI";"Falta de Atenção à Condução";"Colisão transversal";"Com Vítimas Feridas";"Pleno dia";"Decrescente";"Céu Claro";"Simples";"Reta";"Sim";3;0;2;0;1;0;2;2;"-23.838009";"-50.193119";"SR-PR";"DEL7/7";"UOP07/PR"
188628;2019-02-01;"6";"11:30:00";"RS";153;617,2;"HULHA NEGRA";"Pista Escorregadia";"Saída de leito carroçável";"Com Vítimas Feridas";"Pleno dia";"Crescente";"Chuva";"Simples";"Reta";"Não";4;0;1;2;1;0;3;1;"-31.30595";"-53.926186";"SR-RS";"DEL9/11";"UOP03/RS"
188629;2019-02-01;"6";"11:35:00";"RJ";101;66;"CAMPOS DOS GOYTACAZES";"Desobediência às normas de trânsito pelo condutor";"Colisão frontal";"Com Vítimas Feridas";"Pleno dia";"Crescente";"Céu Claro";"Simples";"Reta";"Não";2;0;1;0;0;1;1;2;"-21.760904";"-41.347889";"SR-RJ";"DEL5/8";"UOP02/RJ"
188630;2019-02-01;"6";"11:05:00";"MA";135;5,5;"SAO LUIS";"Falta de Atenção à Condução";"Colisão transversal";"Com Vítimas Feridas";"Pleno dia";"Crescente";"Céu Claro";"Dupla";"Reta";"Sim";2;0;0;1;1;0;1;2;"-2.62289001";"-44.25898612";"SR-MA";"DEL18/1";"UOP01/MA"
188631;2019-01-06;"1";"22:30:00";"PB";230;29,6;"JOAO PESSOA";"Não guardar distância de segurança";"Colisão traseira";"Com Vítimas Feridas";"Plena Noite";"Decrescente";"Céu Claro";"Dupla";"Reta";"Sim";2;0;0;1;0;1;1;2;"-7.1622";"-34.9031";"SR-PB";"DEL14/1";"UOP00/PB"
188632;2019-02-01;"6";"12:25:00";"GO";40;4,8;"VALPARAISO DE GOIAS";"Falta de Atenção à Condução";"Colisão lateral";"Com Vítimas Feridas";"Pleno dia";"Crescente";"Céu Claro";"Dupla";"Reta";"Sim";2;0;1;0;0;1;1;2;"-16.085241";"-47.986752";"SR-DF";"GO";"UOP01/DF"
188633;2019-02-01;"6";"13:40:00";"GO";70;9;"AGUAS LINDAS DE GOIAS";"Ingestão de Álcool";"Atropelamento de Pedestre";"Com Vítimas Feridas";"Pleno dia";"Crescente";"Céu Claro";"Dupla";"Reta";"Sim";4;0;0;1;3;0;1;1;"-15.7359";"-48.2829";"SR-DF";"GO";"UOP06/DF"
188634;2019-02-01;"6";"14:10:00";"CE";116;17;"EUSEBIO";"Desobediência às normas de trânsito pelo condutor";"Colisão lateral";"Com Vítimas Feridas";"Pleno dia";"Decrescente";"Chuva";"Dupla";"Reta";"Sim";2;0;1;0;1;0;1;2;"-3.89661603";"-38.50302136";"SR-CE";"DEL16/1";"UOP02/CE"
188635;2019-02-01;"6";"13:30:00";"SP";116;401,7;"MIRACATU";"Falta de Atenção à Condução";"Colisão lateral";"Com Vítimas Feridas";"Pleno dia";"Crescente";"Sol";"Dupla";"Reta";"Não";2;0;1;0;1;0;1;2;"-24.31272693";"-47.51702517";"SR-SP";"DEL6/4";"UOP03/SP"
188636;2019-02-01;"6";"14:45:00";"SC";101;0,1;"SANGAO";"Desobediência às normas de trânsito pelo condutor";"Colisão transversal";"Com Vítimas Feridas";"Pleno dia";"Decrescente";"Sol";"Simples";"Interseção de vias";"Não";3;0;0;1;2;0;1;2;"-28.64341122";"-49.09948289";"SR-SC";"DEL8/2";"UOP01/SC"
188637;2019-02-01;"6";"10:50:00";"RJ";40;83;"PETROPOLIS";"Pista Escorregadia";"Queda de ocupante de veículo";"Com Vítimas Feridas";"Pleno dia";"Crescente";"Céu Claro";"Simples";"Curva";"Não";2;0;2;0;0;0;2;1;"-22.5472";"-43.2266";"SR-RJ";"DEL5/6";"UOP03/RJ"
188638;2019-02-01;"6";"11:40:00";"PR";277;504,3;"GUARANIACU";"Defeito Mecânico no Veículo";"Colisão com objeto estático";"Com Vítimas Feridas";"Pleno dia";"Decrescente";"Céu Claro";"Simples";"Viaduto";"Não";1;0;1;0;0;0;1;1;"-25.13137868";"-52.72606373";"SR-PR";"DEL7/4";"UOP02/PR"
188639;2019-02-01;"6";"11:40:00";"ES";101;292,9;"CARIACICA";"Pista Escorregadia";"Tombamento";"Com Vítimas Feridas";"Pleno dia";"Decrescente";"Céu Claro";"Dupla";"Reta";"Sim";1;0;0;1;0;0;1;1;"-20.31624728";"-40.39561272";"SR-ES";"DEL12/1";"UOP01/ES"