"id";"data_inversa";"dia_semana";"horario";"uf";"br";"km";"municipio";"causa_acidente";"tipo_acidente";"classificacao_acidente";"fase_dia";"sentido_via";"condicao_metereologica";"tipo_pista";"tracado_via";"uso_solo";"pessoas";"mortos";"feridos_leves";"feridos_graves";"ilesos";"ignorados";"feridos";"veiculos";"latitude";"longitude";"regional";"delegacia";"uop"
188640;2019-02-01;"6";"12:30:00";"SC";280;12,7;"SAO FRANCISCO DO SUL";"Mal Súbito";"Saída de leito carroçável";"Com Vítimas Fatais";"Pleno dia";"Crescente";"Céu Claro";"Simples";"Reta";"Não";1;1;0;0;0;0;0;1;"-26.313299";"-48.644524";"SR-SC";"DEL8/3";"UOP03/SC"
188641;2019-02-01;"6";"15:45:00";"RS";290;91;"PORTO ALEGRE";"Falta de Atenção à Condução";"Colisão lateral";"Com Vítimas Feridas";"Pleno dia";"Decrescente";"Céu Claro";"Múltipla";"Reta";"Sim";2;0;1;0;0;1;1;2;"-29.969055";"-51.167439";"SR-RS";"DEL9/1";"UOP01/RS"
188642;2019-02-01;"6";"15:45:00";"ES";101;147;"LINHARES";"Falta de Atenção à Condução";"Colisão transversal";"Com Vítimas Feridas";"Pleno dia";"Crescente";"Céu Claro";"Simples";"Interseção de vias";"Sim";3;0;0;2;1;0;2;2;"-19.38240918";"-40.06713867";"SR-ES";"DEL12/4";"UOP01/ES"
188643;2019-02-01;"6";"15:43:00";"GO";153;379,4;"SAO FRANCISCO DE GOIAS";"Defeito na Via";"Saída de leito carroçável";"Com Vítimas Feridas";"Pleno dia";"Crescente";"Céu Claro";"Simples";"Reta";"Não";2;0;0;1;1;0;1;1;"-15.899754";"-49.233356";"SR-GO";"DEL1/2";"UOP02/GO"
188644;2019-01-07;"2";"14:30:00";"PB";230;17;"JOAO PESSOA";"Falta de Atenção à Condução";"Colisão traseira";"Com Vítimas Feridas";"Pleno dia";"Decrescente";"Céu Claro";"Dupla";"Reta";"Não";2;0;0;1;1;0;1;2;"-7.1121";"-34.8426";"SR-PB";"DEL14/1";"UOP00/PB"
188646;2019-02-01;"6";"15:55:00";"RJ";101;82;"CAMPOS DOS GOYTACAZES";"Velocidade Incompatível";"Capotamento";"Com Vítimas Feridas";"Pleno dia";"Decrescente";"Céu Claro";"Simples";"Curva";"Não";2;0;1;0;1;0;1;1;"-21.82182338";"-41.46673679";"SR-RJ";"DEL5/8";"UOP02/RJ"
188648;2019-02-01;"6";"14:50:00";"MS";60;48,2;"PARAISO DAS AGUAS";"Falta de Atenção à Condução";"Saída de leito carroçável";"Com Vítimas Fatais";"Pleno dia";"Crescente";"Nublado";"Simples";"Reta";"Não";1;1;0;0;0;0;0;1;"-18.963432";"-52.841885";"SR-MS";"DEL3/8";"UOP01/MS"
188649;2019-02-01;"6";"11:40:00";"MS";163;665,3;"RIO VERDE DE MATO GROSSO";"Desobediência às normas de trânsito pelo condutor";"Saída de leito carroçável";"Com Vítimas Feridas";"Pleno dia";"Decrescente";"Céu Claro";"Simples";"Desvio Temporário";"Não";1;0;1;0;0;0;1;1;"-19.05952189";"-54.79980469";"SR-MS";"DEL3/6";"UOP02/MS"
188650;2019-02-01;"6";"16:00:00";"PR";277;134,8;"BALSA NOVA";"Falta de Atenção à Condução";"Colisão traseira";"Com Vítimas Feridas";"Pleno dia";"Decrescente";"Sol";"Dupla";"Reta";"Não";2;0;1;0;1;0;1;2;"-25.4706061";"-49.6862684";"SR-PR";"DEL7/1";"UOP05/PR"
188651;2019-02-01;"6";"16:30:00";"ES";101;0,5;"SERRA";"Falta de Atenção à Condução";"Colisão traseira";"Com Vítimas Feridas";"Pleno dia";"Decrescente";"Sol";"Dupla";"Reta";"Sim";2;0;1;0;1;0;1;2;"-20.23759653";"-40.27779937";"SR-ES";"DEL12/2";"UOP01/ES"
188652;2019-02-01;"6";"16:20:00";"SP";116;155,3;"SAO JOSE DOS CAMPOS";"Falta de Atenção à Condução";"Colisão lateral";"Com Vítimas Feridas";"Pleno dia";"Crescente";"Céu Claro";"Dupla";"Não Informado";"Sim";3;0;2;0;1;0;2;2;"-23.219809";"-45.899918";"SR-SP";"DEL6/2";"UOP01/SP"
188653;2019-02-01;"6";"14:15:00";"SC";101;170;"TIJUCAS";"Velocidade Incompatível";"Colisão traseira";"Com Vítimas Fatais";"Pleno dia";"Decrescente";"Céu Claro";"Dupla";"Reta";"Sim";3;1;0;0;2;0;0;3;"-27.3047";"-48.6324";"SR-SC";"DEL8/4";"UOP03/SC"
188654;2019-02-01;"6";"15:15:00";"AL";101;180,9;"JUNQUEIRO";"Velocidade Incompatível";"Saída de leito carroçável";"Com Vítimas Feridas";"Pleno dia";"Crescente";"Céu Claro";"Dupla";"Curva";"Não";5;0;2;0;3;0;2;1;"-9.899678";"-36.283047";"SR-AL";"DEL13/2";"UOP02/AL"
188655;2019-02-01;"6";"15:40:00";"PR";277;47,5;"MORRETES";"Defeito Mecânico no Veículo";"Colisão com objeto em movimento";"Com Vítimas Feridas";"Pleno dia";"Crescente";"Sol";"Múltipla";"Não Informado";"Não";4;0;0;1;3;0;1;2;"-25.59186733";"-48.8795923";"SR-PR";"DEL7/1";"UOP06/PR"
188656;2019-02-01;"6";"11:40:00";"SP";116;222;"GUARULHOS";"Não guardar distância de segurança";"Colisão lateral";"Com Vítimas Feridas";"Pleno dia";"Crescente";"Céu Claro";"Múltipla";"Reta";"Sim";2;0;1;0;1;0;1;2;"-23.47367815";"-46.5225935";"SR-SP";"DEL6/1";"UOP01/SP"
188657;2019-02-01;"6";"12:10:00";"SC";101;282,9;"IMBITUBA";"Falta de Atenção à Condução";"Colisão lateral";"Com Vítimas Feridas";"Pleno dia";"Decrescente";"Céu Claro";"Dupla";"Reta";"Não";2;0;1;0;1;0;1;2;"-28.2267";"-48.7012";"SR-SC";"DEL8/2";"UOP03/SC"
188658;2019-02-01;"6";"10:30:00";"AC";317;20;"PORTO ACRE";"Falta de Atenção à Condução";"Colisão lateral";"Com Vítimas Feridas";"Pleno dia";"Decrescente";"Sol";"Simples";"Reta";"Não";2;0;1;0;1;0;1;2;"-9.755836";"-67.35482";"SR-AC";"UOP01/AC";""
188659;2019-02-01;"6";"16:20:00";"GO";153;494,5;"GOIANIA";"Desobediência às normas de trânsito pelo condutor";"Colisão frontal";"Com Vítimas Feridas";"Pleno dia";"Decrescente";"Céu Claro";"Dupla";"Reta";"Sim";3;0;1;0;0;2;1;2;"-16.6614";"-49.2218";"SR-GO";"DEL1/1";"UOP01/GO"
188660;2019-02-01;"6";"16:45:00";"DF";70;13,7;"BRASILIA";"Ingestão de Álcool";"Colisão traseira";"Sem Vítimas";"Pleno dia";"Decrescente";"Céu Claro";"Dupla";"Rotatória";"Não";2;0;0;0;2;0;0;2;"-15.794558";"-48.166584";"SR-DF";"DF";"UOP06/DF"
188661;2019-02-01;"6";"16:00:00";"MT";163;725;"SORRISO";"Não guardar distância de segurança";"Colisão traseira";"Com Vítimas Feridas";"Pleno dia";"Crescente";"Nublado";"Simples";"Reta";"Não";2;0;1;0;1;0;1;2;"-12.77";"-55.836";"SR-MT";"DEL2/6";"UOP01/MT"
188662;2019-02-01;"6";"16:50:00";"PR";376;671,9;"GUARATUBA";"Falta de Atenção à Condução";"Colisão lateral";"Sem Vítimas";"Pleno dia";"Crescente";"Sol";"Dupla";"Não Informado";"Não";2;0;0;0;2;0;0;2;"-25.92072627";"-48.91795635";"SR-PR";"DEL7/1";"UOP08/PR"
188664;2019-02-01;"6";"14:55:00";"PR";376;17;"MARINGA";"Ingestão de Álcool";"Colisão com objeto estático";"Com Vítimas Feridas";"Pleno dia";"Crescente";"Céu Claro";"Dupla";"Curva";"Sim";1;0;1;0;0;0;1;1;"-23.43237906";"-51.88705444";"SR-PR";"DEL7/7";"UOP04/PR"
188666;2019-01-31;"5";"15:50:00";"MT";70;176,4;"GENERAL CARNEIRO";"Defeito na Via";"Saída de leito carroçável";"Sem Vítimas";"Pleno dia";"Crescente";"Céu Claro";"Simples";"Curva";"Não";1;0;0;0;1;0;0;1;"-15.64155175";"-53.57517242";"SR-MT";"DEL2/5";"UOP01/MT"
188667;2019-02-01;"6";"12:35:00";"RO";364;342,2;"JI-PARANA";"Falta de Atenção à Condução";"Colisão lateral";"Sem Vítimas";"Pleno dia";"Decrescente";"Céu Claro";"Simples";"Reta";"Sim";1;0;0;0;1;0;0;1;"-10.883874";"-61.937317";"SR-RO";"DEL21/2";"UOP01/RO"
188668;2019-02-01;"6";"16:00:00";"BA";116;858,6;"VITORIA DA CONQUISTA";"Falta de Atenção à Condução";"Colisão lateral";"Com Vítimas Feridas";"Pleno dia";"Crescente";"Céu Claro";"Simples";"Interseção de vias";"Não";3;0;1;0;2;0;1;2;"-15.11687298";"-41.030159";"SR-BA";"DEL10/8";"UOP03/BA"
188669;2019-02-01;"6";"14:00:00";"RS";468;98;"TRES PASSOS";"Desobediência às normas de trânsito pelo condutor";"Tombamento";"Com Vítimas Feridas";"Pleno dia";"Decrescente";"Céu Claro";"Simples";"Reta";"Não";2;0;1;0;1;0;1;2;"-27.483887";"-53.901962";"SR-RS";"DEL08";"UOP02/RS"
188670;2019-02-01;"6";"17:30:00";"SP";116;81,2;"ROSEIRA";"Ultrapassagem Indevida";"Colisão lateral";"Com Vítimas Feridas";"Pleno dia";"Decrescente";"Céu Claro";"Dupla";"Reta";"Não";2;0;1;0;1;0;1;2;"-22.904821";"-45.310307";"SR-SP";"DEL6";"UOP01/SP"
188672;2019-02-01;"6";"17:30:00";"ES";262;56;"MARECHAL FLORIANO";"Velocidade Incompatível";"Tombamento";"Com Vítimas Feridas";"Anoitecer";"Crescente";"Céu Claro";"Simples";"Curva";"Não";1;0;1;0;0;0;1;1;"-20.4109";"-40.7541";"SR-ES";"DEL12/1";"UOP01/ES"
188673;2019-02-01;"6";"17:55:00";"SC";282;221;"LAGES";"Falta de Atenção à Condução";"Tombamento";"Com Vítimas Feridas";"Pleno dia";"Crescente";"Chuva";"Dupla";"Não Informado";"Sim";2;0;2;0;0;0;2;1;"-27.796358";"-50.343426";"SR-SC";"DEL8/5";"UOP01/SC"
188674;2019-02-01;"6";"14:15:00";"RJ";101;475,8;"MANGARATIBA";"Falta de Atenção à Condução";"Colisão lateral";"Com Vítimas Feridas";"Pleno dia";"Crescente";"Céu Claro";"Simples";"Curva";"Sim";3;0;2;0;0;1;2;2;"-22.937099";"-44.010822";"SR-RJ";"DEL5/3";"UOP02/RJ"
188675;2019-02-01;"6";"17:12:00";"SC";101;209;"SAO JOSE";"Falta de Atenção à Condução";"Colisão traseira";"Com Vítimas Feridas";"Pleno dia";"Decrescente";"Céu Claro";"Múltipla";"Reta";"Sim";2;0;1;0;1;0;1;2;"-27.6176";"-48.6463";"SR-SC";"DEL8/1";"UOP01/SC"
188676;2019-02-01;"6";"17:50:00";"SC";101;203,8;"SAO JOSE";"Desobediência às normas de trânsito pelo condutor";"Colisão transversal";"Com Vítimas Feridas";"Pleno dia";"Decrescente";"Céu Claro";"Simples";"Interseção de vias";"Sim";2;0;1;0;1;0;1;2;"-27.5742";"-48.6134";"SR-SC";"DEL8/1";"UOP01/SC"
188677;2019-02-01;"6";"16:00:00";"PE";101;17;"GOIANA";"Não guardar distância de segurança";"Colisão traseira";"Com Vítimas Feridas";"Pleno dia";"Decrescente";"Céu Claro";"Dupla";"Reta";"Não";2;0;1;0;1;0;1;2;"-7.6477";"-34.9504";"SR-PE";"DEL11/1";"UOP02/PE"
188678;2019-02-01;"6";"17:55:00";"SC";101;203,2;"SAO JOSE";"Falta de Atenção à Condução";"Colisão transversal";"Com Vítimas Feridas";"Pleno dia";"Decrescente";"Nublado";"Simples";"Interseção de vias";"Sim";2;0;1;0;1;0;1;2;"-27.5742";"-48.6134";"SR-SC";"DEL8/1";"UOP01/SC"
188679;2019-02-01;"6";"15:40:00";"PE";101;101;"CABO DE SANTO AGOSTINHO";"Falta de Atenção à Condução";"Colisão transversal";"Com Vítimas Feridas";"Pleno dia";"Decrescente";"Céu Claro";"Simples";"Reta";"Sim";2;0;1;0;1;0;1;2;"-8.2847";"-35.0581";"SR-PE";"DEL11/1";"UOP03/PE"
188680;2019-02-01;"6";"16:45:00";"PE";232;232,1;"PESQUEIRA";"Falta de Atenção à Condução";"Colisão frontal";"Com Vítimas Fatais";"Pleno dia";"Crescente";"Céu Claro";"Simples";"Curva";"Não";2;1;0;0;1;0;0;2;"-8.40485639";"-36.89733289";"SR-PE";"DEL11/3";"UOP02/PE"
188682;2019-02-01;"6";"14:40:00";"GO";60;97,4;"ANAPOLIS";"Falta de Atenção à Condução";"Colisão traseira";"Com Vítimas Feridas";"Pleno dia";"Crescente";"Céu Claro";"Dupla";"Reta";"Sim";6;0;2;0;4;0;2;2;"-16.3774";"-48.9483";"SR-GO";"DEL1/2";"UOP01/GO"
188684;2019-02-01;"6";"16:55:00";"MS";163;767,5;"COXIM";"Sinalização da via insuficiente ou inadequada";"Colisão transversal";"Com Vítimas Feridas";"Pleno dia";"Decrescente";"Céu Claro";"Simples";"Não Informado";"Não";3;0;2;0;1;0;2;2;"-18.18563933";"-54.65464354";"SR-MS";"DEL3/6";"UOP01/MS"
188685;2019-02-01;"6";"18:10:00";"SC";101;197;"BIGUACU";"Falta de Atenção à Condução";"Colisão lateral";"Com Vítimas Feridas";"Pleno dia";"Crescente";"Céu Claro";"Múltipla";"Reta";"Sim";3;0;0;1;2;0;1;3;"-27.5267";"-48.6349";"SR-SC";"DEL8/1";"UOP01/SC"
188686;2019-02-01;"6";"17:20:00";"MG";40;525;"CONTAGEM";"Velocidade Incompatível";"Colisão traseira";"Com Vítimas Feridas";"Anoitecer";"Decrescente";"Céu Claro";"Dupla";"Reta";"Sim";3;0;1;1;1;0;2;2;"-19.8971";"-44.0497";"SR-MG";"DEL4/1";"UOP03/MG"
188687;2019-02-01;"6";"16:40:00";"PE";101;125;"ESCADA";"Falta de Atenção à Condução";"Colisão traseira";"Sem Vítimas";"Pleno dia";"Crescente";"Céu Claro";"Dupla";"Reta";"Sim";2;0;0;0;2;0;0;2;"-8.368";"-35.2269";"SR-PE";"DEL11/1";"UOP03/PE"
188688;2019-02-01;"6";"15:00:00";"BA";101;92;"ALAGOINHAS";"Ultrapassagem Indevida";"Colisão frontal";"Com Vítimas Fatais";"Pleno dia";"Decrescente";"Sol";"Simples";"Reta";"Não";3;1;1;0;1;0;1;3;"-12.0512";"-38.3084";"SR-BA";"DEL10/1";"UOP04/BA"
188689;2019-02-01;"6";"16:28:00";"CE";116;154,9;"RUSSAS";"Falta de Atenção à Condução";"Colisão lateral";"Com Vítimas Feridas";"Pleno dia";"Crescente";"Nublado";"Simples";"Reta";"Não";3;0;0;1;1;1;1;2;"-4.845421";"-38.041958";"SR-CE";"DEL16/3";"UOP01/CE"
188690;2019-01-17;"5";"06:00:00";"RJ";116;174;"BELFORD ROXO";"Falta de Atenção à Condução";"Colisão traseira";"Com Vítimas Fatais";"Pleno dia";"Crescente";"Céu Claro";"Dupla";"Reta";"Sim";2;1;0;0;1;0;0;2;"-22.794237";"-43.364037";"SR-RJ";"DEL5/1";"UOP02/RJ"
188691;2019-02-01;"6";"13:20:00";"CE";116;4;"FORTALEZA";"Ingestão de Álcool";"Saída de leito carroçável";"Sem Vítimas";"Pleno dia";"Crescente";"Nublado";"Dupla";"Reta";"Não";1;0;0;0;1;0;0;1;"-3.7956";"-38.507";"SR-CE";"DEL16/1";"UOP02/CE"
188692;2019-02-01;"6";"18:40:00";"SC";282;221;"LAGES";"Velocidade Incompatível";"Colisão traseira";"Com Vítimas Feridas";"Plena Noite";"Decrescente";"Garoa/Chuvisco";"Simples";"Desvio Temporário";"Não";3;0;1;0;2;0;1;2;"-27.796358";"-50.343426";"SR-SC";"DEL8/5";"UOP01/SC"
188693;2019-02-01;"6";"17:35:00";"CE";402;285,3;"TURURU";"Falta de Atenção à Condução";"Colisão lateral";"Sem Vítimas";"Anoitecer";"Crescente";"Céu Claro";"Simples";"Reta";"Não";3;0;0;0;3;0;0;2;"-3.59551008";"-39.43836451";"SR-CE";"DEL16/1";"UOP03/CE"
188694;2019-02-01;"6";"18:20:00";"RJ";116;308,5;"RESENDE";"Falta de Atenção à Condução";"Colisão lateral";"Com Vítimas Fatais";"Pleno dia";"Decrescente";"Céu Claro";"Dupla";"Reta";"Não";3;1;0;1;1;0;1;2;"-22.459236";"-44.434776";"SR-RJ";"DEL5/7";"UOP03/RJ"
188695;2019-02-01;"6";"17:00:00";"RJ";116;189,5;"QUEIMADOS";"Ingestão de Álcool";"Capotamento";"Com Vítimas Feridas";"Pleno dia";"Decrescente";"Sol";"Dupla";"Reta";"Sim";1;0;1;0;0;0;1;1;"-22.737667";"-43.491871";"SR-RJ";"DEL5/1";"UOP03/RJ"
188697;2019-02-01;"6";"17:47:00";"RN";101;96,9;"NATAL";"Falta de Atenção à Condução";"Colisão traseira";"Com Vítimas Feridas";"Anoitecer";"Crescente";"Céu Claro";"Múltipla";"Interseção de vias";"Sim";2;0;2;0;0;0;2;2;"-5.849496";"-35.208908";"SR-RN";"DEL15/1";"UOP01/RN"
188698;2019-02-01;"6";"14:30:00";"ES";101;208;"JOAO NEIVA";"Defeito na Via";"Tombamento";"Com Vítimas Feridas";"Pleno dia";"Crescente";"Sol";"Simples";"Reta";"Não";2;0;2;0;0;0;2;1;"-19.75733357";"-40.3678894";"SR-ES";"DEL12/2";"UOP01/ES"
188699;2019-02-01;"6";"19:10:00";"RJ";101;318;"SAO GONCALO";"Falta de Atenção à Condução";"Colisão traseira";"Com Vítimas Feridas";"Plena Noite";"Decrescente";"Nublado";"Dupla";"Reta";"Sim";3;0;1;0;2;0;1;3;"-22.79311598";"-43.05438995";"SR-RJ";"DEL5/2";"UOP02/RJ"
188700;2019-02-01;"6";"17:35:00";"CE";230;1;"IPAUMIRIM";"Falta de Atenção do Pedestre";"Saída de leito carroçável";"Com Vítimas Feridas";"Pleno dia";"Decrescente";"Sol";"Simples";"Não Informado";"Não";4;0;0;4;0;0;4;1;"-6.856576";"-38.691414";"SR-PB";"DEL14/3";"UOP03/PB"
188701;2019-02-01;"6";"17:00:00";"BA";101;196;"CONCEICAO DA FEIRA";"Desobediência às normas de trânsito pelo condutor";"Colisão traseira";"Com Vítimas Feridas";"Pleno dia";"Decrescente";"Sol";"Simples";"Reta";"Não";6;0;2;3;1;0;5;3;"-12.5508";"-38.9791";"SR-BA";"DEL10/1";"UOP03/BA"
188702;2019-02-01;"6";"18:10:00";"RJ";101;485;"ANGRA DOS REIS";"Não guardar distância de segurança";"Colisão traseira";"Com Vítimas Feridas";"Anoitecer";"Crescente";"Céu Claro";"Dupla";"Reta";"Sim";4;0;1;0;3;0;1;3;"-22.9902068";"-44.2422741";"SR-RJ";"DEL5/3";"UOP02/RJ"
188703;2019-02-01;"6";"17:50:00";"SC";101;197,9;"SAO JOSE";"Não guardar distância de segurança";"Colisão traseira";"Sem Vítimas";"Pleno dia";"Crescente";"Nublado";"Múltipla";"Reta";"Sim";2;0;0;0;2;0;0;2;"-27.5267";"-48.6349";"SR-SC";"DEL8/1";"UOP01/SC"
188704;2019-02-01;"6";"18:30:00";"SE";235;0,6;"ARACAJU";"Desobediência às normas de trânsito pelo condutor";"Colisão transversal";"Com Vítimas Feridas";"Plena Noite";"Crescente";"Céu Claro";"Dupla";"Reta";"Sim";3;0;2;1;0;0;3;3;"-10.90913567";"-37.080971";"SR-SE";"DEL20/1";"UOP01/SE"
188705;2019-02-01;"6";"17:20:00";"PI";316;332;"SANTO ANTONIO DE LISBOA";"Desobediência às normas de trânsito pelo condutor";"Colisão lateral";"Com Vítimas Feridas";"Plena Noite";"Crescente";"Chuva";"Simples";"Reta";"Não";2;0;0;1;1;0;1;2;"-7.106778";"-41.269917";"SR-PI";"DEL17/4";"UOP01/PI"
188707;2019-02-01;"6";"12:30:00";"PR";280;291,6;"FLOR DA SERRA DO SUL";"Desobediência às normas de trânsito pelo condutor";"Saída de leito carroçável";"Com Vítimas Feridas";"Pleno dia";"Crescente";"Céu Claro";"Simples";"Reta";"Não";2;0;2;0;0;0;2;1;"-26.25008383";"-53.34420204";"SR-PR";"DEL7/2";"UOP01/PR"
188708;2019-02-01;"6";"16:40:00";"MG";153;232,8;"FRONTEIRA";"Defeito Mecânico no Veículo";"Derramamento de carga";"Sem Vítimas";"Pleno dia";"Decrescente";"Céu Claro";"Simples";"Reta";"Não";1;0;0;0;1;0;0;1;"-20.22524193";"-49.14908499";"SR-MG";"DEL13";"UOP02/MG"
188709;2019-02-01;"6";"18:50:00";"PB";101;84,9;"BAYEUX";"Falta de Atenção do Pedestre";"Atropelamento de Pedestre";"Com Vítimas Fatais";"Plena Noite";"Crescente";"Céu Claro";"Dupla";"Reta";"Sim";2;1;0;0;0;1;0;1;"-7.1483";"-34.9131";"SR-PB";"DEL14/1";"UOP00/PB"
188710;2019-02-01;"6";"17:40:00";"PI";135;338;"SANTA LUZ";"Pista Escorregadia";"Saída de leito carroçável";"Com Vítimas Fatais";"Anoitecer";"Crescente";"Céu Claro";"Simples";"Reta";"Não";2;1;0;0;1;0;0;1;"-8.989816";"-44.289261";"SR-PI";"DEL17/3";"UOP02/PI"
188711;2019-02-01;"6";"18:40:00";"PI";343;348,9;"TERESINA";"Desobediência às normas de trânsito pelo condutor";"Colisão transversal";"Com Vítimas Feridas";"Plena Noite";"Crescente";"Nublado";"Simples";"Reta";"Sim";3;0;0;2;1;0;2;3;"-5.12138933";"-42.79220402";"SR-PI";"DEL17/1";"UOP01/PI"
188712;2019-02-01;"6";"18:30:00";"PI";343;345,2;"TERESINA";"Não guardar distância de segurança";"Colisão traseira";"Com Vítimas Feridas";"Plena Noite";"Crescente";"Céu Claro";"Simples";"Reta";"Sim";2;0;0;1;1;0;1;2;"-5.102889";"-42.766506";"SR-PI";"DEL17/1";"UOP01/PI"
188713;2019-02-01;"6";"19:15:00";"MT";163;736;"SORRISO";"Velocidade Incompatível";"Colisão frontal";"Com Vítimas Fatais";"Anoitecer";"Decrescente";"Céu Claro";"Simples";"Reta";"Não";2;1;0;0;1;0;0;2;"-12.67226141";"-55.79377955";"SR-MT";"DEL2/6";"UOP01/MT"
188714;2019-02-01;"6";"19:30:00";"BA";116;424;"FEIRA DE SANTANA";"Falta de Atenção do Pedestre";"Atropelamento de Pedestre";"Com Vítimas Feridas";"Plena Noite";"Crescente";"Céu Claro";"Simples";"Reta";"Sim";2;0;0;1;1;0;1;1;"-12.24110867";"-38.98350033";"SR-BA";"DEL10/2";"UOP01/BA"
188715;2019-02-01;"6";"18:00:00";"BA";101;694;"ITAGIMIRIM";"Velocidade Incompatível";"Saída de leito carroçável";"Com Vítimas Feridas";"Anoitecer";"Decrescente";"Céu Claro";"Simples";"Reta";"Não";1;0;1;0;0;0;1;1;"-16.19831423";"-39.60618496";"SR-BA";"DEL10/9";"UOP01/BA"
188716;2019-02-01;"6";"12:55:00";"MG";381;220,3;"BELO ORIENTE";"Condutor Dormindo";"Colisão lateral";"Com Vítimas Feridas";"Pleno dia";"Crescente";"Céu Claro";"Simples";"Curva";"Não";3;0;1;0;2;0;1;2;"-19.3243";"-42.4169";"SR-MG";"DEL4/6";"UOP01/MG"
188717;2019-02-01;"6";"18:15:00";"PB";230;15;"JOAO PESSOA";"Velocidade Incompatível";"Colisão traseira";"Com Vítimas Feridas";"Plena Noite";"Decrescente";"Céu Claro";"Dupla";"Reta";"Não";2;0;2;0;0;0;2;2;"-7.093";"-34.8482";"SR-PB";"DEL14/1";"UOP00/PB"
188718;2019-02-01;"6";"19:23:00";"PB";230;9,8;"CABEDELO";"Sinalização da via insuficiente ou inadequada";"Capotamento";"Com Vítimas Feridas";"Plena Noite";"Crescente";"Céu Claro";"Dupla";"Não Informado";"Sim";1;0;0;1;0;0;1;1;"-7.0433";"-34.8466";"SR-PB";"DEL14/1";"UOP00/PB"
188719;2019-02-01;"6";"21:00:00";"SC";470;96,3;"ASCURRA";"Desobediência às normas de trânsito pelo condutor";"Colisão transversal";"Com Vítimas Feridas";"Plena Noite";"Decrescente";"Céu Claro";"Simples";"Reta";"Não";3;0;3;0;0;0;3;3;"-27.020767";"-49.371342";"SR-SC";"DEL8/4";"UOP01/SC"
188721;2019-02-01;"6";"21:02:00";"MG";50;152,4;"UBERABA";"Falta de Atenção à Condução";"Queda de ocupante de veículo";"Com Vítimas Feridas";"Plena Noite";"Crescente";"Céu Claro";"Dupla";"Curva";"Não";1;0;0;1;0;0;1;1;"-19.5908";"-48.0287";"SR-MG";"DEL13";"UOP01/MG"
188723;2019-02-01;"6";"20:00:00";"RJ";116;167,9;"SAO JOAO DE MERITI";"Não guardar distância de segurança";"Engavetamento";"Com Vítimas Feridas";"Plena Noite";"Crescente";"Céu Claro";"Múltipla";"Reta";"Sim";5;0;1;0;4;0;1;4;"-22.79620465";"-43.36043092";"SR-RJ";"DEL5/1";"UOP02/RJ"
188724;2019-02-01;"6";"19:45:00";"BA";324;564,4;"SAO SEBASTIAO DO PASSE";"Falta de Atenção à Condução";"Tombamento";"Com Vítimas Feridas";"Plena Noite";"Decrescente";"Céu Claro";"Dupla";"Reta";"Não";1;0;0;1;0;0;1;1;"-12.52641244";"-38.60767365";"SR-BA";"DEL10/1";"UOP01/BA"
188725;2019-02-01;"6";"16:51:00";"PA";316;80;"SAO FRANCISCO DO PARA";"Desobediência às normas de trânsito pelo condutor";"Colisão traseira";"Sem Vítimas";"Pleno dia";"Crescente";"Nublado";"Simples";"Reta";"Não";2;0;0;0;2;0;0;1;"-1.30406";"-47.779755";"SR-PA";"DEL19/1";"UOP02/PA"
188726;2019-02-01;"6";"20:24:00";"PR";369;126,5;"JATAIZINHO";"Ingestão de Álcool";"Engavetamento";"Com Vítimas Feridas";"Plena Noite";"Crescente";"Céu Claro";"Múltipla";"Reta";"Não";4;0;1;0;2;1;1;4;"-23.27921862";"-50.95977992";"SR-PR";"DEL7/7";"UOP01/PR"
188727;2019-02-01;"6";"21:15:00";"SC";470;133,6;"RIO DO SUL";"Falta de Atenção à Condução";"Colisão transversal";"Sem Vítimas";"Plena Noite";"Decrescente";"Nublado";"Simples";"Reta";"Não";2;0;0;0;1;1;0;2;"-27.174187";"-49.588497";"SR-SC";"DEL8/4";"UOP02/SC"
188728;2019-01-26;"7";"01:20:00";"MS";163;63;"ELDORADO";"Falta de Atenção à Condução";"Saída de leito carroçável";"Com Vítimas Feridas";"Plena Noite";"Decrescente";"Céu Claro";"Simples";"Reta";"Não";1;0;1;0;0;0;1;1;"-23.599466";"-54.219357";"SR-MS";"DEL3/09";"UOP02/MS"
188729;2019-02-01;"6";"19:30:00";"PI";230;310;"FLORIANO";"Ingestão de Álcool";"Queda de ocupante de veículo";"Sem Vítimas";"Plena Noite";"Crescente";"Céu Claro";"Simples";"Reta";"Não";1;0;0;0;1;0;0;1;"-6.76299292";"-43.01050365";"SR-PI";"DEL17/3";"UOP01/PI"
188730;2019-02-01;"6";"21:15:00";"MG";40;509;"RIBEIRAO DAS NEVES";"Falta de Atenção do Pedestre";"Atropelamento de Pedestre";"Com Vítimas Fatais";"Pleno dia";"Crescente";"Céu Claro";"Dupla";"Curva";"Sim";3;1;0;0;1;1;0;2;"-19.7774";"-44.1209";"SR-MG";"DEL4/1";"UOP03/MG"
188731;2019-02-01;"6";"21:10:00";"SP";153;72,9;"SAO JOSE DO RIO PRETO";"Ingestão de Álcool";"Colisão com objeto estático";"Sem Vítimas";"Plena Noite";"Crescente";"Céu Claro";"Dupla";"Retorno Regulamentado";"Sim";3;0;0;0;1;2;0;1;"-20.867146";"-49.413338";"SR-SP";"DEL6/9";"UOP01/SP"
188732;2019-02-01;"6";"21:45:00";"PR";369;55,6;"BANDEIRANTES";"Não guardar distância de segurança";"Colisão traseira";"Com Vítimas Feridas";"Plena Noite";"Decrescente";"Céu Claro";"Simples";"Reta";"Sim";2;0;1;0;1;0;1;2;"-23.10824123";"-50.36583155";"SR-PR";"DEL7/7";"UOP06/PR"