"id";"data_inversa";"dia_semana";"horario";"uf";"br";"km";"municipio";"causa_acidente";"tipo_acidente";"classificacao_acidente";"fase_dia";"sentido_via";"condicao_metereologica";"tipo_pista";"tracado_via";"uso_solo";"pessoas";"mortos";"feridos_leves";"feridos_graves";"ilesos";"ignorados";"feridos";"veiculos";"latitude";"longitude";"regional";"delegacia";"uop"
188733;2019-02-01;"6";"13:30:00";"MA";135;269,6;"CAPINZAL DO NORTE";"Defeito Mecânico no Veículo";"Danos eventuais";"Sem Vítimas";"Pleno dia";"Crescente";"Céu Claro";"Simples";"Reta";"Não";1;0;0;0;1;0;0;1;"-4.741916";"-44.329654";"SR-MA";"DEL18/3";"UOP01/MA"
188734;2019-01-02;"4";"12:00:00";"PE";428;161,3;"PETROLINA";"Avarias e/ou desgaste excessivo no pneu";"Capotamento";"Com Vítimas Fatais";"Pleno dia";"Crescente";"Céu Claro";"Simples";"Reta";"Não";13;1;12;0;0;0;12;1;"-9.154992";"-40.361595";"SR-PE";"DEL11/6";"UOP01/PE"
188735;2019-02-01;"6";"21:45:00";"PR";376;37,9;"NOVA LONDRINA";"Falta de Atenção à Condução";"Colisão transversal";"Com Vítimas Fatais";"Plena Noite";"Decrescente";"Céu Claro";"Simples";"Rotatória";"Não";3;1;0;1;1;0;1;2;"-22.814455";"-53.015739";"SR-PR";"DEL7/7";"UOP05/PR"
188736;2019-02-01;"6";"22:00:00";"PR";116;9;"COLOMBO";"Desobediência às normas de trânsito pelo condutor";"Colisão lateral";"Com Vítimas Feridas";"Plena Noite";"Decrescente";"Céu Claro";"Dupla";"Reta";"Sim";2;0;1;0;1;0;1;2;"-25.3708";"-49.1246";"SR-PR";"DEL7/1";"UOP02/PR"
188737;2019-02-01;"6";"20:45:00";"MT";163;942,1;"ITAUBA";"Animais na Pista";"Atropelamento de Animal";"Com Vítimas Feridas";"Plena Noite";"Crescente";"Céu Claro";"Simples";"Reta";"Não";1;0;1;0;0;0;1;1;"-10.960465";"-55.221202";"SR-MT";"DEL2/6";"UOP02/MT"
188738;2019-02-01;"6";"21:44:00";"ES";101;213;"IBIRACU";"Desobediência às normas de trânsito pelo condutor";"Colisão lateral";"Com Vítimas Feridas";"Plena Noite";"Crescente";"Nublado";"Simples";"Reta";"Sim";3;0;1;0;2;0;1;2;"-19.7965465";"-40.36698818";"SR-ES";"DEL12/2";"UOP01/ES"
188739;2019-02-01;"6";"21:30:00";"DF";20;24;"BRASILIA";"Objeto estático sobre o leito carroçável";"Colisão traseira";"Sem Vítimas";"Plena Noite";"Crescente";"Céu Claro";"Dupla";"Reta";"Não";2;0;0;0;2;0;0;2;"-15.594831";"-47.658615";"SR-DF";"DF";"UOP04/DF"
188740;2019-02-01;"6";"22:30:00";"PR";369;137;"IBIPORA";"Desobediência às normas de trânsito pelo condutor";"Queda de ocupante de veículo";"Com Vítimas Feridas";"Plena Noite";"Crescente";"Céu Claro";"Simples";"Reta";"Sim";2;0;1;0;1;0;1;1;"-23.27030635";"-51.04587078";"SR-PR";"DEL7/7";"UOP01/PR"
188741;2019-02-01;"6";"22:30:00";"RJ";101;254;"RIO BONITO";"Falta de Atenção à Condução";"Colisão traseira";"Com Vítimas Fatais";"Plena Noite";"Crescente";"Céu Claro";"Dupla";"Ponte";"Não";4;1;0;2;1;0;2;2;"-22.693037";"-42.553536";"SR-RJ";"DEL5/2";"UOP03/RJ"
188742;2019-02-01;"6";"20:20:00";"PR";476;147,9;"ARAUCARIA";"Falta de Atenção à Condução";"Colisão traseira";"Com Vítimas Feridas";"Plena Noite";"Decrescente";"Céu Claro";"Dupla";"Reta";"Sim";2;0;1;0;1;0;1;2;"-25.554628";"-49.339268";"SR-PR";"DEL7/1";"UOP04/PR"
188744;2019-02-01;"6";"21:00:00";"MG";116;557;"MANHUACU";"Ingestão de Álcool";"Colisão lateral";"Sem Vítimas";"Plena Noite";"Crescente";"Céu Claro";"Simples";"Reta";"Não";3;0;0;0;2;1;0;2;"-20.0334009";"-42.1746884";"SR-MG";"DEL4/6";"UOP02/MG"
188745;2019-02-01;"6";"23:10:00";"SC";280;55,3;"GUARAMIRIM";"Desobediência às normas de trânsito pelo condutor";"Colisão frontal";"Com Vítimas Feridas";"Plena Noite";"Crescente";"Céu Claro";"Simples";"Reta";"Sim";2;0;1;0;1;0;1;2;"-26.47715424";"-48.99658531";"SR-SC";"DEL8/3";"UOP03/SC"
188746;2019-02-01;"6";"21:30:00";"PR";277;599,1;"CASCAVEL";"Falta de Atenção à Condução";"Colisão traseira";"Com Vítimas Feridas";"Plena Noite";"Decrescente";"Céu Claro";"Dupla";"Reta";"Sim";1;0;1;0;0;0;1;1;"-25.02817";"-53.55983";"SR-PR";"DEL7/4";"UOP01/PR"
188747;2019-02-01;"6";"23:00:00";"PR";277;722,2;"FOZ DO IGUACU";"Falta de Atenção à Condução";"Colisão lateral";"Com Vítimas Feridas";"Plena Noite";"Crescente";"Céu Claro";"Dupla";"Reta";"Sim";3;0;2;0;1;0;2;2;"-25.49160931";"-54.51280832";"SR-PR";"DEL7/5";"UOP01/PR"
188748;2019-02-02;"7";"00:50:00";"MG";381;497,8;"BETIM";"Agressão Externa";"Colisão com objeto estático";"Com Vítimas Feridas";"Plena Noite";"Crescente";"Céu Claro";"Dupla";"Viaduto";"Sim";2;0;0;2;0;0;2;1;"-19.9874";"-44.2038";"SR-MG";"DEL4/1";"UOP03/MG"
188749;2019-02-02;"7";"00:02:00";"CE";222;3,8;"CAUCAIA";"Falta de Atenção à Condução";"Tombamento";"Com Vítimas Feridas";"Plena Noite";"Crescente";"Nublado";"Múltipla";"Túnel";"Sim";1;0;0;1;0;0;1;1;"-3.740385";"-38.595749";"SR-CE";"DEL16/1";"UOP01/CE"
188750;2019-02-02;"7";"00:30:00";"RJ";116;289,2;"BARRA MANSA";"Falta de Atenção à Condução";"Colisão traseira";"Com Vítimas Feridas";"Plena Noite";"Crescente";"Nublado";"Dupla";"Curva";"Não";4;0;2;0;2;0;2;2;"-22.449371";"-44.321712";"SR-RJ";"DEL5/7";"UOP02/RJ"
188751;2019-02-02;"7";"00:15:00";"SP";381;37;"ATIBAIA";"Velocidade Incompatível";"Colisão traseira";"Com Vítimas Feridas";"Plena Noite";"Decrescente";"Céu Claro";"Dupla";"Não Informado";"Não";2;0;0;1;1;0;1;2;"-23.105062";"-46.568817";"SR-SP";"DEL6/3";"UOP02/SP"
188752;2019-02-01;"6";"18:45:00";"SC";101;206,6;"SAO JOSE";"Fenômenos da Natureza";"Colisão com objeto estático";"Com Vítimas Feridas";"Anoitecer";"Crescente";"Chuva";"Múltipla";"Reta";"Sim";5;0;2;1;2;0;3;3;"-27.597";"-48.62";"SR-SC";"DEL8/1";"UOP01/SC"
188753;2019-02-02;"7";"01:30:00";"GO";40;2,5;"VALPARAISO DE GOIAS";"Velocidade Incompatível";"Colisão traseira";"Com Vítimas Feridas";"Plena Noite";"Crescente";"Céu Claro";"Simples";"Reta";"Sim";2;0;1;0;1;0;1;2;"-16.067129";"-47.984235";"SR-DF";"GO";"UOP01/DF"
188754;2019-02-01;"6";"22:15:00";"PR";153;457,8;"UNIAO DA VITORIA";"Desobediência às normas de trânsito pelo condutor";"Colisão traseira";"Com Vítimas Feridas";"Plena Noite";"Crescente";"Céu Claro";"Simples";"Reta";"Sim";2;0;0;1;1;0;1;2;"-26.224693";"-51.135174";"SR-PR";"DEL7/2";"UOP02/PR"
188755;2019-02-02;"7";"00:30:00";"MT";364;269;"JACIARA";"Falta de Atenção à Condução";"Colisão traseira";"Com Vítimas Feridas";"Plena Noite";"Crescente";"Céu Claro";"Simples";"Reta";"Sim";2;0;1;0;0;1;1;2;"-15.974228";"-54.938";"SR-MT";"DEL2/1";"UOP02/MT"
188756;2019-02-01;"6";"23:00:00";"RJ";40;109;"DUQUE DE CAXIAS";"Falta de Atenção à Condução";"Colisão com objeto estático";"Com Vítimas Feridas";"Plena Noite";"Decrescente";"Céu Claro";"Múltipla";"Reta";"Sim";2;0;1;0;1;0;1;1;"-22.6836";"-43.2852";"SR-RJ";"DEL5/1";"UOP01/RJ"
188757;2019-02-01;"6";"22:45:00";"RJ";40;117;"DUQUE DE CAXIAS";"Falta de Atenção à Condução";"Colisão traseira";"Com Vítimas Feridas";"Plena Noite";"Crescente";"Céu Claro";"Múltipla";"Reta";"Sim";3;0;2;0;1;0;2;2;"-22.7556";"-43.2871";"SR-RJ";"DEL5/1";"UOP01/RJ"
188758;2019-02-02;"7";"01:40:00";"RJ";40;108;"DUQUE DE CAXIAS";"Falta de Atenção à Condução";"Colisão traseira";"Com Vítimas Feridas";"Plena Noite";"Decrescente";"Céu Claro";"Múltipla";"Reta";"Sim";2;0;1;0;0;1;1;2;"-22.6746";"-43.2861";"SR-RJ";"DEL5/1";"UOP01/RJ"
188760;2019-02-02;"7";"01:35:00";"PR";476;133;"CURITIBA";"Falta de Atenção à Condução";"Colisão traseira";"Com Vítimas Feridas";"Plena Noite";"Decrescente";"Céu Claro";"Múltipla";"Reta";"Não";2;0;1;0;1;0;1;2;"-25.469219";"-49.254143";"SR-PR";"DEL7/1";"UOP06/PR"
188761;2019-02-02;"7";"01:50:00";"GO";60;39;"ALEXANIA";"Condutor Dormindo";"Capotamento";"Com Vítimas Feridas";"Plena Noite";"Crescente";"Céu Claro";"Simples";"Curva";"Não";2;0;1;1;0;0;2;1;"-16.1143";"-48.5569";"SR-DF";"GO";"UOP03/DF"
188762;2019-02-02;"7";"01:00:00";"GO";60;41,9;"APARECIDA DE GOIANIA";"Condutor Dormindo";"Saída de leito carroçável";"Sem Vítimas";"Plena Noite";"Crescente";"Céu Claro";"Dupla";"Reta";"Sim";1;0;0;0;1;0;0;1;"-16.7703";"-49.318295";"SR-GO";"DEL1/1";"UOP03/GO"
188764;2019-02-02;"7";"01:00:00";"PR";376;178,5;"MARINGA";"Ingestão de Álcool";"Colisão traseira";"Com Vítimas Feridas";"Plena Noite";"Crescente";"Céu Claro";"Dupla";"Interseção de vias";"Sim";4;0;1;0;2;1;1;4;"-23.412691";"-51.931583";"SR-PR";"DEL7/7";"UOP04/PR"
188765;2019-02-01;"6";"23:05:00";"SC";101;395;"MARACAJA";"Velocidade Incompatível";"Colisão traseira";"Com Vítimas Feridas";"Plena Noite";"Crescente";"Nublado";"Dupla";"Reta";"Sim";2;0;1;0;1;0;1;2;"-28.82783161";"-49.40946579";"SR-SC";"DEL8/2";"UOP02/SC"
188766;2019-02-02;"7";"02:40:00";"SC";470;57,6;"BLUMENAU";"Desobediência às normas de trânsito pelo condutor";"Colisão transversal";"Com Vítimas Feridas";"Plena Noite";"Crescente";"Nublado";"Simples";"Rotatória";"Não";3;0;1;0;0;2;1;2;"-26.88292232";"-49.14197445";"SR-SC";"DEL8/4";"UOP01/SC"
188768;2019-02-02;"7";"03:30:00";"MG";365;732,5;"ITUIUTABA";"Animais na Pista";"Saída de leito carroçável";"Com Vítimas Feridas";"Plena Noite";"Crescente";"Céu Claro";"Dupla";"Curva";"Não";1;0;1;0;0;0;1;1;"-18.90959537";"-49.33204651";"SR-MG";"DEL4/15";"UOP03/MG"
188769;2019-02-02;"7";"03:00:00";"SC";282;6;"SAO JOSE";"Falta de Atenção à Condução";"Saída de leito carroçável";"Sem Vítimas";"Plena Noite";"Decrescente";"Chuva";"Dupla";"Curva";"Não";1;0;0;0;0;1;0;1;"-27.591936";"-48.618244";"SR-SC";"DEL8/1";"UOP01/SC"
188770;2019-02-02;"7";"01:25:00";"MA";230;404;"BALSAS";"Falta de Atenção à Condução";"Colisão com objeto estático";"Sem Vítimas";"Plena Noite";"Decrescente";"Céu Claro";"Simples";"Reta";"Sim";1;0;0;0;1;0;0;1;"-7.521335";"-46.04969";"SR-MA";"DEL18/5";"UOP01/MA"
188771;2019-02-02;"7";"02:30:00";"SE";101;112,1;"ITAPORANGA DAJUDA";"Falta de Atenção à Condução";"Saída de leito carroçável";"Com Vítimas Feridas";"Plena Noite";"Decrescente";"Nublado";"Dupla";"Reta";"Não";1;0;1;0;0;0;1;1;"-10.9935";"-37.2986";"SR-SE";"DEL20/2";"UOP01/SE"
188772;2019-02-02;"7";"04:00:00";"ES";101;269,5;"SERRA";"Ingestão de Álcool";"Colisão com objeto estático";"Sem Vítimas";"Amanhecer";"Crescente";"Céu Claro";"Múltipla";"Reta";"Sim";1;0;0;0;1;0;0;1;"-20.22104176";"-40.27047342";"SR-ES";"DEL12/2";"UOP01/ES"
188774;2019-02-02;"7";"03:00:00";"MG";251;449,8;"FRANCISCO SA";"Velocidade Incompatível";"Saída de leito carroçável";"Com Vítimas Feridas";"Plena Noite";"Decrescente";"Céu Claro";"Simples";"Curva";"Não";1;0;0;1;0;0;1;1;"-16.4332";"-43.2806";"SR-MG";"DEL4/12";"UOP01/MG"
188775;2019-02-02;"7";"03:00:00";"TO";153;140;"ARAGUAINA";"Ingestão de Álcool";"Colisão com objeto estático";"Com Vítimas Feridas";"Plena Noite";"Crescente";"Nublado";"Dupla";"Reta";"Sim";1;0;1;0;0;0;1;1;"-7.169623";"-48.213287";"SR-TO";"UOP04/TO";""
188776;2019-02-02;"7";"02:30:00";"PE";101;82;"JABOATAO DOS GUARARAPES";"Falta de Atenção à Condução";"Saída de leito carroçável";"Com Vítimas Feridas";"Plena Noite";"Crescente";"Nublado";"Dupla";"Curva";"Sim";1;0;1;0;0;0;1;1;"-8.1768";"-34.9443";"SR-PE";"DEL11/1";"UOP03/PE"
188777;2019-02-01;"6";"23:20:00";"PI";343;465,8;"SAO GONCALO DO PIAUI";"Falta de Atenção à Condução";"Colisão com objeto estático";"Com Vítimas Feridas";"Plena Noite";"Decrescente";"Chuva";"Simples";"Reta";"Não";1;0;1;0;0;0;1;1;"-6.0323";"-42.737713";"SR-PI";"DEL17/1";"UOP02/PI"
188778;2019-02-02;"7";"04:30:00";"PR";376;225,9;"CAMBIRA";"Falta de Atenção à Condução";"Colisão com objeto estático";"Com Vítimas Feridas";"Plena Noite";"Crescente";"Céu Claro";"Dupla";"Reta";"Não";2;0;1;0;0;1;1;1;"-23.58534799";"-51.5640749";"SR-PR";"DEL7/7";"UOP03/PR"
188779;2019-02-02;"7";"03:45:00";"SC";101;135,1;"BALNEARIO CAMBORIU";"Ingestão de Álcool";"Colisão com objeto estático";"Com Vítimas Feridas";"Plena Noite";"Decrescente";"Garoa/Chuvisco";"Dupla";"Reta";"Sim";1;0;1;0;0;0;1;1;"-27.0081";"-48.617";"SR-SC";"DEL8/4";"UOP03/SC"
188780;2019-02-01;"6";"19:00:00";"PI";343;465,6;"ANGICAL DO PIAUI";"Restrição de Visibilidade";"Colisão com objeto estático";"Com Vítimas Feridas";"Plena Noite";"Decrescente";"Garoa/Chuvisco";"Simples";"Reta";"Não";1;0;0;1;0;0;1;1;"-6.0323";"-42.737713";"SR-PI";"DEL17/1";"UOP02/PI"
188781;2019-02-02;"7";"00:15:00";"PR";376;507;"PONTA GROSSA";"Ingestão de álcool e/ou substâncias psicoativas pelo pedestre";"Saída de leito carroçável";"Sem Vítimas";"Plena Noite";"Crescente";"Nublado";"Dupla";"Reta";"Não";1;0;0;0;1;0;0;1;"-25.20032037";"-50.07222891";"SR-PR";"DEL7/3";"UOP03/PR"
188783;2019-02-02;"7";"05:50:00";"MG";262;42,1;"MANHUACU";"Velocidade Incompatível";"Saída de leito carroçável";"Com Vítimas Feridas";"Amanhecer";"Decrescente";"Céu Claro";"Simples";"Curva";"Não";1;0;1;0;0;0;1;1;"-20.269745";"-42.068989";"SR-MG";"DEL4/6";"UOP04/MG"
188784;2019-02-02;"7";"04:10:00";"MT";163;757;"SORRISO";"Fenômenos da Natureza";"Saída de leito carroçável";"Sem Vítimas";"Plena Noite";"Crescente";"Chuva";"Simples";"Não Informado";"Não";1;0;0;0;1;0;0;1;"-12.53681334";"-55.70611607";"SR-MT";"DEL2/6";"UOP01/MT"
188785;2019-02-02;"7";"04:20:00";"SC";101;311,6;"LAGUNA";"Falta de Atenção à Condução";"Colisão traseira";"Com Vítimas Feridas";"Plena Noite";"Crescente";"Nublado";"Dupla";"Reta";"Sim";5;0;4;0;1;0;4;3;"-28.44079401";"-48.81888092";"SR-SC";"DEL8/2";"UOP01/SC"
188786;2019-02-02;"7";"04:40:00";"MG";381;778;"CAMPANHA";"Condutor Dormindo";"Saída de leito carroçável";"Sem Vítimas";"Plena Noite";"Decrescente";"Céu Claro";"Dupla";"Reta";"Não";1;0;0;0;1;0;0;1;"-21.8065";"-45.4787";"SR-MG";"DEL09";"UOP02/MG"
188787;2019-02-02;"7";"05:30:00";"ES";101;99;"SOORETAMA";"Falta de Atenção à Condução";"Colisão frontal";"Com Vítimas Fatais";"Pleno dia";"Decrescente";"Céu Claro";"Simples";"Reta";"Não";4;1;0;1;2;0;1;4;"-18.9782143";"-39.99452591";"SR-ES";"DEL12/4";"UOP02/ES"
188788;2019-02-02;"7";"04:30:00";"MG";40;525;"CONTAGEM";"Velocidade Incompatível";"Colisão com objeto estático";"Sem Vítimas";"Amanhecer";"Decrescente";"Céu Claro";"Dupla";"Reta";"Sim";1;0;0;0;1;0;0;1;"-19.88372545";"-44.0503002";"SR-MG";"DEL4/1";"UOP03/MG"
188789;2019-02-02;"7";"06:00:00";"RJ";116;299;"RESENDE";"Falta de Atenção do Pedestre";"Atropelamento de Pedestre";"Com Vítimas Fatais";"Amanhecer";"Decrescente";"Céu Claro";"Dupla";"Reta";"Sim";5;1;0;0;0;4;0;1;"-22.450125";"-44.330193";"SR-RJ";"DEL5/7";"UOP03/RJ"
188790;2019-02-02;"7";"04:45:00";"MG";40;504,7;"ESMERALDAS";"Condutor Dormindo";"Colisão traseira";"Com Vítimas Fatais";"Plena Noite";"Crescente";"Céu Claro";"Dupla";"Não Informado";"Não";5;2;0;2;1;0;2;2;"-19.735477";"-44.150652";"SR-MG";"DEL4/2";"UOP01/MG"
188791;2019-02-02;"7";"05:45:00";"MG";381;719,8;"CARMO DA CACHOEIRA";"Condutor Dormindo";"Saída de leito carroçável";"Sem Vítimas";"Amanhecer";"Decrescente";"Céu Claro";"Dupla";"Não Informado";"Não";1;0;0;0;1;0;0;1;"-21.41383121";"-45.21076798";"SR-MG";"DEL4/4";"UOP02/MG"
188792;2019-02-02;"7";"06:50:00";"ES";101;160,3;"LINHARES";"Desobediência às normas de trânsito pelo condutor";"Colisão frontal";"Sem Vítimas";"Amanhecer";"Decrescente";"Céu Claro";"Simples";"Reta";"Não";2;0;0;0;1;1;0;2;"-19.48064547";"-40.11609078";"SR-ES";"DEL12/4";"UOP01/ES"
188793;2019-02-02;"7";"05:45:00";"SP";116;456,3;"REGISTRO";"Condutor Dormindo";"Tombamento";"Sem Vítimas";"Amanhecer";"Crescente";"Nublado";"Dupla";"Curva";"Não";1;0;0;0;1;0;0;1;"-24.58162683";"-47.88476944";"SR-SP";"DEL6/5";"UOP01/SP"
188794;2019-02-02;"7";"05:30:00";"RS";386;419,5;"MONTENEGRO";"Desobediência às normas de trânsito pelo condutor";"Colisão transversal";"Com Vítimas Feridas";"Plena Noite";"Crescente";"Nublado";"Simples";"Reta";"Sim";4;0;3;0;1;0;3;2;"-29.81820012";"-51.42798977";"SR-RS";"DEL9/4";"UOP02/RS"
188795;2019-02-01;"6";"23:00:00";"SC";480;124,5;"CHAPECO";"Desobediência às normas de trânsito pelo condutor";"Colisão traseira";"Com Vítimas Feridas";"Plena Noite";"Crescente";"Chuva";"Dupla";"Reta";"Sim";3;0;1;0;2;0;1;3;"-27.01820625";"-52.63710737";"SR-SC";"DEL7";"UOP01/SC"
188796;2019-02-02;"7";"05:30:00";"RS";392;22,5;"RIO GRANDE";"Falta de Atenção à Condução";"Colisão traseira";"Sem Vítimas";"Plena Noite";"Decrescente";"Nublado";"Dupla";"Reta";"Sim";3;0;0;0;2;1;0;2;"-32.089043";"-52.217365";"SR-RS";"DEL9/7";"UOP02/RS"
188797;2019-02-02;"7";"06:40:00";"RJ";356;163;"SAO JOAO DA BARRA";"Velocidade Incompatível";"Capotamento";"Com Vítimas Fatais";"Pleno dia";"Crescente";"Céu Claro";"Simples";"Curva";"Não";1;1;0;0;0;0;0;1;"-21.718328";"-41.109524";"SR-RJ";"DEL5/8";"UOP02/RJ"
188798;2019-02-02;"7";"06:30:00";"PR";277;108,7;"CAMPO LARGO";"Velocidade Incompatível";"Queda de ocupante de veículo";"Com Vítimas Feridas";"Amanhecer";"Crescente";"Céu Claro";"Dupla";"Curva";"Sim";2;0;1;0;1;0;1;2;"-25.43928503";"-49.44664389";"SR-PR";"DEL7/1";"UOP05/PR"
188799;2019-02-01;"6";"21:35:00";"RJ";116;192;"QUEIMADOS";"Animais na Pista";"Atropelamento de Animal";"Com Vítimas Feridas";"Plena Noite";"Decrescente";"Céu Claro";"Dupla";"Reta";"Não";2;0;2;0;0;0;2;1;"-22.742052";"-43.519337";"SR-RJ";"DEL5/1";"UOP03/RJ"
188800;2019-02-02;"7";"06:38:00";"PR";116;121;"CURITIBA";"Velocidade Incompatível";"Colisão traseira";"Sem Vítimas";"Pleno dia";"Crescente";"Céu Claro";"Dupla";"Desvio Temporário";"Sim";2;0;0;0;1;1;0;2;"-25.551222";"-49.305038";"SR-PR";"DEL7/1";"UOP03/PR"
188801;2019-02-02;"7";"06:30:00";"PB";101;91,9;"JOAO PESSOA";"Defeito Mecânico no Veículo";"Saída de leito carroçável";"Com Vítimas Feridas";"Pleno dia";"Crescente";"Céu Claro";"Dupla";"Reta";"Sim";2;0;1;1;0;0;2;1;"-7.19925619";"-34.90686893";"SR-PB";"DEL14/1";"UOP01/PB"
188802;2019-02-02;"7";"07:15:00";"MG";50;33,8;"ARAGUARI";"Falta de Atenção à Condução";"Saída de leito carroçável";"Com Vítimas Feridas";"Pleno dia";"Decrescente";"Sol";"Dupla";"Curva";"Não";2;0;1;0;1;0;1;1;"-18.64659864";"-48.12853488";"SR-MG";"DEL4/15";"UOP02/MG"
188803;2019-02-02;"7";"06:50:00";"BA";116;373,9;"LAMARAO";"Condutor Dormindo";"Colisão frontal";"Com Vítimas Feridas";"Pleno dia";"Decrescente";"Céu Claro";"Simples";"Reta";"Não";2;0;0;1;1;0;1;2;"-11.75578125";"-38.98601532";"SR-BA";"DEL10/2";"UOP01/BA"
188804;2019-02-02;"7";"08:00:00";"ES";101;255,8;"SERRA";"Defeito Mecânico no Veículo";"Queda de ocupante de veículo";"Com Vítimas Feridas";"Pleno dia";"Decrescente";"Sol";"Simples";"Reta";"Sim";2;0;2;0;0;0;2;1;"-20.11882879";"-40.31154893";"SR-ES";"DEL12/2";"UOP01/ES"
188805;2019-02-02;"7";"01:30:00";"SC";101;378;"ICARA";"Falta de Atenção à Condução";"Colisão com objeto estático";"Com Vítimas Feridas";"Plena Noite";"Decrescente";"Chuva";"Múltipla";"Reta";"Não";2;0;2;0;0;0;2;1;"-28.7459";"-49.2584";"SR-SC";"DEL8/2";"UOP01/SC"
188806;2019-02-02;"7";"07:20:00";"RJ";101;324;"NITEROI";"Velocidade Incompatível";"Colisão com objeto estático";"Com Vítimas Fatais";"Pleno dia";"Decrescente";"Céu Claro";"Dupla";"Reta";"Não";1;1;0;0;0;0;0;1;"-22.874055";"-43.123795";"SR-RJ";"DEL5/2";"UOP01/RJ"
188807;2019-02-02;"7";"04:30:00";"BA";242;568;"IBOTIRAMA";"Condutor Dormindo";"Colisão lateral";"Com Vítimas Feridas";"Amanhecer";"Decrescente";"Céu Claro";"Simples";"Reta";"Não";3;0;1;0;2;0;1;3;"-12.0806101";"-43.1254429";"SR-BA";"DEL 10/10";"UOP02/BA"
188808;2019-02-02;"7";"06:45:00";"MA";10;267,7;"IMPERATRIZ";"Falta de Atenção à Condução";"Saída de leito carroçável";"Com Vítimas Feridas";"Pleno dia";"Crescente";"Chuva";"Simples";"Não Informado";"Não";4;0;2;2;0;0;4;1;"-5.400108";"-47.473038";"SR-MA";"DEL18/4";"UOP01/MA"
188810;2019-02-02;"7";"07:10:00";"PR";277;226,3;"FERNANDES PINHEIRO";"Falta de Atenção à Condução";"Saída de leito carroçável";"Com Vítimas Feridas";"Pleno dia";"Crescente";"Céu Claro";"Simples";"Curva";"Não";3;0;2;0;1;0;2;1;"-25.46606128";"-50.53661853";"SR-PR";"DEL7/3";"UOP04/PR"
188811;2019-02-02;"7";"09:10:00";"PR";277;37;"MORRETES";"Falta de Atenção à Condução";"Queda de ocupante de veículo";"Com Vítimas Feridas";"Pleno dia";"Decrescente";"Céu Claro";"Dupla";"Reta";"Não";1;0;0;1;0;0;1;1;"-25.58591733";"-48.87040615";"SR-PR";"DEL7/1";"UOP07/PR"
188813;2019-02-02;"7";"08:15:00";"BA";101;534,9;"SAO JOSE DA VITORIA";"Velocidade Incompatível";"Saída de leito carroçável";"Com Vítimas Feridas";"Pleno dia";"Decrescente";"Nublado";"Simples";"Não Informado";"Não";2;0;2;0;0;0;2;1;"-15.0218";"-39.3291";"SR-BA";"DEL10/5";"UOP01/BA"
188814;2019-02-02;"7";"07:20:00";"BA";101;369;"GANDU";"Desobediência às normas de trânsito pelo condutor";"Colisão traseira";"Sem Vítimas";"Pleno dia";"Decrescente";"Céu Claro";"Simples";"Reta";"Não";2;0;0;0;2;0;0;2;"-13.772";"-39.4946";"SR-BA";"DEL10/5";"UOP03/BA"
188815;2019-02-02;"7";"09:30:00";"ES";101;262;"SERRA";"Falta de Atenção à Condução";"Colisão lateral";"Com Vítimas Feridas";"Pleno dia";"Crescente";"Céu Claro";"Dupla";"Interseção de vias";"Não";2;0;0;1;1;0;1;2;"-20.15941828";"-40.27618024";"SR-ES";"DEL12/2";"UOP01/ES"
188816;2019-02-02;"7";"08:45:00";"MG";381;449,3;"SANTA LUZIA";"Carga excessiva e/ou mal acondicionada";"Derramamento de carga";"Sem Vítimas";"Pleno dia";"Crescente";"Sol";"Simples";"Curva";"Não";3;0;0;0;3;0;0;3;"-19.82306421";"-43.81383061";"SR-MG";"DEL4/1";"UOP01/MG"
188817;2019-02-02;"7";"10:05:00";"SC";470;67,2;"INDAIAL";"Desobediência às normas de trânsito pelo condutor";"Colisão lateral";"Com Vítimas Feridas";"Pleno dia";"Crescente";"Céu Claro";"Simples";"Reta";"Sim";2;0;1;0;1;0;1;2;"-26.872158";"-49.23127";"SR-SC";"DEL8/4";"UOP01/SC"
188818;2019-02-02;"7";"08:40:00";"RJ";101;58;"CAMPOS DOS GOYTACAZES";"Não guardar distância de segurança";"Colisão traseira";"Com Vítimas Feridas";"Pleno dia";"Decrescente";"Céu Claro";"Simples";"Reta";"Sim";2;0;1;0;1;0;1;2;"-21.704865";"-41.309799";"SR-RJ";"DEL5/8";"UOP01/RJ"
188819;2019-02-02;"7";"10:10:00";"PR";376;170,7;"MARINGA";"Falta de Atenção à Condução";"Tombamento";"Com Vítimas Feridas";"Pleno dia";"Decrescente";"Céu Claro";"Dupla";"Não Informado";"Sim";1;0;0;1;0;0;1;1;"-23.40850054";"-51.98919725";"SR-PR";"DEL7/7";"UOP04/PR"
188820;2019-02-02;"7";"09:30:00";"SP";116;228;"SAO PAULO";"Falta de Atenção à Condução";"Colisão lateral";"Com Vítimas Feridas";"Pleno dia";"Crescente";"Céu Claro";"Múltipla";"Reta";"Sim";3;0;2;0;0;1;2;2;"-23.50280409";"-46.56667287";"SR-SP";"DEL6/1";"UOP01/SP"
188821;2019-02-02;"7";"09:30:00";"SC";101;208;"SAO JOSE";"Falta de Atenção à Condução";"Colisão lateral";"Com Vítimas Feridas";"Pleno dia";"Crescente";"Céu Claro";"Múltipla";"Curva";"Sim";3;0;1;0;2;0;1;2;"-27.6101";"-48.6388";"SR-SC";"DEL8/1";"UOP01/SC"