"id";"data_inversa";"dia_semana";"horario";"uf";"br";"km";"municipio";"causa_acidente";"tipo_acidente";"classificacao_acidente";"fase_dia";"sentido_via";"condicao_metereologica";"tipo_pista";"tracado_via";"uso_solo";"pessoas";"mortos";"feridos_leves";"feridos_graves";"ilesos";"ignorados";"feridos";"veiculos";"latitude";"longitude";"regional";"delegacia";"uop"
188822;2019-02-02;"7";"06:45:00";"PR";116;180,1;"CAMPO DO TENENTE";"Agressão Externa";"Saída de leito carroçável";"Sem Vítimas";"Pleno dia";"Crescente";"Céu Claro";"Dupla";"Reta";"Não";1;0;0;0;1;0;0;1;"-25.90771801";"-49.57649231";"SR-PR";"DEL7/1";"UOP03/PR"
188823;2019-02-02;"7";"04:30:00";"SC";282;409;"CATANDUVAS";"Velocidade Incompatível";"Saída de leito carroçável";"Com Vítimas Feridas";"Plena Noite";"Decrescente";"Céu Claro";"Simples";"Curva";"Sim";3;0;2;1;0;0;3;1;"-27.065756";"-51.664165";"SR-SC";"DEL7";"UOP07/SC"
188824;2019-02-02;"7";"08:50:00";"BA";324;611;"SIMOES FILHO";"Objeto estático sobre o leito carroçável";"Colisão com objeto em movimento";"Com Vítimas Feridas";"Pleno dia";"Decrescente";"Sol";"Dupla";"Reta";"Não";1;0;1;0;0;0;1;1;"-12.8471899";"-38.41737366";"SR-BA";"DEL10/1";"UOP01/BA"
188825;2019-02-02;"7";"04:45:00";"SC";282;415,7;"CATANDUVAS";"Falta de Atenção à Condução";"Colisão frontal";"Com Vítimas Feridas";"Plena Noite";"Crescente";"Céu Claro";"Simples";"Não Informado";"Não";2;0;0;1;1;0;1;2;"-27.039997";"-51.708958";"SR-SC";"DEL7";"UOP07/SC"
188827;2019-02-02;"7";"10:00:00";"SC";101;213,7;"PALHOCA";"Falta de Atenção à Condução";"Colisão lateral";"Com Vítimas Feridas";"Pleno dia";"Crescente";"Céu Claro";"Múltipla";"Reta";"Sim";2;0;1;0;1;0;1;2;"-27.6446";"-48.6705";"SR-SC";"DEL8/1";"UOP02/SC"
188828;2019-02-02;"7";"10:20:00";"RJ";393;155;"TRES RIOS";"Velocidade Incompatível";"Tombamento";"Sem Vítimas";"Pleno dia";"Decrescente";"Céu Claro";"Simples";"Rotatória";"Sim";1;0;0;0;1;0;0;1;"-22.127502";"-43.147022";"SR-RJ";"DEL5/6";"UOP02/RJ"
188829;2019-01-01;"3";"09:00:00";"PB";412;117,8;"SUME";"Falta de Atenção à Condução";"Saída de leito carroçável";"Sem Vítimas";"Pleno dia";"Crescente";"Céu Claro";"Simples";"Reta";"Não";1;0;0;0;1;0;0;1;"-7.720066";"-36.940685";"SR-PB";"DEL14/2";"UOP02/PB"
188830;2019-02-02;"7";"09:30:00";"BA";101;137;"TEODORO SAMPAIO";"Ultrapassagem Indevida";"Colisão lateral";"Sem Vítimas";"Pleno dia";"Crescente";"Nublado";"Simples";"Reta";"Não";2;0;0;0;1;1;0;2;"-12.2207";"-38.6196";"SR-BA";"DEL10/1";"UOP04/BA"
188831;2019-02-02;"7";"09:30:00";"SP";116;228;"SAO PAULO";"Não guardar distância de segurança";"Colisão traseira";"Com Vítimas Feridas";"Pleno dia";"Crescente";"Céu Claro";"Múltipla";"Reta";"Sim";3;0;1;0;2;0;1;2;"-23.50280409";"-46.56667287";"SR-SP";"DEL6/1";"UOP01/SP"
188832;2019-02-02;"7";"07:20:00";"SP";116;230;"SAO PAULO";"Falta de Atenção à Condução";"Colisão lateral";"Com Vítimas Feridas";"Pleno dia";"Crescente";"Nublado";"Múltipla";"Reta";"Não";2;0;2;0;0;0;2;2;"-23.51681776";"-46.57958079";"SR-SP";"DEL6/1";"UOP01/SP"
188833;2019-02-02;"7";"10:30:00";"RN";226;166;"CURRAIS NOVOS";"Falta de Atenção à Condução";"Tombamento";"Com Vítimas Feridas";"Pleno dia";"Decrescente";"Sol";"Simples";"Curva";"Não";2;0;2;0;0;0;2;1;"-6.204627";"-36.402527";"SR-RN";"DEL15/3";"UOP02/RN"
188834;2019-02-02;"7";"11:05:00";"RN";101;95,7;"NATAL";"Falta de Atenção à Condução";"Colisão lateral";"Sem Vítimas";"Pleno dia";"Decrescente";"Sol";"Múltipla";"Reta";"Sim";2;0;0;0;2;0;0;2;"-5.840768";"-35.210358";"SR-RN";"DEL15/1";"UOP01/RN"
188835;2019-02-02;"7";"09:30:00";"PR";277;151;"PORTO AMAZONAS";"Falta de Atenção à Condução";"Queda de ocupante de veículo";"Com Vítimas Feridas";"Pleno dia";"Crescente";"Sol";"Simples";"Reta";"Não";4;0;0;1;2;1;1;2;"-25.47412";"-49.836777";"SR-PR";"DEL7/1";"UOP05/PR"
188837;2019-02-02;"7";"03:00:00";"MG";251;405,6;"GRAO MOGOL";"Avarias e/ou desgaste excessivo no pneu";"Colisão com objeto estático";"Com Vítimas Feridas";"Plena Noite";"Decrescente";"Céu Claro";"Simples";"Reta";"Não";2;0;1;0;1;0;1;1;"-16.2324";"-42.9103";"SR-MG";"DEL4/12";"UOP01/MG"
188839;2019-02-02;"7";"11:20:00";"MG";251;400;"GRAO MOGOL";"Falta de Atenção à Condução";"Colisão traseira";"Sem Vítimas";"Pleno dia";"Crescente";"Céu Claro";"Simples";"Reta";"Não";2;0;0;0;2;0;0;2;"-16.228";"-42.9031";"SR-MG";"DEL4/12";"UOP01/MG"
188840;2019-02-02;"7";"12:30:00";"PR";376;127,9;"ALTO PARANA";"Defeito Mecânico no Veículo";"Tombamento";"Com Vítimas Feridas";"Pleno dia";"Crescente";"Céu Claro";"Dupla";"Não Informado";"Não";3;0;2;0;1;0;2;1;"-23.132568";"-52.297016";"SR-PR";"DEL7/7";"UOP05/PR"
188841;2019-02-02;"7";"11:50:00";"RJ";40;20,7;"TRES RIOS";"Defeito Mecânico no Veículo";"Incêndio";"Sem Vítimas";"Pleno dia";"Decrescente";"Céu Claro";"Simples";"Reta";"Sim";2;0;0;0;2;0;0;1;"-22.108194";"-43.165123";"SR-RJ";"DEL5/6";"UOP01/RJ"
188842;2019-02-02;"7";"11:40:00";"MG";365;624;"UBERLANDIA";"Não guardar distância de segurança";"Colisão traseira";"Sem Vítimas";"Pleno dia";"Decrescente";"Céu Claro";"Simples";"Reta";"Sim";1;0;0;0;1;0;0;1;"-18.903";"-48.2787";"SR-MG";"DEL4/15";"UOP01/MG"
188844;2019-01-31;"5";"23:00:00";"PA";10;107;"PARAGOMINAS";"Animais na Pista";"Atropelamento de Animal";"Com Vítimas Feridas";"Plena Noite";"Crescente";"Nublado";"Simples";"Reta";"Não";4;0;1;0;3;0;1;1;"-3.30367934";"-47.46368408";"SR-PA";"DEL19/2";"UOP03/PA"
188845;2019-02-02;"7";"11:10:00";"SC";163;68,8;"SAO MIGUEL DO OESTE";"Falta de Atenção à Condução";"Colisão transversal";"Com Vítimas Feridas";"Pleno dia";"Crescente";"Céu Claro";"Dupla";"Reta";"Sim";2;0;1;0;1;0;1;2;"-26.73238784";"-53.51011276";"SR-SC";"DEL7";"UOP03/SC"
188846;2019-02-02;"7";"13:00:00";"GO";60;53,1;"ABADIANIA";"Falta de Atenção à Condução";"Saída de leito carroçável";"Com Vítimas Feridas";"Pleno dia";"Crescente";"Céu Claro";"Dupla";"Reta";"Não";1;0;1;0;0;0;1;1;"-16.1737";"-48.6483";"SR-GO";"DEL1/2";"UOP01/GO"
188847;2019-02-02;"7";"11:30:00";"PB";405;46,9;"SAO JOAO DO RIO DO PEIXE";"Falta de Atenção à Condução";"Colisão com objeto estático";"Com Vítimas Feridas";"Pleno dia";"Decrescente";"Céu Claro";"Simples";"Ponte";"Não";1;0;0;1;0;0;1;1;"-6.829117";"-38.402279";"SR-PB";"DEL14/3";"UOP03/PB"
188848;2019-02-02;"7";"13:15:00";"MG";40;289,1;"TRES MARIAS";"Avarias e/ou desgaste excessivo no pneu";"Queda de ocupante de veículo";"Com Vítimas Feridas";"Pleno dia";"Crescente";"Sol";"Simples";"Desvio Temporário";"Não";2;0;0;2;0;0;2;1;"-18.27177";"-45.149696";"SR-MG";"DEL4/14";"UOP02/MG"
188849;2019-02-02;"7";"12:00:00";"PE";101;185;"PALMARES";"Desobediência às normas de trânsito pelo condutor";"Colisão traseira";"Com Vítimas Feridas";"Pleno dia";"Decrescente";"Sol";"Dupla";"Curva";"Sim";4;0;0;3;1;0;3;2;"-8.68348209";"-35.57982659";"SR-PE";"DEL11/1";"UOP03/PE"
188850;2019-02-02;"7";"12:30:00";"ES";262;56;"MARECHAL FLORIANO";"Condutor Dormindo";"Saída de leito carroçável";"Com Vítimas Feridas";"Pleno dia";"Decrescente";"Céu Claro";"Simples";"Não Informado";"Não";5;0;5;0;0;0;5;1;"-20.4109";"-40.7541";"SR-ES";"DEL12/1";"UOP01/ES"
188851;2019-02-02;"7";"13:30:00";"SC";280;55,3;"GUARAMIRIM";"Falta de Atenção à Condução";"Colisão transversal";"Com Vítimas Feridas";"Pleno dia";"Decrescente";"Céu Claro";"Simples";"Reta";"Sim";2;0;1;0;1;0;1;2;"-26.475843";"-48.993786";"SR-SC";"DEL8/3";"UOP03/SC"
188852;2019-02-02;"7";"13:30:00";"GO";40;47,5;"LUZIANIA";"Desobediência às normas de trânsito pelo condutor";"Colisão com objeto estático";"Sem Vítimas";"Pleno dia";"Decrescente";"Céu Claro";"Simples";"Curva";"Não";1;0;0;0;1;0;0;1;"-16.419948";"-47.824968";"SR-DF";"GO";"UOP02/DF"
188854;2019-02-02;"7";"11:30:00";"MG";381;529,8;"RIO MANSO";"Defeito Mecânico no Veículo";"Incêndio";"Sem Vítimas";"Pleno dia";"Crescente";"Céu Claro";"Simples";"Interseção de vias";"Não";1;0;0;0;1;0;0;1;"-20.16151543";"-44.34601307";"SR-MG";"DEL4/4";"UOP03/MG"
188855;2019-02-02;"7";"09:45:00";"RS";293;89,1;"PINHEIRO MACHADO";"Falta de Atenção à Condução";"Capotamento";"Com Vítimas Feridas";"Pleno dia";"Decrescente";"Garoa/Chuvisco";"Simples";"Reta";"Não";1;0;1;0;0;0;1;1;"-31.6077793";"-53.30635071";"SR-RS";"DEL9/7";"UOP01/RS"
188856;2019-02-02;"7";"12:15:00";"TO";230;85;"CACHOEIRINHA";"Falta de Atenção à Condução";"Colisão frontal";"Com Vítimas Fatais";"Pleno dia";"Crescente";"Céu Claro";"Simples";"Não Informado";"Não";2;1;0;0;1;0;0;2;"-6.079411";"-47.913506";"SR-TO";"UOP05/TO";""
188857;2019-02-02;"7";"11:20:00";"SC";282;569;"NOVA ERECHIM";"Falta de Atenção à Condução";"Colisão traseira";"Com Vítimas Feridas";"Pleno dia";"Crescente";"Sol";"Simples";"Reta";"Não";2;0;1;0;1;0;1;2;"-26.90393117";"-52.90989876";"SR-SC";"DEL7";"UOP02/SC"
188858;2019-02-02;"7";"13:30:00";"SP";116;276,4;"EMBU DAS ARTES";"Falta de Atenção à Condução";"Tombamento";"Com Vítimas Feridas";"Pleno dia";"Decrescente";"Sol";"Dupla";"Reta";"Sim";2;0;1;0;1;0;1;1;"-23.62548658";"-46.81661021";"SR-SP";"DEL6/4";"UOP01/SP"
188859;2019-02-02;"7";"12:50:00";"PR";376;489,7;"PONTA GROSSA";"Falta de Atenção à Condução";"Colisão traseira";"Com Vítimas Fatais";"Pleno dia";"Crescente";"Céu Claro";"Dupla";"Reta";"Sim";3;1;0;1;1;0;1;2;"-25.10176666";"-50.19721985";"SR-PR";"DEL7/3";"UOP03/PR"
188860;2019-02-02;"7";"13:50:00";"SC";116;35;"ITAIOPOLIS";"Falta de Atenção à Condução";"Colisão traseira";"Com Vítimas Feridas";"Pleno dia";"Decrescente";"Céu Claro";"Simples";"Reta";"Não";2;0;0;1;1;0;1;2;"-26.273455";"-49.921173";"SR-SC";"DEL8/6";"UOP01/SC"
188861;2019-02-02;"7";"12:45:00";"RJ";101;330;"NITEROI";"Falta de Atenção à Condução";"Colisão com objeto estático";"Com Vítimas Feridas";"Pleno dia";"Decrescente";"Céu Claro";"Múltipla";"Ponte";"Não";3;0;1;0;2;0;1;2;"-22.87522623";"-43.12580109";"SR-RJ";"DEL5/2";"UOP01/RJ"
188862;2019-02-02;"7";"11:50:00";"BA";116;748,5;"POCOES";"Falta de Atenção à Condução";"Colisão frontal";"Com Vítimas Fatais";"Pleno dia";"Crescente";"Céu Claro";"Simples";"Curva";"Não";2;1;0;0;1;0;0;2;"-14.46411";"-40.34387";"SR-BA";"DEL10/8";"UOP02/BA"
188863;2019-01-17;"5";"14:40:00";"RJ";40;120;"DUQUE DE CAXIAS";"Falta de Atenção à Condução";"Colisão traseira";"Com Vítimas Feridas";"Pleno dia";"Crescente";"Céu Claro";"Múltipla";"Reta";"Sim";2;0;1;0;1;0;1;2;"-22.7807";"-43.2856";"SR-RJ";"DEL5/1";"UOP01/RJ"
188864;2019-02-02;"7";"12:30:00";"PB";230;26;"JOAO PESSOA";"Velocidade Incompatível";"Capotamento";"Com Vítimas Feridas";"Pleno dia";"Decrescente";"Sol";"Dupla";"Não Informado";"Sim";1;0;1;0;0;0;1;1;"-7.1693";"-34.8782";"SR-PB";"DEL14/1";"UOP00/PB"
188865;2019-02-02;"7";"13:15:00";"RS";101;41;"TERRA DE AREIA";"Condutor Dormindo";"Saída de leito carroçável";"Sem Vítimas";"Pleno dia";"Decrescente";"Nublado";"Dupla";"Reta";"Não";1;0;0;0;1;0;0;1;"-29.542553";"-50.031525";"SR-RS";"DEL9/3";"UOP03/RS"
188866;2019-02-02;"7";"14:00:00";"MG";381;459;"BELO HORIZONTE";"Falta de Atenção à Condução";"Colisão lateral";"Com Vítimas Feridas";"Pleno dia";"Decrescente";"Céu Claro";"Dupla";"Reta";"Sim";4;0;0;2;1;1;2;2;"-19.9605";"-44.0357";"SR-MG";"DEL4/1";"UOP01/MG"
188867;2019-02-02;"7";"14:50:00";"PR";277;456,7;"SANTA TEREZA DO OESTE";"Velocidade Incompatível";"Colisão lateral";"Com Vítimas Feridas";"Pleno dia";"Crescente";"Chuva";"Simples";"Reta";"Não";2;0;1;0;1;0;1;2;"-25.02817";"-53.55983";"SR-PR";"DEL7/4";"UOP03/PR"
188868;2019-02-02;"7";"13:25:00";"RS";392;208,7;"SANTANA DA BOA VISTA";"Velocidade Incompatível";"Colisão com objeto estático";"Com Vítimas Feridas";"Pleno dia";"Crescente";"Garoa/Chuvisco";"Simples";"Não Informado";"Não";1;0;1;0;0;0;1;1;"-30.821121";"-53.174976";"SR-RS";"DEL9/9";"UOP02/RS"
188869;2019-02-02;"7";"15:00:00";"RS";116;253;"SAPUCAIA DO SUL";"Desobediência às normas de trânsito pelo condutor";"Colisão transversal";"Com Vítimas Feridas";"Pleno dia";"Decrescente";"Nublado";"Múltipla";"Reta";"Sim";5;0;4;0;1;0;4;2;"-29.817963";"-51.169994";"SR-RS";"DEL9/1";"UOP02/RS"
188870;2019-02-02;"7";"14:35:00";"PR";277;718;"FOZ DO IGUACU";"Falta de Atenção à Condução";"Saída de leito carroçável";"Com Vítimas Feridas";"Pleno dia";"Crescente";"Sol";"Dupla";"Desvio Temporário";"Não";2;0;1;0;1;0;1;2;"-25.480068";"-54.485416";"SR-PR";"DEL7/5";"UOP01/PR"
188871;2019-02-02;"7";"12:00:00";"SC";280;128,2;"RIO NEGRINHO";"Falta de Atenção à Condução";"Colisão traseira";"Com Vítimas Feridas";"Pleno dia";"Crescente";"Céu Claro";"Simples";"Reta";"Sim";2;0;1;0;1;0;1;2;"-26.243179";"-49.513199";"SR-SC";"DEL8/6";"UOP03/SC"
188872;2019-02-02;"7";"14:10:00";"TO";153;140,5;"ARAGUAINA";"Falta de Atenção à Condução";"Tombamento";"Com Vítimas Feridas";"Pleno dia";"Crescente";"Nublado";"Dupla";"Reta";"Sim";2;0;2;0;0;0;2;1;"-7.169623";"-48.213287";"SR-TO";"UOP04/TO";""
188873;2019-02-02;"7";"11:00:00";"PE";110;226;"PETROLANDIA";"Falta de Atenção à Condução";"Colisão transversal";"Com Vítimas Feridas";"Pleno dia";"Decrescente";"Céu Claro";"Simples";"Interseção de vias";"Não";8;0;2;0;6;0;2;2;"-9.039303";"-38.257042";"SR-BA";"DEL10/7";"UOP01/BA"
188874;2019-02-02;"7";"14:30:00";"DF";251;20;"BRASILIA";"Falta de Atenção do Pedestre";"Atropelamento de Pedestre";"Com Vítimas Feridas";"Pleno dia";"Crescente";"Céu Claro";"Simples";"Curva";"Não";2;0;0;1;1;0;1;1;"-15.96273195";"-47.66106248";"SR-DF";"DF";"UOP01/DF"
188875;2019-02-02;"7";"08:05:00";"SC";101;180;"BIGUACU";"Falta de Atenção à Condução";"Saída de leito carroçável";"Com Vítimas Feridas";"Pleno dia";"Decrescente";"Céu Claro";"Múltipla";"Desvio Temporário";"Sim";1;0;1;0;0;0;1;1;"-27.3901";"-48.6318";"SR-SC";"DEL8/1";"UOP01/SC"
188876;2019-02-02;"7";"09:15:00";"PA";316;70;"CASTANHAL";"Desobediência às normas de trânsito pelo condutor";"Colisão lateral";"Sem Vítimas";"Pleno dia";"Crescente";"Céu Claro";"Simples";"Desvio Temporário";"Não";2;0;0;0;2;0;0;2;"-1.31240811";"-47.73181915";"SR-PA";"DEL19/1";"UOP02/PA"
188877;2019-02-02;"7";"15:10:00";"RJ";116;111;"GUAPIMIRIM";"Mal Súbito";"Colisão com objeto estático";"Com Vítimas Feridas";"Pleno dia";"Decrescente";"Céu Claro";"Dupla";"Reta";"Sim";1;0;1;0;0;0;1;1;"-22.558399";"-42.994831";"SR-RJ";"DEL5/4";"UOP02/RJ"
188878;2019-02-02;"7";"14:40:00";"BA";415;49;"ITABUNA";"Desobediência às normas de trânsito pelo condutor";"Colisão transversal";"Com Vítimas Feridas";"Pleno dia";"Crescente";"Céu Claro";"Simples";"Reta";"Sim";2;0;1;0;1;0;1;2;"-14.814651";"-39.296741";"SR-BA";"DEL10/5";"UOP01/BA"
188879;2019-02-02;"7";"11:30:00";"RJ";116;93,9;"GUAPIMIRIM";"Falta de Atenção à Condução";"Colisão lateral";"Com Vítimas Feridas";"Pleno dia";"Decrescente";"Sol";"Simples";"Não Informado";"Não";3;0;2;0;1;0;2;2;"-22.4778271";"-42.9957511";"SR-RJ";"DEL5/4";"UOP02/RJ"
188880;2019-02-02;"7";"15:30:00";"RS";116;253;"SAPUCAIA DO SUL";"Velocidade Incompatível";"Colisão lateral";"Sem Vítimas";"Pleno dia";"Decrescente";"Chuva";"Dupla";"Viaduto";"Sim";3;0;0;0;3;0;0;3;"-29.817963";"-51.169994";"SR-RS";"DEL9/1";"UOP02/RS"
188881;2019-02-02;"7";"13:20:00";"MG";459;65;"SENADOR JOSE BENTO";"Velocidade Incompatível";"Saída de leito carroçável";"Com Vítimas Feridas";"Pleno dia";"Crescente";"Sol";"Simples";"Não Informado";"Não";1;0;1;0;0;0;1;1;"-22.115179";"-46.179901";"SR-MG";"DEL13";"UOP01/MG"
188883;2019-02-02;"7";"15:30:00";"PR";277;324,8;"GUARAPUAVA";"Desobediência às normas de trânsito pelo condutor";"Saída de leito carroçável";"Com Vítimas Feridas";"Pleno dia";"Crescente";"Chuva";"Simples";"Não Informado";"Não";2;0;2;0;0;0;2;1;"-25.37399866";"-51.31576722";"SR-PR";"DEL7/3";"UOP02/PR"
188884;2019-02-02;"7";"14:05:00";"SC";101;359,8;"SANGAO";"Ingestão de álcool e/ou substâncias psicoativas pelo pedestre";"Colisão lateral";"Com Vítimas Feridas";"Pleno dia";"Crescente";"Nublado";"Múltipla";"Não Informado";"Sim";3;0;0;1;1;1;1;2;"-28.6532";"-49.1067";"SR-SC";"DEL8/2";"UOP01/SC"
188885;2019-02-02;"7";"14:30:00";"BA";116;683,4;"JEQUIE";"Falta de Atenção à Condução";"Colisão lateral";"Sem Vítimas";"Pleno dia";"Crescente";"Sol";"Simples";"Reta";"Não";3;0;0;0;1;2;0;3;"-13.92535221";"-40.15906703";"SR-BA";"DEL10/3";"UOP01/BA"
188886;2019-02-02;"7";"13:45:00";"PE";101;171,6;"AGUA PRETA";"Mal Súbito";"Tombamento";"Com Vítimas Feridas";"Pleno dia";"Crescente";"Céu Claro";"Dupla";"Reta";"Não";1;0;1;0;0;0;1;1;"-8.5898";"-35.5121";"SR-PE";"DEL11/1";"UOP03/PE"
188887;2019-02-02;"7";"15:10:00";"MG";459;24,5;"CALDAS";"Ingestão de Álcool";"Saída de leito carroçável";"Com Vítimas Feridas";"Pleno dia";"Decrescente";"Céu Claro";"Simples";"Reta";"Não";2;0;1;1;0;0;2;1;"-21.877081";"-46.385975";"SR-MG";"DEL13";"UOP01/MG"
188888;2019-02-02;"7";"15:15:00";"CE";20;420;"MARACANAU";"Desobediência às normas de trânsito pelo condutor";"Colisão transversal";"Com Vítimas Feridas";"Pleno dia";"Decrescente";"Céu Claro";"Simples";"Reta";"Sim";3;0;3;0;0;0;3;2;"-3.76999";"-38.670063";"SR-CE";"DEL16/1";"UOP02/CE"
188889;2019-02-02;"7";"12:00:00";"AC";317;71;"SENADOR GUIOMARD";"Falta de Atenção à Condução";"Colisão com objeto estático";"Com Vítimas Feridas";"Pleno dia";"Crescente";"Céu Claro";"Simples";"Reta";"Sim";1;0;0;1;0;0;1;1;"-10.070312";"-67.583778";"SR-AC";"UOP01/AC";""
188890;2019-02-02;"7";"15:30:00";"MS";163;258;"DOURADOS";"Não guardar distância de segurança";"Colisão traseira";"Com Vítimas Feridas";"Pleno dia";"Crescente";"Sol";"Dupla";"Rotatória";"Sim";3;0;2;0;1;0;2;2;"-22.25837829";"-54.7816515";"SR-MS";"DEL3/4";"UOP01/MS"
188891;2019-02-02;"7";"16:25:00";"SC";470;50,3;"BLUMENAU";"Desobediência às normas de trânsito pelo condutor";"Colisão transversal";"Com Vítimas Feridas";"Pleno dia";"Crescente";"Sol";"Simples";"Reta";"Não";2;0;0;1;1;0;1;2;"-26.859768";"-49.074493";"SR-SC";"DEL8/4";"UOP01/SC"
188892;2019-02-02;"7";"16:15:00";"PR";116;92,1;"PIRAQUARA";"Velocidade Incompatível";"Colisão traseira";"Com Vítimas Feridas";"Pleno dia";"Crescente";"Nublado";"Dupla";"Reta";"Não";3;0;2;0;0;1;2;3;"-25.49984074";"-49.1191864";"SR-PR";"DEL7/1";"UOP01/PR"
188893;2019-02-02;"7";"16:20:00";"PR";277;672,6;"MEDIANEIRA";"Falta de Atenção à Condução";"Colisão traseira";"Com Vítimas Feridas";"Pleno dia";"Decrescente";"Céu Claro";"Dupla";"Reta";"Sim";2;0;1;0;1;0;1;2;"-25.287436";"-54.097012";"SR-PR";"DEL7/5";"UOP01/PR"
188894;2019-02-02;"7";"16:00:00";"SC";101;192,1;"BIGUACU";"Falta de Atenção à Condução";"Colisão lateral";"Com Vítimas Feridas";"Pleno dia";"Decrescente";"Céu Claro";"Dupla";"Reta";"Não";2;0;1;0;1;0;1;2;"-27.4897";"-48.6559";"SR-SC";"DEL8/1";"UOP01/SC"
188896;2019-02-02;"7";"05:30:00";"BA";101;24,8;"ESPLANADA";"Condutor Dormindo";"Saída de leito carroçável";"Sem Vítimas";"Amanhecer";"Crescente";"Nublado";"Múltipla";"Reta";"Não";1;0;0;0;1;0;0;1;"-11.6857";"-37.9015";"SR-SE";"DEL20/2";"UOP03/SE"
188897;2019-02-02;"7";"14:50:00";"MG";116;692,4;"MURIAE";"Ultrapassagem Indevida";"Colisão frontal";"Com Vítimas Feridas";"Pleno dia";"Crescente";"Sol";"Simples";"Não Informado";"Não";5;0;3;1;0;1;4;2;"-21.024276";"-42.362329";"SR-MG";"DEL4/7";"UOP02/MG"
188898;2019-02-02;"7";"16:25:00";"RS";293;172,4;"HULHA NEGRA";"Não guardar distância de segurança";"Colisão lateral";"Com Vítimas Feridas";"Pleno dia";"Decrescente";"Céu Claro";"Simples";"Reta";"Não";3;0;1;0;2;0;1;2;"-31.331238";"-53.975685";"SR-RS";"DEL9/11";"UOP03/RS"
188899;2019-02-02;"7";"13:30:00";"SP";101;50,5;"UBATUBA";"Desobediência às normas de trânsito pelo condutor";"Colisão lateral";"Com Vítimas Feridas";"Pleno dia";"Crescente";"Sol";"Simples";"Reta";"Sim";3;0;2;0;1;0;2;2;"-23.45022";"-45.077404";"SR-SP";"DEL6";"UOP03/SP"
188900;2019-02-02;"7";"15:35:00";"PR";476;252;"ANTONIO OLINTO";"Falta de Atenção à Condução";"Colisão frontal";"Com Vítimas Feridas";"Pleno dia";"Decrescente";"Chuva";"Simples";"Curva";"Não";2;0;1;0;1;0;1;2;"-25.881222";"-50.174";"SR-PR";"DEL7/2";"UOP03/PR"
188901;2019-02-02;"7";"16:20:00";"RJ";101;297;"ITABORAI";"Falta de Atenção à Condução";"Saída de leito carroçável";"Com Vítimas Feridas";"Pleno dia";"Decrescente";"Céu Claro";"Dupla";"Reta";"Sim";1;0;1;0;0;0;1;1;"-22.77180956";"-42.92637849";"SR-RJ";"DEL5/2";"UOP02/RJ"
188902;2019-02-02;"7";"16:00:00";"CE";222;6;"CAUCAIA";"Falta de Atenção à Condução";"Colisão lateral";"Com Vítimas Feridas";"Pleno dia";"Decrescente";"Céu Claro";"Dupla";"Reta";"Sim";3;0;2;0;1;0;2;2;"-3.74277599";"-38.62330958";"SR-CE";"DEL16/1";"UOP01/CE"
188903;2019-02-02;"7";"16:25:00";"BA";116;826,1;"VITORIA DA CONQUISTA";"Ingestão de Álcool";"Tombamento";"Com Vítimas Feridas";"Pleno dia";"Crescente";"Sol";"Dupla";"Retorno Regulamentado";"Sim";1;0;1;0;0;0;1;1;"-14.88104568";"-40.85634112";"SR-BA";"DEL10/8";"UOP01/BA"
188904;2019-02-02;"7";"17:40:00";"DF";60;4,6;"BRASILIA";"Ingestão de Álcool";"Saída de leito carroçável";"Sem Vítimas";"Pleno dia";"Crescente";"Céu Claro";"Dupla";"Retorno Regulamentado";"Sim";1;0;0;0;1;0;0;1;"-15.892721";"-48.095741";"SR-DF";"DF";"UOP03/DF"
188905;2019-02-02;"7";"17:30:00";"SP";116;316,9;"JUQUITIBA";"Falta de Atenção à Condução";"Tombamento";"Com Vítimas Feridas";"Pleno dia";"Crescente";"Céu Claro";"Dupla";"Curva";"Não";2;0;2;0;0;0;2;1;"-23.915887";"-46.989698";"SR-SP";"DEL6/4";"UOP02/SP"
188906;2019-02-02;"7";"16:45:00";"MS";463;53,2;"PONTA PORA";"Condutor Dormindo";"Colisão frontal";"Com Vítimas Feridas";"Pleno dia";"Decrescente";"Nublado";"Simples";"Reta";"Não";3;0;0;3;0;0;3;2;"-22.38416264";"-55.2690311";"SR-MS";"DEL3/4";"UOP03/MS"
188907;2019-02-02;"7";"14:20:00";"MG";40;741,2;"SANTOS DUMONT";"Falta de Atenção à Condução";"Saída de leito carroçável";"Sem Vítimas";"Pleno dia";"Decrescente";"Céu Claro";"Simples";"Curva";"Não";2;0;0;0;2;0;0;1;"-21.4358";"-43.5525";"SR-MG";"DEL5";"UOP01/MG"
188908;2019-02-02;"7";"16:20:00";"MT";163;835;"SINOP";"Ingestão de Álcool";"Queda de ocupante de veículo";"Com Vítimas Feridas";"Pleno dia";"Decrescente";"Nublado";"Simples";"Reta";"Sim";1;0;1;0;0;0;1;1;"-11.85367068";"-55.49336325";"SR-MT";"DEL2/6";"UOP01/MT"
188909;2019-02-02;"7";"16:40:00";"RJ";465;20;"NOVA IGUACU";"Desobediência às normas de trânsito pelo condutor";"Colisão lateral";"Com Vítimas Feridas";"Pleno dia";"Decrescente";"Céu Claro";"Simples";"Reta";"Sim";3;0;1;0;2;0;1;2;"-22.846828";"-43.605339";"SR-RJ";"DEL5/1";"UOP03/RJ"
188910;2019-02-02;"7";"17:00:00";"SP";116;202;"ARUJA";"Falta de Atenção à Condução";"Colisão traseira";"Com Vítimas Feridas";"Pleno dia";"Decrescente";"Nublado";"Múltipla";"Reta";"Não";2;0;1;0;1;0;1;2;"-23.40334255";"-46.3209343";"SR-SP";"DEL6/1";"UOP02/SP"