"id";"data_inversa";"dia_semana";"horario";"uf";"br";"km";"municipio";"causa_acidente";"tipo_acidente";"classificacao_acidente";"fase_dia";"sentido_via";"condicao_metereologica";"tipo_pista";"tracado_via";"uso_solo";"pessoas";"mortos";"feridos_leves";"feridos_graves";"ilesos";"ignorados";"feridos";"veiculos";"latitude";"longitude";"regional";"delegacia";"uop"
188912;2019-02-02;"7";"17:10:00";"AP";210;22;"MACAPA";"Avarias e/ou desgaste excessivo no pneu";"Colisão lateral";"Com Vítimas Feridas";"Anoitecer";"Crescente";"Chuva";"Simples";"Reta";"Não";8;0;2;0;6;0;2;2;"0.212039";"-51.111572";"SR-AP";"UOP01/AP";""
188913;2019-02-02;"7";"18:20:00";"PR";369;185;"ARAPONGAS";"Desobediência às normas de trânsito pelo condutor";"Colisão transversal";"Com Vítimas Feridas";"Anoitecer";"Crescente";"Céu Claro";"Simples";"Interseção de vias";"Sim";2;0;0;1;1;0;1;2;"-23.43552911";"-51.42700195";"SR-PR";"DEL7/7";"UOP03/PR"
188914;2019-02-02;"7";"17:15:00";"PE";110;226;"PETROLANDIA";"Falta de Atenção à Condução";"Colisão transversal";"Com Vítimas Feridas";"Pleno dia";"Crescente";"Céu Claro";"Simples";"Reta";"Não";2;0;1;0;1;0;1;2;"-9.039303";"-38.257042";"SR-BA";"DEL10/7";"UOP01/BA"
188915;2019-02-02;"7";"17:40:00";"SC";101;135,4;"BALNEARIO CAMBORIU";"Velocidade Incompatível";"Saída de leito carroçável";"Sem Vítimas";"Pleno dia";"Crescente";"Nublado";"Dupla";"Reta";"Sim";1;0;0;0;1;0;0;1;"-27.0081";"-48.617";"SR-SC";"DEL8/4";"UOP03/SC"
188916;2019-02-02;"7";"16:10:00";"GO";153;349,3;"JARAGUA";"Falta de Atenção à Condução";"Queda de ocupante de veículo";"Com Vítimas Feridas";"Pleno dia";"Crescente";"Céu Claro";"Simples";"Reta";"Não";2;0;1;0;1;0;1;1;"-15.659618";"-49.357323";"SR-GO";"DEL1/2";"UOP02/GO"
188917;2019-02-02;"7";"18:45:00";"GO";60;14,2;"ALEXANIA";"Defeito Mecânico no Veículo";"Colisão traseira";"Com Vítimas Feridas";"Anoitecer";"Crescente";"Céu Claro";"Simples";"Curva";"Não";2;0;1;0;1;0;1;2;"-16.094168";"-48.517212";"SR-DF";"GO";"UOP03/DF"
188918;2019-02-02;"7";"13:30:00";"SE";235;67,6;"FREI PAULO";"Desobediência às normas de trânsito pelo condutor";"Colisão frontal";"Com Vítimas Fatais";"Pleno dia";"Crescente";"Céu Claro";"Simples";"Não Informado";"Não";6;1;3;1;1;0;4;3;"-10.579587";"-37.496868";"SR-SE";"DEL20/1";"UOP02/SE"
188919;2019-02-02;"7";"19:00:00";"MG";381;550;"ITAGUARA";"Velocidade Incompatível";"Colisão lateral";"Com Vítimas Feridas";"Anoitecer";"Decrescente";"Céu Claro";"Dupla";"Não Informado";"Não";2;0;1;0;1;0;1;2;"-20.3058";"-44.4472";"SR-MG";"DEL4/4";"UOP03/MG"
188920;2019-02-02;"7";"17:45:00";"CE";116;16;"FORTALEZA";"Falta de Atenção à Condução";"Colisão lateral";"Sem Vítimas";"Anoitecer";"Crescente";"Céu Claro";"Dupla";"Reta";"Sim";2;0;0;0;1;1;0;2;"-3.8998";"-38.5038";"SR-CE";"DEL16/1";"UOP02/CE"
188921;2019-02-02;"7";"18:30:00";"ES";101;237;"SERRA";"Ingestão de Álcool";"Queda de ocupante de veículo";"Com Vítimas Feridas";"Anoitecer";"Decrescente";"Céu Claro";"Simples";"Interseção de vias";"Sim";1;0;0;1;0;0;1;1;"-20.006597";"-40.411502";"SR-ES";"DEL12/2";"UOP01/ES"
188922;2019-02-02;"7";"10:20:00";"MA";10;187;"RIBAMAR FIQUENE";"Desobediência às normas de trânsito pelo pedestre";"Atropelamento de Pedestre";"Com Vítimas Fatais";"Pleno dia";"Decrescente";"Nublado";"Simples";"Desvio Temporário";"Não";4;1;0;0;3;0;0;1;"-6.080558";"-47.381935";"SR-MA";"DEL18/4";"UOP01/MA"
188923;2019-02-02;"7";"18:20:00";"SC";101;335;"TUBARAO";"Ingestão de Álcool";"Saída de leito carroçável";"Sem Vítimas";"Pleno dia";"Crescente";"Nublado";"Múltipla";"Interseção de vias";"Sim";1;0;0;0;1;0;0;1;"-28.4745";"-49.0267";"SR-SC";"DEL8/2";"UOP01/SC"
188924;2019-02-02;"7";"19:00:00";"RS";158;81,2;"BOA VISTA DAS MISSOES";"Pista Escorregadia";"Saída de leito carroçável";"Com Vítimas Feridas";"Pleno dia";"Decrescente";"Chuva";"Simples";"Reta";"Não";2;0;2;0;0;0;2;1;"-27.756449";"-53.318722";"SR-RS";"DEL08";"UOP02/RS"
188926;2019-02-02;"7";"16:08:00";"RO";364;87,6;"VILHENA";"Falta de Atenção à Condução";"Queda de ocupante de veículo";"Com Vítimas Feridas";"Pleno dia";"Decrescente";"Nublado";"Simples";"Reta";"Não";1;0;1;0;0;0;1;1;"-12.386662";"-60.617199";"SR-RO";"DEL21/4";"UOP03/RO"
188927;2019-02-02;"7";"17:20:00";"PI";316;4,9;"TERESINA";"Falta de Atenção à Condução";"Colisão traseira";"Com Vítimas Feridas";"Pleno dia";"Crescente";"Nublado";"Múltipla";"Reta";"Sim";3;0;1;1;1;0;2;2;"-5.136601";"-42.788982";"SR-PI";"DEL17/1";"UOP02/PI"
188928;2019-02-02;"7";"15:20:00";"RJ";101;314;"SAO GONCALO";"Falta de Atenção à Condução";"Colisão traseira";"Com Vítimas Feridas";"Pleno dia";"Decrescente";"Céu Claro";"Simples";"Reta";"Sim";2;0;1;0;1;0;1;2;"-22.816507";"-43.077309";"SR-RJ";"DEL5/2";"UOP02/RJ"
188929;2019-02-02;"7";"17:20:00";"PR";476;136;"CURITIBA";"Desobediência às normas de trânsito pelo condutor";"Queda de ocupante de veículo";"Sem Vítimas";"Pleno dia";"Crescente";"Chuva";"Dupla";"Reta";"Sim";4;0;0;0;0;4;0;2;"-25.491047";"-49.271679";"SR-PR";"DEL7/1";"UOP06/PR"
188930;2019-02-02;"7";"18:45:00";"CE";20;416;"MARACANAU";"Desobediência às normas de trânsito pelo condutor";"Colisão transversal";"Com Vítimas Fatais";"Plena Noite";"Crescente";"Céu Claro";"Dupla";"Não Informado";"Sim";3;1;0;0;1;1;0;3;"-3.83492393";"-38.61099958";"SR-CE";"DEL16/1";"UOP02/CE"
188932;2019-02-02;"7";"18:10:00";"MS";163;257,4;"DOURADOS";"Ultrapassagem Indevida";"Tombamento";"Com Vítimas Feridas";"Pleno dia";"Crescente";"Céu Claro";"Dupla";"Reta";"Não";4;0;2;0;0;2;2;2;"-22.25900764";"-54.78956543";"SR-MS";"DEL3/4";"UOP01/MS"
188933;2019-02-02;"7";"17:30:00";"ES";262;1;"CARIACICA";"Falta de Atenção à Condução";"Colisão traseira";"Com Vítimas Feridas";"Pleno dia";"Decrescente";"Céu Claro";"Múltipla";"Interseção de vias";"Sim";2;0;1;0;1;0;1;2;"-20.3286";"-40.355";"SR-ES";"DEL12/1";"UOP01/ES"
188934;2019-02-02;"7";"17:50:00";"MA";10;255;"IMPERATRIZ";"Ingestão de Álcool";"Colisão traseira";"Com Vítimas Feridas";"Anoitecer";"Decrescente";"Céu Claro";"Simples";"Reta";"Sim";4;0;1;0;3;0;1;2;"-5.508798";"-47.471718";"SR-MA";"DEL18/4";"UOP01/MA"
188935;2019-02-02;"7";"20:50:00";"SC";470;50,4;"BLUMENAU";"Ingestão de Álcool";"Colisão frontal";"Com Vítimas Feridas";"Plena Noite";"Crescente";"Chuva";"Simples";"Curva";"Sim";5;0;4;0;1;0;4;2;"-26.85976104";"-49.0754244";"SR-SC";"DEL8/4";"UOP01/SC"
188937;2019-02-02;"7";"16:30:00";"PR";476;233,2;"LAPA";"Falta de Atenção à Condução";"Colisão lateral";"Com Vítimas Feridas";"Pleno dia";"Decrescente";"Chuva";"Simples";"Curva";"Não";3;0;1;0;2;0;1;2;"-25.882042";"-50.008629";"SR-PR";"DEL7/2";"UOP03/PR"
188938;2019-02-02;"7";"18:15:00";"PI";343;305;"ALTOS";"Falta de Atenção à Condução";"Tombamento";"Com Vítimas Feridas";"Plena Noite";"Crescente";"Chuva";"Simples";"Reta";"Sim";2;0;1;0;1;0;1;2;"-5.03444";"-42.443382";"SR-PI";"DEL17/1";"UOP01/PI"
188939;2019-02-02;"7";"19:50:00";"PE";104;45;"CARUARU";"Agressão Externa";"Colisão com objeto estático";"Com Vítimas Feridas";"Plena Noite";"Decrescente";"Céu Claro";"Dupla";"Reta";"Não";1;0;1;0;0;0;1;1;"-8.115329";"-36.006553";"SR-PE";"DEL11/2";"UOP01/PE"
188940;2019-02-02;"7";"12:05:00";"PR";376;450,9;"TIBAGI";"Velocidade Incompatível";"Saída de leito carroçável";"Com Vítimas Feridas";"Pleno dia";"Crescente";"Sol";"Dupla";"Curva";"Não";1;0;1;0;0;0;1;1;"-24.87713178";"-50.44222355";"SR-PR";"DEL7/3";"UOP05/PR"
188941;2019-02-02;"7";"18:30:00";"PI";343;449;"AGUA BRANCA";"Objeto estático sobre o leito carroçável";"Colisão com objeto estático";"Com Vítimas Fatais";"Plena Noite";"Crescente";"Chuva";"Simples";"Reta";"Não";3;1;0;1;1;0;1;2;"-5.909009";"-42.68177";"SR-PI";"DEL17/1";"UOP02/PI"
188942;2019-02-02;"7";"21:15:00";"GO";40;2;"VALPARAISO DE GOIAS";"Ingestão de Álcool";"Colisão frontal";"Com Vítimas Feridas";"Plena Noite";"Crescente";"Céu Claro";"Dupla";"Interseção de vias";"Sim";3;0;1;0;2;0;1;2;"-16.067129";"-47.984235";"SR-DF";"GO";"UOP01/DF"
188944;2019-02-02;"7";"21:10:00";"SC";101;10;"GARUVA";"Desobediência às normas de trânsito pelo condutor";"Colisão frontal";"Com Vítimas Feridas";"Plena Noite";"Crescente";"Chuva";"Simples";"Curva";"Sim";3;0;1;1;1;0;2;2;"-26.0722";"-48.8608";"SR-SC";"DEL8/3";"UOP01/SC"
188945;2019-02-02;"7";"20:20:00";"SC";101;314,4;"LAGUNA";"Ingestão de Álcool";"Capotamento";"Com Vítimas Feridas";"Plena Noite";"Crescente";"Chuva";"Dupla";"Não Informado";"Não";3;0;1;1;1;0;2;1;"-28.4353";"-48.8347";"SR-SC";"DEL8/2";"UOP01/SC"
188946;2019-02-02;"7";"20:20:00";"RN";101;99,1;"NATAL";"Falta de Atenção do Pedestre";"Atropelamento de Pedestre";"Com Vítimas Feridas";"Plena Noite";"Crescente";"Nublado";"Múltipla";"Curva";"Sim";2;0;1;0;1;0;1;1;"-5.87365";"-35.220673";"SR-RN";"DEL15/1";"UOP01/RN"
188948;2019-02-02;"7";"21:20:00";"SC";101;195;"BIGUACU";"Falta de Atenção à Condução";"Colisão traseira";"Sem Vítimas";"Plena Noite";"Decrescente";"Chuva";"Múltipla";"Reta";"Sim";2;0;0;0;2;0;0;2;"-27.511";"-48.643";"SR-SC";"DEL8/1";"UOP01/SC"
188949;2019-02-02;"7";"20:20:00";"ES";101;293;"CARIACICA";"Velocidade Incompatível";"Tombamento";"Com Vítimas Feridas";"Plena Noite";"Crescente";"Céu Claro";"Dupla";"Retorno Regulamentado";"Sim";2;0;1;0;1;0;1;1;"-20.30687889";"-40.39518356";"SR-ES";"DEL12/1";"UOP01/ES"
188951;2019-02-02;"7";"21:40:00";"DF";60;4,3;"BRASILIA";"Desobediência às normas de trânsito pelo condutor";"Colisão traseira";"Com Vítimas Feridas";"Plena Noite";"Crescente";"Céu Claro";"Dupla";"Retorno Regulamentado";"Sim";6;0;2;0;2;2;2;2;"-15.892721";"-48.095741";"SR-DF";"DF";"UOP03/DF"
188952;2019-02-02;"7";"21:40:00";"SP";116;224;"GUARULHOS";"Não guardar distância de segurança";"Colisão traseira";"Com Vítimas Feridas";"Plena Noite";"Crescente";"Céu Claro";"Múltipla";"Reta";"Sim";4;0;1;0;3;0;1;3;"-23.48213855";"-46.53563871";"SR-SP";"DEL6/1";"UOP01/SP"
188953;2019-02-02;"7";"22:20:00";"SC";470;74,2;"INDAIAL";"Desobediência às normas de trânsito pelo condutor";"Colisão transversal";"Com Vítimas Feridas";"Plena Noite";"Crescente";"Chuva";"Simples";"Reta";"Não";2;0;1;1;0;0;2;2;"-26.916288";"-49.280807";"SR-SC";"DEL8/4";"UOP01/SC"
188954;2019-02-02;"7";"20:50:00";"SC";280;30,2;"ARAQUARI";"Falta de Atenção à Condução";"Colisão transversal";"Com Vítimas Feridas";"Plena Noite";"Decrescente";"Chuva";"Simples";"Reta";"Não";2;0;1;0;1;0;1;2;"-26.414183";"-48.762218";"SR-SC";"DEL8/3";"UOP03/SC"
188955;2019-02-02;"7";"20:45:00";"PB";230;16;"JOAO PESSOA";"Desobediência às normas de trânsito pelo condutor";"Colisão lateral";"Com Vítimas Feridas";"Plena Noite";"Crescente";"Céu Claro";"Dupla";"Desvio Temporário";"Sim";5;0;1;2;1;1;3;3;"-7.1039";"-34.8458";"SR-PB";"DEL14/1";"UOP00/PB"
188956;2019-02-02;"7";"21:15:00";"PB";101;86;"JOAO PESSOA";"Falta de Atenção à Condução";"Colisão traseira";"Com Vítimas Feridas";"Plena Noite";"Decrescente";"Céu Claro";"Dupla";"Reta";"Sim";2;0;0;1;1;0;1;2;"-7.1617";"-34.9037";"SR-PB";"DEL14/1";"UOP00/PB"
188957;2019-02-02;"7";"17:15:00";"SC";282;534,7;"CHAPECO";"Falta de Atenção à Condução";"Colisão frontal";"Com Vítimas Feridas";"Pleno dia";"Decrescente";"Chuva";"Simples";"Curva";"Sim";4;0;4;0;0;0;4;2;"-26.99608706";"-52.63936043";"SR-SC";"DEL7";"UOP01/SC"
188958;2019-02-02;"7";"20:00:00";"BA";101;806;"ITAMARAJU";"Falta de Atenção à Condução";"Colisão transversal";"Com Vítimas Feridas";"Pleno dia";"Crescente";"Céu Claro";"Simples";"Reta";"Sim";2;0;0;1;1;0;1;2;"-17.0034";"-39.5503";"SR-BA";"DEL10/9";"UOP01/BA"
188959;2019-02-02;"7";"18:45:00";"MG";381;949,5;"EXTREMA";"Velocidade Incompatível";"Saída de leito carroçável";"Com Vítimas Feridas";"Plena Noite";"Crescente";"Céu Claro";"Dupla";"Não Informado";"Não";2;0;1;0;1;0;1;1;"-22.875048";"-46.366745";"SR-MG";"DEL09";"UOP03/MG"
188960;2019-02-02;"7";"22:20:00";"MG";40;547;"NOVA LIMA";"Avarias e/ou desgaste excessivo no pneu";"Tombamento";"Com Vítimas Feridas";"Plena Noite";"Crescente";"Céu Claro";"Dupla";"Não Informado";"Não";1;0;1;0;0;0;1;1;"-20.033";"-43.9691";"SR-MG";"DEL4/1";"UOP02/MG"
188962;2019-02-02;"7";"22:15:00";"PR";476;129,9;"CURITIBA";"Falta de Atenção à Condução";"Colisão lateral";"Com Vítimas Feridas";"Plena Noite";"Decrescente";"Nublado";"Múltipla";"Curva";"Sim";7;0;3;0;4;0;3;2;"-25.440983";"-49.233715";"SR-PR";"DEL7/1";"UOP06/PR"
188963;2019-02-02;"7";"21:30:00";"PR";163;125;"REALEZA";"Falta de Atenção à Condução";"Saída de leito carroçável";"Com Vítimas Feridas";"Plena Noite";"Crescente";"Chuva";"Simples";"Reta";"Não";2;0;1;0;1;0;1;1;"-25.602";"-53.5807";"SR-PR";"DEL7/2";"UOP04/PR"
188964;2019-02-02;"7";"20:50:00";"MA";222;672;"ACAILANDIA";"Falta de Atenção à Condução";"Saída de leito carroçável";"Com Vítimas Feridas";"Plena Noite";"Decrescente";"Céu Claro";"Simples";"Reta";"Não";2;0;1;1;0;0;2;1;"-4.93907693";"-47.46178692";"SR-MA";"DEL18/4";"UOP03/MA"
188965;2019-02-02;"7";"23:10:00";"PR";376;175,7;"MARINGA";"Desobediência às normas de trânsito pelo condutor";"Colisão transversal";"Com Vítimas Feridas";"Plena Noite";"Crescente";"Céu Claro";"Dupla";"Interseção de vias";"Sim";5;0;2;1;2;0;3;2;"-23.411356";"-51.940777";"SR-PR";"DEL7/7";"UOP04/PR"
188966;2019-02-02;"7";"21:40:00";"PB";101;37,5;"MAMANGUAPE";"Desobediência às normas de trânsito pelo condutor";"Colisão com objeto estático";"Sem Vítimas";"Plena Noite";"Decrescente";"Céu Claro";"Dupla";"Retorno Regulamentado";"Não";1;0;0;0;1;0;0;1;"-6.81537136";"-35.13885856";"SR-PB";"DEL14/1";"UOP03/PB"
188968;2019-02-02;"7";"21:30:00";"BA";410;2,2;"RIBEIRA DO POMBAL";"Ingestão de Álcool";"Queda de ocupante de veículo";"Com Vítimas Feridas";"Plena Noite";"Decrescente";"Céu Claro";"Simples";"Curva";"Sim";1;0;0;1;0;0;1;1;"-10.824676";"-38.545193";"SR-BA";"DEL10/7";"UOP02/BA"
188969;2019-02-02;"7";"22:05:00";"SP";116;152;"SAO JOSE DOS CAMPOS";"Falta de Atenção à Condução";"Colisão traseira";"Com Vítimas Feridas";"Plena Noite";"Crescente";"Céu Claro";"Múltipla";"Não Informado";"Sim";2;0;1;0;1;0;1;2;"-23.219809";"-45.899918";"SR-SP";"DEL6/2";"UOP01/SP"
188970;2019-02-02;"7";"23:55:00";"PR";376;280,5;"MARILANDIA DO SUL";"Ingestão de Álcool";"Colisão transversal";"Com Vítimas Fatais";"Plena Noite";"Crescente";"Céu Claro";"Simples";"Reta";"Não";2;1;0;0;1;0;0;2;"-23.82164016";"-51.26821518";"SR-PR";"DEL7/7";"UOP02/PR"
188971;2019-02-02;"7";"23:45:00";"SC";282;3,5;"FLORIANOPOLIS";"Falta de Atenção à Condução";"Colisão traseira";"Com Vítimas Feridas";"Plena Noite";"Crescente";"Nublado";"Múltipla";"Reta";"Sim";4;0;2;0;2;0;2;2;"-27.600384";"-48.599705";"SR-SC";"DEL8/1";"UOP01/SC"
188972;2019-02-02;"7";"22:20:00";"RS";293;348;"SANTANA DO LIVRAMENTO";"Animais na Pista";"Atropelamento de Animal";"Com Vítimas Feridas";"Plena Noite";"Decrescente";"Vento";"Simples";"Reta";"Sim";2;0;1;0;0;1;1;1;"-30.814615";"-55.597897";"SR-RS";"DEL9/11";"UOP01/RS"
188974;2019-02-02;"7";"23:45:00";"RS";116;255;"ESTEIO";"Velocidade Incompatível";"Colisão traseira";"Com Vítimas Feridas";"Plena Noite";"Decrescente";"Nublado";"Múltipla";"Reta";"Sim";2;0;1;0;1;0;1;2;"-29.83523";"-51.174843";"SR-RS";"DEL9/1";"UOP02/RS"
188975;2019-02-02;"7";"20:15:00";"MA";316;263;"SANTA INES";"Desobediência às normas de trânsito pelo pedestre";"Atropelamento de Pedestre";"Com Vítimas Feridas";"Plena Noite";"Decrescente";"Garoa/Chuvisco";"Múltipla";"Reta";"Sim";2;0;1;0;0;1;1;1;"-3.67144603";"-45.3642869";"SR-MA";"DEL18/2";"UOP02/MA"
188976;2019-02-02;"7";"21:00:00";"BA";110;274;"INHAMBUPE";"Agressão Externa";"Tombamento";"Sem Vítimas";"Plena Noite";"Decrescente";"Céu Claro";"Simples";"Reta";"Não";1;0;0;0;1;0;0;1;"-11.6417";"-38.3033";"SR-BA";"DEL10/1";"UOP04/BA"
188977;2019-02-02;"7";"23:40:00";"SP";116;488,7;"CAJATI";"Falta de Atenção à Condução";"Colisão traseira";"Com Vítimas Feridas";"Plena Noite";"Decrescente";"Céu Claro";"Dupla";"Reta";"Não";3;0;2;0;1;0;2;2;"-24.73591802";"-48.11771393";"SR-SP";"DEL6/5";"UOP02/SP"
188978;2019-02-02;"7";"23:30:00";"PE";423;97;"GARANHUNS";"Ingestão de Álcool";"Colisão traseira";"Sem Vítimas";"Plena Noite";"Decrescente";"Céu Claro";"Simples";"Reta";"Sim";2;0;0;0;1;1;0;2;"-8.876175";"-36.503635";"SR-PE";"DEL11/3";"UOP01/PE"
188979;2019-02-02;"7";"23:40:00";"CE";20;423,5;"MARACANAU";"Ingestão de Álcool";"Colisão frontal";"Com Vítimas Feridas";"Plena Noite";"Crescente";"Céu Claro";"Dupla";"Reta";"Sim";3;0;3;0;0;0;3;2;"-3.85499037";"-38.55538314";"SR-CE";"DEL16/1";"UOP02/CE"
188980;2019-02-03;"1";"00:30:00";"PE";104;19,5;"TAQUARITINGA DO NORTE";"Falta de Atenção à Condução";"Colisão com objeto estático";"Com Vítimas Fatais";"Plena Noite";"Decrescente";"Céu Claro";"Simples";"Não Informado";"Não";1;1;0;0;0;0;0;1;"-7.96602";"-36.12345";"SR-PE";"DEL11/2";"UOP01/PE"
188981;2019-02-03;"1";"00:35:00";"PA";163;1003;"SANTAREM";"Falta de Atenção à Condução";"Colisão traseira";"Com Vítimas Feridas";"Plena Noite";"Crescente";"Céu Claro";"Dupla";"Reta";"Sim";2;0;1;0;1;0;1;2;"-2.44258541";"-54.73113628";"SR-PA";"DEL19/5";"UOP01/PA"
188982;2019-02-03;"1";"01:15:00";"PR";277;725;"FOZ DO IGUACU";"Velocidade Incompatível";"Saída de leito carroçável";"Sem Vítimas";"Plena Noite";"Decrescente";"Garoa/Chuvisco";"Dupla";"Interseção de vias";"Sim";1;0;0;0;1;0;0;1;"-25.508245";"-54.5462";"SR-PR";"DEL7/5";"UOP03/PR"
188983;2019-02-03;"1";"02:00:00";"RS";116;235;"NOVO HAMBURGO";"Velocidade Incompatível";"Capotamento";"Sem Vítimas";"Plena Noite";"Decrescente";"Nublado";"Dupla";"Reta";"Sim";2;0;0;0;2;0;0;1;"-29.660376";"-51.143867";"SR-RS";"DEL9/1";"UOP02/RS"
188984;2019-02-03;"1";"02:00:00";"MG";40;505;"RIBEIRAO DAS NEVES";"Falta de Atenção à Condução";"Saída de leito carroçável";"Com Vítimas Feridas";"Plena Noite";"Decrescente";"Céu Claro";"Dupla";"Reta";"Sim";1;0;1;0;0;0;1;1;"-19.7504";"-44.1449";"SR-MG";"DEL4/2";"UOP01/MG"
188985;2019-02-03;"1";"01:40:00";"SP";381;82,2;"SAO PAULO";"Defeito Mecânico no Veículo";"Incêndio";"Sem Vítimas";"Plena Noite";"Crescente";"Nublado";"Dupla";"Reta";"Sim";1;0;0;0;0;1;0;1;"-23.43399347";"-46.56904985";"SR-SP";"DEL6/3";"UOP02/SP"
188987;2019-02-03;"1";"01:45:00";"RS";290;150,9;"ARROIO DOS RATOS";"Velocidade Incompatível";"Colisão com objeto estático";"Com Vítimas Fatais";"Plena Noite";"Decrescente";"Céu Claro";"Simples";"Reta";"Não";1;1;0;0;0;0;0;1;"-30.105978";"-51.706875";"SR-RS";"DEL9/2";"UOP01/RS"
188988;2019-02-03;"1";"01:00:00";"MT";364;399;"CUIABA";"Defeito Mecânico no Veículo";"Colisão com objeto estático";"Sem Vítimas";"Plena Noite";"Crescente";"Céu Claro";"Simples";"Reta";"Não";1;0;0;0;1;0;0;1;"-15.679162";"-55.930019";"SR-MT";"DEL2/1";"UOP01/MT"
188989;2019-02-03;"1";"00:55:00";"PR";369;159;"CAMBE";"Falta de Atenção à Condução";"Capotamento";"Com Vítimas Feridas";"Plena Noite";"Crescente";"Céu Claro";"Dupla";"Reta";"Não";2;0;1;0;1;0;1;1;"-23.283";"-51.25";"SR-PR";"DEL7/7";"UOP01/PR"
188990;2019-02-03;"1";"03:20:00";"PR";476;125;"CURITIBA";"Falta de Atenção à Condução";"Colisão lateral";"Sem Vítimas";"Plena Noite";"Decrescente";"Nublado";"Dupla";"Reta";"Sim";3;0;0;0;3;0;0;2;"-25.4083";"-49.219658";"SR-PR";"DEL7/1";"UOP06/PR"
188991;2019-02-03;"1";"01:45:00";"PE";407;124;"PETROLINA";"Condutor Dormindo";"Colisão lateral";"Sem Vítimas";"Plena Noite";"Crescente";"Céu Claro";"Dupla";"Interseção de vias";"Não";2;0;0;0;1;1;0;2;"-9.37581785";"-40.53826332";"SR-PE";"DEL11/6";"UOP01/PE"
188992;2019-02-03;"1";"03:45:00";"GO";40;6,8;"VALPARAISO DE GOIAS";"Velocidade Incompatível";"Colisão traseira";"Com Vítimas Feridas";"Plena Noite";"Crescente";"Céu Claro";"Dupla";"Reta";"Sim";4;0;2;0;1;1;2;2;"-16.100814";"-47.977351";"SR-DF";"GO";"UOP01/DF"
188993;2019-02-03;"1";"01:30:00";"MG";116;408;"GOVERNADOR VALADARES";"Mal Súbito";"Saída de leito carroçável";"Com Vítimas Feridas";"Plena Noite";"Decrescente";"Céu Claro";"Dupla";"Reta";"Sim";2;0;2;0;0;0;2;1;"-18.83929594";"-41.98681804";"SR-MG";"DEL4/6";"UOP01/MG"
188994;2019-02-03;"1";"03:00:00";"SC";470;140,8;"RIO DO SUL";"Ingestão de Álcool";"Colisão com objeto estático";"Com Vítimas Feridas";"Plena Noite";"Crescente";"Nublado";"Simples";"Reta";"Não";1;0;1;0;0;0;1;1;"-27.222485";"-49.662827";"SR-SC";"DEL8/4";"UOP02/SC"
188995;2019-02-03;"1";"04:10:00";"GO";153;427,8;"ANAPOLIS";"Defeito na Via";"Tombamento";"Com Vítimas Feridas";"Plena Noite";"Decrescente";"Céu Claro";"Dupla";"Reta";"Não";1;0;1;0;0;0;1;1;"-16.229342";"-49.009438";"SR-GO";"DEL1/2";"UOP01/GO"
188996;2019-02-03;"1";"04:20:00";"GO";153;408,5;"PIRENOPOLIS";"Ingestão de Álcool";"Tombamento";"Com Vítimas Feridas";"Plena Noite";"Decrescente";"Céu Claro";"Simples";"Reta";"Não";1;0;1;0;0;0;1;1;"-16.081564";"-49.04475";"SR-GO";"DEL1/2";"UOP01/GO"
188997;2019-02-03;"1";"04:50:00";"GO";153;302;"RIALMA";"Animais na Pista";"Atropelamento de Animal";"Com Vítimas Feridas";"Plena Noite";"Decrescente";"Céu Claro";"Simples";"Reta";"Sim";1;0;1;0;0;0;1;1;"-15.294864";"-49.568897";"SR-GO";"DEL1/2";"UOP02/GO"
188998;2019-02-03;"1";"05:00:00";"SP";116;86,3;"PINDAMONHANGABA";"Falta de Atenção à Condução";"Saída de leito carroçável";"Com Vítimas Feridas";"Plena Noite";"Crescente";"Céu Claro";"Múltipla";"Reta";"Sim";1;0;1;0;0;0;1;1;"-22.926437";"-45.353161";"SR-SP";"DEL6";"UOP01/SP"
188999;2019-02-03;"1";"03:40:00";"MG";50;171,9;"UBERABA";"Velocidade Incompatível";"Colisão com objeto estático";"Com Vítimas Feridas";"Plena Noite";"Decrescente";"Céu Claro";"Dupla";"Retorno Regulamentado";"Sim";4;0;0;4;0;0;4;1;"-19.7539";"-47.9807";"SR-MG";"DEL13";"UOP01/MG"
189000;2019-02-03;"1";"03:30:00";"SP";116;187,1;"SANTA ISABEL";"Falta de Atenção à Condução";"Capotamento";"Com Vítimas Feridas";"Plena Noite";"Crescente";"Céu Claro";"Dupla";"Desvio Temporário";"Sim";1;0;1;0;0;0;1;1;"-23.35439138";"-46.20317459";"SR-SP";"DEL6/2";"UOP01/SP"
189001;2019-02-02;"7";"08:00:00";"SC";101;169,9;"TIJUCAS";"Defeito Mecânico no Veículo";"Tombamento";"Com Vítimas Feridas";"Pleno dia";"Crescente";"Nublado";"Dupla";"Reta";"Não";2;0;1;0;1;0;1;1;"-27.2957";"-48.6312";"SR-SC";"DEL8/4";"UOP03/SC"
189002;2019-02-02;"7";"08:00:00";"MS";163;105;"ITAQUIRAI";"Falta de Atenção à Condução";"Saída de leito carroçável";"Com Vítimas Feridas";"Pleno dia";"Crescente";"Céu Claro";"Dupla";"Desvio Temporário";"Não";2;0;1;0;1;0;1;1;"-23.236958";"-54.222202";"SR-MS";"DEL3/09";"UOP01/MS"