"id";"data_inversa";"dia_semana";"horario";"uf";"br";"km";"municipio";"causa_acidente";"tipo_acidente";"classificacao_acidente";"fase_dia";"sentido_via";"condicao_metereologica";"tipo_pista";"tracado_via";"uso_solo";"pessoas";"mortos";"feridos_leves";"feridos_graves";"ilesos";"ignorados";"feridos";"veiculos";"latitude";"longitude";"regional";"delegacia";"uop"
189003;2019-02-03;"1";"05:33:00";"MS";163;728;"COXIM";"Desobediência às normas de trânsito pelo condutor";"Colisão transversal";"Com Vítimas Feridas";"Plena Noite";"Crescente";"Céu Claro";"Simples";"Reta";"Sim";3;0;1;0;1;1;1;2;"-18.52440645";"-54.73971248";"SR-MS";"DEL3/6";"UOP01/MS"
189004;2019-02-03;"1";"04:30:00";"PE";424;25,5;"PEDRA";"Mal Súbito";"Capotamento";"Com Vítimas Feridas";"Plena Noite";"Decrescente";"Céu Claro";"Simples";"Desvio Temporário";"Não";2;0;2;0;0;0;2;1;"-8.547674";"-36.904873";"SR-PE";"DEL11/3";"UOP02/PE"
189005;2019-02-03;"1";"05:45:00";"PR";476;136;"CURITIBA";"Ingestão de Álcool";"Colisão traseira";"Sem Vítimas";"Amanhecer";"Decrescente";"Nublado";"Múltipla";"Reta";"Sim";2;0;0;0;2;0;0;2;"-25.491047";"-49.271679";"SR-PR";"DEL7/1";"UOP06/PR"
189007;2019-02-03;"1";"06:47:00";"RN";304;289;"MACAIBA";"Falta de Atenção à Condução";"Colisão traseira";"Com Vítimas Feridas";"Pleno dia";"Decrescente";"Céu Claro";"Simples";"Reta";"Não";4;0;3;0;1;0;3;4;"-5.864849";"-35.349312";"SR-RN";"DEL15/1";"UOP02/RN"
189008;2019-02-03;"1";"07:05:00";"PR";163;265;"TOLEDO";"Falta de Atenção à Condução";"Queda de ocupante de veículo";"Com Vítimas Feridas";"Pleno dia";"Decrescente";"Céu Claro";"Simples";"Não Informado";"Não";2;0;1;0;1;0;1;1;"-24.63188211";"-53.88038635";"SR-PR";"DEL7/4";"UOP01/PR"
189009;2019-02-03;"1";"06:30:00";"PB";230;15,8;"JOAO PESSOA";"Velocidade Incompatível";"Saída de leito carroçável";"Sem Vítimas";"Pleno dia";"Crescente";"Chuva";"Dupla";"Não Informado";"Sim";1;0;0;0;0;1;0;1;"-7.093";"-34.8482";"SR-PB";"DEL14/1";"UOP00/PB"
189010;2019-02-03;"1";"06:00:00";"AL";101;238;"PORTO REAL DO COLEGIO";"Pista Escorregadia";"Saída de leito carroçável";"Sem Vítimas";"Amanhecer";"Crescente";"Garoa/Chuvisco";"Dupla";"Curva";"Não";1;0;0;0;1;0;0;1;"-10.175445";"-36.824844";"SR-AL";"DEL13/2";"UOP02/AL"
189011;2019-02-03;"1";"07:30:00";"MG";262;360,2;"BETIM";"Ingestão de Álcool";"Colisão lateral";"Com Vítimas Feridas";"Pleno dia";"Decrescente";"Sol";"Dupla";"Não Informado";"Não";3;0;2;0;1;0;2;2;"-19.9726";"-44.279";"SR-MG";"DEL4/1";"UOP03/MG"
189013;2019-02-03;"1";"07:30:00";"RJ";40;84;"PETROPOLIS";"Velocidade Incompatível";"Tombamento";"Com Vítimas Feridas";"Pleno dia";"Crescente";"Céu Claro";"Simples";"Não Informado";"Não";2;0;2;0;0;0;2;1;"-22.52408585";"-43.23686203";"SR-RJ";"DEL5/6";"UOP03/RJ"
189014;2019-02-03;"1";"06:00:00";"ES";262;35;"1S MARTINS";"Falta de Atenção à Condução";"Queda de ocupante de veículo";"Com Vítimas Feridas";"Amanhecer";"Decrescente";"Sol";"Simples";"Reta";"Não";1;0;0;1;0;0;1;1;"-20.3773";"-40.5947";"SR-ES";"DEL12/1";"UOP01/ES"
189015;2019-02-03;"1";"01:49:00";"RR";174;174;"RORAINOPOLIS";"Condutor Dormindo";"Colisão frontal";"Com Vítimas Fatais";"Pleno dia";"Crescente";"Céu Claro";"Simples";"Reta";"Não";4;1;0;0;1;2;0;2;"0.609956";"-60.461037";"SR-RR";"UOP01/RR";""
189016;2019-01-31;"5";"04:30:00";"MG";50;53,2;"ARAGUARI";"Falta de Atenção à Condução";"Saída de leito carroçável";"Sem Vítimas";"Plena Noite";"Decrescente";"Céu Claro";"Dupla";"Reta";"Não";1;0;0;0;1;0;0;1;"-18.7703";"-48.2455";"SR-MG";"DEL4/15";"UOP02/MG"
189017;2019-02-03;"1";"08:00:00";"ES";262;19;"VIANA";"Desobediência às normas de trânsito pelo condutor";"Colisão frontal";"Com Vítimas Feridas";"Pleno dia";"Crescente";"Sol";"Simples";"Reta";"Sim";3;0;0;2;1;0;2;2;"-20.3932";"-40.4863";"SR-ES";"DEL12/1";"UOP01/ES"
189019;2019-02-03;"1";"08:30:00";"GO";153;497;"GOIANIA";"Defeito Mecânico no Veículo";"Queda de ocupante de veículo";"Com Vítimas Feridas";"Pleno dia";"Decrescente";"Sol";"Dupla";"Reta";"Não";2;0;2;0;0;0;2;1;"-16.6854";"-49.2338";"SR-GO";"DEL1/1";"UOP01/GO"
189020;2019-02-03;"1";"05:40:00";"SC";280;18;"SAO FRANCISCO DO SUL";"Condutor Dormindo";"Colisão com objeto estático";"Com Vítimas Feridas";"Amanhecer";"Decrescente";"Céu Claro";"Simples";"Reta";"Não";1;0;1;0;0;0;1;1;"-26.36388496";"-48.66421402";"SR-SC";"DEL8/3";"UOP03/SC"
189021;2019-01-22;"3";"07:55:00";"PR";373;176,4;"PONTA GROSSA";"Falta de Atenção à Condução";"Atropelamento de Pedestre";"Com Vítimas Fatais";"Pleno dia";"Crescente";"Sol";"Dupla";"Reta";"Sim";5;1;0;0;3;1;0;1;"-25.05893298";"-50.22171915";"SR-PR";"DEL7/3";"UOP01/PR"
189024;2019-02-03;"1";"08:10:00";"RJ";356;162;"SAO JOAO DA BARRA";"Falta de Atenção à Condução";"Colisão com objeto estático";"Com Vítimas Feridas";"Pleno dia";"Crescente";"Céu Claro";"Simples";"Reta";"Não";1;0;1;0;0;0;1;1;"-21.718328";"-41.109524";"SR-RJ";"DEL5/8";"UOP02/RJ"
189026;2019-02-03;"1";"08:55:00";"MG";40;38,8;"PARACATU";"Falta de Atenção à Condução";"Colisão traseira";"Com Vítimas Feridas";"Pleno dia";"Decrescente";"Céu Claro";"Simples";"Reta";"Não";3;0;2;0;1;0;2;2;"-17.210501";"-46.899467";"SR-MG";"DEL4/14";"UOP01/MG"
189027;2019-02-03;"1";"09:00:00";"GO";60;138;"GOIANIA";"Falta de Atenção à Condução";"Colisão transversal";"Com Vítimas Feridas";"Pleno dia";"Decrescente";"Sol";"Simples";"Reta";"Sim";3;0;2;0;1;0;2;2;"-16.6117";"-49.2053";"SR-GO";"DEL1/1";"UOP01/GO"
189028;2019-02-03;"1";"08:00:00";"BA";110;395;"SAO SEBASTIAO DO PASSE";"Falta de Atenção à Condução";"Colisão transversal";"Sem Vítimas";"Pleno dia";"Decrescente";"Céu Claro";"Simples";"Reta";"Sim";2;0;0;0;2;0;0;2;"-12.5294";"-38.5016";"SR-BA";"DEL10/1";"UOP01/BA"
189029;2019-02-03;"1";"09:00:00";"RS";290;16,3;"SANTO ANTONIO DA PATRULHA";"Condutor Dormindo";"Colisão traseira";"Com Vítimas Feridas";"Pleno dia";"Crescente";"Nublado";"Dupla";"Reta";"Não";3;0;1;0;2;0;1;2;"-29.876266";"-50.426552";"SR-RS";"DEL9/3";"UOP02/RS"
189030;2019-02-03;"1";"08:00:00";"CE";222;3;"FORTALEZA";"Falta de Atenção à Condução";"Queda de ocupante de veículo";"Com Vítimas Feridas";"Pleno dia";"Crescente";"Céu Claro";"Múltipla";"Reta";"Sim";2;0;0;1;0;1;1;2;"-3.740385";"-38.595749";"SR-CE";"DEL16/1";"UOP01/CE"
189031;2019-02-03;"1";"06:15:00";"RS";470;249;"BARAO";"Velocidade Incompatível";"Saída de leito carroçável";"Com Vítimas Feridas";"Pleno dia";"Crescente";"Chuva";"Simples";"Não Informado";"Não";1;0;1;0;0;0;1;1;"-29.4028643";"-51.5109567";"SR-RS";"DEL9/6";"UOP01/RS"
189032;2019-02-03;"1";"06:40:00";"AL";104;54,7;"MURICI";"Velocidade Incompatível";"Saída de leito carroçável";"Com Vítimas Feridas";"Pleno dia";"Decrescente";"Chuva";"Simples";"Curva";"Não";4;0;4;0;0;0;4;1;"-9.30688";"-35.940841";"SR-AL";"DEL13/1";"UOP02/AL"
189033;2019-02-03;"1";"09:30:00";"SP";116;67,2;"GUARATINGUETA";"Desobediência às normas de trânsito pelo condutor";"Colisão traseira";"Com Vítimas Feridas";"Pleno dia";"Decrescente";"Céu Claro";"Simples";"Rotatória";"Sim";2;0;1;0;1;0;1;2;"-22.828665";"-45.20887";"SR-SP";"DEL6/8";"UOP02/SP"
189034;2019-02-03;"1";"10:00:00";"RS";386;375;"PAVERAMA";"Velocidade Incompatível";"Saída de leito carroçável";"Com Vítimas Feridas";"Pleno dia";"Crescente";"Chuva";"Dupla";"Curva";"Não";3;0;1;0;2;0;1;1;"-29.61517723";"-51.80010796";"SR-RS";"DEL9/4";"UOP02/RS"
189035;2019-02-03;"1";"09:40:00";"RJ";493;2;"ITABORAI";"Ultrapassagem Indevida";"Colisão frontal";"Com Vítimas Feridas";"Pleno dia";"Crescente";"Céu Claro";"Simples";"Não Informado";"Não";2;0;0;1;1;0;1;2;"-22.760921";"-42.934193";"SR-RJ";"DEL5/4";"UOP02/RJ"
189036;2019-02-03;"1";"06:00:00";"RO";364;449;"JARU";"Falta de Atenção à Condução";"Colisão transversal";"Sem Vítimas";"Pleno dia";"Crescente";"Céu Claro";"Simples";"Reta";"Não";2;0;0;0;2;0;0;2;"-10.305009";"-62.64645";"SR-RO";"DEL21/3";"UOP02/RO"
189037;2019-02-03;"1";"10:30:00";"ES";262;101;"VENDA NOVA DO IMIGRANTE";"Falta de Atenção à Condução";"Queda de ocupante de veículo";"Com Vítimas Feridas";"Pleno dia";"Crescente";"Sol";"Simples";"Desvio Temporário";"Não";1;0;1;0;0;0;1;1;"-20.3438";"-41.1098";"SR-ES";"DEL12/1";"UOP02/ES"
189039;2019-02-03;"1";"09:30:00";"AL";101;129;"SAO MIGUEL DOS CAMPOS";"Falta de Atenção à Condução";"Colisão transversal";"Com Vítimas Feridas";"Pleno dia";"Decrescente";"Nublado";"Simples";"Interseção de vias";"Não";2;0;0;1;1;0;1;2;"-9.749633";"-36.065311";"SR-AL";"DEL13/2";"UOP01/AL"
189040;2019-02-03;"1";"08:10:00";"CE";222;0,2;"CAUCAIA";"Falta de Atenção à Condução";"Colisão transversal";"Com Vítimas Feridas";"Pleno dia";"Decrescente";"Nublado";"Múltipla";"Interseção de vias";"Sim";2;0;1;0;1;0;1;2;"-3.736774";"-38.56923";"SR-CE";"DEL16/1";"UOP01/CE"
189041;2019-02-03;"1";"11:00:00";"MG";381;488,1;"BETIM";"Falta de Atenção à Condução";"Capotamento";"Com Vítimas Feridas";"Pleno dia";"Crescente";"Sol";"Simples";"Reta";"Sim";3;0;3;0;0;0;3;1;"-19.9562";"-44.1335";"SR-MG";"DEL4/1";"UOP03/MG"
189042;2019-02-03;"1";"10:35:00";"RJ";116;220;"PIRAI";"Falta de Atenção à Condução";"Tombamento";"Sem Vítimas";"Pleno dia";"Decrescente";"Nublado";"Simples";"Curva";"Não";1;0;0;0;1;0;0;1;"-22.700907";"-43.757046";"SR-RJ";"DEL5/7";"UOP01/RJ"
189043;2019-02-03;"1";"07:00:00";"RJ";493;99,9;"ITAGUAI";"Ingestão de Álcool";"Saída de leito carroçável";"Com Vítimas Feridas";"Pleno dia";"Crescente";"Céu Claro";"Dupla";"Reta";"Não";1;0;1;0;0;0;1;1;"-22.73826916";"-43.72052193";"SR-RJ";"DEL5/3";"UOP01/RJ"
189044;2019-02-03;"1";"11:15:00";"MG";381;598,1;"CARMOPOLIS DE MINAS";"Condutor Dormindo";"Saída de leito carroçável";"Com Vítimas Feridas";"Pleno dia";"Decrescente";"Céu Claro";"Dupla";"Curva";"Não";3;0;1;0;2;0;1;1;"-20.5992";"-44.7105";"SR-MG";"DEL4/4";"UOP01/MG"
189045;2019-02-03;"1";"09:00:00";"PB";230;291,1;"SANTA LUZIA";"Falta de Atenção do Pedestre";"Atropelamento de Pedestre";"Com Vítimas Fatais";"Pleno dia";"Decrescente";"Céu Claro";"Simples";"Reta";"Sim";2;1;0;0;1;0;0;2;"-6.8691";"-36.9142";"SR-PB";"DEL14/3";"UOP01/PB"
189046;2019-02-03;"1";"10:10:00";"PE";101;102,4;"CABO DE SANTO AGOSTINHO";"Falta de Atenção à Condução";"Colisão frontal";"Com Vítimas Feridas";"Pleno dia";"Crescente";"Nublado";"Simples";"Curva";"Sim";2;0;1;0;1;0;1;2;"-8.285452";"-35.058605";"SR-PE";"DEL11/1";"UOP03/PE"
189047;2019-02-03;"1";"09:50:00";"SC";282;222,4;"LAGES";"Condutor Dormindo";"Saída de leito carroçável";"Com Vítimas Feridas";"Pleno dia";"Crescente";"Garoa/Chuvisco";"Simples";"Curva";"Não";1;0;1;0;0;0;1;1;"-27.797739";"-50.353409";"SR-SC";"DEL8/5";"UOP01/SC"
189048;2019-02-03;"1";"10:30:00";"MG";381;430;"CAETE";"Defeito na Via";"Tombamento";"Com Vítimas Feridas";"Pleno dia";"Decrescente";"Céu Claro";"Simples";"Curva";"Não";1;0;0;1;0;0;1;1;"-19.78964153";"-43.67237091";"SR-MG";"DEL4/1";"UOP01/MG"
189049;2019-02-03;"1";"11:20:00";"RS";471;150,5;"SANTA CRUZ DO SUL";"Desobediência às normas de trânsito pelo condutor";"Colisão frontal";"Com Vítimas Feridas";"Pleno dia";"Decrescente";"Céu Claro";"Simples";"Reta";"Sim";2;0;0;1;1;0;1;2;"-29.817495";"-52.403397";"SR-RS";"DEL9/2";"UOP03/RS"
189050;2019-02-03;"1";"10:30:00";"SC";282;236,1;"LAGES";"Falta de Atenção à Condução";"Saída de leito carroçável";"Com Vítimas Feridas";"Pleno dia";"Decrescente";"Garoa/Chuvisco";"Simples";"Curva";"Não";3;0;2;0;1;0;2;1;"-27.787489";"-50.482494";"SR-SC";"DEL8/5";"UOP02/SC"
189051;2019-02-03;"1";"12:15:00";"RJ";116;230;"PIRAI";"Agressão Externa";"Colisão com objeto estático";"Sem Vítimas";"Pleno dia";"Crescente";"Céu Claro";"Simples";"Curva";"Sim";1;0;0;0;1;0;0;1;"-22.663553";"-43.840622";"SR-RJ";"DEL5/7";"UOP01/RJ"
189053;2019-02-03;"1";"12:00:00";"GO";153;347,3;"JARAGUA";"Defeito na Via";"Saída de leito carroçável";"Com Vítimas Feridas";"Pleno dia";"Decrescente";"Céu Claro";"Simples";"Desvio Temporário";"Não";5;0;1;0;4;0;1;1;"-15.645235";"-49.368702";"SR-GO";"DEL1/2";"UOP02/GO"
189054;2019-02-03;"1";"04:30:00";"MG";365;622;"UBERLANDIA";"Falta de Atenção à Condução";"Colisão com objeto estático";"Com Vítimas Feridas";"Plena Noite";"Decrescente";"Céu Claro";"Simples";"Reta";"Sim";2;0;1;1;0;0;2;1;"-18.8974";"-48.2715";"SR-MG";"DEL4/15";"UOP01/MG"
189055;2019-01-15;"3";"05:20:00";"GO";50;295,4;"CATALAO";"Condutor Dormindo";"Colisão frontal";"Com Vítimas Fatais";"Plena Noite";"Crescente";"Céu Claro";"Simples";"Curva";"Não";7;3;0;3;0;1;3;3;"-18.2894";"-48.0093";"SR-GO";"DEL1/6";"UOP01/GO"
189056;2019-02-03;"1";"13:03:00";"MG";251;518,2;"MONTES CLAROS";"Agressão Externa";"Queda de ocupante de veículo";"Com Vítimas Feridas";"Pleno dia";"Crescente";"Céu Claro";"Simples";"Não Informado";"Não";2;0;1;0;0;1;1;2;"-16.6622";"-43.7657";"SR-MG";"DEL4/12";"UOP01/MG"
189057;2019-02-02;"7";"22:00:00";"DF";80;28;"BRASILIA";"Velocidade Incompatível";"Colisão com objeto estático";"Com Vítimas Feridas";"Plena Noite";"Crescente";"Ignorado";"Simples";"Desvio Temporário";"Não";1;0;0;1;0;0;1;1;"-15.595818";"-48.203102";"SR-DF";"DF";"UOP06/DF"
189058;2019-02-03;"1";"09:45:00";"BA";116;909,8;"ENCRUZILHADA";"Defeito Mecânico no Veículo";"Colisão traseira";"Com Vítimas Feridas";"Pleno dia";"Crescente";"Sol";"Simples";"Ponte";"Sim";6;0;1;0;5;0;1;2;"-15.51348362";"-41.23729175";"SR-BA";"DEL10/8";"UOP03/BA"
189059;2019-01-31;"5";"07:30:00";"RJ";101;79,6;"CAMPOS DOS GOYTACAZES";"Falta de Atenção à Condução";"Colisão traseira";"Com Vítimas Feridas";"Pleno dia";"Crescente";"Céu Claro";"Simples";"Reta";"Sim";5;0;1;0;4;0;1;2;"-21.836857";"-41.428661";"SR-RJ";"DEL5/8";"UOP02/RJ"
189060;2019-02-03;"1";"13:40:00";"SC";470;182,7;"POUSO REDONDO";"Ultrapassagem Indevida";"Colisão frontal";"Com Vítimas Fatais";"Pleno dia";"Decrescente";"Chuva";"Simples";"Reta";"Não";5;3;0;0;1;1;0;2;"-27.252682";"-50.006802";"SR-SC";"DEL8/4";"UOP02/SC"
189061;2019-02-03;"1";"13:55:00";"MG";40;531;"CONTAGEM";"Falta de Atenção à Condução";"Queda de ocupante de veículo";"Com Vítimas Feridas";"Pleno dia";"Decrescente";"Céu Claro";"Dupla";"Reta";"Sim";2;0;1;0;1;0;1;1;"-19.9243";"-44.0151";"SR-MG";"DEL4/1";"UOP03/MG"
189062;2019-02-03;"1";"09:00:00";"BA";135;160;"BARREIRAS";"Não guardar distância de segurança";"Colisão lateral";"Com Vítimas Feridas";"Pleno dia";"Crescente";"Céu Claro";"Simples";"Reta";"Não";5;0;2;0;3;0;2;2;"-11.9963384";"-44.94163513";"SR-BA";"DEL10/10";"UOP01/BA"
189063;2019-02-03;"1";"11:55:00";"PI";343;596,7;"FLORIANO";"Falta de Atenção à Condução";"Colisão transversal";"Com Vítimas Feridas";"Pleno dia";"Decrescente";"Nublado";"Dupla";"Reta";"Não";2;0;1;0;1;0;1;2;"-6.805063";"-43.0508";"SR-PI";"DEL17/3";"UOP01/PI"
189064;2019-02-03;"1";"12:30:00";"SP";101;50;"UBATUBA";"Ultrapassagem Indevida";"Colisão transversal";"Com Vítimas Feridas";"Pleno dia";"Crescente";"Céu Claro";"Simples";"Não Informado";"Sim";2;0;1;0;1;0;1;2;"-23.45320293";"-45.07437414";"SR-SP";"DEL6";"UOP03/SP"
189065;2019-02-03;"1";"13:00:00";"CE";304;90,9;"ARACATI";"Condutor Dormindo";"Saída de leito carroçável";"Com Vítimas Feridas";"Pleno dia";"Crescente";"Céu Claro";"Simples";"Reta";"Não";1;0;1;0;0;0;1;1;"-4.797922";"-37.500114";"SR-CE";"DEL16/3";"UOP03/CE"
189066;2019-02-03;"1";"13:50:00";"SP";153;144,5;"PROMISSAO";"Defeito Mecânico no Veículo";"Tombamento";"Com Vítimas Feridas";"Pleno dia";"Decrescente";"Sol";"Simples";"Reta";"Não";2;0;2;0;0;0;2;1;"-21.363548";"-49.792377";"SR-SP";"DEL6/07";"UOP01/SP"
189068;2019-02-03;"1";"13:50:00";"ES";447;12;"VILA VELHA";"Falta de Atenção à Condução";"Colisão com objeto estático";"Sem Vítimas";"Pleno dia";"Crescente";"Céu Claro";"Dupla";"Reta";"Sim";1;0;0;0;0;1;0;1;"-20.3514";"-40.334";"SR-ES";"DEL12/1";"UOP01/ES"
189069;2019-02-03;"1";"13:35:00";"PR";277;600,5;"CASCAVEL";"Avarias e/ou desgaste excessivo no pneu";"Queda de ocupante de veículo";"Com Vítimas Feridas";"Pleno dia";"Decrescente";"Sol";"Dupla";"Reta";"Sim";2;0;1;1;0;0;2;1;"-25.01810655";"-53.54324341";"SR-PR";"DEL7/4";"UOP01/PR"
189070;2019-02-03;"1";"12:30:00";"RJ";356;3;"ITAPERUNA";"Não guardar distância de segurança";"Colisão traseira";"Com Vítimas Feridas";"Pleno dia";"Decrescente";"Céu Claro";"Simples";"Reta";"Não";3;0;1;0;2;0;1;2;"-21.147474";"-42.164436";"SR-RJ";"DEL5/8";"UOP03/RJ"
189071;2019-02-03;"1";"14:20:00";"RS";392;11;"RIO GRANDE";"Falta de Atenção à Condução";"Colisão traseira";"Com Vítimas Feridas";"Pleno dia";"Decrescente";"Nublado";"Dupla";"Reta";"Não";2;0;1;0;1;0;1;2;"-32.121296";"-52.129753";"SR-RS";"DEL9/7";"UOP02/RS"
189072;2019-02-03;"1";"14:00:00";"SC";101;335,6;"TUBARAO";"Velocidade Incompatível";"Saída de leito carroçável";"Com Vítimas Feridas";"Pleno dia";"Decrescente";"Chuva";"Dupla";"Curva";"Sim";2;0;2;0;0;0;2;1;"-28.4745";"-49.0267";"SR-SC";"DEL8/2";"UOP01/SC"
189073;2019-02-03;"1";"13:20:00";"SC";101;245,4;"PAULO LOPES";"Falta de Atenção à Condução";"Saída de leito carroçável";"Com Vítimas Feridas";"Pleno dia";"Decrescente";"Chuva";"Dupla";"Reta";"Não";2;0;1;0;1;0;1;1;"-27.9138";"-48.6513";"SR-SC";"DEL8/2";"UOP03/SC"
189074;2019-02-03;"1";"12:20:00";"PB";230;137,2;"CAMPINA GRANDE";"Velocidade Incompatível";"Saída de leito carroçável";"Com Vítimas Feridas";"Pleno dia";"Crescente";"Nublado";"Dupla";"Curva";"Não";4;0;0;3;1;0;3;1;"-7.2766";"-35.7739";"SR-PB";"DEL14/2";"UOP01/PB"
189075;2019-01-05;"7";"03:00:00";"BA";101;924;"NOVA VICOSA";"Ingestão de Álcool";"Colisão com objeto em movimento";"Com Vítimas Feridas";"Plena Noite";"Crescente";"Céu Claro";"Simples";"Curva";"Não";1;0;0;1;0;0;1;1;"-17.9423987";"-39.8586197";"SR-BA";"DEL10/9";"UOP03/BA"
189076;2019-02-03;"1";"13:50:00";"RS";290;361,2;"VILA NOVA DO SUL";"Falta de Atenção à Condução";"Saída de leito carroçável";"Com Vítimas Feridas";"Pleno dia";"Decrescente";"Céu Claro";"Simples";"Reta";"Não";4;0;2;1;1;0;3;1;"-30.377686";"-53.784096";"SR-RS";"DEL9/9";"UOP02/RS"
189077;2019-02-03;"1";"13:20:00";"PI";316;1,3;"TERESINA";"Desobediência às normas de trânsito pelo condutor";"Colisão transversal";"Sem Vítimas";"Pleno dia";"Crescente";"Céu Claro";"Dupla";"Rotatória";"Sim";2;0;0;0;2;0;0;2;"-5.128619";"-42.807068";"SR-PI";"DEL17/1";"UOP02/PI"
189078;2019-02-03;"1";"14:30:00";"PR";116;117,6;"CURITIBA";"Desobediência às normas de trânsito pelo condutor";"Colisão traseira";"Com Vítimas Feridas";"Pleno dia";"Decrescente";"Céu Claro";"Múltipla";"Reta";"Sim";2;0;1;0;1;0;1;2;"-25.544559";"-49.30146";"SR-PR";"DEL7/1";"UOP06/PR"
189079;2019-02-03;"1";"13:55:00";"SC";280;20,6;"ARAQUARI";"Falta de Atenção à Condução";"Colisão traseira";"Sem Vítimas";"Pleno dia";"Crescente";"Nublado";"Simples";"Interseção de vias";"Sim";2;0;0;0;2;0;0;2;"-26.37044881";"-48.68838072";"SR-SC";"DEL8/3";"UOP03/SC"
189080;2019-02-03;"1";"15:06:00";"SP";116;155,8;"SAO JOSE DOS CAMPOS";"Falta de Atenção à Condução";"Colisão traseira";"Com Vítimas Feridas";"Pleno dia";"Crescente";"Sol";"Dupla";"Reta";"Sim";2;0;1;0;0;1;1;2;"-23.24711572";"-45.93091336";"SR-SP";"DEL6/2";"UOP01/SP"
189081;2019-02-03;"1";"15:20:00";"SC";101;149;"ITAPEMA";"Defeito Mecânico no Veículo";"Colisão com objeto estático";"Com Vítimas Feridas";"Pleno dia";"Crescente";"Nublado";"Simples";"Desvio Temporário";"Sim";2;0;0;2;0;0;2;1;"-27.1175";"-48.6092";"SR-SC";"DEL8/4";"UOP03/SC"
189082;2019-02-03;"1";"14:10:00";"PB";230;27,8;"JOAO PESSOA";"Falta de Atenção à Condução";"Colisão traseira";"Com Vítimas Feridas";"Pleno dia";"Decrescente";"Chuva";"Dupla";"Curva";"Sim";2;0;1;0;1;0;1;2;"-7.16567232";"-34.89756703";"SR-PB";"DEL14/1";"UOP00/PB"
189083;2019-02-03;"1";"13:15:00";"PE";101;160;"AGUA PRETA";"Pista Escorregadia";"Capotamento";"Com Vítimas Feridas";"Pleno dia";"Crescente";"Chuva";"Dupla";"Desvio Temporário";"Não";2;0;2;0;0;0;2;1;"-8.5574";"-35.4287";"SR-PE";"DEL11/1";"UOP03/PE"
189084;2019-02-03;"1";"14:40:00";"MG";50;69;"UBERLANDIA";"Falta de Atenção à Condução";"Saída de leito carroçável";"Sem Vítimas";"Pleno dia";"Crescente";"Céu Claro";"Dupla";"Reta";"Não";1;0;0;0;1;0;0;1;"-18.8907";"-48.256";"SR-MG";"DEL4/15";"UOP01/MG"
189086;2019-02-03;"1";"12:40:00";"RO";364;237,5;"CACOAL";"Falta de Atenção à Condução";"Colisão transversal";"Com Vítimas Feridas";"Pleno dia";"Decrescente";"Sol";"Simples";"Retorno Regulamentado";"Sim";2;0;1;0;1;0;1;2;"-11.44085655";"-61.45126462";"SR-RO";"DEL21/2";"UOP02/RO"
189087;2019-02-03;"1";"15:45:00";"RS";116;258,9;"CANOAS";"Falta de Atenção à Condução";"Colisão lateral";"Com Vítimas Feridas";"Pleno dia";"Decrescente";"Nublado";"Dupla";"Reta";"Sim";2;0;1;0;1;0;1;2;"-29.86550731";"-51.18066788";"SR-RS";"DEL9/1";"UOP02/RS"
189091;2019-02-03;"1";"08:00:00";"MA";316;436;"PERITORO";"Defeito na Via";"Capotamento";"Com Vítimas Feridas";"Pleno dia";"Crescente";"Chuva";"Simples";"Curva";"Não";3;0;2;0;1;0;2;1;"-4.413616";"-44.2411";"SR-MA";"DEL18/3";"UOP01/MA"
189092;2019-02-03;"1";"16:00:00";"SC";101;204;"SAO JOSE";"Não guardar distância de segurança";"Colisão transversal";"Com Vítimas Feridas";"Pleno dia";"Crescente";"Chuva";"Dupla";"Reta";"Sim";2;0;1;0;1;0;1;2;"-27.5832";"-48.6151";"SR-SC";"DEL8/1";"UOP01/SC"
189093;2019-02-03;"1";"16:00:00";"ES";101;138,7;"LINHARES";"Falta de Atenção à Condução";"Colisão transversal";"Com Vítimas Feridas";"Pleno dia";"Crescente";"Sol";"Simples";"Reta";"Não";3;0;1;1;1;0;2;2;"-19.28295238";"-40.08705139";"SR-ES";"DEL12/4";"UOP01/ES"
189094;2019-02-03;"1";"15:45:00";"MT";174;291,7;"PONTES E LACERDA";"Falta de Atenção à Condução";"Tombamento";"Com Vítimas Feridas";"Pleno dia";"Decrescente";"Céu Claro";"Simples";"Reta";"Não";2;0;2;0;0;0;2;1;"-15.206491";"-59.321266";"SR-MT";"DEL2/7";"UOP01/MT"
189095;2019-02-03;"1";"15:20:00";"PE";101;76,3;"RECIFE";"Falta de Atenção à Condução";"Colisão transversal";"Com Vítimas Feridas";"Pleno dia";"Crescente";"Chuva";"Simples";"Não Informado";"Sim";2;0;1;0;1;0;1;2;"-8.1284";"-34.9439";"SR-PE";"DEL11/1";"UOP01/PE"
189097;2019-02-03;"1";"16:20:00";"MG";146;441,4;"MUZAMBINHO";"Velocidade Incompatível";"Saída de leito carroçável";"Com Vítimas Feridas";"Pleno dia";"Crescente";"Céu Claro";"Simples";"Não Informado";"Não";2;0;2;0;0;0;2;1;"-21.323745";"-46.584845";"SR-MG";"PM/MG";""
189098;2019-02-03;"1";"16:00:00";"RS";116;216,8;"MORRO REUTER";"Desobediência às normas de trânsito pelo condutor";"Colisão transversal";"Com Vítimas Feridas";"Pleno dia";"Decrescente";"Nublado";"Simples";"Reta";"Sim";3;0;1;0;1;1;1;2;"-29.54002";"-51.077118";"SR-RS";"DEL9/5";"UOP02/RS"