"id";"data_inversa";"dia_semana";"horario";"uf";"br";"km";"municipio";"causa_acidente";"tipo_acidente";"classificacao_acidente";"fase_dia";"sentido_via";"condicao_metereologica";"tipo_pista";"tracado_via";"uso_solo";"pessoas";"mortos";"feridos_leves";"feridos_graves";"ilesos";"ignorados";"feridos";"veiculos";"latitude";"longitude";"regional";"delegacia";"uop"
189100;2019-02-03;"1";"15:15:00";"SP";459;4,8;"PIQUETE";"Ultrapassagem Indevida";"Colisão frontal";"Com Vítimas Feridas";"Pleno dia";"Crescente";"Chuva";"Simples";"Desvio Temporário";"Não";3;0;1;0;1;1;1;2;"-22.571371";"-45.210754";"SR-SP";"DEL6/8";"UOP03/SP"
189101;2019-02-03;"1";"17:20:00";"SP";459;4,8;"PIQUETE";"Falta de Atenção à Condução";"Queda de ocupante de veículo";"Com Vítimas Feridas";"Pleno dia";"Crescente";"Chuva";"Simples";"Reta";"Não";1;0;1;0;0;0;1;1;"-22.571371";"-45.210754";"SR-SP";"DEL6/8";"UOP03/SP"
189102;2019-02-03;"1";"16:45:00";"RS";290;55,4;"GLORINHA";"Não guardar distância de segurança";"Colisão traseira";"Com Vítimas Feridas";"Pleno dia";"Crescente";"Nublado";"Dupla";"Reta";"Não";2;0;1;0;1;0;1;2;"-29.913401";"-50.808426";"SR-RS";"DEL9/3";"UOP02/RS"
189103;2019-02-03;"1";"17:00:00";"MG";40;523;"CONTAGEM";"Não guardar distância de segurança";"Colisão traseira";"Com Vítimas Feridas";"Pleno dia";"Crescente";"Sol";"Dupla";"Reta";"Sim";3;0;1;0;2;0;1;2;"-19.879";"-44.051";"SR-MG";"DEL4/1";"UOP03/MG"
189104;2019-02-03;"1";"17:10:00";"GO";364;58;"CACHOEIRA ALTA";"Falta de Atenção à Condução";"Colisão lateral";"Com Vítimas Feridas";"Pleno dia";"Crescente";"Céu Claro";"Simples";"Interseção de vias";"Não";2;0;1;0;1;0;1;2;"-18.750378";"-50.936588";"SR-GO";"DEL1/5";"UOP02/GO"
189106;2019-02-03;"1";"17:20:00";"SC";101;144;"ITAPEMA";"Falta de Atenção à Condução";"Colisão traseira";"Com Vítimas Feridas";"Pleno dia";"Decrescente";"Céu Claro";"Dupla";"Reta";"Não";2;0;2;0;0;0;2;2;"-27.0734";"-48.5966";"SR-SC";"DEL8/4";"UOP03/SC"
189107;2019-02-03;"1";"15:15:00";"RO";319;64;"PORTO VELHO";"Desobediência às normas de trânsito pelo condutor";"Colisão transversal";"Com Vítimas Feridas";"Pleno dia";"Crescente";"Céu Claro";"Dupla";"Interseção de vias";"Sim";4;0;2;0;1;1;2;2;"-8.76613102";"-63.8845576";"SR-RO";"DEL21/1";"UOP01/RO"
189109;2019-02-03;"1";"16:03:00";"PB";101;105;"ALHANDRA";"Velocidade Incompatível";"Saída de leito carroçável";"Com Vítimas Feridas";"Pleno dia";"Crescente";"Garoa/Chuvisco";"Dupla";"Curva";"Não";4;0;3;1;0;0;4;1;"-7.3262";"-34.947";"SR-PB";"DEL14/1";"UOP01/PB"
189110;2019-02-03;"1";"09:00:00";"PR";476;170;"CONTENDA";"Condutor Dormindo";"Saída de leito carroçável";"Com Vítimas Feridas";"Pleno dia";"Crescente";"Nublado";"Dupla";"Não Informado";"Sim";1;0;1;0;0;0;1;1;"-25.668074";"-49.503948";"SR-PR";"DEL7/1";"UOP04/PR"
189111;2019-02-03;"1";"17:30:00";"SP";116;304,8;"SAO LOURENCO DA SERRA";"Falta de Atenção à Condução";"Colisão traseira";"Com Vítimas Feridas";"Anoitecer";"Decrescente";"Nublado";"Dupla";"Curva";"Não";3;0;2;0;1;0;2;2;"-23.8283067";"-46.92607015";"SR-SP";"DEL6/4";"UOP01/SP"
189113;2019-02-03;"1";"17:30:00";"RS";101;87,7;"OSORIO";"Falta de Atenção à Condução";"Colisão lateral";"Com Vítimas Feridas";"Pleno dia";"Crescente";"Nublado";"Dupla";"Reta";"Não";2;0;1;0;1;0;1;2;"-29.88531359";"-50.27166724";"SR-RS";"DEL9/3";"UOP01/RS"
189114;2019-02-03;"1";"18:18:00";"MG";40;467,2;"SETE LAGOAS";"Não guardar distância de segurança";"Saída de leito carroçável";"Com Vítimas Feridas";"Pleno dia";"Crescente";"Céu Claro";"Dupla";"Reta";"Não";4;0;1;0;2;1;1;3;"-19.4593";"-44.3033";"SR-MG";"DEL4/2";"UOP01/MG"
189115;2019-02-03;"1";"18:00:00";"DF";20;18,3;"BRASILIA";"Velocidade Incompatível";"Colisão transversal";"Sem Vítimas";"Pleno dia";"Crescente";"Céu Claro";"Dupla";"Reta";"Não";4;0;0;0;3;1;0;2;"-15.61539067";"-47.70626307";"SR-DF";"DF";"UOP04/DF"
189116;2019-02-03;"1";"15:30:00";"SC";470;33,1;"GASPAR";"Falta de Atenção à Condução";"Colisão transversal";"Com Vítimas Feridas";"Pleno dia";"Decrescente";"Chuva";"Simples";"Reta";"Não";3;0;0;1;1;1;1;2;"-26.906223";"-48.940575";"SR-SC";"DEL8/4";"UOP01/SC"
189117;2019-02-03;"1";"17:00:00";"SE";235;52;"ITABAIANA";"Desobediência às normas de trânsito pelo condutor";"Colisão lateral";"Com Vítimas Feridas";"Pleno dia";"Crescente";"Nublado";"Simples";"Reta";"Sim";2;0;1;0;1;0;1;2;"-10.693279";"-37.437557";"SR-SE";"DEL20/1";"UOP02/SE"
189118;2019-02-03;"1";"17:10:00";"ES";101;253,7;"SERRA";"Falta de Atenção à Condução";"Colisão traseira";"Com Vítimas Feridas";"Pleno dia";"Crescente";"Sol";"Simples";"Reta";"Não";3;0;1;0;1;1;1;2;"-20.10639488";"-40.33098221";"SR-ES";"DEL12/2";"UOP01/ES"
189119;2019-02-03;"1";"17:57:00";"MG";381;5,4;"BETIM";"Velocidade Incompatível";"Engavetamento";"Com Vítimas Feridas";"Pleno dia";"Decrescente";"Nublado";"Dupla";"Reta";"Não";4;0;1;0;3;0;1;3;"-19.98698111";"-44.17739868";"SR-MG";"DEL4/1";"UOP03/MG"
189120;2019-02-03;"1";"18:20:00";"PR";376;49;"LOANDA";"Falta de Atenção à Condução";"Saída de leito carroçável";"Com Vítimas Feridas";"Pleno dia";"Decrescente";"Céu Claro";"Simples";"Curva";"Não";2;0;2;0;0;0;2;1;"-22.865463";"-52.961361";"SR-PR";"DEL7/7";"UOP05/PR"
189121;2019-02-03;"1";"17:50:00";"RN";304;50;"MOSSORO";"Avarias e/ou desgaste excessivo no pneu";"Tombamento";"Com Vítimas Feridas";"Anoitecer";"Crescente";"Céu Claro";"Simples";"Reta";"Não";2;0;0;2;0;0;2;1;"-5.253801";"-37.307918";"SR-RN";"DEL15/4";"UOP01/RN"
189122;2019-02-03;"1";"16:30:00";"SC";470;64,6;"INDAIAL";"Falta de Atenção à Condução";"Colisão traseira";"Com Vítimas Feridas";"Pleno dia";"Crescente";"Chuva";"Simples";"Reta";"Sim";3;0;1;0;2;0;1;3;"-26.8699715";"-49.20811068";"SR-SC";"DEL8/4";"UOP01/SC"
189123;2019-02-03;"1";"18:45:00";"SC";101;78,1;"ARAQUARI";"Falta de Atenção à Condução";"Colisão traseira";"Com Vítimas Feridas";"Anoitecer";"Decrescente";"Garoa/Chuvisco";"Múltipla";"Reta";"Não";6;0;3;0;3;0;3;3;"-26.5708";"-48.7214";"SR-SC";"DEL8/3";"UOP02/SC"
189124;2019-02-03;"1";"18:20:00";"SC";280;238;"CANOINHAS";"Falta de Atenção à Condução";"Capotamento";"Com Vítimas Feridas";"Pleno dia";"Decrescente";"Chuva";"Simples";"Curva";"Não";1;0;1;0;0;0;1;1;"-26.205389";"-50.438919";"SR-SC";"DEL8/6";"UOP04/SC"
189125;2019-02-03;"1";"15:30:00";"MS";163;208,7;"CAARAPO";"Ingestão de Álcool";"Colisão traseira";"Sem Vítimas";"Pleno dia";"Crescente";"Sol";"Simples";"Reta";"Sim";2;0;0;0;2;0;0;2;"-22.63390952";"-54.81843561";"SR-MS";"DEL3/4";"UOP02/MS"
189126;2019-02-03;"1";"18:50:00";"MG";262;429;"SAO GONCALO DO PARA";"Desobediência às normas de trânsito pelo condutor";"Colisão lateral";"Com Vítimas Feridas";"Anoitecer";"Crescente";"Céu Claro";"Dupla";"Retorno Regulamentado";"Não";2;0;2;0;0;0;2;2;"-19.8978";"-44.8619";"SR-MG";"DEL4/8";"UOP03/MG"
189127;2019-01-06;"1";"22:40:00";"RJ";40;60;"PETROPOLIS";"Falta de Atenção à Condução";"Colisão transversal";"Com Vítimas Feridas";"Plena Noite";"Crescente";"Céu Claro";"Dupla";"Reta";"Não";5;0;3;1;1;0;4;2;"-22.4032";"-43.1389";"SR-RJ";"DEL5/6";"UOP03/RJ"
189129;2019-02-03;"1";"19:00:00";"SC";470;122,8;"IBIRAMA";"Pista Escorregadia";"Colisão frontal";"Com Vítimas Feridas";"Anoitecer";"Decrescente";"Chuva";"Simples";"Curva";"Não";6;0;3;2;1;0;5;2;"-27.0954745";"-49.53019738";"SR-SC";"DEL8/4";"UOP02/SC"
189130;2019-02-03;"1";"16:45:00";"SC";116;175,9;"SAO CRISTOVAO DO SUL";"Velocidade Incompatível";"Colisão lateral";"Com Vítimas Feridas";"Pleno dia";"Crescente";"Chuva";"Simples";"Curva";"Não";2;0;2;0;0;0;2;2;"-27.262749";"-50.444603";"SR-SC";"DEL8/5";"UOP03/SC"
189131;2019-02-03;"1";"17:30:00";"BA";324;520;"FEIRA DE SANTANA";"Defeito Mecânico no Veículo";"Tombamento";"Com Vítimas Feridas";"Anoitecer";"Decrescente";"Céu Claro";"Dupla";"Reta";"Sim";2;0;2;0;0;0;2;1;"-12.28493047";"-38.91790582";"SR-BA";"DEL10/1";"UOP01/BA"
189133;2019-02-03;"1";"16:35:00";"MT";364;539,9;"VARZEA GRANDE";"Pista Escorregadia";"Colisão frontal";"Com Vítimas Feridas";"Pleno dia";"Crescente";"Chuva";"Simples";"Curva";"Não";4;0;2;0;2;0;2;2;"-15.6033629";"-56.20433807";"SR-MT";"DEL2/4";"UOP01/MT"
189134;2019-02-03;"1";"16:20:00";"PE";424;95,2;"GARANHUNS";"Falta de Atenção à Condução";"Colisão frontal";"Com Vítimas Feridas";"Pleno dia";"Crescente";"Céu Claro";"Simples";"Curva";"Não";4;0;0;4;0;0;4;2;"-8.924909";"-36.489491";"SR-PE";"DEL11/3";"UOP01/PE"
189135;2019-02-03;"1";"17:40:00";"SC";101;69;"ARAQUARI";"Falta de Atenção à Condução";"Tombamento";"Com Vítimas Feridas";"Pleno dia";"Crescente";"Chuva";"Simples";"Curva";"Não";2;0;2;0;0;0;2;1;"-26.49269865";"-48.73397827";"SR-SC";"DEL8/3";"UOP02/SC"
189136;2019-02-03;"1";"19:20:00";"SC";470;143;"RIO DO SUL";"Velocidade Incompatível";"Colisão com objeto estático";"Com Vítimas Feridas";"Anoitecer";"Decrescente";"Garoa/Chuvisco";"Simples";"Não Informado";"Sim";1;0;1;0;0;0;1;1;"-27.233143";"-49.672886";"SR-SC";"DEL8/4";"UOP02/SC"
189137;2019-02-03;"1";"19:00:00";"MG";40;465;"SETE LAGOAS";"Desobediência às normas de trânsito pelo condutor";"Colisão lateral";"Com Vítimas Feridas";"Plena Noite";"Decrescente";"Garoa/Chuvisco";"Dupla";"Rotatória";"Não";2;0;1;0;1;0;1;2;"-19.4495";"-44.3176";"SR-MG";"DEL4/2";"UOP01/MG"
189139;2019-02-03;"1";"19:15:00";"RJ";101;307,6;"SAO GONCALO";"Não guardar distância de segurança";"Engavetamento";"Com Vítimas Feridas";"Pleno dia";"Crescente";"Céu Claro";"Dupla";"Reta";"Sim";5;0;3;0;2;0;3;3;"-22.79239156";"-43.02130375";"SR-RJ";"DEL5/2";"UOP02/RJ"
189141;2019-02-03;"1";"19:45:00";"GO";60;133;"GOIANIA";"Ingestão de Álcool";"Engavetamento";"Sem Vítimas";"Anoitecer";"Decrescente";"Ignorado";"Dupla";"Não Informado";"Não";5;0;0;0;5;0;0;5;"-16.5815";"-49.1772";"SR-GO";"DEL1/1";"UOP01/GO"
189142;2019-02-03;"1";"16:00:00";"MG";365;505;"PATROCINIO";"Condutor Dormindo";"Saída de leito carroçável";"Com Vítimas Feridas";"Pleno dia";"Crescente";"Céu Claro";"Múltipla";"Reta";"Não";4;0;4;0;0;0;4;1;"-18.95902145";"-47.24869296";"SR-MG";"DEL4/10";"UOP01/MG"
189143;2019-02-03;"1";"19:25:00";"PR";376;4,9;"MANDAGUARI";"Desobediência às normas de trânsito pelo condutor";"Colisão lateral";"Com Vítimas Feridas";"Pleno dia";"Crescente";"Céu Claro";"Simples";"Interseção de vias";"Sim";3;0;2;0;1;0;2;2;"-23.523916";"-51.67835";"SR-PR";"DEL7/7";"UOP04/PR"
189144;2019-02-03;"1";"18:15:00";"GO";20;14,8;"FORMOSA";"Falta de Atenção à Condução";"Saída de leito carroçável";"Com Vítimas Feridas";"Pleno dia";"Decrescente";"Céu Claro";"Simples";"Reta";"Não";2;0;0;2;0;0;2;1;"-15.567566";"-47.231537";"SR-DF";"GO";"UOP04/DF"
189145;2019-02-03;"1";"18:15:00";"PB";101;97;"ALHANDRA";"Ingestão de Álcool";"Saída de leito carroçável";"Com Vítimas Feridas";"Plena Noite";"Decrescente";"Garoa/Chuvisco";"Dupla";"Reta";"Não";3;0;2;0;1;0;2;1;"-7.2468";"-34.9309";"SR-PB";"DEL14/1";"UOP01/PB"
189147;2019-02-03;"1";"19:00:00";"RN";405;146;"CEARA-MIRIM";"Ingestão de Álcool";"Colisão frontal";"Com Vítimas Feridas";"Plena Noite";"Decrescente";"Céu Claro";"Simples";"Curva";"Não";3;0;1;1;1;0;2;2;"-5.64507088";"-35.46878457";"SR-RN";"DEL15/4";"UOP02/RN"
189148;2019-02-03;"1";"20:00:00";"MG";267;201,5;"BOM JARDIM DE MINAS";"Velocidade Incompatível";"Tombamento";"Com Vítimas Feridas";"Pleno dia";"Decrescente";"Céu Claro";"Simples";"Curva";"Não";1;0;1;0;0;0;1;1;"-21.93022332";"-44.10440826";"SR-MG";"DEL5";"UOP01/MG"
189149;2019-02-01;"6";"19:45:00";"AP";156;813;"OIAPOQUE";"Animais na Pista";"Atropelamento de Animal";"Com Vítimas Feridas";"Plena Noite";"Crescente";"Céu Claro";"Simples";"Desvio Temporário";"Não";2;0;2;0;0;0;2;1;"3.822806";"-51.79264069";"SR-AP";"UOP03/AP";""
189150;2019-02-03;"1";"15:00:00";"BA";242;839;"BARREIRAS";"Avarias e/ou desgaste excessivo no pneu";"Saída de leito carroçável";"Com Vítimas Feridas";"Pleno dia";"Decrescente";"Céu Claro";"Simples";"Reta";"Não";4;0;3;0;1;0;3;1;"-12.091746";"-45.406713";"SR-BA";"DEL10/10";"UOP01/BA"
189152;2019-02-03;"1";"17:50:00";"CE";116;26,2;"AQUIRAZ";"Não guardar distância de segurança";"Colisão com objeto estático";"Com Vítimas Feridas";"Plena Noite";"Decrescente";"Nublado";"Simples";"Não Informado";"Não";1;0;0;1;0;0;1;1;"-3.97869389";"-38.51375526";"SR-CE";"DEL16/1";"UOP02/CE"
189153;2019-02-03;"1";"18:30:00";"SC";101;129;"BALNEARIO CAMBORIU";"Não guardar distância de segurança";"Colisão traseira";"Com Vítimas Feridas";"Anoitecer";"Crescente";"Chuva";"Dupla";"Reta";"Não";2;0;1;0;1;0;1;2;"-26.984";"-48.6695";"SR-SC";"DEL8/4";"UOP03/SC"
189154;2019-02-03;"1";"20:20:00";"SC";101;149;"ITAPEMA";"Falta de Atenção à Condução";"Colisão lateral";"Com Vítimas Feridas";"Plena Noite";"Crescente";"Chuva";"Dupla";"Interseção de vias";"Não";2;0;1;0;1;0;1;2;"-27.1175";"-48.6092";"SR-SC";"DEL8/4";"UOP03/SC"
189156;2019-02-03;"1";"18:40:00";"MT";174;4;"PONTES E LACERDA";"Falta de Atenção à Condução";"Colisão transversal";"Com Vítimas Feridas";"Pleno dia";"Decrescente";"Céu Claro";"Simples";"Reta";"Sim";3;0;1;0;2;0;1;3;"-15.24013928";"-59.33619445";"SR-MT";"DEL2/7";"UOP01/MT"
189157;2019-02-03;"1";"19:40:00";"MT";163;993;"TERRA NOVA DO NORTE";"Defeito na Via";"Colisão lateral";"Com Vítimas Feridas";"Plena Noite";"Decrescente";"Céu Claro";"Simples";"Reta";"Não";2;0;0;1;1;0;1;2;"-10.538237";"-55.083199";"SR-MT";"DEL2/6";"UOP02/MT"
189158;2019-02-03;"1";"18:50:00";"PB";230;1,4;"CABEDELO";"Ingestão de Álcool";"Colisão traseira";"Com Vítimas Feridas";"Plena Noite";"Decrescente";"Chuva";"Simples";"Reta";"Sim";2;0;1;0;0;1;1;2;"-6.9753";"-34.8318";"SR-PB";"DEL14/1";"UOP00/PB"
189159;2019-02-03;"1";"19:53:00";"PR";369;187;"ARAPONGAS";"Desobediência às normas de trânsito pelo condutor";"Colisão transversal";"Com Vítimas Feridas";"Plena Noite";"Decrescente";"Céu Claro";"Simples";"Reta";"Sim";3;0;2;0;0;1;2;2;"-23.42406059";"-51.42365456";"SR-PR";"DEL7/7";"UOP03/PR"
189160;2019-02-03;"1";"17:15:00";"PB";230;465,4;"SOUSA";"Ingestão de Álcool";"Colisão lateral";"Sem Vítimas";"Pleno dia";"Decrescente";"Céu Claro";"Simples";"Reta";"Não";2;0;0;0;2;0;0;2;"-6.7791";"-38.2438";"SR-PB";"DEL14/3";"UOP03/PB"
189161;2019-02-03;"1";"20:30:00";"RJ";101;97,5;"CAMPOS DOS GOYTACAZES";"Desobediência às normas de trânsito pelo condutor";"Colisão frontal";"Com Vítimas Feridas";"Plena Noite";"Crescente";"Céu Claro";"Dupla";"Reta";"Não";4;0;2;0;1;1;2;3;"-21.870911";"-41.565804";"SR-RJ";"DEL5/8";"UOP02/RJ"
189162;2019-02-03;"1";"17:09:00";"MA";230;404,4;"BALSAS";"Falta de Atenção à Condução";"Queda de ocupante de veículo";"Com Vítimas Feridas";"Pleno dia";"Decrescente";"Nublado";"Simples";"Reta";"Sim";2;0;1;1;0;0;2;1;"-7.52401671";"-46.04479015";"SR-MA";"DEL18/5";"UOP01/MA"
189163;2019-02-03;"1";"20:20:00";"PR";277;704;"SAO MIGUEL DO IGUACU";"Ingestão de Álcool";"Colisão traseira";"Sem Vítimas";"Anoitecer";"Crescente";"Chuva";"Dupla";"Reta";"Não";2;0;0;0;2;0;0;2;"-25.425322";"-54.361382";"SR-PR";"DEL7/5";"UOP01/PR"
189164;2019-02-03;"1";"20:50:00";"MG";40;42,9;"PARACATU";"Desobediência às normas de trânsito pelo condutor";"Atropelamento de Pedestre";"Com Vítimas Feridas";"Plena Noite";"Decrescente";"Céu Claro";"Simples";"Reta";"Sim";2;0;1;0;0;1;1;1;"-17.218784";"-46.866695";"SR-MG";"DEL4/14";"UOP01/MG"
189165;2019-02-03;"1";"21:09:00";"RJ";356;135;"CAMPOS DOS GOYTACAZES";"Ingestão de Álcool";"Colisão traseira";"Sem Vítimas";"Plena Noite";"Crescente";"Céu Claro";"Simples";"Reta";"Sim";2;0;0;0;2;0;0;2;"-21.738087";"-41.334587";"SR-RJ";"DEL5/8";"UOP01/RJ"
189166;2019-02-03;"1";"20:10:00";"MS";163;258,6;"DOURADOS";"Falta de Atenção à Condução";"Colisão traseira";"Com Vítimas Feridas";"Plena Noite";"Decrescente";"Céu Claro";"Dupla";"Reta";"Sim";3;0;0;1;1;1;1;3;"-22.25923222";"-54.79225159";"SR-MS";"DEL3/4";"UOP01/MS"
189167;2019-02-03;"1";"20:00:00";"PA";163;969;"BELTERRA";"Falta de Atenção à Condução";"Colisão com objeto em movimento";"Com Vítimas Feridas";"Plena Noite";"Crescente";"Céu Claro";"Simples";"Reta";"Não";2;0;1;0;0;1;1;2;"-2.65976922";"-54.8356623";"SR-PA";"DEL19/5";"UOP01/PA"
189168;2019-02-03;"1";"20:30:00";"SC";101;208,5;"SAO JOSE";"Falta de Atenção à Condução";"Saída de leito carroçável";"Com Vítimas Feridas";"Plena Noite";"Decrescente";"Garoa/Chuvisco";"Múltipla";"Reta";"Sim";1;0;1;0;0;0;1;1;"-27.6101";"-48.6388";"SR-SC";"DEL8/1";"UOP01/SC"
189169;2019-02-03;"1";"15:50:00";"SC";282;259;"SAO JOSE DO CERRITO";"Desobediência às normas de trânsito pelo condutor";"Colisão transversal";"Com Vítimas Feridas";"Pleno dia";"Crescente";"Chuva";"Simples";"Reta";"Não";5;0;3;0;2;0;3;2;"-27.653334";"-50.59449";"SR-SC";"DEL8/5";"UOP02/SC"
189170;2019-02-03;"1";"20:30:00";"SE";101;93,8;"NOSSA SENHORA DO SOCORRO";"Desobediência às normas de trânsito pelo condutor";"Colisão transversal";"Com Vítimas Feridas";"Plena Noite";"Crescente";"Nublado";"Dupla";"Retorno Regulamentado";"Sim";2;0;1;0;1;0;1;2;"-10.90465828";"-37.14895964";"SR-SE";"DEL20/1";"UOP01/SE"
189171;2019-02-03;"1";"19:30:00";"ES";101;100,6;"JAGUARE";"Sinalização da via insuficiente ou inadequada";"Danos eventuais";"Sem Vítimas";"Plena Noite";"Decrescente";"Céu Claro";"Simples";"Reta";"Não";3;0;0;0;1;2;0;1;"-18.99121261";"-39.99932409";"SR-ES";"DEL12/4";"UOP02/ES"
189172;2019-02-03;"1";"19:30:00";"SC";282;308,6;"VARGEM";"Avarias e/ou desgaste excessivo no pneu";"Saída de leito carroçável";"Com Vítimas Feridas";"Anoitecer";"Crescente";"Garoa/Chuvisco";"Simples";"Curva";"Não";4;0;1;0;3;0;1;1;"-27.49292";"-50.971973";"SR-SC";"DEL7";"UOP08/SC"
189173;2019-02-03;"1";"20:30:00";"BA";324;518,5;"FEIRA DE SANTANA";"Ingestão de Álcool";"Colisão traseira";"Com Vítimas Feridas";"Plena Noite";"Decrescente";"Céu Claro";"Simples";"Reta";"Sim";2;0;1;0;1;0;1;2;"-12.27002159";"-38.9346242";"SR-BA";"DEL10/1";"UOP01/BA"
189174;2019-02-03;"1";"20:35:00";"BA";101;542;"SAO JOSE DA VITORIA";"Falta de Atenção à Condução";"Queda de ocupante de veículo";"Com Vítimas Feridas";"Plena Noite";"Crescente";"Céu Claro";"Simples";"Interseção de vias";"Sim";2;0;1;0;1;0;1;1;"-15.0795";"-39.3389";"SR-BA";"DEL10/5";"UOP02/BA"
189175;2019-02-03;"1";"21:20:00";"RJ";116;183;"NOVA IGUACU";"Velocidade Incompatível";"Saída de leito carroçável";"Com Vítimas Feridas";"Plena Noite";"Decrescente";"Céu Claro";"Múltipla";"Reta";"Sim";6;0;3;0;2;1;3;2;"-22.751593";"-43.438511";"SR-RJ";"DEL5/1";"UOP02/RJ"
189176;2019-02-03;"1";"19:00:00";"SC";282;53,5;"AGUAS MORNAS";"Velocidade Incompatível";"Saída de leito carroçável";"Com Vítimas Feridas";"Anoitecer";"Decrescente";"Chuva";"Simples";"Curva";"Não";4;0;3;0;1;0;3;1;"-27.691511";"-48.970215";"SR-SC";"DEL8/1";"UOP03/SC"
189177;2019-02-03;"1";"21:50:00";"DF";60;30,6;"BRASILIA";"Falta de Atenção do Pedestre";"Atropelamento de Pedestre";"Com Vítimas Fatais";"Plena Noite";"Decrescente";"Céu Claro";"Dupla";"Reta";"Sim";3;1;0;1;1;0;1;1;"-16.03854";"-48.255955";"SR-DF";"DF";"UOP03/DF"
189178;2019-02-03;"1";"19:50:00";"MT";163;1026;"PEIXOTO DE AZEVEDO";"Falta de Atenção à Condução";"Colisão traseira";"Com Vítimas Fatais";"Plena Noite";"Crescente";"Céu Claro";"Simples";"Reta";"Não";4;1;0;0;0;3;0;3;"-10.33518508";"-55.04013062";"SR-MT";"DEL2/6";"UOP02/MT"
189179;2019-02-03;"1";"20:45:00";"RJ";116;76,4;"TERESOPOLIS";"Falta de Atenção à Condução";"Capotamento";"Com Vítimas Feridas";"Plena Noite";"Crescente";"Nublado";"Simples";"Curva";"Sim";2;0;1;0;1;0;1;2;"-22.38225854";"-42.95502305";"SR-RJ";"DEL5/4";"UOP01/RJ"
189180;2019-01-14;"2";"16:58:00";"BA";101;265;"SANTO ANTONIO DE JESUS";"Falta de Atenção à Condução";"Colisão lateral";"Com Vítimas Feridas";"Pleno dia";"Decrescente";"Céu Claro";"Simples";"Reta";"Sim";2;0;0;1;0;1;1;2;"-12.96760652";"-39.27274883";"SR-BA";"DEL10/1";"UOP02/BA"
189181;2019-02-03;"1";"22:15:00";"MG";381;510;"SAO JOAQUIM DE BICAS";"Não guardar distância de segurança";"Colisão lateral";"Sem Vítimas";"Plena Noite";"Crescente";"Céu Claro";"Múltipla";"Reta";"Sim";2;0;0;0;1;1;0;2;"-20.0613";"-44.2919";"SR-MG";"DEL4/1";"UOP03/MG"
189182;2019-02-03;"1";"21:00:00";"PB";101;116,7;"PEDRAS DE FOGO";"Pista Escorregadia";"Saída de leito carroçável";"Com Vítimas Feridas";"Plena Noite";"Decrescente";"Chuva";"Dupla";"Não Informado";"Não";1;0;1;0;0;0;1;1;"-7.43353116";"-34.96936533";"SR-PB";"DEL14/1";"UOP01/PB"
189183;2019-02-03;"1";"18:50:00";"RO";364;424;"JARU";"Ingestão de Álcool";"Colisão transversal";"Sem Vítimas";"Plena Noite";"Decrescente";"Céu Claro";"Simples";"Interseção de vias";"Sim";2;0;0;0;1;1;0;2;"-10.444572";"-62.465683";"SR-RO";"DEL21/3";"UOP02/RO"
189184;2019-02-03;"1";"22:20:00";"SC";163;75;"SAO MIGUEL DO OESTE";"Ingestão de Álcool";"Saída de leito carroçável";"Sem Vítimas";"Plena Noite";"Decrescente";"Nevoeiro/Neblina";"Simples";"Não Informado";"Não";3;0;0;0;3;0;0;1;"-26.693415";"-53.515831";"SR-SC";"DEL7";"UOP03/SC"
189186;2019-02-03;"1";"21:30:00";"BA";235;353;"JUAZEIRO";"Sinalização da via insuficiente ou inadequada";"Colisão traseira";"Com Vítimas Fatais";"Plena Noite";"Decrescente";"Céu Claro";"Simples";"Retorno Regulamentado";"Sim";3;1;0;1;1;0;1;2;"-9.426154";"-40.505451";"SR-BA";"DEL10/7";"UOP01/BA"
189187;2019-02-03;"1";"22:00:00";"PR";376;660;"TIJUCAS DO SUL";"Velocidade Incompatível";"Engavetamento";"Com Vítimas Feridas";"Plena Noite";"Decrescente";"Chuva";"Simples";"Curva";"Não";5;0;1;0;4;0;1;4;"-25.84748305";"-48.99833679";"SR-PR";"DEL7/1";"UOP08/PR"
189189;2019-02-03;"1";"23:00:00";"PR";116;16;"COLOMBO";"Desobediência às normas de trânsito pelo condutor";"Colisão traseira";"Com Vítimas Feridas";"Plena Noite";"Decrescente";"Garoa/Chuvisco";"Dupla";"Reta";"Sim";3;0;1;0;2;0;1;2;"-25.3874";"-49.1774";"SR-PR";"DEL7/1";"UOP02/PR"
189190;2019-02-03;"1";"21:20:00";"MG";40;627,6;"CONSELHEIRO LAFAIETE";"Falta de Atenção à Condução";"Colisão transversal";"Sem Vítimas";"Plena Noite";"Crescente";"Céu Claro";"Simples";"Reta";"Sim";5;0;0;0;3;2;0;2;"-20.6457";"-43.8102";"SR-MG";"DEL5";"UOP02/MG"
189192;2019-02-03;"1";"16:10:00";"MG";116;643,2;"FERVEDOURO";"Velocidade Incompatível";"Tombamento";"Sem Vítimas";"Pleno dia";"Crescente";"Sol";"Simples";"Curva";"Não";1;0;0;0;1;0;0;1;"-20.65220441";"-42.25804302";"SR-MG";"DEL4/7";"UOP03/MG"
189193;2019-02-03;"1";"22:00:00";"MS";163;600,9;"SAO GABRIEL DO OESTE";"Animais na Pista";"Atropelamento de Animal";"Sem Vítimas";"Plena Noite";"Decrescente";"Nublado";"Dupla";"Não Informado";"Não";1;0;0;0;1;0;0;1;"-19.49236227";"-54.4820604";"SR-MS";"DEL3/6";"UOP02/MS"