"id";"data_inversa";"dia_semana";"horario";"uf";"br";"km";"municipio";"causa_acidente";"tipo_acidente";"classificacao_acidente";"fase_dia";"sentido_via";"condicao_metereologica";"tipo_pista";"tracado_via";"uso_solo";"pessoas";"mortos";"feridos_leves";"feridos_graves";"ilesos";"ignorados";"feridos";"veiculos";"latitude";"longitude";"regional";"delegacia";"uop"
189290;2019-02-04;"2";"09:10:00";"MG";116;712,5;"MURIAE";"Condutor Dormindo";"Saída de leito carroçável";"Com Vítimas Feridas";"Pleno dia";"Crescente";"Céu Claro";"Simples";"Curva";"Não";4;0;2;2;0;0;4;1;"-21.18052297";"-42.37270745";"SR-MG";"DEL4/7";"UOP02/MG"
189291;2019-02-04;"2";"10:20:00";"SC";282;436,3;"VARGEM BONITA";"Desobediência às normas de trânsito pelo condutor";"Colisão transversal";"Com Vítimas Feridas";"Pleno dia";"Decrescente";"Céu Claro";"Simples";"Rotatória";"Não";3;0;1;0;2;0;1;2;"-26.96976153";"-51.85429042";"SR-SC";"DEL7";"UOP05/SC"
189292;2019-01-11;"6";"11:30:00";"RO";364;505;"ARIQUEMES";"Falta de Atenção à Condução";"Colisão transversal";"Sem Vítimas";"Pleno dia";"Decrescente";"Céu Claro";"Simples";"Reta";"Não";3;0;0;0;3;0;0;2;"-9.997529";"-63.012451";"SR-RO";"DEL21/3";"UOP01/RO"
189294;2019-02-04;"2";"13:06:00";"PR";376;658,2;"TIJUCAS DO SUL";"Velocidade Incompatível";"Saída de leito carroçável";"Com Vítimas Feridas";"Pleno dia";"Decrescente";"Garoa/Chuvisco";"Dupla";"Curva";"Não";5;0;1;1;3;0;2;1;"-25.846478";"-49.009204";"SR-PR";"DEL7/1";"UOP08/PR"
189295;2019-02-04;"2";"13:20:00";"SC";282;3;"FLORIANOPOLIS";"Não guardar distância de segurança";"Colisão traseira";"Com Vítimas Feridas";"Pleno dia";"Crescente";"Nublado";"Dupla";"Reta";"Sim";2;0;1;0;1;0;1;2;"-27.600384";"-48.599705";"SR-SC";"DEL8/1";"UOP01/SC"
189296;2019-02-04;"2";"12:15:00";"CE";222;7;"CAUCAIA";"Falta de Atenção à Condução";"Colisão traseira";"Com Vítimas Feridas";"Pleno dia";"Crescente";"Céu Claro";"Dupla";"Reta";"Não";3;0;1;0;2;0;1;3;"-3.749515";"-38.629959";"SR-CE";"DEL16/1";"UOP01/CE"
189297;2019-02-04;"2";"10:24:00";"RO";364;363;"OURO PRETO DO OESTE";"Mal Súbito";"Colisão lateral";"Com Vítimas Feridas";"Pleno dia";"Crescente";"Céu Claro";"Simples";"Reta";"Não";4;0;1;0;1;2;1;2;"-10.775336";"-62.083427";"SR-RO";"DEL21/2";"UOP01/RO"
189298;2019-02-04;"2";"13:10:00";"RJ";116;272,4;"BARRA MANSA";"Falta de Atenção à Condução";"Saída de leito carroçável";"Com Vítimas Feridas";"Pleno dia";"Decrescente";"Nublado";"Dupla";"Não Informado";"Não";3;0;2;1;0;0;3;1;"-22.560883";"-44.122238";"SR-RJ";"DEL5/7";"UOP02/RJ"
189300;2019-02-04;"2";"13:25:00";"MG";381;912,9;"CAMANDUCAIA";"Velocidade Incompatível";"Saída de leito carroçável";"Com Vítimas Feridas";"Pleno dia";"Decrescente";"Chuva";"Dupla";"Curva";"Não";1;0;1;0;0;0;1;1;"-22.71200803";"-46.1220226";"SR-MG";"DEL09";"UOP03/MG"
189301;2019-02-04;"2";"12:00:00";"CE";20;406;"CAUCAIA";"Falta de Atenção à Condução";"Saída de leito carroçável";"Com Vítimas Feridas";"Pleno dia";"Crescente";"Chuva";"Simples";"Curva";"Sim";1;0;1;0;0;0;1;1;"-3.76863718";"-38.66646767";"SR-CE";"DEL16/1";"UOP01/CE"
189302;2019-02-04;"2";"14:00:00";"MG";116;816,9;"ALEM PARAIBA";"Falta de Atenção à Condução";"Colisão transversal";"Com Vítimas Feridas";"Pleno dia";"Decrescente";"Nublado";"Simples";"Reta";"Sim";3;0;1;0;2;0;1;2;"-21.87120676";"-42.66833425";"SR-MG";"DEL4/7";"UOP01/MG"
189304;2019-02-04;"2";"13:00:00";"SP";116;443,7;"REGISTRO";"Defeito Mecânico no Veículo";"Saída de leito carroçável";"Sem Vítimas";"Pleno dia";"Decrescente";"Céu Claro";"Simples";"Curva";"Não";1;0;0;0;1;0;0;1;"-24.50891349";"-47.84694673";"SR-SP";"DEL6/5";"UOP01/SP"
189305;2019-02-04;"2";"02:40:00";"RJ";40;73;"PETROPOLIS";"Velocidade Incompatível";"Tombamento";"Com Vítimas Feridas";"Plena Noite";"Crescente";"Nublado";"Simples";"Curva";"Não";1;0;1;0;0;0;1;1;"-22.4744";"-43.2192";"SR-RJ";"DEL5/6";"UOP03/RJ"
189306;2019-02-04;"2";"10:20:00";"MT";174;103;"CACERES";"Falta de Atenção à Condução";"Colisão transversal";"Com Vítimas Feridas";"Pleno dia";"Decrescente";"Céu Claro";"Simples";"Reta";"Não";4;0;3;1;0;0;4;2;"-15.81799645";"-57.98996709";"SR-MT";"DEL2/3";"UOP01/MT"
189307;2019-01-03;"5";"10:45:00";"ES";101;379,7;"ICONHA";"Velocidade Incompatível";"Tombamento";"Com Vítimas Feridas";"Pleno dia";"Crescente";"Sol";"Simples";"Curva";"Não";2;0;1;1;0;0;2;1;"-20.80348543";"-40.8286733";"SR-ES";"DEL12/3";"UOP01/ES"
189308;2019-02-04;"2";"10:57:00";"MG";153;220,6;"FRUTAL";"Falta de Atenção à Condução";"Colisão frontal";"Com Vítimas Fatais";"Pleno dia";"Crescente";"Nublado";"Simples";"Reta";"Não";3;1;0;0;1;1;0;2;"-20.103438";"-49.091962";"SR-MG";"DEL13";"UOP02/MG"
189309;2019-02-04;"2";"14:10:00";"RS";153;37,2;"TRES ARROIOS";"Mal Súbito";"Colisão lateral";"Com Vítimas Feridas";"Pleno dia";"Crescente";"Nublado";"Simples";"Curva";"Não";2;0;1;0;1;0;1;2;"-27.566004";"-52.217388";"SR-RS";"DEL08";"UOP04/RS"
189310;2019-02-03;"1";"18:30:00";"MG";251;220;"CACHOEIRA DE PAJEU";"Defeito Mecânico no Veículo";"Incêndio";"Sem Vítimas";"Pleno dia";"Crescente";"Céu Claro";"Simples";"Reta";"Não";1;0;0;0;1;0;0;1;"-15.93";"-41.6014";"SR-MG";"DEL4/11";"UOP02/MG"
189311;2019-02-04;"2";"11:30:00";"RO";364;11;"VILHENA";"Falta de Atenção à Condução";"Colisão transversal";"Sem Vítimas";"Pleno dia";"Decrescente";"Nublado";"Dupla";"Rotatória";"Não";3;0;0;0;3;0;0;2;"-12.74605";"-60.112728";"SR-RO";"DEL21/4";"UOP01/RO"
189314;2019-02-02;"7";"16:40:00";"PR";476;240,4;"LAPA";"Pista Escorregadia";"Saída de leito carroçável";"Com Vítimas Feridas";"Pleno dia";"Crescente";"Chuva";"Simples";"Curva";"Não";1;0;1;0;0;0;1;1;"-25.864338";"-50.069801";"SR-PR";"DEL7/2";"UOP03/PR"
189315;2019-02-04;"2";"13:40:00";"MT";163;818;"SINOP";"Ultrapassagem Indevida";"Saída de leito carroçável";"Com Vítimas Feridas";"Pleno dia";"Crescente";"Sol";"Simples";"Desvio Temporário";"Não";1;0;1;0;0;0;1;1;"-12.03983995";"-55.51775157";"SR-MT";"DEL2/6";"UOP01/MT"
189317;2019-02-04;"2";"15:00:00";"SC";101;212,8;"PALHOCA";"Falta de Atenção à Condução";"Colisão traseira";"Com Vítimas Feridas";"Pleno dia";"Decrescente";"Nublado";"Dupla";"Reta";"Sim";2;0;0;1;1;0;1;2;"-27.6372";"-48.6651";"SR-SC";"DEL8/1";"UOP02/SC"
189319;2019-02-04;"2";"14:10:00";"PE";408;72,8;"PAUDALHO";"Desobediência às normas de trânsito pelo condutor";"Colisão transversal";"Com Vítimas Fatais";"Pleno dia";"Crescente";"Nublado";"Dupla";"Reta";"Sim";3;1;0;1;0;1;1;2;"-7.890702";"-35.177884";"SR-PE";"DEL11/1";"UOP01/PE"
189320;2019-02-04;"2";"13:50:00";"RJ";465;19;"NOVA IGUACU";"Desobediência às normas de trânsito pelo condutor";"Colisão transversal";"Com Vítimas Feridas";"Pleno dia";"Crescente";"Nublado";"Simples";"Reta";"Sim";2;0;0;1;1;0;1;2;"-22.839184";"-43.610451";"SR-RJ";"DEL5/1";"UOP03/RJ"
189321;2019-01-07;"2";"23:30:00";"PB";230;107,3;"INGA";"Condutor Dormindo";"Saída de leito carroçável";"Com Vítimas Feridas";"Plena Noite";"Crescente";"Céu Claro";"Dupla";"Reta";"Não";4;0;4;0;0;0;4;1;"-7.2039";"-35.5389";"SR-PB";"DEL14/1";"UOP02/PB"
189324;2019-02-04;"2";"16:05:00";"RS";285;427;"PANAMBI";"Objeto estático sobre o leito carroçável";"Saída de leito carroçável";"Com Vítimas Feridas";"Pleno dia";"Crescente";"Sol";"Simples";"Reta";"Não";4;0;1;0;3;0;1;1;"-28.319859";"-53.617477";"SR-RS";"DEL9/10";"UOP01/RS"
189325;2019-02-04;"2";"11:50:00";"BA";242;509;"OLIVEIRA DOS BREJINHOS";"Defeito Mecânico no Veículo";"Saída de leito carroçável";"Com Vítimas Feridas";"Pleno dia";"Decrescente";"Céu Claro";"Simples";"Reta";"Não";3;0;1;1;1;0;2;1;"-12.269797";"-42.717239";"SR-BA";"DEL 10/10";"UOP02/BA"
189327;2019-02-04;"2";"16:45:00";"GO";153;500,3;"GOIANIA";"Não guardar distância de segurança";"Colisão traseira";"Com Vítimas Feridas";"Pleno dia";"Crescente";"Sol";"Múltipla";"Viaduto";"Sim";4;0;2;0;2;0;2;2;"-16.70800397";"-49.23085582";"SR-GO";"DEL1/1";"UOP01/GO"
189328;2019-02-04;"2";"16:30:00";"SP";116;547;"BARRA DO TURVO";"Velocidade Incompatível";"Saída de leito carroçável";"Com Vítimas Feridas";"Pleno dia";"Decrescente";"Garoa/Chuvisco";"Simples";"Não Informado";"Não";1;0;1;0;0;0;1;1;"-24.96843919";"-48.44294116";"SR-SP";"DEL6/5";"UOP03/SP"
189330;2019-02-04;"2";"16:50:00";"GO";70;61,4;"COCALZINHO DE GOIAS";"Falta de Atenção à Condução";"Colisão traseira";"Com Vítimas Feridas";"Pleno dia";"Decrescente";"Chuva";"Dupla";"Curva";"Não";4;0;3;0;1;0;3;2;"-15.767";"-48.7136";"SR-DF";"GO";"UOP06/DF"
189332;2019-02-04;"2";"15:15:00";"SC";282;524,2;"XAXIM";"Falta de Atenção à Condução";"Colisão com objeto estático";"Com Vítimas Feridas";"Pleno dia";"Crescente";"Nublado";"Simples";"Curva";"Não";3;0;2;0;1;0;2;3;"-26.965002";"-52.557384";"SR-SC";"DEL7";"UOP01/SC"
189333;2019-02-04;"2";"16:10:00";"AL";316;127,6;"CACIMBINHAS";"Velocidade Incompatível";"Colisão lateral";"Com Vítimas Feridas";"Pleno dia";"Crescente";"Chuva";"Simples";"Reta";"Não";6;0;4;2;0;0;6;2;"-9.393518";"-36.875858";"SR-AL";"DEL13/3";"UOP01/AL"
189334;2019-02-04;"2";"17:00:00";"PR";116;32;"CAMPINA GRANDE DO SUL";"Velocidade Incompatível";"Saída de leito carroçável";"Com Vítimas Feridas";"Pleno dia";"Crescente";"Nublado";"Dupla";"Não Informado";"Não";2;0;2;0;0;0;2;1;"-25.10498";"-48.839775";"SR-PR";"DEL7/1";"UOP02/PR"
189336;2019-02-04;"2";"17:30:00";"MG";381;888,8;"CAMBUI";"Velocidade Incompatível";"Capotamento";"Com Vítimas Feridas";"Pleno dia";"Decrescente";"Chuva";"Dupla";"Curva";"Não";1;0;1;0;0;0;1;1;"-22.5331";"-46.0297";"SR-MG";"DEL09";"UOP03/MG"
189337;2019-02-04;"2";"16:45:00";"RJ";101;212;"CASIMIRO DE ABREU";"Pista Escorregadia";"Tombamento";"Com Vítimas Feridas";"Pleno dia";"Crescente";"Chuva";"Dupla";"Reta";"Não";2;0;2;0;0;0;2;1;"-22.48608";"-42.254379";"SR-RJ";"DEL5/2";"UOP04/RJ"
189338;2019-02-04;"2";"16:55:00";"SE";101;93;"NOSSA SENHORA DO SOCORRO";"Falta de Atenção à Condução";"Colisão transversal";"Com Vítimas Feridas";"Pleno dia";"Crescente";"Sol";"Dupla";"Rotatória";"Sim";3;0;3;0;0;0;3;2;"-10.9116";"-37.1585";"SR-SE";"DEL20/1";"UOP01/SE"
189339;2019-02-04;"2";"17:55:00";"DF";20;8,5;"BRASILIA";"Pista Escorregadia";"Colisão traseira";"Com Vítimas Feridas";"Pleno dia";"Decrescente";"Chuva";"Dupla";"Não Informado";"Sim";3;0;2;0;0;1;2;2;"-15.65628679";"-47.78769225";"SR-DF";"DF";"UOP04/DF"
189340;2019-02-04;"2";"12:20:00";"PI";230;307;"FLORIANO";"Falta de Atenção à Condução";"Saída de leito carroçável";"Com Vítimas Feridas";"Pleno dia";"Crescente";"Céu Claro";"Simples";"Reta";"Sim";2;0;1;0;1;0;1;2;"-6.78257541";"-42.9998464";"SR-PI";"DEL17/3";"UOP01/PI"
189341;2019-02-04;"2";"16:50:00";"SP";381;74;"SAO PAULO";"Pista Escorregadia";"Colisão com objeto estático";"Com Vítimas Feridas";"Pleno dia";"Decrescente";"Chuva";"Dupla";"Curva";"Não";1;0;1;0;0;0;1;1;"-23.37617562";"-46.56249428";"SR-SP";"DEL6/3";"UOP02/SP"
189342;2019-02-04;"2";"18:20:00";"PR";116;111,5;"CURITIBA";"Desobediência às normas de trânsito pelo condutor";"Colisão lateral";"Com Vítimas Feridas";"Pleno dia";"Crescente";"Nublado";"Dupla";"Reta";"Sim";3;0;1;0;1;1;1;2;"-25.5569754";"-49.27018041";"SR-PR";"DEL7/1";"UOP01/PR"
189343;2019-02-04;"2";"17:20:00";"MT";364;138;"PEDRA PRETA";"Defeito Mecânico no Veículo";"Colisão traseira";"Sem Vítimas";"Pleno dia";"Crescente";"Céu Claro";"Simples";"Reta";"Não";2;0;0;0;2;0;0;2;"-16.80407";"-54.099163";"SR-MT";"DEL2/2";"UOP01/MT"
189344;2019-02-04;"2";"17:50:00";"SC";101;114,5;"ITAJAI";"Falta de Atenção à Condução";"Colisão traseira";"Com Vítimas Feridas";"Pleno dia";"Decrescente";"Nublado";"Dupla";"Reta";"Sim";5;0;1;0;4;0;1;2;"-26.8708";"-48.7293";"SR-SC";"DEL8/4";"UOP04/SC"
189345;2019-02-04;"2";"17:15:00";"RN";304;47;"MOSSORO";"Desobediência às normas de trânsito pelo condutor";"Colisão traseira";"Com Vítimas Feridas";"Pleno dia";"Crescente";"Céu Claro";"Dupla";"Reta";"Sim";3;0;1;0;2;0;1;2;"-5.2267718";"-37.3230583";"SR-RN";"DEL15/4";"UOP01/RN"
189346;2019-02-04;"2";"15:00:00";"BA";110;341;"ALAGOINHAS";"Mal Súbito";"Colisão frontal";"Com Vítimas Feridas";"Pleno dia";"Crescente";"Céu Claro";"Simples";"Reta";"Não";2;0;2;0;0;0;2;2;"-12.1631";"-38.415";"SR-BA";"DEL10/1";"UOP04/BA"
189347;2019-02-04;"2";"16:45:00";"SP";381;65;"MAIRIPORA";"Falta de Atenção à Condução";"Colisão traseira";"Sem Vítimas";"Pleno dia";"Decrescente";"Nublado";"Múltipla";"Reta";"Sim";2;0;0;0;2;0;0;2;"-23.32226788";"-46.58072522";"SR-SP";"DEL6/3";"UOP02/SP"
189348;2019-02-04;"2";"15:20:00";"MS";262;87,9;"TRES LAGOAS";"Defeito na Via";"Saída de leito carroçável";"Com Vítimas Feridas";"Pleno dia";"Crescente";"Céu Claro";"Simples";"Desvio Temporário";"Não";1;0;1;0;0;0;1;1;"-20.61225";"-52.39047";"SR-MS";"DEL3/7";"UOP02/MS"
189350;2019-02-04;"2";"17:00:00";"AL";424;103,8;"MARECHAL DEODORO";"Falta de Atenção à Condução";"Colisão traseira";"Com Vítimas Feridas";"Anoitecer";"Crescente";"Céu Claro";"Simples";"Reta";"Não";2;0;1;0;1;0;1;2;"-9.703379";"-35.809669";"SR-AL";"DEL13/2";"UOP01/AL"
189351;2019-02-04;"2";"19:00:00";"SC";470;69;"INDAIAL";"Não guardar distância de segurança";"Colisão traseira";"Com Vítimas Feridas";"Pleno dia";"Crescente";"Céu Claro";"Simples";"Reta";"Não";2;0;1;0;1;0;1;2;"-26.883745";"-49.246704";"SR-SC";"DEL8/4";"UOP01/SC"
189352;2019-01-11;"6";"16:00:00";"CE";20;420;"MARACANAU";"Falta de Atenção à Condução";"Engavetamento";"Com Vítimas Feridas";"Pleno dia";"Crescente";"Céu Claro";"Simples";"Reta";"Não";2;0;1;0;1;0;1;2;"-3.84402883";"-38.58283823";"SR-CE";"DEL16/1";"UOP02/CE"
189353;2019-02-04;"2";"15:20:00";"MG";146;506,9;"POCOS DE CALDAS";"Ultrapassagem Indevida";"Colisão lateral";"Com Vítimas Feridas";"Pleno dia";"Decrescente";"Chuva";"Simples";"Reta";"Não";17;0;3;7;7;0;10;7;"-21.752507";"-46.40567";"SR-MG";"DEL13";"UOP01/MG"
189354;2019-02-04;"2";"18:45:00";"SP";153;257;"MARILIA";"Ingestão de Álcool";"Colisão traseira";"Sem Vítimas";"Pleno dia";"Crescente";"Céu Claro";"Dupla";"Rotatória";"Sim";2;0;0;0;2;0;0;2;"-22.239838";"-49.919655";"SR-SP";"DEL6/07";"UOP02/SP"
189355;2019-02-04;"2";"19:20:00";"MG";116;713,1;"MURIAE";"Ingestão de álcool e/ou substâncias psicoativas pelo pedestre";"Queda de ocupante de veículo";"Com Vítimas Feridas";"Anoitecer";"Decrescente";"Nublado";"Simples";"Reta";"Não";2;0;1;0;1;0;1;2;"-21.14471134";"-42.37976074";"SR-MG";"DEL4/7";"UOP02/MG"
189356;2019-02-04;"2";"17:40:00";"SC";282;436,4;"IRANI";"Desobediência às normas de trânsito pelo condutor";"Colisão transversal";"Com Vítimas Feridas";"Pleno dia";"Decrescente";"Céu Claro";"Simples";"Rotatória";"Não";3;0;2;0;1;0;2;2;"-26.96941844";"-51.85474634";"SR-SC";"DEL7";"UOP05/SC"
189357;2019-02-04;"2";"19:15:00";"RJ";101;208,8;"CASIMIRO DE ABREU";"Pista Escorregadia";"Saída de leito carroçável";"Sem Vítimas";"Plena Noite";"Decrescente";"Chuva";"Dupla";"Reta";"Não";1;0;0;0;1;0;0;1;"-22.480673";"-42.220177";"SR-RJ";"DEL5/2";"UOP04/RJ"
189358;2019-02-04;"2";"18:00:00";"RJ";40;78,4;"PETROPOLIS";"Velocidade Incompatível";"Colisão com objeto estático";"Com Vítimas Feridas";"Pleno dia";"Crescente";"Chuva";"Simples";"Curva";"Não";1;0;1;0;0;0;1;1;"-22.5111";"-43.2316";"SR-RJ";"DEL5/6";"UOP03/RJ"
189359;2019-02-04;"2";"17:26:00";"PA";316;173,8;"SANTA LUZIA DO PARA";"Avarias e/ou desgaste excessivo no pneu";"Saída de leito carroçável";"Sem Vítimas";"Pleno dia";"Decrescente";"Garoa/Chuvisco";"Simples";"Reta";"Não";1;0;0;0;1;0;0;1;"-1.399174";"-47.012451";"SR-PA";"DEL19/1";"UOP04/PA"
189360;2019-02-04;"2";"18:35:00";"SE";235;3;"NOSSA SENHORA DO SOCORRO";"Desobediência às normas de trânsito pelo condutor";"Colisão frontal";"Com Vítimas Feridas";"Anoitecer";"Crescente";"Céu Claro";"Dupla";"Reta";"Sim";5;0;3;0;2;0;3;4;"-10.9059";"-37.111";"SR-SE";"DEL20/1";"UOP01/SE"
189361;2019-02-04;"2";"17:00:00";"RN";226;73,7;"TANGARA";"Falta de Atenção à Condução";"Capotamento";"Com Vítimas Feridas";"Pleno dia";"Decrescente";"Céu Claro";"Simples";"Reta";"Não";3;0;3;0;0;0;3;1;"-6.142459";"-35.732383";"SR-RN";"DEL15/1";"UOP02/RN"
189362;2019-02-04;"2";"18:48:00";"PB";101;84;"BAYEUX";"Falta de Atenção à Condução";"Colisão traseira";"Com Vítimas Feridas";"Anoitecer";"Crescente";"Céu Claro";"Dupla";"Reta";"Sim";2;0;0;1;1;0;1;2;"-7.1483";"-34.9131";"SR-PB";"DEL14/1";"UOP00/PB"
189364;2019-02-04;"2";"19:15:00";"ES";101;189;"ARACRUZ";"Falta de Atenção à Condução";"Colisão transversal";"Com Vítimas Feridas";"Anoitecer";"Crescente";"Céu Claro";"Simples";"Rotatória";"Sim";3;0;2;0;1;0;2;2;"-19.68132541";"-40.27022146";"SR-ES";"DEL12/4";"UOP01/ES"
189365;2019-02-04;"2";"18:30:00";"CE";222;4,2;"CAUCAIA";"Não guardar distância de segurança";"Colisão traseira";"Com Vítimas Feridas";"Plena Noite";"Crescente";"Céu Claro";"Múltipla";"Reta";"Sim";1;0;0;1;0;0;1;1;"-3.741658";"-38.604572";"SR-CE";"DEL16/1";"UOP01/CE"
189366;2019-02-04;"2";"19:20:00";"MG";40;500;"ESMERALDAS";"Falta de Atenção à Condução";"Capotamento";"Com Vítimas Feridas";"Plena Noite";"Crescente";"Céu Claro";"Dupla";"Reta";"Sim";4;0;1;0;2;1;1;2;"-19.7116";"-44.1633";"SR-MG";"DEL4/2";"UOP01/MG"
189369;2019-02-04;"2";"19:15:00";"RS";290;194;"RIO PARDO";"Animais na Pista";"Saída de leito carroçável";"Com Vítimas Feridas";"Pleno dia";"Decrescente";"Céu Claro";"Simples";"Não Informado";"Não";1;0;1;0;0;0;1;1;"-30.163651";"-52.15506";"SR-RS";"DEL9/2";"UOP03/RS"
189370;2019-02-04;"2";"17:35:00";"MG";153;16,3;"CENTRALINA";"Falta de Atenção à Condução";"Saída de leito carroçável";"Com Vítimas Feridas";"Pleno dia";"Decrescente";"Céu Claro";"Dupla";"Reta";"Não";2;0;2;0;0;0;2;1;"-18.5687";"-49.1937";"SR-MG";"DEL4/15";"UOP03/MG"
189371;2019-02-04;"2";"20:45:00";"SC";101;201,5;"SAO JOSE";"Falta de Atenção à Condução";"Colisão lateral";"Com Vítimas Feridas";"Plena Noite";"Crescente";"Céu Claro";"Múltipla";"Reta";"Sim";2;0;1;0;1;0;1;2;"-27.5572";"-48.6188";"SR-SC";"DEL8/1";"UOP01/SC"
189372;2019-02-04;"2";"19:45:00";"CE";116;417,8;"IPAUMIRIM";"Defeito na Via";"Danos eventuais";"Com Vítimas Feridas";"Plena Noite";"Crescente";"Nublado";"Simples";"Não Informado";"Não";1;0;0;1;0;0;1;1;"-6.75927993";"-38.78128231";"SR-CE";"DEL16/5";"UOP03/CE"
189373;2019-02-04;"2";"19:30:00";"MS";163;492,2;"CAMPO GRANDE";"Falta de Atenção à Condução";"Colisão lateral";"Com Vítimas Feridas";"Anoitecer";"Crescente";"Céu Claro";"Simples";"Reta";"Sim";3;0;1;0;2;0;1;2;"-20.38487775";"-54.54418036";"SR-MS";"DEL3/1";"UOP02/MS"
189374;2019-02-04;"2";"17:40:00";"SP";116;221;"GUARULHOS";"Não guardar distância de segurança";"Colisão lateral";"Com Vítimas Feridas";"Pleno dia";"Decrescente";"Nublado";"Múltipla";"Reta";"Sim";2;0;1;0;0;1;1;2;"-23.47104075";"-46.51611328";"SR-SP";"DEL6/1";"UOP01/SP"
189375;2019-02-04;"2";"18:00:00";"SC";280;296,7;"IRINEOPOLIS";"Falta de Atenção à Condução";"Colisão traseira";"Com Vítimas Feridas";"Pleno dia";"Decrescente";"Nublado";"Simples";"Não Informado";"Não";2;0;1;0;1;0;1;2;"-26.296299";"-50.915482";"SR-SC";"DEL8/6";"UOP04/SC"
189376;2019-02-04;"2";"19:40:00";"MS";163;445,8;"CAMPO GRANDE";"Ingestão de Álcool";"Derramamento de carga";"Sem Vítimas";"Anoitecer";"Crescente";"Céu Claro";"Simples";"Não Informado";"Não";2;0;0;0;1;1;0;2;"-20.76169";"-54.530291";"SR-MS";"DEL3/1";"UOP01/MS"
189377;2019-02-04;"2";"19:30:00";"PI";343;174;"BRASILEIRA";"Falta de Atenção à Condução";"Colisão traseira";"Com Vítimas Feridas";"Plena Noite";"Decrescente";"Nublado";"Simples";"Reta";"Não";1;0;0;1;0;0;1;1;"-4.193738";"-41.784855";"SR-PI";"DEL17/2";"UOP01/PI"
189378;2019-02-04;"2";"20:16:00";"PI";343;335,8;"TERESINA";"Falta de Atenção do Pedestre";"Atropelamento de Pedestre";"Com Vítimas Feridas";"Plena Noite";"Decrescente";"Chuva";"Simples";"Reta";"Não";2;0;0;1;1;0;1;1;"-5.061626";"-42.696655";"SR-PI";"DEL17/1";"UOP01/PI"
189379;2019-02-04;"2";"08:30:00";"MG";381;605,6;"OLIVEIRA";"Velocidade Incompatível";"Saída de leito carroçável";"Com Vítimas Feridas";"Pleno dia";"Crescente";"Chuva";"Dupla";"Curva";"Não";3;0;2;0;1;0;2;1;"-20.6436";"-44.7369";"SR-MG";"DEL4/4";"UOP01/MG"
189380;2019-02-04;"2";"10:15:00";"MG";381;566,4;"ITAGUARA";"Velocidade Incompatível";"Colisão traseira";"Com Vítimas Feridas";"Pleno dia";"Crescente";"Chuva";"Dupla";"Reta";"Não";2;0;1;0;1;0;1;2;"-20.4025";"-44.5126";"SR-MG";"DEL4/4";"UOP03/MG"
189381;2019-02-04;"2";"10:05:00";"MG";381;566,6;"ITAGUARA";"Objeto estático sobre o leito carroçável";"Colisão com objeto estático";"Com Vítimas Feridas";"Pleno dia";"Crescente";"Garoa/Chuvisco";"Dupla";"Não Informado";"Não";1;0;1;0;0;0;1;1;"-20.4025";"-44.5126";"SR-MG";"DEL4/4";"UOP03/MG"
189382;2019-02-04;"2";"10:00:00";"MG";381;566,7;"ITAGUARA";"Velocidade Incompatível";"Colisão com objeto estático";"Sem Vítimas";"Pleno dia";"Crescente";"Chuva";"Dupla";"Curva";"Não";2;0;0;0;2;0;0;2;"-20.4025";"-44.5126";"SR-MG";"DEL4/4";"UOP03/MG"
189383;2019-02-04;"2";"18:50:00";"RS";470;198;"BENTO GONCALVES";"Falta de Atenção à Condução";"Saída de leito carroçável";"Com Vítimas Feridas";"Pleno dia";"Decrescente";"Céu Claro";"Simples";"Reta";"Não";1;0;0;1;0;0;1;1;"-29.05483113";"-51.59321937";"SR-RS";"DEL9/6";"UOP01/RS"
189384;2019-02-04;"2";"19:25:00";"CE";222;5,4;"CAUCAIA";"Falta de Atenção à Condução";"Tombamento";"Com Vítimas Feridas";"Plena Noite";"Crescente";"Céu Claro";"Múltipla";"Não Informado";"Sim";1;0;1;0;0;0;1;1;"-3.74297";"-38.613312";"SR-CE";"DEL16/1";"UOP01/CE"
189385;2019-02-04;"2";"22:15:00";"MG";365;405;"PATOS DE MINAS";"Velocidade Incompatível";"Saída de leito carroçável";"Com Vítimas Feridas";"Plena Noite";"Decrescente";"Céu Claro";"Simples";"Reta";"Não";2;0;0;1;0;1;1;1;"-18.634";"-46.466";"SR-MG";"DEL4/10";"UOP01/MG"
189386;2019-02-04;"2";"17:35:00";"SP";116;186,6;"SANTA ISABEL";"Ultrapassagem Indevida";"Colisão traseira";"Com Vítimas Feridas";"Pleno dia";"Decrescente";"Nublado";"Dupla";"Não Informado";"Não";2;0;1;0;1;0;1;2;"-23.35487494";"-46.20350718";"SR-SP";"DEL6/2";"UOP01/SP"
189387;2019-02-04;"2";"20:45:00";"PR";376;596;"CURITIBA";"Agressão Externa";"Queda de ocupante de veículo";"Com Vítimas Feridas";"Plena Noite";"Crescente";"Nublado";"Dupla";"Reta";"Sim";2;0;0;1;1;0;1;1;"-25.48729001";"-49.34680939";"SR-PR";"DEL7/1";"UOP04/PR"
189389;2019-02-04;"2";"22:00:00";"PR";469;12,9;"FOZ DO IGUACU";"Desobediência às normas de trânsito pelo condutor";"Colisão transversal";"Com Vítimas Feridas";"Plena Noite";"Crescente";"Céu Claro";"Simples";"Reta";"Sim";3;0;2;0;1;0;2;2;"-25.5754";"-54.5489";"SR-PR";"DEL7/5";"UOP04/PR"