"id";"data_inversa";"dia_semana";"horario";"uf";"br";"km";"municipio";"causa_acidente";"tipo_acidente";"classificacao_acidente";"fase_dia";"sentido_via";"condicao_metereologica";"tipo_pista";"tracado_via";"uso_solo";"pessoas";"mortos";"feridos_leves";"feridos_graves";"ilesos";"ignorados";"feridos";"veiculos";"latitude";"longitude";"regional";"delegacia";"uop"
189390;2019-02-04;"2";"22:50:00";"GO";364;319,8;"MINEIROS";"Restrição de Visibilidade";"Colisão frontal";"Com Vítimas Feridas";"Plena Noite";"Crescente";"Chuva";"Simples";"Reta";"Não";2;0;1;1;0;0;2;2;"-17.425676";"-52.620445";"SR-GO";"DEL1/5";"UOP01/GO"
189391;2019-02-04;"2";"15:40:00";"MG";267;34,2;"ARGIRITA";"Falta de Atenção à Condução";"Tombamento";"Com Vítimas Feridas";"Pleno dia";"Crescente";"Céu Claro";"Simples";"Reta";"Não";4;0;2;0;2;0;2;2;"-21.6645";"-42.8807";"SR-MG";"DEL4/7";"UOP01/MG"
189392;2019-02-04;"2";"21:10:00";"GO";50;106,1;"CRISTALINA";"Avarias e/ou desgaste excessivo no pneu";"Derramamento de carga";"Sem Vítimas";"Plena Noite";"Decrescente";"Chuva";"Dupla";"Curva";"Não";1;0;0;0;1;0;0;1;"-16.9309";"-47.7117";"SR-DF";"GO";"UOP02/DF"
189393;2019-02-04;"2";"23:00:00";"RJ";101;476;"ANGRA DOS REIS";"Pista Escorregadia";"Capotamento";"Com Vítimas Feridas";"Plena Noite";"Crescente";"Chuva";"Simples";"Não Informado";"Não";1;0;1;0;0;0;1;1;"-23.00272294";"-44.26288605";"SR-RJ";"DEL5/3";"UOP02/RJ"
189394;2019-02-04;"2";"19:00:00";"RO";319;41;"PORTO VELHO";"Ingestão de Álcool";"Tombamento";"Com Vítimas Feridas";"Plena Noite";"Crescente";"Céu Claro";"Simples";"Reta";"Não";1;0;1;0;0;0;1;1;"-8.648686";"-63.995716";"SR-RO";"DEL21/1";"UOP01/RO"
189395;2019-02-04;"2";"22:15:00";"MT";174;520;"COMODORO";"Objeto estático sobre o leito carroçável";"Saída de leito carroçável";"Com Vítimas Feridas";"Plena Noite";"Decrescente";"Nublado";"Simples";"Reta";"Não";1;0;1;0;0;0;1;1;"-13.363259";"-59.866951";"SR-MT";"DEL2/7";"UOP01/MT"
189396;2019-01-04;"6";"00:05:00";"MG";40;505;"RIBEIRAO DAS NEVES";"Falta de Atenção à Condução";"Colisão traseira";"Com Vítimas Feridas";"Plena Noite";"Decrescente";"Céu Claro";"Dupla";"Reta";"Não";2;0;1;0;1;0;1;2;"-19.7504";"-44.1449";"SR-MG";"DEL4/2";"UOP01/MG"
189398;2019-02-04;"2";"23:55:00";"PR";277;660,1;"MATELANDIA";"Desobediência às normas de trânsito pelo condutor";"Saída de leito carroçável";"Com Vítimas Feridas";"Plena Noite";"Crescente";"Vento";"Dupla";"Curva";"Não";1;0;0;1;0;0;1;1;"-25.251387";"-53.990307";"SR-PR";"DEL7/5";"UOP02/PR"
189399;2019-02-04;"2";"23:10:00";"PB";230;37,2;"SANTA RITA";"Defeito Mecânico no Veículo";"Tombamento";"Com Vítimas Feridas";"Plena Noite";"Crescente";"Chuva";"Dupla";"Reta";"Sim";1;0;0;1;0;0;1;1;"-7.1293";"-34.9536";"SR-PB";"DEL14/1";"UOP00/PB"
189400;2019-02-05;"3";"00:05:00";"MG";116;277,9;"TEOFILO OTONI";"Desobediência às normas de trânsito pelo condutor";"Atropelamento de Pedestre";"Com Vítimas Feridas";"Plena Noite";"Crescente";"Céu Claro";"Dupla";"Reta";"Sim";2;0;1;0;0;1;1;1;"-17.867232";"-41.516885";"SR-MG";"DEL4/11";"UOP01/MG"
189401;2019-02-05;"3";"01:40:00";"SP";116;58,4;"GUARATINGUETA";"Falta de Atenção à Condução";"Colisão traseira";"Com Vítimas Feridas";"Plena Noite";"Crescente";"Céu Claro";"Dupla";"Reta";"Sim";1;0;1;0;0;0;1;1;"-22.780096";"-45.145782";"SR-SP";"DEL6/8";"UOP02/SP"
189402;2019-02-05;"3";"01:10:00";"ES";101;357,9;"ANCHIETA";"Não guardar distância de segurança";"Colisão lateral";"Com Vítimas Feridas";"Plena Noite";"Crescente";"Nublado";"Dupla";"Reta";"Não";3;0;1;0;0;2;1;2;"-20.69023613";"-40.70099831";"SR-ES";"DEL12/3";"UOP01/ES"
189403;2019-02-04;"2";"08:30:00";"SP";381;75;"SAO PAULO";"Falta de Atenção à Condução";"Capotamento";"Com Vítimas Feridas";"Pleno dia";"Decrescente";"Garoa/Chuvisco";"Dupla";"Curva";"Não";4;0;1;1;2;0;2;1;"-23.4065458";"-46.57894135";"SR-SP";"DEL6/3";"UOP02/SP"
189405;2019-02-05;"3";"01:15:00";"RJ";101;153;"MACAE";"Condutor Dormindo";"Colisão frontal";"Com Vítimas Feridas";"Plena Noite";"Decrescente";"Chuva";"Simples";"Não Informado";"Não";3;0;1;0;2;0;1;2;"-22.252802";"-41.824181";"SR-RJ";"DEL5/2";"UOP04/RJ"
189406;2019-02-05;"3";"02:50:00";"RJ";356;18;"ITAPERUNA";"Animais na Pista";"Atropelamento de Animal";"Com Vítimas Feridas";"Plena Noite";"Crescente";"Céu Claro";"Simples";"Reta";"Não";2;0;1;0;1;0;1;2;"-21.179396";"-41.954491";"SR-RJ";"DEL5/8";"UOP03/RJ"
189407;2019-02-05;"3";"04:00:00";"SE";101;82,5;"LARANJEIRAS";"Animais na Pista";"Atropelamento de Animal";"Sem Vítimas";"Amanhecer";"Decrescente";"Nublado";"Dupla";"Não Informado";"Não";3;0;0;0;3;0;0;1;"-10.8297";"-37.1383";"SR-SE";"DEL20/1";"UOP01/SE"
189408;2019-02-04;"2";"21:50:00";"MG";116;127,4;"ITAOBIM";"Falta de Atenção à Condução";"Saída de leito carroçável";"Com Vítimas Fatais";"Plena Noite";"Decrescente";"Céu Claro";"Simples";"Curva";"Não";2;1;0;1;0;0;1;1;"-16.668544";"-41.500362";"SR-MG";"DEL4/11";"UOP02/MG"
189409;2019-02-05;"3";"06:10:00";"PR";277;576;"CASCAVEL";"Falta de Atenção à Condução";"Tombamento";"Sem Vítimas";"Amanhecer";"Crescente";"Céu Claro";"Simples";"Túnel";"Sim";1;0;0;0;1;0;0;1;"-25.02817";"-53.55983";"SR-PR";"DEL7/4";"UOP01/PR"
189410;2019-02-05;"3";"05:50:00";"RJ";101;405,4;"ITAGUAI";"Pista Escorregadia";"Colisão com objeto estático";"Sem Vítimas";"Amanhecer";"Decrescente";"Chuva";"Dupla";"Não Informado";"Sim";1;0;0;0;1;0;0;1;"-22.867615";"-43.802757";"SR-RJ";"DEL5/3";"UOP01/RJ"
189411;2019-02-05;"3";"06:00:00";"MG";40;673,1;"CARANDAI";"Falta de Atenção à Condução";"Saída de leito carroçável";"Com Vítimas Feridas";"Amanhecer";"Crescente";"Nublado";"Simples";"Curva";"Não";2;0;2;0;0;0;2;1;"-20.99882062";"-43.77598112";"SR-MG";"DEL5";"UOP02/MG"
189412;2019-02-05;"3";"05:50:00";"MG";116;296,5;"TEOFILO OTONI";"Condutor Dormindo";"Capotamento";"Com Vítimas Feridas";"Amanhecer";"Decrescente";"Nublado";"Simples";"Não Informado";"Não";1;0;1;0;0;0;1;1;"-18.004457";"-41.584517";"SR-MG";"DEL4/11";"UOP01/MG"
189413;2019-01-15;"3";"05:00:00";"RJ";116;288,8;"BARRA MANSA";"Restrição de Visibilidade";"Colisão traseira";"Com Vítimas Feridas";"Plena Noite";"Decrescente";"Céu Claro";"Dupla";"Curva";"Não";2;0;0;1;1;0;1;2;"-22.449371";"-44.321712";"SR-RJ";"DEL5/7";"UOP02/RJ"
189414;2019-02-05;"3";"07:20:00";"PR";277;578,8;"CASCAVEL";"Falta de Atenção à Condução";"Colisão lateral";"Sem Vítimas";"Pleno dia";"Crescente";"Céu Claro";"Simples";"Curva";"Não";3;0;0;0;3;0;0;2;"-25.02817";"-53.55983";"SR-PR";"DEL7/4";"UOP01/PR"
189415;2019-02-05;"3";"07:10:00";"SC";101;125,6;"ITAJAI";"Não guardar distância de segurança";"Colisão traseira";"Com Vítimas Feridas";"Amanhecer";"Decrescente";"Céu Claro";"Dupla";"Não Informado";"Não";2;0;1;0;1;0;1;2;"-26.9557";"-48.6796";"SR-SC";"DEL8/4";"UOP04/SC"
189417;2019-02-05;"3";"06:00:00";"CE";116;51,7;"PACAJUS";"Desobediência às normas de trânsito pelo condutor";"Capotamento";"Com Vítimas Feridas";"Pleno dia";"Decrescente";"Céu Claro";"Múltipla";"Curva";"Não";2;0;0;1;1;0;1;1;"-4.19752364";"-38.46875668";"SR-CE";"DEL16/3";"UOP02/CE"
189418;2019-02-05;"3";"07:10:00";"ES";101;1;"SERRA";"Não guardar distância de segurança";"Colisão traseira";"Com Vítimas Feridas";"Pleno dia";"Crescente";"Chuva";"Dupla";"Reta";"Sim";4;0;1;0;2;1;1;4;"-20.129093";"-40.308125";"SR-ES";"DEL12/2";"UOP01/ES"
189419;2019-02-05;"3";"07:45:00";"GO";153;492;"GOIANIA";"Falta de Atenção à Condução";"Colisão lateral";"Com Vítimas Feridas";"Pleno dia";"Crescente";"Céu Claro";"Dupla";"Reta";"Sim";2;0;1;0;1;0;1;2;"-16.6461";"-49.2114";"SR-GO";"DEL1/1";"UOP01/GO"
189420;2019-02-05;"3";"06:30:00";"RJ";101;198;"CASIMIRO DE ABREU";"Pista Escorregadia";"Colisão com objeto estático";"Com Vítimas Feridas";"Pleno dia";"Crescente";"Nublado";"Dupla";"Curva";"Não";3;0;3;0;0;0;3;1;"-22.491579";"-42.127712";"SR-RJ";"DEL5/2";"UOP04/RJ"
189421;2019-02-05;"3";"07:45:00";"ES";101;264,2;"SERRA";"Falta de Atenção à Condução";"Queda de ocupante de veículo";"Com Vítimas Feridas";"Pleno dia";"Crescente";"Nublado";"Múltipla";"Reta";"Sim";1;0;1;0;0;0;1;1;"-20.18114435";"-40.26530396";"SR-ES";"DEL12/2";"UOP01/ES"
189422;2019-02-05;"3";"07:52:00";"PR";376;6;"MARINGA";"Avarias e/ou desgaste excessivo no pneu";"Queda de ocupante de veículo";"Com Vítimas Feridas";"Pleno dia";"Crescente";"Céu Claro";"Dupla";"Reta";"Não";2;0;2;0;0;0;2;1;"-23.4273";"-51.9375";"SR-PR";"DEL7/7";"UOP04/PR"
189423;2019-02-05;"3";"07:20:00";"SC";101;209;"SAO JOSE";"Desobediência às normas de trânsito pelo condutor";"Tombamento";"Com Vítimas Feridas";"Pleno dia";"Decrescente";"Céu Claro";"Dupla";"Reta";"Sim";1;0;1;0;0;0;1;1;"-27.6176";"-48.6463";"SR-SC";"DEL8/1";"UOP01/SC"
189424;2019-02-05;"3";"07:40:00";"SC";101;211,1;"PALHOCA";"Falta de Atenção à Condução";"Queda de ocupante de veículo";"Com Vítimas Feridas";"Pleno dia";"Decrescente";"Céu Claro";"Múltipla";"Reta";"Não";2;0;1;0;1;0;1;2;"-27.6301";"-48.659";"SR-SC";"DEL8/1";"UOP02/SC"
189425;2019-02-05;"3";"03:00:00";"MG";116;45,1;"MEDINA";"Defeito Mecânico no Veículo";"Incêndio";"Sem Vítimas";"Plena Noite";"Decrescente";"Céu Claro";"Simples";"Reta";"Não";1;0;0;0;1;0;0;1;"-16.07684014";"-41.44761702";"SR-BA";"DEL10/8";"UOP03/BA"
189426;2019-02-05;"3";"08:10:00";"MG";40;442,8;"PARAOPEBA";"Condutor Dormindo";"Saída de leito carroçável";"Com Vítimas Fatais";"Pleno dia";"Crescente";"Céu Claro";"Dupla";"Não Informado";"Não";5;2;0;3;0;0;3;1;"-19.282284";"-44.41734";"SR-MG";"DEL4/2";"UOP01/MG"
189427;2019-02-05;"3";"08:30:00";"RJ";116;43;"TERESOPOLIS";"Falta de Atenção à Condução";"Saída de leito carroçável";"Com Vítimas Feridas";"Pleno dia";"Crescente";"Chuva";"Simples";"Curva";"Não";1;0;1;0;0;0;1;1;"-22.150652";"-42.801525";"SR-RJ";"DEL5/4";"UOP01/RJ"
189429;2019-02-05;"3";"07:40:00";"PR";277;80;"CURITIBA";"Falta de Atenção à Condução";"Colisão lateral";"Com Vítimas Feridas";"Pleno dia";"Crescente";"Nublado";"Dupla";"Reta";"Sim";2;0;1;0;1;0;1;2;"-25.47737245";"-49.20776367";"SR-PR";"DEL7/1";"UOP01/PR"
189430;2019-01-28;"2";"22:40:00";"RN";101;96,3;"NATAL";"Falta de Atenção à Condução";"Colisão traseira";"Com Vítimas Feridas";"Plena Noite";"Crescente";"Céu Claro";"Dupla";"Reta";"Sim";4;0;1;0;3;0;1;4;"-5.849496";"-35.208908";"SR-RN";"DEL15/1";"UOP01/RN"
189431;2019-02-05;"3";"02:00:00";"MG";365;46,6;"CLARO DOS POCOES";"Velocidade Incompatível";"Capotamento";"Com Vítimas Feridas";"Amanhecer";"Decrescente";"Chuva";"Simples";"Reta";"Não";2;0;2;0;0;0;2;1;"-16.919914";"-44.214622";"SR-MG";"DEL4/12";"UOP01/MG"
189432;2019-02-05;"3";"07:00:00";"MA";135;0,1;"SAO LUIS";"Defeito Mecânico no Veículo";"Atropelamento de Pedestre";"Com Vítimas Feridas";"Pleno dia";"Decrescente";"Céu Claro";"Dupla";"Curva";"Não";2;0;1;0;1;0;1;1;"-2.580456";"-44.241947";"SR-MA";"DEL18/1";"UOP01/MA"
189433;2019-01-19;"7";"21:30:00";"BA";415;52,2;"ITABUNA";"Velocidade Incompatível";"Saída de leito carroçável";"Com Vítimas Feridas";"Plena Noite";"Crescente";"Céu Claro";"Simples";"Reta";"Não";4;0;2;0;2;0;2;1;"-14.814651";"-39.296741";"SR-BA";"DEL10/5";"UOP01/BA"
189434;2019-02-05;"3";"07:30:00";"MG";365;47,1;"CLARO DOS POCOES";"Velocidade Incompatível";"Colisão frontal";"Com Vítimas Feridas";"Pleno dia";"Crescente";"Chuva";"Simples";"Reta";"Não";2;0;1;1;0;0;2;2;"-16.927355";"-44.219933";"SR-MG";"DEL4/12";"UOP01/MG"
189435;2019-01-26;"7";"02:25:00";"ES";101;334,1;"GUARAPARI";"Sinalização da via insuficiente ou inadequada";"Colisão com objeto estático";"Sem Vítimas";"Plena Noite";"Decrescente";"Céu Claro";"Simples";"Reta";"Não";3;0;0;0;3;0;0;2;"-20.62333114";"-40.52295512";"SR-ES";"DEL12/3";"UOP01/ES"
189436;2019-02-05;"3";"08:32:00";"PR";116;28;"CAMPINA GRANDE DO SUL";"Velocidade Incompatível";"Derramamento de carga";"Sem Vítimas";"Pleno dia";"Decrescente";"Garoa/Chuvisco";"Múltipla";"Curva";"Não";1;0;0;0;1;0;0;1;"-25.106691";"-48.804073";"SR-PR";"DEL7/1";"UOP02/PR"
189438;2019-02-05;"3";"07:30:00";"PR";153;40;"SANTO ANTONIO DA PLATINA";"Animais na Pista";"Atropelamento de Animal";"Sem Vítimas";"Pleno dia";"Crescente";"Céu Claro";"Simples";"Reta";"Sim";1;0;0;0;1;0;0;1;"-23.28450371";"-50.05672038";"SR-PR";"DEL7/7";"UOP07/PR"
189440;2019-02-05;"3";"07:20:00";"PB";230;26,9;"JOAO PESSOA";"Falta de Atenção à Condução";"Colisão traseira";"Com Vítimas Feridas";"Pleno dia";"Crescente";"Céu Claro";"Dupla";"Reta";"Sim";2;0;1;0;1;0;1;2;"-7.1693";"-34.8782";"SR-PB";"DEL14/1";"UOP00/PB"
189441;2019-02-05;"3";"06:20:00";"RS";116;11,7;"VACARIA";"Desobediência às normas de trânsito pelo condutor";"Colisão lateral";"Com Vítimas Feridas";"Amanhecer";"Decrescente";"Nublado";"Simples";"Curva";"Não";2;0;1;0;1;0;1;2;"-28.28724406";"-50.80309868";"SR-RS";"DEL9/5";"UOP03/RS"
189442;2019-02-05;"3";"06:50:00";"MG";40;518;"RIBEIRAO DAS NEVES";"Falta de Atenção à Condução";"Colisão lateral";"Com Vítimas Feridas";"Pleno dia";"Crescente";"Céu Claro";"Dupla";"Reta";"Sim";2;0;0;1;1;0;1;2;"-19.843";"-44.0749";"SR-MG";"DEL4/1";"UOP03/MG"
189443;2019-01-05;"7";"02:30:00";"MG";381;379;"SAO GONCALO DO RIO ABAIXO";"Falta de Atenção à Condução";"Colisão frontal";"Com Vítimas Feridas";"Plena Noite";"Crescente";"Céu Claro";"Simples";"Curva";"Não";10;0;7;1;2;0;8;2;"-19.86345573";"-43.22611034";"SR-MG";"DEL4/1";"UOP01/MG"
189444;2019-02-05;"3";"07:30:00";"SC";282;501,3;"XANXERE";"Não guardar distância de segurança";"Colisão lateral";"Com Vítimas Feridas";"Pleno dia";"Decrescente";"Céu Claro";"Dupla";"Rotatória";"Não";2;0;1;0;1;0;1;2;"-26.882715";"-52.381729";"SR-SC";"DEL7";"UOP01/SC"
189447;2019-02-05;"3";"00:20:00";"AL";104;9;"SAO JOSE DA LAJE";"Falta de Atenção à Condução";"Capotamento";"Com Vítimas Feridas";"Plena Noite";"Crescente";"Nublado";"Simples";"Curva";"Não";1;0;0;1;0;0;1;1;"-8.95833215";"-36.02416992";"SR-AL";"DEL13/1";"UOP02/AL"
189448;2019-02-05;"3";"08:20:00";"MG";251;504;"FRANCISCO SA";"Mal Súbito";"Queda de ocupante de veículo";"Com Vítimas Feridas";"Pleno dia";"Crescente";"Chuva";"Simples";"Reta";"Não";2;0;1;0;1;0;1;1;"-16.609";"-43.6592";"SR-MG";"DEL4/12";"UOP01/MG"
189449;2019-02-05;"3";"08:50:00";"BA";324;616;"SALVADOR";"Não guardar distância de segurança";"Colisão traseira";"Com Vítimas Feridas";"Pleno dia";"Crescente";"Céu Claro";"Dupla";"Reta";"Não";2;0;1;0;1;0;1;2;"-12.88723998";"-38.43994439";"SR-BA";"DEL10/1";"UOP01/BA"
189450;2019-02-05;"3";"07:00:00";"SC";282;575,7;"PINHALZINHO";"Condutor Dormindo";"Colisão lateral";"Com Vítimas Feridas";"Amanhecer";"Crescente";"Céu Claro";"Simples";"Curva";"Sim";2;0;1;0;1;0;1;2;"-26.87620261";"-52.95227766";"SR-SC";"DEL7";"UOP02/SC"
189451;2019-02-05;"3";"08:40:00";"BA";116;673;"JEQUIE";"Falta de Atenção do Pedestre";"Atropelamento de Pedestre";"Com Vítimas Feridas";"Pleno dia";"Crescente";"Sol";"Simples";"Ponte";"Sim";2;0;0;1;0;1;1;1;"-13.86931127";"-40.11267923";"SR-BA";"DEL10/3";"UOP01/BA"
189452;2019-02-05;"3";"09:40:00";"ES";101;270;"SERRA";"Falta de Atenção à Condução";"Queda de ocupante de veículo";"Com Vítimas Feridas";"Pleno dia";"Decrescente";"Sol";"Múltipla";"Reta";"Sim";1;0;1;0;0;0;1;1;"-20.22979024";"-40.27253335";"SR-ES";"DEL12/2";"UOP01/ES"
189453;2019-02-05;"3";"09:45:00";"PR";116;116,7;"CURITIBA";"Falta de Atenção à Condução";"Queda de ocupante de veículo";"Com Vítimas Feridas";"Pleno dia";"Decrescente";"Nublado";"Dupla";"Reta";"Sim";2;0;1;0;1;0;1;2;"-25.544559";"-49.30146";"SR-PR";"DEL7/1";"UOP06/PR"
189454;2019-02-05;"3";"10:40:00";"RJ";116;88;"TERESOPOLIS";"Falta de Atenção à Condução";"Colisão lateral";"Sem Vítimas";"Pleno dia";"Crescente";"Chuva";"Simples";"Curva";"Não";2;0;0;0;2;0;0;2;"-22.453527";"-42.954491";"SR-RJ";"DEL5/4";"UOP01/RJ"
189455;2019-02-05;"3";"09:05:00";"SP";NA;NA;"ITAPECERICA DA SERRA";"Defeito Mecânico no Veículo";"Colisão com objeto estático";"Com Vítimas Feridas";"Pleno dia";"Não Informado";"Céu Claro";"Simples";"Curva";"Sim";2;0;2;0;0;0;2;1;"-23.70883863";"-46.87322795";"SR-SP";"DEL6/4";"UOP01/SP"
189456;2019-02-05;"3";"11:10:00";"SC";101;207,3;"SAO JOSE";"Falta de Atenção à Condução";"Colisão lateral";"Com Vítimas Feridas";"Pleno dia";"Crescente";"Céu Claro";"Dupla";"Não Informado";"Sim";2;0;1;0;1;0;1;2;"-27.6034";"-48.632";"SR-SC";"DEL8/1";"UOP01/SC"
189457;2019-02-05;"3";"09:55:00";"MT";364;273,1;"JACIARA";"Defeito Mecânico no Veículo";"Colisão traseira";"Sem Vítimas";"Pleno dia";"Decrescente";"Céu Claro";"Dupla";"Reta";"Sim";2;0;0;0;2;0;0;2;"-15.96078";"-54.967728";"SR-MT";"DEL2/1";"UOP02/MT"
189458;2019-02-05;"3";"10:00:00";"RN";427;25,8;"ACARI";"Defeito Mecânico no Veículo";"Capotamento";"Com Vítimas Fatais";"Pleno dia";"Crescente";"Nublado";"Simples";"Curva";"Não";1;1;0;0;0;0;0;1;"-6.41766017";"-36.64283752";"SR-RN";"DEL15/3";"UOP02/RN"
189459;2019-02-05;"3";"10:40:00";"SE";101;22,6;"MALHADA DOS BOIS";"Falta de Atenção à Condução";"Atropelamento de Pedestre";"Com Vítimas Feridas";"Pleno dia";"Crescente";"Céu Claro";"Simples";"Curva";"Sim";2;0;0;1;0;1;1;1;"-10.295593";"-36.883125";"SR-SE";"DEL20/2";"UOP02/SE"
189460;2019-02-05;"3";"11:40:00";"PR";277;328,8;"GUARAPUAVA";"Falta de Atenção à Condução";"Saída de leito carroçável";"Com Vítimas Fatais";"Pleno dia";"Decrescente";"Nublado";"Simples";"Curva";"Não";1;1;0;0;0;0;0;1;"-25.362526";"-51.350335";"SR-PR";"DEL7/3";"UOP02/PR"
189461;2019-02-05;"3";"09:20:00";"PI";230;280;"PICOS";"Carga excessiva e/ou mal acondicionada";"Derramamento de carga";"Sem Vítimas";"Pleno dia";"Crescente";"Céu Claro";"Simples";"Curva";"Não";1;0;0;0;1;0;0;1;"-7.02654568";"-41.4020093";"SR-PI";"DEL17/3";"UOP01/PI"
189462;2019-02-05;"3";"07:45:00";"SP";116;155;"SAO JOSE DOS CAMPOS";"Falta de Atenção à Condução";"Colisão traseira";"Com Vítimas Feridas";"Pleno dia";"Decrescente";"Nublado";"Dupla";"Reta";"Não";2;0;1;0;1;0;1;2;"-23.219809";"-45.899918";"SR-SP";"DEL6/2";"UOP01/SP"
189463;2019-02-05;"3";"11:00:00";"GO";364;303,4;"MINEIROS";"Falta de Atenção à Condução";"Colisão traseira";"Com Vítimas Feridas";"Pleno dia";"Decrescente";"Céu Claro";"Simples";"Reta";"Não";2;0;1;0;1;0;1;2;"-17.530985";"-52.533325";"SR-GO";"DEL1/5";"UOP01/GO"
189464;2019-02-05;"3";"11:00:00";"PB";230;45;"SANTA RITA";"Deficiência ou não Acionamento do Sistema de Iluminação/Sinalização do Veículo";"Incêndio";"Sem Vítimas";"Pleno dia";"Crescente";"Nublado";"Dupla";"Reta";"Não";3;0;0;0;3;0;0;1;"-7.1583";"-35.0176";"SR-PB";"DEL14/1";"UOP02/PB"
189465;2019-01-08;"3";"09:10:00";"PB";230;152;"CAMPINA GRANDE";"Defeito Mecânico no Veículo";"Colisão lateral";"Sem Vítimas";"Pleno dia";"Decrescente";"Céu Claro";"Simples";"Reta";"Não";2;0;0;0;1;1;0;2;"-7.2688";"-35.8837";"SR-PB";"DEL14/2";"UOP01/PB"
189466;2019-02-05;"3";"11:25:00";"MS";163;256;"DOURADOS";"Falta de Atenção à Condução";"Colisão lateral";"Com Vítimas Feridas";"Pleno dia";"Crescente";"Nublado";"Dupla";"Rotatória";"Sim";2;0;1;0;1;0;1;2;"-22.259183";"-54.80366399";"SR-MS";"DEL3/4";"UOP01/MS"
189467;2019-02-05;"3";"11:15:00";"MS";267;379;"MARACAJU";"Defeito Mecânico no Veículo";"Saída de leito carroçável";"Com Vítimas Feridas";"Pleno dia";"Decrescente";"Céu Claro";"Simples";"Reta";"Não";2;0;1;1;0;0;2;1;"-21.64753617";"-55.3068924";"SR-MS";"DEL3/5";"UOP01/MS"
189468;2019-02-05;"3";"11:30:00";"BA";135;200,9;"SAO DESIDERIO";"Desobediência às normas de trânsito pelo condutor";"Colisão transversal";"Com Vítimas Feridas";"Pleno dia";"Decrescente";"Céu Claro";"Simples";"Interseção de vias";"Não";2;0;1;0;1;0;1;2;"-12.32679549";"-45.00570774";"SR-BA";"DEL10/10";"UOP01/BA"
189470;2019-02-05;"3";"12:56:00";"PR";476;143,2;"CURITIBA";"Falta de Atenção do Pedestre";"Atropelamento de Pedestre";"Com Vítimas Feridas";"Pleno dia";"Crescente";"Nublado";"Múltipla";"Reta";"Não";2;0;1;0;1;0;1;1;"-25.543802";"-49.305328";"SR-PR";"DEL7/1";"UOP04/PR"
189471;2019-02-05;"3";"12:20:00";"SP";116;156;"SAO JOSE DOS CAMPOS";"Desobediência às normas de trânsito pelo condutor";"Colisão traseira";"Com Vítimas Feridas";"Pleno dia";"Decrescente";"Nublado";"Dupla";"Reta";"Sim";2;0;1;0;1;0;1;2;"-23.24850953";"-45.93370914";"SR-SP";"DEL6/2";"UOP01/SP"
189472;2019-02-05;"3";"11:30:00";"GO";364;296,1;"MINEIROS";"Velocidade Incompatível";"Tombamento";"Sem Vítimas";"Pleno dia";"Decrescente";"Céu Claro";"Dupla";"Curva";"Sim";1;0;0;0;1;0;0;1;"-17.578016";"-52.518154";"SR-GO";"DEL1/5";"UOP01/GO"
189473;2019-02-05;"3";"12:20:00";"PE";101;50,2;"ABREU E LIMA";"Falta de Atenção à Condução";"Colisão lateral";"Sem Vítimas";"Pleno dia";"Crescente";"Chuva";"Múltipla";"Reta";"Sim";2;0;0;0;2;0;0;2;"-7.9148";"-34.8984";"SR-PE";"DEL11/1";"UOP02/PE"
189474;2019-02-05;"3";"08:45:00";"MA";10;269,8;"IMPERATRIZ";"Desobediência às normas de trânsito pelo condutor";"Colisão lateral";"Com Vítimas Fatais";"Pleno dia";"Crescente";"Chuva";"Simples";"Não Informado";"Não";8;5;0;0;3;0;0;3;"-5.382404";"-47.476055";"SR-MA";"DEL18/4";"UOP01/MA"
189475;2019-02-05;"3";"13:45:00";"MG";40;43,1;"PARACATU";"Desobediência às normas de trânsito pelo condutor";"Colisão transversal";"Com Vítimas Feridas";"Pleno dia";"Crescente";"Céu Claro";"Simples";"Reta";"Sim";3;0;2;0;1;0;2;2;"-17.225937";"-46.861691";"SR-MG";"DEL4/14";"UOP01/MG"
189476;2019-02-05;"3";"10:40:00";"PI";135;323;"CRISTINO CASTRO";"Defeito na Via";"Saída de leito carroçável";"Com Vítimas Feridas";"Pleno dia";"Crescente";"Chuva";"Simples";"Curva";"Não";5;0;0;3;2;0;3;1;"-8.867694";"-44.240131";"SR-PI";"DEL17/3";"UOP02/PI"
189479;2019-02-05;"3";"14:00:00";"SC";101;148;"ITAPEMA";"Falta de Atenção à Condução";"Colisão traseira";"Com Vítimas Feridas";"Pleno dia";"Decrescente";"Sol";"Simples";"Reta";"Não";2;0;1;0;1;0;1;2;"-27.109";"-48.6126";"SR-SC";"DEL8/4";"UOP03/SC"
189480;2019-02-05;"3";"10:50:00";"RO";364;273,4;"CACOAL";"Falta de Atenção à Condução";"Saída de leito carroçável";"Sem Vítimas";"Pleno dia";"Decrescente";"Céu Claro";"Simples";"Reta";"Não";5;0;0;0;5;0;0;2;"-11.385059";"-61.741104";"SR-RO";"DEL21/2";"UOP02/RO"
189481;2019-02-05;"3";"13:00:00";"PE";101;173;"AGUA PRETA";"Defeito na Via";"Capotamento";"Com Vítimas Feridas";"Pleno dia";"Decrescente";"Nublado";"Múltipla";"Reta";"Não";1;0;1;0;0;0;1;1;"-8.598";"-35.5279";"SR-PE";"DEL11/1";"UOP03/PE"
189482;2019-02-05;"3";"13:25:00";"RN";405;3,7;"MOSSORO";"Falta de Atenção à Condução";"Colisão frontal";"Com Vítimas Feridas";"Pleno dia";"Crescente";"Céu Claro";"Simples";"Reta";"Sim";4;0;3;0;1;0;3;2;"-5.193866";"-37.380531";"SR-RN";"DEL15/4";"UOP02/RN"