"id";"data_inversa";"dia_semana";"horario";"uf";"br";"km";"municipio";"causa_acidente";"tipo_acidente";"classificacao_acidente";"fase_dia";"sentido_via";"condicao_metereologica";"tipo_pista";"tracado_via";"uso_solo";"pessoas";"mortos";"feridos_leves";"feridos_graves";"ilesos";"ignorados";"feridos";"veiculos";"latitude";"longitude";"regional";"delegacia";"uop"
189580;2019-02-05;"3";"11:55:00";"PR";277;664;"MEDIANEIRA";"Falta de Atenção à Condução";"Incêndio";"Com Vítimas Feridas";"Plena Noite";"Crescente";"Céu Claro";"Dupla";"Reta";"Não";1;0;1;0;0;0;1;1;"-25.253262";"-54.028618";"SR-PR";"DEL7/5";"UOP02/PR"
189581;2019-02-05;"3";"22:40:00";"CE";20;417,6;"MARACANAU";"Avarias e/ou desgaste excessivo no pneu";"Danos eventuais";"Com Vítimas Feridas";"Plena Noite";"Crescente";"Ignorado";"Dupla";"Reta";"Sim";2;0;1;0;1;0;1;1;"-3.76999";"-38.670063";"SR-CE";"DEL16/1";"UOP02/CE"
189582;2019-02-05;"3";"16:45:00";"MS";158;114,2;"PARANAIBA";"Defeito Mecânico no Veículo";"Tombamento";"Sem Vítimas";"Pleno dia";"Crescente";"Nublado";"Simples";"Não Informado";"Não";1;0;0;0;1;0;0;1;"-19.702106";"-51.158798";"SR-MS";"DEL3/8";"UOP01/MS"
189583;2019-02-05;"3";"23:35:00";"MG";381;437;"SABARA";"Velocidade Incompatível";"Colisão frontal";"Com Vítimas Feridas";"Plena Noite";"Crescente";"Nublado";"Simples";"Curva";"Não";2;0;1;0;1;0;1;2;"-19.78637064";"-43.73397589";"SR-MG";"DEL4/1";"UOP01/MG"
189584;2019-02-06;"4";"00:15:00";"PR";277;715,8;"FOZ DO IGUACU";"Falta de Atenção à Condução";"Saída de leito carroçável";"Com Vítimas Feridas";"Plena Noite";"Decrescente";"Céu Claro";"Dupla";"Reta";"Não";3;0;2;0;1;0;2;1;"-25.468756";"-54.458099";"SR-PR";"DEL7/5";"UOP01/PR"
189585;2019-02-06;"4";"00:00:00";"MG";365;378,1;"PATOS DE MINAS";"Fenômenos da Natureza";"Saída de leito carroçável";"Com Vítimas Feridas";"Plena Noite";"Decrescente";"Nublado";"Simples";"Reta";"Não";1;0;1;0;0;0;1;1;"-18.57018";"-46.25335";"SR-MG";"DEL4/10";"UOP01/MG"
189586;2019-02-05;"3";"22:30:00";"PE";428;186;"PETROLINA";"Ingestão de Álcool";"Colisão transversal";"Com Vítimas Feridas";"Plena Noite";"Crescente";"Céu Claro";"Simples";"Reta";"Sim";2;0;1;0;1;0;1;2;"-9.348166";"-40.474457";"SR-PE";"DEL11/6";"UOP01/PE"
189587;2019-02-06;"4";"00:45:00";"RS";386;49,8;"SEBERI";"Condutor Dormindo";"Colisão frontal";"Com Vítimas Fatais";"Plena Noite";"Crescente";"Céu Claro";"Simples";"Reta";"Sim";2;1;0;0;1;0;0;2;"-27.482555";"-53.392845";"SR-RS";"DEL08";"UOP02/RS"
189588;2019-02-05;"3";"20:40:00";"MT";163;832;"SINOP";"Defeito na Via";"Queda de ocupante de veículo";"Com Vítimas Feridas";"Plena Noite";"Crescente";"Céu Claro";"Dupla";"Curva";"Sim";2;0;2;0;0;0;2;1;"-11.88288976";"-55.500741";"SR-MT";"DEL2/6";"UOP01/MT"
189589;2019-02-05;"3";"20:00:00";"MT";163;714;"SORRISO";"Falta de Atenção à Condução";"Tombamento";"Com Vítimas Feridas";"Plena Noite";"Crescente";"Nublado";"Simples";"Reta";"Não";1;0;1;0;0;0;1;1;"-12.86463894";"-55.83411109";"SR-MT";"DEL2/6";"UOP01/MT"
189590;2019-02-05;"3";"21:20:00";"RS";285;167,9;"MUITOS CAPOES";"Velocidade Incompatível";"Capotamento";"Com Vítimas Feridas";"Plena Noite";"Crescente";"Céu Claro";"Simples";"Curva";"Não";4;0;3;0;1;0;3;1;"-28.333096";"-51.291729";"SR-RS";"DEL9/5";"UOP03/RS"
189591;2019-02-05;"3";"22:30:00";"GO";158;135,5;"CAIAPONIA";"Desobediência às normas de trânsito pelo condutor";"Colisão transversal";"Com Vítimas Feridas";"Plena Noite";"Decrescente";"Céu Claro";"Simples";"Interseção de vias";"Não";3;0;2;0;1;0;2;2;"-16.79549";"-51.734956";"SR-GO";"DEL1/4";"UOP01/GO"
189592;2019-02-05;"3";"23:30:00";"MG";381;345;"BELA VISTA DE MINAS";"Velocidade Incompatível";"Capotamento";"Com Vítimas Feridas";"Plena Noite";"Decrescente";"Garoa/Chuvisco";"Simples";"Não Informado";"Não";1;0;1;0;0;0;1;1;"-19.83177526";"-43.09581064";"SR-MG";"DEL4/3";"UOP01/MG"
189593;2019-02-05;"3";"16:00:00";"MG";381;481,2;"CONTAGEM";"Falta de Atenção à Condução";"Colisão com objeto estático";"Com Vítimas Feridas";"Pleno dia";"Crescente";"Céu Claro";"Dupla";"Reta";"Sim";2;0;2;0;0;0;2;1;"-19.959";"-44.0704";"SR-MG";"DEL4/1";"UOP03/MG"
189594;2019-02-06;"4";"02:30:00";"SP";116;423,3;"JUQUIA";"Condutor Dormindo";"Saída de leito carroçável";"Com Vítimas Feridas";"Plena Noite";"Decrescente";"Céu Claro";"Dupla";"Reta";"Não";1;0;1;0;0;0;1;1;"-24.36232074";"-47.68951893";"SR-SP";"DEL6/5";"UOP01/SP"
189596;2019-02-05;"3";"23:40:00";"PI";316;311;"PICOS";"Falta de Atenção à Condução";"Colisão com objeto estático";"Sem Vítimas";"Plena Noite";"Crescente";"Chuva";"Simples";"Reta";"Não";1;0;0;0;0;1;0;1;"-7.079842";"-41.459949";"SR-PI";"DEL17/4";"UOP01/PI"
189597;2019-02-05;"3";"23:20:00";"RN";304;224,3;"CAICARA DO RIO DO VENTO";"Defeito na Via";"Capotamento";"Com Vítimas Feridas";"Plena Noite";"Crescente";"Nublado";"Simples";"Reta";"Não";1;0;1;0;0;0;1;1;"-5.747995";"-35.933575";"SR-RN";"DEL15/1";"UOP03/RN"
189598;2019-02-06;"4";"04:00:00";"PR";277;7,8;"PARANAGUA";"Desobediência às normas de trânsito pelo condutor";"Colisão traseira";"Com Vítimas Fatais";"Plena Noite";"Decrescente";"Chuva";"Dupla";"Reta";"Não";3;1;0;2;0;0;2;2;"-25.56288445";"-48.58875275";"SR-PR";"DEL7/1";"UOP07/PR"
189600;2019-02-06;"4";"02:20:00";"SC";101;354,4;"SANGAO";"Condutor Dormindo";"Saída de leito carroçável";"Com Vítimas Feridas";"Plena Noite";"Crescente";"Céu Claro";"Dupla";"Reta";"Não";2;0;2;0;0;0;2;1;"-28.62574518";"-49.08121169";"SR-SC";"DEL8/2";"UOP01/SC"
189601;2019-02-06;"4";"03:50:00";"SC";101;214,5;"PALHOCA";"Desobediência às normas de trânsito pelo condutor";"Capotamento";"Sem Vítimas";"Plena Noite";"Crescente";"Céu Claro";"Múltipla";"Reta";"Sim";2;0;0;0;1;1;0;2;"-27.652";"-48.676";"SR-SC";"DEL8/1";"UOP02/SC"
189603;2019-02-05;"3";"21:15:00";"MG";381;490,5;"BETIM";"Falta de Atenção à Condução";"Colisão lateral";"Com Vítimas Feridas";"Plena Noite";"Crescente";"Céu Claro";"Dupla";"Reta";"Sim";4;0;2;0;2;0;2;2;"-19.9585";"-44.151";"SR-MG";"DEL4/1";"UOP03/MG"
189604;2019-02-06;"4";"04:30:00";"MG";381;485;"BETIM";"Falta de Atenção à Condução";"Colisão transversal";"Com Vítimas Feridas";"Plena Noite";"Crescente";"Chuva";"Múltipla";"Reta";"Sim";2;0;1;0;1;0;1;2;"-19.9561";"-44.1064";"SR-MG";"DEL4/1";"UOP03/MG"
189607;2019-02-06;"4";"05:45:00";"DF";70;17,8;"BRASILIA";"Falta de Atenção à Condução";"Colisão traseira";"Com Vítimas Feridas";"Amanhecer";"Decrescente";"Nublado";"Dupla";"Reta";"Não";4;0;1;0;3;0;1;2;"-15.794133";"-48.202095";"SR-DF";"DF";"UOP06/DF"
189608;2019-02-06;"4";"04:30:00";"BA";101;722,6;"EUNAPOLIS";"Velocidade Incompatível";"Saída de leito carroçável";"Com Vítimas Feridas";"Plena Noite";"Crescente";"Céu Claro";"Simples";"Reta";"Não";5;0;2;0;3;0;2;1;"-16.4015";"-39.5835";"SR-BA";"DEL10/9";"UOP01/BA"
189609;2019-02-06;"4";"02:41:00";"GO";153;136;"MARA ROSA";"Defeito Mecânico no Veículo";"Saída de leito carroçável";"Com Vítimas Feridas";"Plena Noite";"Decrescente";"Nublado";"Dupla";"Reta";"Não";5;0;2;3;0;0;5;1;"-13.958405";"-49.087955";"SR-GO";"DEL1/7";"UOP01/GO"
189610;2019-02-06;"4";"05:40:00";"SE";101;11,2;"CEDRO DE SAO JOAO";"Pista Escorregadia";"Queda de ocupante de veículo";"Com Vítimas Feridas";"Amanhecer";"Decrescente";"Chuva";"Dupla";"Reta";"Não";1;0;1;0;0;0;1;1;"-10.28064918";"-36.87337875";"SR-SE";"DEL20/2";"UOP02/SE"
189611;2019-02-06;"4";"06:00:00";"DF";40;3,4;"BRASILIA";"Falta de Atenção à Condução";"Colisão traseira";"Com Vítimas Feridas";"Pleno dia";"Decrescente";"Nublado";"Dupla";"Reta";"Sim";2;0;1;0;1;0;1;2;"-16.003145";"-47.983944";"SR-DF";"DF";"UOP01/DF"
189612;2019-02-05;"3";"21:00:00";"MT";70;268;"PRIMAVERA DO LESTE";"Objeto estático sobre o leito carroçável";"Saída de leito carroçável";"Com Vítimas Fatais";"Plena Noite";"Crescente";"Céu Claro";"Simples";"Reta";"Sim";1;1;0;0;0;0;0;1;"-15.53341425";"-54.21993256";"SR-MT";"DEL2/5";"UOP01/MT"
189613;2019-02-06;"4";"05:38:00";"SC";101;217,4;"PALHOCA";"Falta de Atenção do Pedestre";"Atropelamento de Pedestre";"Com Vítimas Fatais";"Plena Noite";"Crescente";"Céu Claro";"Dupla";"Reta";"Sim";2;1;0;0;1;0;0;1;"-27.6771";"-48.67";"SR-SC";"DEL8/1";"UOP02/SC"
189615;2019-02-06;"4";"07:30:00";"RJ";356;87;"CARDOSO MOREIRA";"Velocidade Incompatível";"Tombamento";"Sem Vítimas";"Pleno dia";"Crescente";"Nublado";"Simples";"Curva";"Não";1;0;0;0;1;0;0;1;"-21.476561";"-41.665489";"SR-RJ";"DEL5/8";"UOP03/RJ"
189616;2019-02-06;"4";"08:00:00";"ES";101;203;"JOAO NEIVA";"Não guardar distância de segurança";"Colisão traseira";"Com Vítimas Feridas";"Pleno dia";"Crescente";"Sol";"Simples";"Reta";"Sim";2;0;1;0;1;0;1;2;"-19.744673";"-40.37034295";"SR-ES";"DEL12/4";"UOP01/ES"
189617;2019-02-06;"4";"07:20:00";"GO";153;505,7;"APARECIDA DE GOIANIA";"Falta de Atenção à Condução";"Colisão transversal";"Sem Vítimas";"Pleno dia";"Decrescente";"Chuva";"Simples";"Reta";"Sim";2;0;0;0;0;2;0;2;"-16.7537";"-49.2411";"SR-GO";"DEL1/1";"UOP01/GO"
189619;2019-02-06;"4";"07:20:00";"PB";230;25,1;"JOAO PESSOA";"Falta de Atenção à Condução";"Colisão lateral";"Com Vítimas Feridas";"Pleno dia";"Decrescente";"Chuva";"Múltipla";"Reta";"Sim";3;0;2;0;1;0;2;2;"-7.1707";"-34.8684";"SR-PB";"DEL14/1";"UOP00/PB"
189620;2019-02-06;"4";"08:05:00";"MG";381;533,5;"ITATIAIUCU";"Pista Escorregadia";"Saída de leito carroçável";"Com Vítimas Feridas";"Pleno dia";"Crescente";"Chuva";"Dupla";"Curva";"Não";2;0;2;0;0;0;2;1;"-20.1781";"-44.3771";"SR-MG";"DEL4/4";"UOP03/MG"
189621;2019-02-06;"4";"04:00:00";"GO";452;80,2;"PORTEIRAO";"Velocidade Incompatível";"Saída de leito carroçável";"Com Vítimas Feridas";"Amanhecer";"Decrescente";"Chuva";"Simples";"Curva";"Não";1;0;1;0;0;0;1;1;"-18.050356";"-50.203629";"SR-GO";"DEL1/4";"UOP01/GO"
189622;2019-02-06;"4";"07:55:00";"MG";40;555,8;"NOVA LIMA";"Defeito Mecânico no Veículo";"Queda de ocupante de veículo";"Com Vítimas Feridas";"Pleno dia";"Crescente";"Chuva";"Dupla";"Reta";"Não";2;0;1;0;1;0;1;1;"-20.0943";"-43.9755";"SR-MG";"DEL4/1";"UOP02/MG"
189624;2019-02-06;"4";"02:50:00";"RJ";116;182,8;"NOVA IGUACU";"Velocidade Incompatível";"Atropelamento de Pedestre";"Com Vítimas Fatais";"Plena Noite";"Crescente";"Nublado";"Dupla";"Reta";"Sim";2;1;0;0;0;1;0;1;"-22.73863527";"-43.47462773";"SR-RJ";"DEL5/1";"UOP02/RJ"
189625;2019-02-06;"4";"06:30:00";"RS";470;231;"CARLOS BARBOSA";"Ingestão de álcool e/ou substâncias psicoativas pelo pedestre";"Saída de leito carroçável";"Sem Vítimas";"Pleno dia";"Crescente";"Céu Claro";"Simples";"Curva";"Não";2;0;0;0;2;0;0;1;"-29.28737909";"-51.49020284";"SR-RS";"DEL9/6";"UOP01/RS"
189626;2019-02-06;"4";"07:05:00";"CE";222;11;"CAUCAIA";"Falta de Atenção à Condução";"Colisão lateral";"Sem Vítimas";"Pleno dia";"Crescente";"Nublado";"Dupla";"Reta";"Sim";4;0;0;0;4;0;0;2;"-3.765979";"-38.66222";"SR-CE";"DEL16/1";"UOP01/CE"
189627;2019-02-06;"4";"07:45:00";"RS";116;254,9;"SAPUCAIA DO SUL";"Desobediência às normas de trânsito pelo condutor";"Colisão traseira";"Com Vítimas Feridas";"Pleno dia";"Decrescente";"Céu Claro";"Múltipla";"Interseção de vias";"Sim";2;0;1;0;1;0;1;2;"-29.826548";"-51.172413";"SR-RS";"DEL9/1";"UOP02/RS"
189628;2019-02-06;"4";"08:50:00";"DF";40;3;"BRASILIA";"Avarias e/ou desgaste excessivo no pneu";"Queda de ocupante de veículo";"Com Vítimas Feridas";"Pleno dia";"Decrescente";"Céu Claro";"Dupla";"Reta";"Sim";1;0;1;0;0;0;1;1;"-16.003145";"-47.983944";"SR-DF";"DF";"UOP01/DF"
189629;2019-02-06;"4";"08:15:00";"GO";153;501;"GOIANIA";"Pista Escorregadia";"Queda de ocupante de veículo";"Com Vítimas Feridas";"Pleno dia";"Decrescente";"Chuva";"Dupla";"Reta";"Sim";2;0;1;0;1;0;1;1;"-16.7189";"-49.2382";"SR-GO";"DEL1/1";"UOP01/GO"
189630;2019-02-06;"4";"08:30:00";"SC";470;63;"INDAIAL";"Desobediência às normas de trânsito pelo condutor";"Colisão traseira";"Com Vítimas Feridas";"Pleno dia";"Crescente";"Nublado";"Simples";"Reta";"Não";2;0;1;0;1;0;1;2;"-26.872396";"-49.19228";"SR-SC";"DEL8/4";"UOP01/SC"
189631;2019-02-06;"4";"08:16:00";"MG";116;123,8;"ITAOBIM";"Velocidade Incompatível";"Tombamento";"Com Vítimas Feridas";"Pleno dia";"Crescente";"Céu Claro";"Simples";"Curva";"Não";1;0;0;1;0;0;1;1;"-16.576017";"-41.50396";"SR-MG";"DEL4/11";"UOP02/MG"
189632;2019-02-06;"4";"08:50:00";"MG";40;739,6;"SANTOS DUMONT";"Velocidade Incompatível";"Tombamento";"Com Vítimas Feridas";"Pleno dia";"Decrescente";"Garoa/Chuvisco";"Simples";"Curva";"Não";1;0;1;0;0;0;1;1;"-21.4229";"-43.5578";"SR-MG";"DEL5";"UOP01/MG"
189633;2019-02-06;"4";"09:15:00";"SC";470;83,6;"RODEIO";"Falta de Atenção à Condução";"Colisão transversal";"Com Vítimas Feridas";"Pleno dia";"Crescente";"Céu Claro";"Simples";"Reta";"Sim";2;0;0;1;1;0;1;2;"-26.9622264";"-49.33874315";"SR-SC";"DEL8/4";"UOP01/SC"
189634;2019-02-06;"4";"07:30:00";"PE";232;127;"CARUARU";"Falta de Atenção do Pedestre";"Atropelamento de Pedestre";"Com Vítimas Feridas";"Pleno dia";"Crescente";"Sol";"Dupla";"Reta";"Sim";2;0;0;1;0;1;1;1;"-8.301935";"-35.980919";"SR-PE";"DEL11/2";"UOP02/PE"
189635;2019-02-06;"4";"09:07:00";"RJ";393;241;"VASSOURAS";"Ultrapassagem Indevida";"Colisão traseira";"Com Vítimas Feridas";"Pleno dia";"Crescente";"Nublado";"Múltipla";"Não Informado";"Não";3;0;1;0;2;0;1;2;"-22.425568";"-43.691799";"SR-RJ";"DEL5/5";"UOP01/RJ"
189638;2019-02-06;"4";"08:50:00";"RN";226;109,5;"SANTA CRUZ";"Desobediência às normas de trânsito pelo condutor";"Colisão lateral";"Com Vítimas Feridas";"Pleno dia";"Decrescente";"Céu Claro";"Simples";"Reta";"Sim";2;0;1;0;1;0;1;2;"-6.23785277";"-36.00758314";"SR-RN";"DEL15/3";"UOP02/RN"
189639;2019-01-15;"3";"22:40:00";"BA";20;179;"LUIS EDUARDO MAGALHAES";"Ingestão de Álcool";"Atropelamento de Pedestre";"Com Vítimas Fatais";"Plena Noite";"Crescente";"Céu Claro";"Simples";"Reta";"Não";1;1;0;0;0;0;0;1;"-12.3887";"-45.8671";"SR-BA";"DEL10/10";"UOP01/BA"
189640;2019-02-06;"4";"10:00:00";"GO";40;93;"CRISTALINA";"Falta de Atenção à Condução";"Colisão transversal";"Com Vítimas Feridas";"Pleno dia";"Crescente";"Céu Claro";"Dupla";"Interseção de vias";"Não";6;0;1;0;5;0;1;2;"-16.736824";"-47.61925";"SR-DF";"GO";"UOP02/DF"
189641;2019-02-06;"4";"10:00:00";"RS";158;284,7;"JULIO DE CASTILHOS";"Falta de Atenção à Condução";"Colisão frontal";"Com Vítimas Feridas";"Pleno dia";"Crescente";"Sol";"Simples";"Reta";"Não";4;0;3;0;1;0;3;2;"-29.415346";"-53.670498";"SR-RS";"DEL9/9";"UOP01/RS"
189642;2019-02-06;"4";"07:15:00";"RO";364;10;"VILHENA";"Desobediência às normas de trânsito pelo condutor";"Colisão transversal";"Com Vítimas Feridas";"Pleno dia";"Decrescente";"Céu Claro";"Simples";"Reta";"Sim";4;0;2;0;2;0;2;4;"-12.751925";"-60.106022";"SR-RO";"DEL21/4";"UOP01/RO"
189643;2019-02-06;"4";"07:50:00";"MG";381;315;"NOVA ERA";"Velocidade Incompatível";"Saída de leito carroçável";"Com Vítimas Fatais";"Pleno dia";"Crescente";"Garoa/Chuvisco";"Simples";"Não Informado";"Não";7;5;0;0;0;2;0;1;"-19.66927407";"-42.96943459";"SR-MG";"DEL4/3";"UOP02/MG"
189644;2019-02-06;"4";"09:30:00";"BA";101;717,6;"EUNAPOLIS";"Falta de Atenção do Pedestre";"Atropelamento de Pedestre";"Com Vítimas Feridas";"Pleno dia";"Crescente";"Sol";"Múltipla";"Não Informado";"Sim";2;0;2;0;0;0;2;1;"-16.3638";"-39.5811";"SR-BA";"DEL10/9";"UOP01/BA"
189645;2019-02-06;"4";"10:20:00";"SC";101;215,6;"PALHOCA";"Falta de Atenção à Condução";"Colisão transversal";"Com Vítimas Feridas";"Pleno dia";"Decrescente";"Céu Claro";"Dupla";"Viaduto";"Sim";2;0;1;0;1;0;1;2;"-27.6601";"-48.6774";"SR-SC";"DEL8/1";"UOP02/SC"
189646;2019-02-06;"4";"09:25:00";"AL";101;16;"NOVO LINO";"Falta de Atenção à Condução";"Tombamento";"Com Vítimas Feridas";"Pleno dia";"Crescente";"Nublado";"Dupla";"Curva";"Não";2;0;1;1;0;0;2;1;"-8.997297";"-35.676025";"SR-AL";"DEL13/1";"UOP01/AL"
189649;2019-02-06;"4";"10:46:00";"CE";116;54;"PACAJUS";"Desobediência às normas de trânsito pelo condutor";"Colisão frontal";"Com Vítimas Fatais";"Pleno dia";"Crescente";"Nublado";"Simples";"Reta";"Não";3;2;0;1;0;0;1;2;"-4.2132";"-38.4734";"SR-CE";"DEL16/3";"UOP02/CE"
189650;2019-02-06;"4";"09:21:00";"RO";174;14,2;"VILHENA";"Falta de Atenção à Condução";"Colisão transversal";"Com Vítimas Feridas";"Pleno dia";"Crescente";"Céu Claro";"Dupla";"Reta";"Não";2;0;2;0;0;0;2;2;"-12.73085642";"-60.12960076";"SR-RO";"DEL21/4";"UOP01/RO"
189651;2019-02-06;"4";"09:00:00";"CE";222;3,6;"CAUCAIA";"Pista Escorregadia";"Colisão traseira";"Com Vítimas Feridas";"Pleno dia";"Crescente";"Chuva";"Dupla";"Ponte";"Sim";3;0;0;1;2;0;1;2;"-3.74095196";"-38.60130072";"SR-CE";"DEL16/1";"UOP01/CE"
189652;2019-02-06;"4";"10:49:00";"PE";101;47,8;"ABREU E LIMA";"Não guardar distância de segurança";"Colisão traseira";"Com Vítimas Feridas";"Pleno dia";"Crescente";"Nublado";"Dupla";"Reta";"Sim";2;0;0;1;1;0;1;2;"-7.887868";"-34.904169";"SR-PE";"DEL11/1";"UOP02/PE"
189656;2019-02-06;"4";"12:00:00";"SC";101;86;"BARRA VELHA";"Falta de Atenção à Condução";"Capotamento";"Com Vítimas Feridas";"Pleno dia";"Crescente";"Céu Claro";"Simples";"Interseção de vias";"Não";2;0;2;0;0;0;2;1;"-26.6423";"-48.6895";"SR-SC";"DEL8/3";"UOP02/SC"
189659;2019-02-06;"4";"13:00:00";"ES";101;145;"LINHARES";"Desobediência às normas de trânsito pelo condutor";"Colisão transversal";"Com Vítimas Feridas";"Pleno dia";"Decrescente";"Céu Claro";"Dupla";"Interseção de vias";"Não";2;0;2;0;0;0;2;2;"-19.36346199";"-40.06507874";"SR-ES";"DEL12/4";"UOP01/ES"
189661;2019-02-06;"4";"11:10:00";"TO";153;669,1;"GURUPI";"Falta de Atenção à Condução";"Colisão transversal";"Sem Vítimas";"Pleno dia";"Decrescente";"Céu Claro";"Simples";"Reta";"Não";2;0;0;0;2;0;0;2;"-11.701081";"-49.072727";"SR-TO";"UOP01/TO";""
189662;2019-02-06;"4";"10:30:00";"MG";262;380,8;"JUATUBA";"Velocidade Incompatível";"Capotamento";"Com Vítimas Feridas";"Pleno dia";"Decrescente";"Chuva";"Dupla";"Curva";"Não";3;0;1;0;2;0;1;1;"-19.9356";"-44.4406";"SR-MG";"DEL4/1";"UOP03/MG"
189663;2019-02-06;"4";"13:10:00";"DF";70;3;"BRASILIA";"Falta de Atenção à Condução";"Colisão lateral";"Com Vítimas Feridas";"Pleno dia";"Crescente";"Céu Claro";"Dupla";"Reta";"Sim";2;0;1;0;1;0;1;2;"-15.802453";"-48.080387";"SR-DF";"DF";"UOP06/DF"
189664;2019-02-06;"4";"11:45:00";"PI";316;9,4;"TERESINA";"Não guardar distância de segurança";"Colisão lateral";"Sem Vítimas";"Pleno dia";"Crescente";"Nublado";"Dupla";"Não Informado";"Sim";2;0;0;0;2;0;0;2;"-5.173879";"-42.766232";"SR-PI";"DEL17/1";"UOP02/PI"
189665;2019-02-06;"4";"12:15:00";"SC";101;214,3;"PALHOCA";"Falta de Atenção à Condução";"Colisão lateral";"Com Vítimas Feridas";"Pleno dia";"Decrescente";"Céu Claro";"Dupla";"Reta";"Sim";3;0;2;0;1;0;2;2;"-27.652";"-48.676";"SR-SC";"DEL8/1";"UOP02/SC"
189666;2019-02-06;"4";"12:15:00";"PB";230;24,8;"JOAO PESSOA";"Falta de Atenção à Condução";"Colisão com objeto estático";"Com Vítimas Feridas";"Pleno dia";"Decrescente";"Nublado";"Dupla";"Curva";"Sim";1;0;1;0;0;0;1;1;"-7.1637";"-34.8618";"SR-PB";"DEL14/1";"UOP00/PB"
189667;2019-02-06;"4";"08:50:00";"RJ";354;15;"RESENDE";"Sinalização da via insuficiente ou inadequada";"Colisão com objeto estático";"Sem Vítimas";"Pleno dia";"Crescente";"Nublado";"Dupla";"Ponte";"Não";1;0;0;0;1;0;0;1;"-22.445492";"-44.728962";"SR-RJ";"DEL5/7";"UOP03/RJ"
189669;2019-02-06;"4";"10:25:00";"BA";324;513;"FEIRA DE SANTANA";"Pista Escorregadia";"Queda de ocupante de veículo";"Com Vítimas Feridas";"Pleno dia";"Crescente";"Garoa/Chuvisco";"Simples";"Reta";"Sim";1;0;1;0;0;0;1;1;"-12.23265484";"-38.95030975";"SR-BA";"DEL10/2";"UOP01/BA"
189670;2019-02-06;"4";"13:15:00";"RN";304;211,1;"CAICARA DO RIO DO VENTO";"Desobediência às normas de trânsito pelo condutor";"Colisão transversal";"Com Vítimas Feridas";"Pleno dia";"Crescente";"Nublado";"Simples";"Não Informado";"Não";4;0;2;0;2;0;2;2;"-5.7469559";"-36.0678453";"SR-RN";"DEL15/1";"UOP03/RN"
189671;2019-02-06;"4";"13:40:00";"SP";381;21;"BRAGANCA PAULISTA";"Pista Escorregadia";"Saída de leito carroçável";"Com Vítimas Feridas";"Pleno dia";"Crescente";"Chuva";"Dupla";"Curva";"Não";1;0;1;0;0;0;1;1;"-22.991409";"-46.508789";"SR-SP";"DEL6/3";"UOP01/SP"
189673;2019-02-06;"4";"14:30:00";"MG";40;586;"ITABIRITO";"Mal Súbito";"Colisão traseira";"Com Vítimas Feridas";"Pleno dia";"Decrescente";"Chuva";"Simples";"Curva";"Não";2;0;1;0;1;0;1;2;"-20.34848976";"-43.92239571";"SR-MG";"DEL4/1";"UOP02/MG"
189674;2019-02-06;"4";"14:30:00";"DF";20;45,9;"BRASILIA";"Velocidade Incompatível";"Saída de leito carroçável";"Com Vítimas Feridas";"Pleno dia";"Crescente";"Chuva";"Dupla";"Não Informado";"Não";1;0;0;1;0;0;1;1;"-15.577153";"-47.467113";"SR-DF";"DF";"UOP04/DF"
189675;2019-01-10;"5";"17:00:00";"MA";230;504;"RIACHAO";"Desobediência às normas de trânsito pelo condutor";"Colisão transversal";"Sem Vítimas";"Pleno dia";"Crescente";"Céu Claro";"Simples";"Não Informado";"Não";2;0;0;0;2;0;0;2;"-7.39484436";"-46.64463401";"SR-MA";"DEL18/5";"UOP01/MA"
189676;2019-02-06;"4";"11:30:00";"SC";101;130;"BALNEARIO CAMBORIU";"Defeito Mecânico no Veículo";"Colisão com objeto estático";"Com Vítimas Feridas";"Pleno dia";"Crescente";"Céu Claro";"Dupla";"Curva";"Não";2;0;2;0;0;0;2;1;"-26.9907";"-48.6629";"SR-SC";"DEL8/4";"UOP03/SC"
189677;2019-02-06;"4";"12:00:00";"PB";104;116,2;"LAGOA SECA";"Não guardar distância de segurança";"Colisão traseira";"Com Vítimas Feridas";"Pleno dia";"Crescente";"Nublado";"Simples";"Reta";"Não";2;0;0;1;1;0;1;2;"-7.1744319";"-35.8598754";"SR-PB";"DEL14/2";"UOP04/PB"
189678;2019-02-06;"4";"14:30:00";"SP";381;54;"MAIRIPORA";"Falta de Atenção à Condução";"Colisão traseira";"Com Vítimas Feridas";"Pleno dia";"Decrescente";"Chuva";"Dupla";"Curva";"Não";4;0;2;0;2;0;2;3;"-23.2348093";"-46.60189819";"SR-SP";"DEL6/3";"UOP02/SP"
189679;2019-02-06;"4";"14:30:00";"MG";40;487;"ESMERALDAS";"Falta de Atenção à Condução";"Colisão traseira";"Sem Vítimas";"Pleno dia";"Decrescente";"Céu Claro";"Múltipla";"Reta";"Não";2;0;0;0;2;0;0;2;"-19.6114";"-44.2176";"SR-MG";"DEL4/2";"UOP01/MG"
189680;2019-02-06;"4";"08:30:00";"RO";364;273,9;"CACOAL";"Desobediência às normas de trânsito pelo condutor";"Colisão traseira";"Com Vítimas Feridas";"Pleno dia";"Crescente";"Sol";"Simples";"Não Informado";"Não";3;0;2;0;1;0;2;2;"-11.38580176";"-61.74797058";"SR-RO";"DEL21/2";"UOP02/RO"