"id";"data_inversa";"dia_semana";"horario";"uf";"br";"km";"municipio";"causa_acidente";"tipo_acidente";"classificacao_acidente";"fase_dia";"sentido_via";"condicao_metereologica";"tipo_pista";"tracado_via";"uso_solo";"pessoas";"mortos";"feridos_leves";"feridos_graves";"ilesos";"ignorados";"feridos";"veiculos";"latitude";"longitude";"regional";"delegacia";"uop"
189991;2019-02-08;"6";"06:00:00";"BA";101;950;"MUCURI";"Mal Súbito";"Saída de leito carroçável";"Com Vítimas Feridas";"Amanhecer";"Crescente";"Céu Claro";"Simples";"Reta";"Não";1;0;1;0;0;0;1;1;"-18.1216";"-39.8901";"SR-BA";"DEL10/9";"UOP03/BA"
189992;2019-02-08;"6";"06:20:00";"MS";163;470,8;"CAMPO GRANDE";"Desobediência às normas de trânsito pelo condutor";"Colisão lateral";"Com Vítimas Feridas";"Pleno dia";"Decrescente";"Céu Claro";"Simples";"Interseção de vias";"Não";2;0;0;1;0;1;1;2;"-20.554848";"-54.555852";"SR-MS";"DEL3/1";"UOP01/MS"
189993;2019-02-08;"6";"06:00:00";"GO";153;412;"PIRENOPOLIS";"Defeito Mecânico no Veículo";"Saída de leito carroçável";"Com Vítimas Feridas";"Amanhecer";"Decrescente";"Nublado";"Simples";"Não Informado";"Não";2;0;1;0;0;1;1;1;"-16.112646";"-49.03146";"SR-GO";"DEL1/2";"UOP01/GO"
189994;2019-02-08;"6";"05:00:00";"RJ";101;206;"CASIMIRO DE ABREU";"Condutor Dormindo";"Colisão traseira";"Com Vítimas Feridas";"Amanhecer";"Decrescente";"Céu Claro";"Simples";"Reta";"Sim";5;0;2;0;3;0;2;2;"-22.476734";"-42.201725";"SR-RJ";"DEL5/2";"UOP04/RJ"
189995;2019-02-08;"6";"06:55:00";"SC";470;53;"BLUMENAU";"Falta de Atenção à Condução";"Colisão transversal";"Com Vítimas Feridas";"Amanhecer";"Crescente";"Céu Claro";"Simples";"Reta";"Não";2;0;1;0;1;0;1;2;"-26.867121";"-49.102066";"SR-SC";"DEL8/4";"UOP01/SC"
189996;2019-02-08;"6";"07:35:00";"DF";40;5;"BRASILIA";"Desobediência às normas de trânsito pelo condutor";"Colisão transversal";"Com Vítimas Feridas";"Pleno dia";"Decrescente";"Céu Claro";"Dupla";"Reta";"Não";3;0;2;0;1;0;2;2;"-16.020903";"-47.980541";"SR-DF";"DF";"UOP01/DF"
189998;2019-02-08;"6";"05:00:00";"PI";135;617;"CRISTALANDIA DO PIAUI";"Pista Escorregadia";"Tombamento";"Com Vítimas Feridas";"Amanhecer";"Crescente";"Chuva";"Simples";"Reta";"Não";12;0;7;3;2;0;10;2;"-10.643916";"-45.182087";"SR-PI";"DEL17/3";"UOP02/PI"
189999;2019-02-08;"6";"08:10:00";"SC";101;208;"SAO JOSE";"Falta de Atenção à Condução";"Colisão lateral";"Com Vítimas Feridas";"Pleno dia";"Decrescente";"Sol";"Dupla";"Interseção de vias";"Não";3;0;3;0;0;0;3;2;"-27.6101";"-48.6388";"SR-SC";"DEL8/1";"UOP01/SC"
190000;2019-02-03;"1";"01:50:00";"RS";290;150;"ARROIO DOS RATOS";"Velocidade Incompatível";"Saída de leito carroçável";"Com Vítimas Fatais";"Plena Noite";"Decrescente";"Nublado";"Simples";"Reta";"Não";1;1;0;0;0;0;0;1;"-30.105978";"-51.706875";"SR-RS";"DEL9/2";"UOP01/RS"
190002;2019-02-08;"6";"07:15:00";"MS";262;361,5;"CAMPO GRANDE";"Falta de Atenção à Condução";"Colisão traseira";"Com Vítimas Feridas";"Pleno dia";"Crescente";"Céu Claro";"Simples";"Reta";"Não";47;0;1;0;46;0;1;2;"-20.51932266";"-54.71603394";"SR-MS";"DEL3/1";"UOP03/MS"
190003;2019-02-08;"6";"07:00:00";"MG";365;625;"UBERLANDIA";"Não guardar distância de segurança";"Colisão traseira";"Sem Vítimas";"Pleno dia";"Crescente";"Céu Claro";"Dupla";"Reta";"Sim";2;0;0;0;1;1;0;2;"-18.91027636";"-48.30611598";"SR-MG";"DEL4/15";"UOP01/MG"
190004;2019-02-08;"6";"06:30:00";"MG";381;526;"BRUMADINHO";"Ingestão de Álcool";"Capotamento";"Com Vítimas Feridas";"Amanhecer";"Crescente";"Nevoeiro/Neblina";"Dupla";"Não Informado";"Não";2;0;1;0;1;0;1;1;"-20.1586";"-44.3295";"SR-MG";"DEL4/4";"UOP03/MG"
190005;2019-02-08;"6";"06:30:00";"SC";101;111,1;"NAVEGANTES";"Falta de Atenção à Condução";"Saída de leito carroçável";"Sem Vítimas";"Amanhecer";"Crescente";"Céu Claro";"Simples";"Curva";"Não";1;0;0;0;1;0;0;1;"-26.83968334";"-48.71596011";"SR-SC";"DEL8/4";"UOP04/SC"
190006;2019-02-08;"6";"08:10:00";"MG";381;503,8;"BETIM";"Não guardar distância de segurança";"Engavetamento";"Com Vítimas Feridas";"Pleno dia";"Decrescente";"Céu Claro";"Dupla";"Reta";"Sim";3;0;1;0;2;0;1;3;"-20.0304";"-44.236";"SR-MG";"DEL4/1";"UOP03/MG"
190007;2019-02-08;"6";"05:40:00";"ES";482;68,7;"ALEGRE";"Ingestão de Álcool";"Colisão lateral";"Com Vítimas Feridas";"Amanhecer";"Decrescente";"Sol";"Simples";"Curva";"Não";3;0;2;0;1;0;2;2;"-20.77527";"-41.422276";"SR-ES";"DEL12/3";"UOP02/ES"
190008;2019-02-08;"6";"07:35:00";"MG";381;644,6;"SANTO ANTONIO DO AMPARO";"Condutor Dormindo";"Saída de leito carroçável";"Com Vítimas Feridas";"Pleno dia";"Decrescente";"Nublado";"Dupla";"Reta";"Não";4;0;4;0;0;0;4;1;"-20.9367";"-44.8751";"SR-MG";"DEL4/4";"UOP01/MG"
190010;2019-02-08;"6";"08:15:00";"RS";116;260;"CANOAS";"Falta de Atenção à Condução";"Colisão traseira";"Com Vítimas Feridas";"Plena Noite";"Crescente";"Céu Claro";"Simples";"Reta";"Sim";2;0;1;0;1;0;1;2;"-29.879332";"-51.180458";"SR-RS";"DEL9/1";"UOP01/RS"
190011;2019-01-11;"6";"18:20:00";"SC";282;20;"SANTO AMARO DA IMPERATRIZ";"Falta de Atenção do Pedestre";"Atropelamento de Pedestre";"Com Vítimas Feridas";"Pleno dia";"Crescente";"Céu Claro";"Simples";"Reta";"Sim";2;0;1;0;1;0;1;1;"-27.683958";"-48.71006";"SR-SC";"DEL8/1";"UOP02/SC"
190013;2019-02-08;"6";"07:05:00";"MS";262;354,6;"CAMPO GRANDE";"Falta de Atenção à Condução";"Colisão lateral";"Com Vítimas Feridas";"Pleno dia";"Crescente";"Céu Claro";"Simples";"Rotatória";"Sim";3;0;2;0;1;0;2;2;"-20.55181488";"-54.66878414";"SR-MS";"DEL3/1";"UOP03/MS"
190014;2019-02-08;"6";"07:30:00";"PB";101;87,5;"JOAO PESSOA";"Não guardar distância de segurança";"Colisão lateral";"Com Vítimas Feridas";"Pleno dia";"Crescente";"Nublado";"Dupla";"Reta";"Sim";9;0;5;0;3;1;5;4;"-7.16350073";"-34.9016118";"SR-PB";"DEL14/1";"UOP00/PB"
190015;2019-02-08;"6";"08:30:00";"RJ";101;317;"SAO GONCALO";"Falta de Atenção à Condução";"Colisão lateral";"Com Vítimas Feridas";"Pleno dia";"Crescente";"Céu Claro";"Dupla";"Reta";"Sim";2;0;1;0;1;0;1;2;"-22.837111";"-43.094929";"SR-RJ";"DEL5/2";"UOP02/RJ"
190016;2019-02-08;"6";"07:30:00";"SC";116;93;"MONTE CASTELO";"Falta de Atenção à Condução";"Saída de leito carroçável";"Com Vítimas Feridas";"Pleno dia";"Crescente";"Céu Claro";"Simples";"Reta";"Não";2;0;1;1;0;0;2;1;"-26.768562";"-50.350533";"SR-SC";"DEL8/6";"UOP02/SC"
190017;2019-02-08;"6";"07:40:00";"MS";262;326,7;"CAMPO GRANDE";"Falta de Atenção à Condução";"Colisão transversal";"Sem Vítimas";"Pleno dia";"Decrescente";"Céu Claro";"Dupla";"Reta";"Sim";2;0;0;0;2;0;0;2;"-20.467199";"-54.540829";"SR-MS";"DEL3/1";"UOP01/MS"
190018;2019-02-08;"6";"05:40:00";"RJ";40;109;"DUQUE DE CAXIAS";"Pista Escorregadia";"Queda de ocupante de veículo";"Com Vítimas Feridas";"Amanhecer";"Crescente";"Céu Claro";"Dupla";"Curva";"Sim";1;0;1;0;0;0;1;1;"-22.6836";"-43.2852";"SR-RJ";"DEL5/1";"UOP01/RJ"
190019;2019-01-31;"5";"21:55:00";"SC";101;226;"PALHOCA";"Ultrapassagem Indevida";"Colisão lateral";"Com Vítimas Feridas";"Plena Noite";"Crescente";"Nublado";"Dupla";"Reta";"Não";2;0;1;0;1;0;1;2;"-27.7508";"-48.6346";"SR-SC";"DEL8/1";"UOP02/SC"
190020;2019-02-08;"6";"07:15:00";"PR";476;315,2;"PAULO FRONTIN";"Velocidade Incompatível";"Saída de leito carroçável";"Com Vítimas Feridas";"Amanhecer";"Crescente";"Garoa/Chuvisco";"Simples";"Não Informado";"Não";1;0;1;0;0;0;1;1;"-26.034035";"-50.698009";"SR-PR";"DEL7/2";"UOP03/PR"
190021;2019-02-07;"5";"17:30:00";"AC";364;111;"RIO BRANCO";"Ingestão de Álcool";"Colisão frontal";"Com Vítimas Feridas";"Pleno dia";"Crescente";"Nublado";"Simples";"Reta";"Não";3;0;1;0;2;0;1;3;"-10.013854";"-67.674088";"SR-AC";"UOP01/AC";""
190023;2019-02-08;"6";"08:45:00";"SP";116;3;"GUARULHOS";"Falta de Atenção à Condução";"Colisão transversal";"Com Vítimas Feridas";"Amanhecer";"Crescente";"Céu Claro";"Dupla";"Rotatória";"Sim";7;0;4;0;3;0;4;2;"-23.463257";"-46.53373";"SR-SP";"DEL6/1";"UOP01/SP"
190024;2019-02-08;"6";"07:20:00";"GO";158;272,3;"JATAI";"Ingestão de Álcool";"Colisão transversal";"Sem Vítimas";"Amanhecer";"Crescente";"Céu Claro";"Simples";"Reta";"Sim";2;0;0;0;2;0;0;2;"-17.9143415";"-51.6887078";"SR-GO";"DEL1/5";"UOP01/GO"
190025;2019-02-08;"6";"09:25:00";"RS";101;86;"OSORIO";"Desobediência às normas de trânsito pelo pedestre";"Atropelamento de Pedestre";"Com Vítimas Fatais";"Pleno dia";"Crescente";"Céu Claro";"Dupla";"Retorno Regulamentado";"Sim";3;1;1;0;1;0;1;1;"-29.8797";"-50.2617";"SR-RS";"DEL9/3";"UOP01/RS"
190026;2019-02-08;"6";"06:40:00";"SC";470;65,7;"INDAIAL";"Desobediência às normas de trânsito pelo condutor";"Colisão transversal";"Com Vítimas Feridas";"Pleno dia";"Crescente";"Céu Claro";"Simples";"Reta";"Não";2;0;1;0;1;0;1;2;"-26.870411";"-49.211864";"SR-SC";"DEL8/4";"UOP01/SC"
190028;2019-01-27;"1";"22:30:00";"MG";459;86,1;"CONGONHAL";"Desobediência às normas de trânsito pelo condutor";"Colisão frontal";"Com Vítimas Feridas";"Plena Noite";"Decrescente";"Ignorado";"Simples";"Reta";"Não";2;0;0;1;1;0;1;2;"-22.150578";"-46.043282";"SR-MG";"PM/MG";""
190029;2019-02-08;"6";"08:56:00";"SE";101;43,5;"CAPELA";"Condutor Dormindo";"Queda de ocupante de veículo";"Com Vítimas Feridas";"Pleno dia";"Decrescente";"Sol";"Dupla";"Não Informado";"Não";1;0;1;0;0;0;1;1;"-10.55710177";"-36.97062492";"SR-SE";"DEL20/2";"UOP02/SE"
190030;2019-02-07;"5";"23:45:00";"RN";101;36,4;"MAXARANGUAPE";"Agressão Externa";"Saída de leito carroçável";"Com Vítimas Feridas";"Plena Noite";"Crescente";"Nublado";"Simples";"Reta";"Não";2;0;1;0;1;0;1;2;"-5.415179";"-35.350685";"SR-RN";"DEL15/2";"UOP01/RN"
190034;2019-02-08;"6";"09:35:00";"RN";304;277,9;"MACAIBA";"Desobediência às normas de trânsito pelo condutor";"Colisão frontal";"Com Vítimas Fatais";"Pleno dia";"Crescente";"Céu Claro";"Simples";"Reta";"Não";2;1;0;0;1;0;0;2;"-5.887838";"-35.498127";"SR-RN";"DEL15/1";"UOP02/RN"
190036;2019-02-08;"6";"10:15:00";"MA";135;7,4;"SAO LUIS";"Desobediência às normas de trânsito pelo condutor";"Colisão transversal";"Sem Vítimas";"Pleno dia";"Crescente";"Céu Claro";"Dupla";"Reta";"Sim";2;0;0;0;2;0;0;2;"-2.636088";"-44.268486";"SR-MA";"DEL18/1";"UOP01/MA"
190037;2019-02-08;"6";"08:45:00";"SC";480;130,7;"CHAPECO";"Velocidade Incompatível";"Saída de leito carroçável";"Com Vítimas Feridas";"Pleno dia";"Decrescente";"Sol";"Simples";"Reta";"Sim";1;0;1;0;0;0;1;1;"-27.06233603";"-52.63288021";"SR-SC";"DEL7";"UOP01/SC"
190038;2019-01-03;"5";"21:10:00";"SC";101;135;"BALNEARIO CAMBORIU";"Falta de Atenção à Condução";"Colisão traseira";"Sem Vítimas";"Plena Noite";"Decrescente";"Chuva";"Simples";"Reta";"Não";2;0;0;0;2;0;0;2;"-27.0081";"-48.617";"SR-SC";"DEL8/4";"UOP03/SC"
190039;2019-02-08;"6";"11:45:00";"MG";381;498,8;"BETIM";"Falta de Atenção à Condução";"Colisão lateral";"Sem Vítimas";"Pleno dia";"Crescente";"Nublado";"Dupla";"Não Informado";"Não";2;0;0;0;2;0;0;2;"-19.9954";"-44.208";"SR-MG";"DEL4/1";"UOP03/MG"
190040;2019-02-08;"6";"11:00:00";"PE";232;515;"SALGUEIRO";"Falta de Atenção à Condução";"Colisão lateral";"Com Vítimas Feridas";"Pleno dia";"Decrescente";"Céu Claro";"Simples";"Não Informado";"Sim";2;0;1;0;1;0;1;2;"-8.0655106";"-39.19048104";"SR-PE";"DEL11/5";"UOP01/PE"
190041;2019-02-08;"6";"09:25:00";"MA";10;249;"IMPERATRIZ";"Desobediência às normas de trânsito pelo condutor";"Colisão lateral";"Com Vítimas Feridas";"Pleno dia";"Crescente";"Céu Claro";"Simples";"Reta";"Não";3;0;1;0;2;0;1;3;"-5.558508";"-47.45417";"SR-MA";"DEL18/4";"UOP01/MA"
190042;2019-02-08;"6";"11:10:00";"TO";153;401;"MIRANORTE";"Defeito Mecânico no Veículo";"Queda de ocupante de veículo";"Com Vítimas Feridas";"Pleno dia";"Decrescente";"Céu Claro";"Simples";"Reta";"Não";2;0;2;0;0;0;2;1;"-9.418818";"-48.571529";"SR-TO";"UOP03/TO";""
190043;2019-02-08;"6";"11:20:00";"RS";285;289,3;"PASSO FUNDO";"Desobediência às normas de trânsito pelo condutor";"Colisão transversal";"Com Vítimas Feridas";"Pleno dia";"Crescente";"Sol";"Dupla";"Interseção de vias";"Sim";3;0;0;2;1;0;2;2;"-28.23706534";"-52.37440109";"SR-RS";"DEL08";"UOP03/RS"
190044;2019-02-08;"6";"10:50:00";"CE";222;3;"FORTALEZA";"Falta de Atenção à Condução";"Tombamento";"Com Vítimas Feridas";"Pleno dia";"Crescente";"Céu Claro";"Dupla";"Viaduto";"Sim";2;0;2;0;0;0;2;1;"-3.740385";"-38.595749";"SR-CE";"DEL16/1";"UOP01/CE"
190045;2019-02-08;"6";"10:40:00";"CE";222;3;"FORTALEZA";"Não guardar distância de segurança";"Colisão traseira";"Sem Vítimas";"Pleno dia";"Crescente";"Céu Claro";"Simples";"Desvio Temporário";"Sim";2;0;0;0;2;0;0;2;"-3.740385";"-38.595749";"SR-CE";"DEL16/1";"UOP01/CE"
190046;2019-02-08;"6";"11:00:00";"BA";367;84,3;"EUNAPOLIS";"Falta de Atenção do Pedestre";"Atropelamento de Pedestre";"Com Vítimas Feridas";"Pleno dia";"Decrescente";"Céu Claro";"Simples";"Interseção de vias";"Sim";2;0;1;0;1;0;1;1;"-16.374649";"-39.579426";"SR-BA";"DEL10/9";"UOP01/BA"
190047;2019-02-08;"6";"12:00:00";"PR";277;294;"PRUDENTOPOLIS";"Falta de Atenção à Condução";"Colisão lateral";"Com Vítimas Feridas";"Pleno dia";"Crescente";"Céu Claro";"Simples";"Reta";"Não";2;0;0;1;1;0;1;2;"-25.29938697";"-51.11674916";"SR-PR";"DEL7/3";"UOP04/PR"
190048;2019-02-08;"6";"06:00:00";"MT";364;1;"ALTO ARAGUAIA";"Falta de Atenção à Condução";"Colisão lateral";"Com Vítimas Feridas";"Amanhecer";"Decrescente";"Céu Claro";"Dupla";"Reta";"Sim";2;0;0;1;1;0;1;2;"-17.312273";"-53.218285";"SR-MT";"DEL2/2";"UOP04/MT"
190050;2019-02-08;"6";"11:50:00";"SC";282;1;"FLORIANOPOLIS";"Não guardar distância de segurança";"Colisão traseira";"Com Vítimas Feridas";"Pleno dia";"Decrescente";"Céu Claro";"Dupla";"Reta";"Sim";2;0;1;0;1;0;1;2;"-27.602955";"-48.580509";"SR-SC";"DEL8/1";"UOP01/SC"
190051;2019-02-08;"6";"11:30:00";"SC";116;4,7;"MAFRA";"Desobediência às normas de trânsito pelo condutor";"Colisão transversal";"Com Vítimas Feridas";"Pleno dia";"Crescente";"Céu Claro";"Simples";"Rotatória";"Sim";5;0;2;0;3;0;2;2;"-26.13555";"-49.807266";"SR-SC";"DEL8/6";"UOP01/SC"
190052;2019-02-08;"6";"09:30:00";"MT";70;214;"GENERAL CARNEIRO";"Ultrapassagem Indevida";"Saída de leito carroçável";"Com Vítimas Feridas";"Pleno dia";"Decrescente";"Céu Claro";"Simples";"Curva";"Não";3;0;3;0;0;0;3;1;"-15.703679";"-53.82687";"SR-MT";"DEL2/5";"UOP01/MT"
190053;2019-02-08;"6";"12:45:00";"SC";282;207;"LAGES";"Falta de Atenção à Condução";"Queda de ocupante de veículo";"Com Vítimas Feridas";"Pleno dia";"Crescente";"Céu Claro";"Simples";"Rotatória";"Não";2;0;1;0;1;0;1;1;"-27.773464";"-50.202095";"SR-SC";"DEL8/5";"UOP01/SC"
190054;2019-02-08;"6";"12:00:00";"PE";101;63,8;"RECIFE";"Falta de Atenção à Condução";"Colisão lateral";"Com Vítimas Feridas";"Pleno dia";"Crescente";"Céu Claro";"Dupla";"Interseção de vias";"Sim";2;0;0;1;1;0;1;2;"-8.0174";"-34.9413";"SR-PE";"DEL11/1";"UOP01/PE"
190055;2019-02-08;"6";"13:00:00";"GO";414;337,5;"COCALZINHO DE GOIAS";"Velocidade Incompatível";"Colisão frontal";"Com Vítimas Fatais";"Pleno dia";"Crescente";"Chuva";"Simples";"Curva";"Não";11;1;6;3;1;0;9;3;"-15.53647396";"-48.62276316";"SR-GO";"DEL1/2";"UOP01/GO"
190056;2019-02-08;"6";"13:25:00";"MG";40;626,9;"CONSELHEIRO LAFAIETE";"Falta de Atenção à Condução";"Colisão transversal";"Com Vítimas Feridas";"Pleno dia";"Decrescente";"Céu Claro";"Simples";"Curva";"Não";2;0;2;0;0;0;2;2;"-20.6366";"-43.8139";"SR-MG";"DEL5";"UOP02/MG"
190057;2019-02-08;"6";"12:20:00";"RJ";101;208;"CASIMIRO DE ABREU";"Falta de Atenção à Condução";"Colisão lateral";"Sem Vítimas";"Pleno dia";"Crescente";"Céu Claro";"Simples";"Reta";"Não";2;0;0;0;2;0;0;2;"-22.480673";"-42.220177";"SR-RJ";"DEL5/2";"UOP04/RJ"
190058;2019-02-08;"6";"13:30:00";"MG";50;101;"UBERLANDIA";"Falta de Atenção à Condução";"Colisão lateral";"Sem Vítimas";"Pleno dia";"Crescente";"Céu Claro";"Dupla";"Não Informado";"Não";5;0;0;0;5;0;0;4;"-19.1545";"-48.1652";"SR-MG";"DEL4/15";"UOP01/MG"
190059;2019-02-08;"6";"06:00:00";"RS";116;235;"NOVO HAMBURGO";"Desobediência às normas de trânsito pelo condutor";"Colisão traseira";"Com Vítimas Feridas";"Pleno dia";"Crescente";"Céu Claro";"Dupla";"Reta";"Sim";1;0;1;0;0;0;1;1;"-29.660376";"-51.143867";"SR-RS";"DEL9/1";"UOP02/RS"
190060;2019-02-08;"6";"13:20:00";"RN";226;0,5;"NATAL";"Falta de Atenção à Condução";"Colisão traseira";"Com Vítimas Feridas";"Pleno dia";"Crescente";"Nublado";"Simples";"Desvio Temporário";"Sim";3;0;2;0;1;0;2;2;"-5.800019";"-35.238174";"SR-RN";"DEL15/1";"UOP02/RN"
190061;2019-02-08;"6";"14:15:00";"DF";20;5,6;"BRASILIA";"Falta de Atenção à Condução";"Capotamento";"Com Vítimas Feridas";"Pleno dia";"Decrescente";"Chuva";"Dupla";"Curva";"Sim";1;0;1;0;0;0;1;1;"-15.670546";"-47.816044";"SR-DF";"DF";"UOP04/DF"
190062;2019-02-08;"6";"13:25:00";"TO";153;561,9;"FATIMA";"Desobediência às normas de trânsito pelo condutor";"Colisão lateral";"Com Vítimas Feridas";"Pleno dia";"Decrescente";"Nublado";"Dupla";"Reta";"Sim";2;0;1;0;1;0;1;2;"-10.751978";"-48.902569";"SR-TO";"UOP02/TO";""
190063;2019-02-08;"6";"13:30:00";"BA";116;540;"MILAGRES";"Ultrapassagem Indevida";"Colisão transversal";"Com Vítimas Feridas";"Pleno dia";"Crescente";"Céu Claro";"Simples";"Reta";"Não";3;0;0;1;2;0;1;3;"-12.88142494";"-39.85839844";"SR-BA";"DEL10/3";"UOP02/BA"
190064;2019-02-08;"6";"14:15:00";"ES";101;134,7;"LINHARES";"Mal Súbito";"Colisão frontal";"Com Vítimas Feridas";"Pleno dia";"Crescente";"Sol";"Simples";"Reta";"Não";4;0;2;1;1;0;3;3;"-19.26762155";"-40.08866258";"SR-ES";"DEL12/4";"UOP01/ES"
190065;2019-02-08;"6";"07:55:00";"SC";282;43,8;"AGUAS MORNAS";"Velocidade Incompatível";"Saída de leito carroçável";"Com Vítimas Fatais";"Pleno dia";"Decrescente";"Céu Claro";"Simples";"Curva";"Não";1;1;0;0;0;0;0;1;"-27.719458";"-48.897526";"SR-SC";"DEL8/1";"UOP03/SC"
190066;2019-02-08;"6";"14:00:00";"SC";282;3,7;"FLORIANOPOLIS";"Defeito Mecânico no Veículo";"Incêndio";"Sem Vítimas";"Pleno dia";"Decrescente";"Céu Claro";"Dupla";"Reta";"Sim";1;0;0;0;1;0;0;1;"-27.600384";"-48.599705";"SR-SC";"DEL8/1";"UOP01/SC"
190068;2019-01-11;"6";"12:40:00";"GO";60;229,8;"CEZARINA";"Condutor Dormindo";"Saída de leito carroçável";"Com Vítimas Fatais";"Pleno dia";"Crescente";"Sol";"Dupla";"Não Informado";"Não";6;1;2;2;0;1;4;1;"-17.0484";"-49.7858";"SR-GO";"DEL1/1";"UOP02/GO"
190069;2019-02-08;"6";"13:50:00";"MG";116;765,4;"LEOPOLDINA";"Falta de Atenção à Condução";"Colisão transversal";"Com Vítimas Feridas";"Pleno dia";"Crescente";"Sol";"Múltipla";"Interseção de vias";"Sim";3;0;0;1;2;0;1;2;"-21.52035546";"-42.65083551";"SR-MG";"DEL4/7";"UOP01/MG"
190071;2019-02-08;"6";"13:45:00";"MS";158;119,4;"APARECIDA DO TABOADO";"Defeito na Via";"Saída de leito carroçável";"Com Vítimas Feridas";"Pleno dia";"Decrescente";"Céu Claro";"Simples";"Desvio Temporário";"Não";5;0;4;0;1;0;4;1;"-19.86115";"-51.12309";"SR-MS";"DEL3/8";"UOP01/MS"
190072;2019-02-08;"6";"13:45:00";"PI";316;307;"PICOS";"Desobediência às normas de trânsito pelo condutor";"Colisão lateral";"Sem Vítimas";"Pleno dia";"Decrescente";"Céu Claro";"Simples";"Curva";"Sim";2;0;0;0;2;0;0;2;"-7.07779108";"-41.49712823";"SR-PI";"DEL17/4";"UOP01/PI"
190073;2019-02-08;"6";"12:00:00";"MA";316;615,9;"TIMON";"Falta de Atenção à Condução";"Colisão traseira";"Sem Vítimas";"Pleno dia";"Crescente";"Céu Claro";"Dupla";"Reta";"Sim";2;0;0;0;2;0;0;2;"-5.086548";"-42.837265";"SR-MA";"DEL18/3";"UOP02/MA"
190074;2019-02-08;"6";"14:20:00";"MG";365;645,8;"UBERLANDIA";"Velocidade Incompatível";"Saída de leito carroçável";"Com Vítimas Feridas";"Pleno dia";"Decrescente";"Chuva";"Dupla";"Curva";"Não";2;0;1;0;1;0;1;1;"-18.8857";"-48.4645";"SR-MG";"DEL4/15";"UOP01/MG"
190075;2019-02-08;"6";"12:00:00";"MG";365;253,4;"JOAO PINHEIRO";"Pista Escorregadia";"Capotamento";"Com Vítimas Feridas";"Pleno dia";"Crescente";"Chuva";"Simples";"Curva";"Não";2;0;2;0;0;0;2;1;"-17.850876";"-45.464699";"SR-MG";"DEL4/14";"UOP02/MG"
190076;2019-02-08;"6";"14:00:00";"PR";116;109,3;"CURITIBA";"Falta de Atenção à Condução";"Colisão lateral";"Com Vítimas Feridas";"Pleno dia";"Decrescente";"Sol";"Dupla";"Reta";"Sim";3;0;1;0;2;0;1;2;"-25.569897";"-49.187782";"SR-PR";"DEL7/1";"UOP01/PR"
190078;2019-02-08;"6";"09:00:00";"RO";364;483;"CACAULANDIA";"Falta de Atenção à Condução";"Saída de leito carroçável";"Sem Vítimas";"Pleno dia";"Crescente";"Céu Claro";"Simples";"Reta";"Não";1;0;0;0;1;0;0;1;"-10.126549";"-62.887638";"SR-RO";"DEL21/3";"UOP01/RO"
190079;2019-02-08;"6";"15:00:00";"SP";116;275;"TABOAO DA SERRA";"Defeito Mecânico no Veículo";"Incêndio";"Sem Vítimas";"Pleno dia";"Crescente";"Céu Claro";"Dupla";"Reta";"Sim";1;0;0;0;1;0;0;1;"-23.61832238";"-46.8075684";"SR-SP";"DEL6/4";"UOP01/SP"
190080;2019-02-08;"6";"15:10:00";"SP";116;279;"EMBU DAS ARTES";"Objeto estático sobre o leito carroçável";"Tombamento";"Com Vítimas Feridas";"Pleno dia";"Decrescente";"Céu Claro";"Dupla";"Viaduto";"Sim";1;0;1;0;0;0;1;1;"-23.6394";"-46.83509";"SR-SP";"DEL6/4";"UOP01/SP"
190081;2019-02-08;"6";"15:15:00";"PR";153;335,9;"IRATI";"Falta de Atenção à Condução";"Colisão traseira";"Com Vítimas Feridas";"Pleno dia";"Decrescente";"Céu Claro";"Simples";"Reta";"Sim";2;0;1;0;1;0;1;2;"-25.488941";"-50.645088";"SR-PR";"DEL7/3";"UOP04/PR"
190082;2019-02-08;"6";"15:26:00";"PR";376;179;"MARINGA";"Desobediência às normas de trânsito pelo condutor";"Colisão lateral";"Com Vítimas Feridas";"Pleno dia";"Crescente";"Céu Claro";"Dupla";"Reta";"Sim";3;0;1;0;2;0;1;3;"-23.4205657";"-51.90971375";"SR-PR";"DEL7/7";"UOP04/PR"
190083;2019-02-08;"6";"12:17:00";"RJ";116;104;"GUAPIMIRIM";"Falta de Atenção à Condução";"Colisão lateral";"Com Vítimas Feridas";"Pleno dia";"Decrescente";"Céu Claro";"Múltipla";"Retorno Regulamentado";"Não";3;0;1;0;2;0;1;2;"-22.53709717";"-42.98944523";"SR-RJ";"DEL5/4";"UOP02/RJ"
190084;2019-02-08;"6";"15:05:00";"SC";101;199,5;"SAO JOSE";"Falta de Atenção à Condução";"Engavetamento";"Com Vítimas Feridas";"Pleno dia";"Crescente";"Céu Claro";"Dupla";"Não Informado";"Sim";9;0;3;0;6;0;3;7;"-27.5402";"-48.6226";"SR-SC";"DEL8/1";"UOP01/SC"
190085;2019-02-08;"6";"14:10:00";"RJ";116;107;"GUAPIMIRIM";"Velocidade Incompatível";"Tombamento";"Com Vítimas Feridas";"Pleno dia";"Decrescente";"Céu Claro";"Dupla";"Curva";"Sim";2;0;1;0;1;0;1;2;"-22.54640964";"-42.98787117";"SR-RJ";"DEL5/4";"UOP02/RJ"
190086;2019-02-08;"6";"14:45:00";"MS";267;40,1;"BATAGUASSU";"Ultrapassagem Indevida";"Colisão frontal";"Com Vítimas Fatais";"Pleno dia";"Decrescente";"Nublado";"Simples";"Curva";"Não";3;1;0;2;0;0;2;2;"-21.77415659";"-52.5032866";"SR-MS";"DEL2";"UOP04/MS"