"id";"data_inversa";"dia_semana";"horario";"uf";"br";"km";"municipio";"causa_acidente";"tipo_acidente";"classificacao_acidente";"fase_dia";"sentido_via";"condicao_metereologica";"tipo_pista";"tracado_via";"uso_solo";"pessoas";"mortos";"feridos_leves";"feridos_graves";"ilesos";"ignorados";"feridos";"veiculos";"latitude";"longitude";"regional";"delegacia";"uop"
190087;2019-02-08;"6";"13:40:00";"PE";101;50,9;"ABREU E LIMA";"Falta de Atenção à Condução";"Atropelamento de Pedestre";"Com Vítimas Fatais";"Pleno dia";"Crescente";"Sol";"Múltipla";"Reta";"Sim";3;1;0;0;2;0;0;1;"-7.9148";"-34.8984";"SR-PE";"DEL11/1";"UOP02/PE"
190088;2019-02-08;"6";"14:50:00";"MG";381;482,7;"BETIM";"Não guardar distância de segurança";"Colisão lateral";"Com Vítimas Feridas";"Pleno dia";"Crescente";"Nublado";"Dupla";"Reta";"Sim";2;0;1;0;1;0;1;2;"-19.9578";"-44.0795";"SR-MG";"DEL4/1";"UOP03/MG"
190089;2019-02-08;"6";"15:30:00";"MG";365;620;"UBERLANDIA";"Não guardar distância de segurança";"Colisão traseira";"Sem Vítimas";"Pleno dia";"Decrescente";"Céu Claro";"Dupla";"Reta";"Sim";2;0;0;0;2;0;0;2;"-18.8974";"-48.2715";"SR-MG";"DEL4/15";"UOP01/MG"
190090;2019-02-08;"6";"15:45:00";"GO";60;180,5;"ABADIA DE GOIAS";"Defeito Mecânico no Veículo";"Danos eventuais";"Sem Vítimas";"Pleno dia";"Decrescente";"Céu Claro";"Dupla";"Não Informado";"Não";1;0;0;0;1;0;0;1;"-16.7666";"-49.4751";"SR-GO";"DEL1/1";"UOP02/GO"
190091;2019-02-08;"6";"05:30:00";"MG";262;570;"CORREGO DANTA";"Falta de Atenção à Condução";"Saída de leito carroçável";"Sem Vítimas";"Plena Noite";"Crescente";"Céu Claro";"Simples";"Curva";"Não";1;0;0;0;1;0;0;1;"-19.72961";"-46.018539";"SR-MG";"PM/MG";""
190092;2019-02-08;"6";"14:30:00";"SP";381;71;"MAIRIPORA";"Falta de Atenção à Condução";"Colisão traseira";"Com Vítimas Feridas";"Pleno dia";"Crescente";"Sol";"Dupla";"Reta";"Não";2;0;1;0;1;0;1;2;"-23.35438744";"-46.55036473";"SR-SP";"DEL6/3";"UOP02/SP"
190093;2019-02-08;"6";"15:55:00";"DF";20;6;"BRASILIA";"Pista Escorregadia";"Saída de leito carroçável";"Com Vítimas Feridas";"Pleno dia";"Decrescente";"Chuva";"Múltipla";"Não Informado";"Sim";2;0;1;0;1;0;1;2;"-15.665888";"-47.808308";"SR-DF";"DF";"UOP04/DF"
190094;2019-02-08;"6";"15:45:00";"RS";386;362,6;"ESTRELA";"Velocidade Incompatível";"Saída de leito carroçável";"Com Vítimas Feridas";"Pleno dia";"Crescente";"Céu Claro";"Dupla";"Curva";"Não";4;0;1;1;2;0;2;3;"-29.557457";"-51.891541";"SR-RS";"DEL9/4";"UOP02/RS"
190095;2019-02-08;"6";"14:10:00";"RO";364;241,2;"CACOAL";"Fenômenos da Natureza";"Tombamento";"Com Vítimas Fatais";"Pleno dia";"Crescente";"Chuva";"Simples";"Curva";"Sim";3;1;0;0;2;0;0;2;"-11.440706";"-61.478619";"SR-RO";"DEL21/2";"UOP02/RO"
190096;2019-02-08;"6";"13:30:00";"MT";364;584;"DIAMANTINO";"Pista Escorregadia";"Saída de leito carroçável";"Sem Vítimas";"Pleno dia";"Decrescente";"Chuva";"Dupla";"Desvio Temporário";"Não";1;0;0;0;1;0;0;1;"-14.54603472";"-56.2304306";"SR-MT";"DEL2/4";"UOP01/MT"
190097;2019-02-08;"6";"14:50:00";"MG";153;4,5;"ARAPORA";"Desobediência às normas de trânsito pelo condutor";"Saída de leito carroçável";"Com Vítimas Feridas";"Pleno dia";"Decrescente";"Céu Claro";"Dupla";"Reta";"Não";5;0;5;0;0;0;5;2;"-18.4625";"-49.188";"SR-MG";"DEL4/15";"UOP03/MG"
190098;2019-02-08;"6";"16:10:00";"MG";40;553;"NOVA LIMA";"Defeito Mecânico no Veículo";"Queda de ocupante de veículo";"Com Vítimas Feridas";"Pleno dia";"Decrescente";"Céu Claro";"Dupla";"Reta";"Sim";2;0;2;0;0;0;2;1;"-20.064279441";"-43.979031723";"SR-MG";"DEL4/1";"UOP02/MG"
190099;2019-02-08;"6";"12:10:00";"MG";116;126,8;"ITAOBIM";"Falta de Atenção à Condução";"Tombamento";"Com Vítimas Feridas";"Pleno dia";"Crescente";"Céu Claro";"Simples";"Curva";"Não";3;0;1;0;0;2;1;3;"-16.66607991";"-41.50255064";"SR-MG";"DEL4/11";"UOP02/MG"
190101;2019-02-08;"6";"14:45:00";"SC";280;58,3;"GUARAMIRIM";"Falta de Atenção à Condução";"Colisão transversal";"Com Vítimas Feridas";"Pleno dia";"Decrescente";"Sol";"Simples";"Reta";"Sim";3;0;1;2;0;0;3;2;"-26.47437617";"-49.02406454";"SR-SC";"DEL8/3";"UOP03/SC"
190102;2019-01-18;"6";"09:00:00";"PB";101;36,2;"MAMANGUAPE";"Falta de Atenção à Condução";"Colisão com objeto estático";"Com Vítimas Feridas";"Pleno dia";"Decrescente";"Nublado";"Dupla";"Curva";"Não";4;0;1;0;3;0;1;1;"-6.8143";"-35.1389";"SR-PB";"DEL14/1";"UOP03/PB"
190103;2019-02-08;"6";"15:50:00";"PR";277;587,5;"CASCAVEL";"Não guardar distância de segurança";"Colisão frontal";"Com Vítimas Feridas";"Pleno dia";"Decrescente";"Céu Claro";"Simples";"Desvio Temporário";"Sim";2;0;0;1;1;0;1;2;"-25.02817";"-53.55983";"SR-PR";"DEL7/4";"UOP01/PR"
190105;2019-02-08;"6";"16:35:00";"SC";101;200;"SAO JOSE";"Desobediência às normas de trânsito pelo condutor";"Colisão lateral";"Com Vítimas Feridas";"Pleno dia";"Crescente";"Céu Claro";"Dupla";"Reta";"Não";3;0;2;0;1;0;2;2;"-27.5485";"-48.6196";"SR-SC";"DEL8/1";"UOP01/SC"
190106;2019-02-08;"6";"16:45:00";"GO";60;239;"INDIARA";"Fenômenos da Natureza";"Saída de leito carroçável";"Sem Vítimas";"Pleno dia";"Crescente";"Chuva";"Dupla";"Não Informado";"Não";2;0;0;0;1;1;0;1;"-17.0946";"-49.8649";"SR-GO";"DEL1/1";"UOP02/GO"
190107;2019-02-08;"6";"14:30:00";"MG";365;611;"UBERLANDIA";"Defeito Mecânico no Veículo";"Colisão com objeto estático";"Com Vítimas Feridas";"Pleno dia";"Crescente";"Chuva";"Dupla";"Reta";"Não";2;0;0;2;0;0;2;1;"-18.91373644";"-48.17380428";"SR-MG";"DEL4/15";"UOP01/MG"
190108;2019-02-08;"6";"14:40:00";"MG";50;21;"UBERLANDIA";"Não guardar distância de segurança";"Colisão traseira";"Com Vítimas Feridas";"Pleno dia";"Crescente";"Chuva";"Dupla";"Reta";"Não";3;0;1;0;2;0;1;2;"-18.93681495";"-48.20388794";"SR-MG";"DEL4/15";"UOP02/MG"
190109;2019-02-08;"6";"16:30:00";"RS";290;88;"PORTO ALEGRE";"Não guardar distância de segurança";"Colisão traseira";"Com Vítimas Feridas";"Pleno dia";"Decrescente";"Chuva";"Dupla";"Reta";"Não";3;0;1;0;2;0;1;3;"-29.967531";"-51.137264";"SR-RS";"DEL9/1";"UOP01/RS"
190110;2019-02-08;"6";"16:35:00";"SP";381;87;"SAO PAULO";"Defeito Mecânico no Veículo";"Tombamento";"Com Vítimas Feridas";"Pleno dia";"Decrescente";"Céu Claro";"Dupla";"Reta";"Sim";1;0;1;0;0;0;1;1;"-23.47112664";"-46.56531621";"SR-SP";"DEL6/3";"UOP02/SP"
190111;2019-02-08;"6";"15:35:00";"MG";381;849;"POUSO ALEGRE";"Ingestão de Álcool";"Saída de leito carroçável";"Sem Vítimas";"Pleno dia";"Crescente";"Céu Claro";"Dupla";"Reta";"Não";1;0;0;0;1;0;0;1;"-22.2389";"-45.8802";"SR-MG";"DEL09";"UOP01/MG"
190112;2019-02-08;"6";"16:50:00";"SP";116;74,5;"APARECIDA";"Desobediência às normas de trânsito pelo pedestre";"Atropelamento de Pedestre";"Com Vítimas Feridas";"Pleno dia";"Crescente";"Céu Claro";"Dupla";"Reta";"Não";4;0;0;1;1;2;1;1;"-22.873539";"-45.253201";"SR-SP";"DEL6/8";"UOP02/SP"
190113;2019-02-08;"6";"17:01:00";"SC";470;90;"ASCURRA";"Falta de Atenção do Pedestre";"Atropelamento de Pedestre";"Com Vítimas Feridas";"Pleno dia";"Crescente";"Céu Claro";"Simples";"Reta";"Não";2;0;1;0;1;0;1;1;"-26.969337";"-49.367718";"SR-SC";"DEL8/4";"UOP01/SC"
190114;2019-02-08;"6";"16:45:00";"DF";20;4,5;"BRASILIA";"Pista Escorregadia";"Tombamento";"Com Vítimas Feridas";"Pleno dia";"Crescente";"Chuva";"Múltipla";"Não Informado";"Sim";2;0;1;0;0;1;1;2;"-15.675484";"-47.823761";"SR-DF";"DF";"UOP04/DF"
190115;2019-02-08;"6";"15:00:00";"BA";116;745;"BOA NOVA";"Falta de Atenção à Condução";"Colisão com objeto estático";"Sem Vítimas";"Pleno dia";"Decrescente";"Sol";"Simples";"Não Informado";"Não";1;0;0;0;1;0;0;1;"-14.4363";"-40.35285";"SR-BA";"DEL10/8";"UOP02/BA"
190116;2019-02-08;"6";"15:45:00";"PR";376;127,1;"ALTO PARANA";"Mal Súbito";"Colisão traseira";"Com Vítimas Feridas";"Pleno dia";"Decrescente";"Céu Claro";"Dupla";"Não Informado";"Não";2;0;1;0;1;0;1;2;"-23.132568";"-52.297016";"SR-PR";"DEL7/7";"UOP05/PR"
190117;2019-02-08;"6";"17:20:00";"RS";290;22;"SANTO ANTONIO DA PATRULHA";"Agressão Externa";"Saída de leito carroçável";"Com Vítimas Feridas";"Pleno dia";"Decrescente";"Céu Claro";"Múltipla";"Reta";"Não";4;0;2;0;2;0;2;2;"-29.888826";"-50.474819";"SR-RS";"DEL9/3";"UOP02/RS"
190118;2019-02-08;"6";"17:20:00";"SC";282;4,5;"FLORIANOPOLIS";"Não guardar distância de segurança";"Colisão traseira";"Com Vítimas Feridas";"Pleno dia";"Crescente";"Céu Claro";"Dupla";"Reta";"Sim";2;0;1;0;1;0;1;2;"-27.592646";"-48.604034";"SR-SC";"DEL8/1";"UOP01/SC"
190119;2019-02-08;"6";"14:09:00";"SP";116;490;"CAJATI";"Falta de Atenção à Condução";"Queda de ocupante de veículo";"Com Vítimas Feridas";"Pleno dia";"Crescente";"Céu Claro";"Dupla";"Rotatória";"Não";1;0;1;0;0;0;1;1;"-24.73155245";"-48.1022644";"SR-SP";"DEL6/5";"UOP02/SP"
190121;2019-02-08;"6";"15:55:00";"PR";376;179;"MARINGA";"Não guardar distância de segurança";"Colisão traseira";"Com Vítimas Feridas";"Pleno dia";"Crescente";"Céu Claro";"Dupla";"Reta";"Sim";3;0;1;0;2;0;1;2;"-23.427254";"-51.895123";"SR-PR";"DEL7/7";"UOP04/PR"
190124;2019-02-08;"6";"17:55:00";"RS";290;88;"PORTO ALEGRE";"Não guardar distância de segurança";"Colisão traseira";"Com Vítimas Feridas";"Pleno dia";"Decrescente";"Céu Claro";"Dupla";"Reta";"Sim";2;0;1;0;1;0;1;2;"-29.967531";"-51.137264";"SR-RS";"DEL9/1";"UOP01/RS"
190127;2019-02-08;"6";"16:40:00";"PI";343;345,4;"TERESINA";"Desobediência às normas de trânsito pelo condutor";"Colisão transversal";"Com Vítimas Feridas";"Pleno dia";"Crescente";"Céu Claro";"Simples";"Reta";"Sim";2;0;0;1;0;1;1;2;"-5.102889";"-42.766506";"SR-PI";"DEL17/1";"UOP01/PI"
190128;2019-02-08;"6";"16:00:00";"CE";222;4,9;"CAUCAIA";"Falta de Atenção à Condução";"Colisão traseira";"Com Vítimas Feridas";"Pleno dia";"Decrescente";"Céu Claro";"Simples";"Reta";"Sim";2;0;1;0;1;0;1;2;"-3.74312527";"-38.61341357";"SR-CE";"DEL16/1";"UOP01/CE"
190129;2019-02-08;"6";"17:45:00";"SC";470;172,4;"POUSO REDONDO";"Falta de Atenção à Condução";"Colisão lateral";"Com Vítimas Feridas";"Pleno dia";"Crescente";"Sol";"Simples";"Reta";"Sim";4;0;3;0;1;0;3;2;"-27.25958908";"-49.91865098";"SR-SC";"DEL8/4";"UOP02/SC"
190130;2019-02-08;"6";"16:50:00";"MG";116;269,7;"TEOFILO OTONI";"Desobediência às normas de trânsito pelo pedestre";"Queda de ocupante de veículo";"Com Vítimas Feridas";"Pleno dia";"Decrescente";"Sol";"Simples";"Não Informado";"Não";2;0;1;0;0;1;1;1;"-17.797257";"-41.499383";"SR-MG";"DEL4/11";"UOP01/MG"
190131;2019-02-08;"6";"17:18:00";"MT";163;827;"SINOP";"Falta de Atenção à Condução";"Colisão traseira";"Com Vítimas Feridas";"Pleno dia";"Crescente";"Sol";"Dupla";"Retorno Regulamentado";"Sim";2;0;0;1;1;0;1;2;"-11.87332245";"-55.49815267";"SR-MT";"DEL2/6";"UOP01/MT"
190132;2019-02-08;"6";"17:45:00";"RJ";40;82;"PETROPOLIS";"Falta de Atenção à Condução";"Colisão lateral";"Sem Vítimas";"Pleno dia";"Decrescente";"Nublado";"Simples";"Não Informado";"Não";2;0;0;0;2;0;0;2;"-22.5399";"-43.2241";"SR-RJ";"DEL5/6";"UOP03/RJ"
190134;2019-02-08;"6";"16:35:00";"MG";262;629,8;"IBIA";"Ultrapassagem Indevida";"Saída de leito carroçável";"Com Vítimas Feridas";"Pleno dia";"Crescente";"Sol";"Simples";"Curva";"Não";1;0;1;0;0;0;1;1;"-19.591888";"-46.48101";"SR-MG";"DEL4/8";"UOP01/MG"
190135;2019-02-08;"6";"17:00:00";"BA";324;436;"RIACHAO DO JACUIPE";"Falta de Atenção à Condução";"Colisão traseira";"Com Vítimas Feridas";"Pleno dia";"Decrescente";"Sol";"Simples";"Reta";"Não";6;0;4;1;1;0;5;3;"-11.80436227";"-39.39394176";"SR-BA";"DEL10/4";"UOP02/BA"
190136;2019-02-08;"6";"16:50:00";"PB";101;11,3;"MATARACA";"Animais na Pista";"Colisão com objeto estático";"Com Vítimas Feridas";"Pleno dia";"Crescente";"Sol";"Dupla";"Reta";"Sim";5;0;1;0;4;0;1;1;"-6.6035";"-35.1404";"SR-PB";"DEL14/1";"UOP03/PB"
190137;2019-02-08;"6";"17:30:00";"AL";316;118;"CACIMBINHAS";"Falta de Atenção à Condução";"Tombamento";"Com Vítimas Feridas";"Anoitecer";"Decrescente";"Céu Claro";"Simples";"Reta";"Não";1;0;0;1;0;0;1;1;"-9.39969";"-36.957218";"SR-AL";"DEL13/3";"UOP01/AL"
190138;2019-02-08;"6";"17:30:00";"PA";230;120;"MARABA";"Desobediência às normas de trânsito pelo condutor";"Colisão transversal";"Com Vítimas Feridas";"Pleno dia";"Crescente";"Nublado";"Dupla";"Reta";"Sim";2;0;1;0;1;0;1;2;"-5.36608622";"-49.12617716";"SR-PA";"DEL19/3";"UOP01/PA"
190139;2019-02-08;"6";"17:45:00";"PB";361;18,2;"SANTA TERESINHA";"Desobediência às normas de trânsito pelo condutor";"Colisão frontal";"Com Vítimas Fatais";"Anoitecer";"Crescente";"Céu Claro";"Simples";"Desvio Temporário";"Não";5;1;0;0;4;0;0;2;"-7.068707";"-37.412446";"SR-PB";"DEL14/3";"UOP01/PB"
190140;2019-02-08;"6";"15:45:00";"PR";153;468,5;"PORTO VITORIA";"Pista Escorregadia";"Colisão frontal";"Com Vítimas Feridas";"Pleno dia";"Crescente";"Chuva";"Simples";"Curva";"Não";2;0;1;0;1;0;1;2;"-26.224693";"-51.135174";"SR-PR";"DEL7/2";"UOP02/PR"
190141;2019-02-08;"6";"18:30:00";"SC";101;213,5;"PALHOCA";"Falta de Atenção à Condução";"Queda de ocupante de veículo";"Com Vítimas Feridas";"Pleno dia";"Crescente";"Céu Claro";"Múltipla";"Reta";"Não";2;0;2;0;0;0;2;1;"-27.6446";"-48.6705";"SR-SC";"DEL8/1";"UOP02/SC"
190142;2019-02-08;"6";"18:00:00";"MS";163;478;"CAMPO GRANDE";"Restrição de Visibilidade";"Colisão lateral";"Com Vítimas Feridas";"Pleno dia";"Decrescente";"Chuva";"Simples";"Reta";"Sim";2;0;1;0;1;0;1;2;"-20.496932";"-54.559169";"SR-MS";"DEL3/1";"UOP01/MS"
190143;2019-02-08;"6";"17:30:00";"SP";381;38;"ATIBAIA";"Falta de Atenção à Condução";"Colisão traseira";"Com Vítimas Feridas";"Pleno dia";"Decrescente";"Sol";"Simples";"Reta";"Sim";2;0;1;0;1;0;1;2;"-23.113317";"-46.571747";"SR-SP";"DEL6/3";"UOP02/SP"
190145;2019-02-08;"6";"18:00:00";"MG";40;530,8;"BELO HORIZONTE";"Falta de Atenção à Condução";"Colisão lateral";"Com Vítimas Feridas";"Pleno dia";"Crescente";"Céu Claro";"Dupla";"Reta";"Sim";3;0;0;1;2;0;1;2;"-19.9214";"-44.023";"SR-MG";"DEL4/1";"UOP03/MG"
190146;2019-02-08;"6";"18:10:00";"PB";230;39;"SANTA RITA";"Sinalização da via insuficiente ou inadequada";"Tombamento";"Com Vítimas Feridas";"Plena Noite";"Crescente";"Nublado";"Dupla";"Reta";"Não";2;0;1;1;0;0;2;1;"-7.1381";"-34.9707";"SR-PB";"DEL14/1";"UOP00/PB"
190147;2019-02-08;"6";"19:00:00";"GO";60;7;"SANTO ANTONIO DO DESCOBERTO";"Defeito Mecânico no Veículo";"Incêndio";"Sem Vítimas";"Plena Noite";"Decrescente";"Céu Claro";"Dupla";"Não Informado";"Não";1;0;0;0;1;0;0;1;"-16.104824";"-48.295375";"SR-DF";"GO";"UOP03/DF"
190148;2019-02-08;"6";"18:15:00";"RS";392;8,1;"RIO GRANDE";"Falta de Atenção à Condução";"Engavetamento";"Com Vítimas Feridas";"Pleno dia";"Crescente";"Céu Claro";"Simples";"Reta";"Não";4;0;2;0;2;0;2;3;"-32.102467";"-52.110695";"SR-RS";"DEL9/7";"UOP02/RS"
190149;2019-02-08;"6";"18:45:00";"SE";235;34,5;"AREIA BRANCA";"Falta de Atenção à Condução";"Colisão transversal";"Com Vítimas Feridas";"Plena Noite";"Decrescente";"Céu Claro";"Simples";"Reta";"Sim";2;0;1;0;1;0;1;2;"-10.76173164";"-37.31898487";"SR-SE";"DEL20/1";"UOP02/SE"
190150;2019-02-08;"6";"13:20:00";"MA";222;537;"BOM JESUS DAS SELVAS";"Falta de Atenção à Condução";"Colisão com objeto estático";"Com Vítimas Fatais";"Pleno dia";"Decrescente";"Céu Claro";"Simples";"Curva";"Não";1;1;0;0;0;0;0;1;"-4.30310461";"-46.50272369";"SR-MA";"DEL18/4";"UOP03/MA"
190151;2019-02-08;"6";"17:50:00";"BA";116;826;"VITORIA DA CONQUISTA";"Restrição de Visibilidade";"Colisão traseira";"Com Vítimas Feridas";"Anoitecer";"Decrescente";"Céu Claro";"Dupla";"Interseção de vias";"Sim";2;0;1;0;1;0;1;2;"-14.87806976";"-40.85447431";"SR-BA";"DEL10/8";"UOP01/BA"
190152;2019-02-08;"6";"19:30:00";"SP";116;161,3;"JACAREI";"Defeito Mecânico no Veículo";"Saída de leito carroçável";"Sem Vítimas";"Pleno dia";"Decrescente";"Céu Claro";"Dupla";"Reta";"Sim";1;0;0;0;1;0;0;1;"-23.276161";"-45.899918";"SR-SP";"DEL6/2";"UOP01/SP"
190153;2019-02-08;"6";"18:20:00";"BA";116;9,8;"VITORIA DA CONQUISTA";"Desobediência às normas de trânsito pelo condutor";"Colisão frontal";"Com Vítimas Fatais";"Plena Noite";"Crescente";"Céu Claro";"Simples";"Reta";"Não";2;1;0;0;1;0;0;2;"-14.85753715";"-40.87781467";"SR-BA";"DEL10/8";"UOP01/BA"
190154;2019-02-08;"6";"14:55:00";"SC";101;157;"PORTO BELO";"Não guardar distância de segurança";"Colisão traseira";"Com Vítimas Feridas";"Pleno dia";"Decrescente";"Céu Claro";"Dupla";"Reta";"Sim";2;0;1;0;1;0;1;2;"-27.1901";"-48.6123";"SR-SC";"DEL8/4";"UOP03/SC"
190156;2019-02-08;"6";"18:50:00";"MG";262;56,5;"MANHUACU";"Falta de Atenção à Condução";"Colisão lateral";"Com Vítimas Feridas";"Pleno dia";"Crescente";"Céu Claro";"Simples";"Curva";"Sim";2;0;0;1;1;0;1;2;"-20.266413";"-42.182175";"SR-MG";"DEL4/6";"UOP04/MG"
190157;2019-02-08;"6";"18:20:00";"AL";316;40;"CANAPI";"Animais na Pista";"Atropelamento de Animal";"Com Vítimas Feridas";"Plena Noite";"Decrescente";"Céu Claro";"Simples";"Desvio Temporário";"Não";1;0;1;0;0;0;1;1;"-9.131837";"-37.567505";"SR-AL";"DEL13/3";"UOP02/AL"
190159;2019-02-08;"6";"19:55:00";"PR";277;583,9;"CASCAVEL";"Falta de Atenção à Condução";"Colisão transversal";"Com Vítimas Feridas";"Anoitecer";"Decrescente";"Céu Claro";"Dupla";"Reta";"Sim";3;0;1;0;1;1;1;2;"-24.96692358";"-53.40244001";"SR-PR";"DEL7/4";"UOP01/PR"
190160;2019-02-08;"6";"20:15:00";"PR";163;251;"TOLEDO";"Sinalização da via insuficiente ou inadequada";"Colisão transversal";"Com Vítimas Feridas";"Anoitecer";"Decrescente";"Céu Claro";"Simples";"Curva";"Não";5;0;1;0;4;0;1;2;"-24.6897";"-53.7579";"SR-PR";"DEL7/4";"UOP01/PR"
190161;2019-02-08;"6";"17:15:00";"RO";364;343;"JI-PARANA";"Desobediência às normas de trânsito pelo condutor";"Colisão transversal";"Com Vítimas Feridas";"Anoitecer";"Decrescente";"Chuva";"Dupla";"Reta";"Sim";2;0;0;2;0;0;2;2;"-10.878848";"-61.944893";"SR-RO";"DEL21/2";"UOP01/RO"
190162;2019-02-08;"6";"18:35:00";"MS";163;478,9;"CAMPO GRANDE";"Falta de Atenção à Condução";"Colisão traseira";"Sem Vítimas";"Pleno dia";"Decrescente";"Chuva";"Simples";"Reta";"Sim";2;0;0;0;2;0;0;2;"-20.489121";"-54.559278";"SR-MS";"DEL3/1";"UOP01/MS"
190163;2019-02-08;"6";"20:10:00";"MG";365;620;"UBERLANDIA";"Não guardar distância de segurança";"Colisão com objeto em movimento";"Com Vítimas Feridas";"Plena Noite";"Decrescente";"Céu Claro";"Dupla";"Curva";"Sim";2;0;0;1;0;1;1;1;"-18.88514268";"-48.26577187";"SR-MG";"DEL4/15";"UOP01/MG"
190164;2019-02-08;"6";"19:30:00";"SE";235;15,2;"NOSSA SENHORA DO SOCORRO";"Animais na Pista";"Atropelamento de Animal";"Sem Vítimas";"Plena Noite";"Crescente";"Nublado";"Simples";"Reta";"Não";4;0;0;0;4;0;0;2;"-10.857119";"-37.185043";"SR-SE";"DEL20/1";"UOP01/SE"
190165;2019-02-08;"6";"18:50:00";"MG";116;413,7;"GOVERNADOR VALADARES";"Falta de Atenção à Condução";"Colisão traseira";"Com Vítimas Feridas";"Anoitecer";"Crescente";"Céu Claro";"Simples";"Reta";"Não";4;0;2;0;2;0;2;3;"-18.877673";"-41.96276";"SR-MG";"DEL4/6";"UOP01/MG"
190166;2019-02-08;"6";"17:47:00";"MG";116;415;"GOVERNADOR VALADARES";"Falta de Atenção à Condução";"Colisão transversal";"Com Vítimas Feridas";"Pleno dia";"Crescente";"Céu Claro";"Simples";"Interseção de vias";"Sim";3;0;1;0;2;0;1;2;"-18.8857681";"-41.9495915";"SR-MG";"DEL4/6";"UOP01/MG"
190167;2019-02-08;"6";"19:50:00";"SP";116;96,1;"PINDAMONHANGABA";"Desobediência às normas de trânsito pelo condutor";"Saída de leito carroçável";"Sem Vítimas";"Plena Noite";"Decrescente";"Nublado";"Dupla";"Não Informado";"Não";1;0;0;0;1;0;0;1;"-22.96958";"-45.438957";"SR-SP";"DEL6";"UOP01/SP"
190168;2019-02-08;"6";"19:30:00";"AL";101;172,6;"TEOTONIO VILELA";"Falta de Atenção do Pedestre";"Atropelamento de Pedestre";"Com Vítimas Fatais";"Plena Noite";"Decrescente";"Céu Claro";"Dupla";"Curva";"Não";2;1;0;0;1;0;0;1;"-9.91000908";"-36.33899689";"SR-AL";"DEL13/2";"UOP02/AL"
190169;2019-02-08;"6";"17:15:00";"AC";364;65,1;"PLACIDO DE CASTRO";"Desobediência às normas de trânsito pelo condutor";"Colisão lateral";"Com Vítimas Feridas";"Anoitecer";"Crescente";"Chuva";"Simples";"Reta";"Sim";3;0;0;1;2;0;1;2;"-10.06094353";"-67.29595363";"SR-AC";"UOP01/AC";""
190170;2019-02-04;"2";"11:00:00";"MG";40;20;"PARACATU";"Mal Súbito";"Colisão lateral";"Sem Vítimas";"Pleno dia";"Crescente";"Céu Claro";"Simples";"Reta";"Não";2;0;0;0;2;0;0;1;"-17.108927";"-47.009045";"SR-MG";"DEL4/14";"UOP01/MG"
190171;2019-02-08;"6";"19:40:00";"SP";381;82;"SAO PAULO";"Não guardar distância de segurança";"Colisão traseira";"Sem Vítimas";"Anoitecer";"Crescente";"Céu Claro";"Dupla";"Reta";"Sim";3;0;0;0;3;0;0;3;"-23.42634722";"-46.57287431";"SR-SP";"DEL6/3";"UOP02/SP"
190172;2019-02-08;"6";"12:30:00";"PI";230;199,4;"OEIRAS";"Ingestão de Álcool";"Colisão frontal";"Com Vítimas Feridas";"Pleno dia";"Decrescente";"Céu Claro";"Simples";"Curva";"Sim";5;0;0;5;0;0;5;2;"-7.018663";"-42.143066";"SR-PI";"DEL17/4";"UOP01/PI"
190173;2019-02-08;"6";"19:00:00";"CE";116;167;"RUSSAS";"Animais na Pista";"Atropelamento de Animal";"Com Vítimas Feridas";"Plena Noite";"Decrescente";"Céu Claro";"Simples";"Reta";"Não";1;0;1;0;0;0;1;1;"-4.929619";"-37.989922";"SR-CE";"DEL16/3";"UOP01/CE"
190174;2019-02-08;"6";"20:30:00";"GO";60;92;"ANAPOLIS";"Desobediência às normas de trânsito pelo condutor";"Colisão lateral";"Com Vítimas Feridas";"Plena Noite";"Crescente";"Céu Claro";"Dupla";"Não Informado";"Sim";3;0;1;0;1;1;1;2;"-16.353";"-48.9178";"SR-GO";"DEL1/2";"UOP01/GO"
190175;2019-02-08;"6";"20:30:00";"GO";60;97,1;"ANAPOLIS";"Falta de Atenção à Condução";"Colisão lateral";"Com Vítimas Feridas";"Plena Noite";"Crescente";"Nublado";"Dupla";"Reta";"Sim";3;0;3;0;0;0;3;2;"-16.3774";"-48.9483";"SR-GO";"DEL1/2";"UOP01/GO"
190176;2019-02-08;"6";"20:40:00";"RJ";40;115,1;"DUQUE DE CAXIAS";"Avarias e/ou desgaste excessivo no pneu";"Tombamento";"Com Vítimas Feridas";"Plena Noite";"Decrescente";"Céu Claro";"Múltipla";"Reta";"Sim";2;0;2;0;0;0;2;1;"-22.7374";"-43.2883";"SR-RJ";"DEL5/1";"UOP01/RJ"
190178;2019-02-08;"6";"18:30:00";"PE";101;30,2;"ITAPISSUMA";"Desobediência às normas de trânsito pelo condutor";"Atropelamento de Pedestre";"Com Vítimas Feridas";"Plena Noite";"Decrescente";"Chuva";"Dupla";"Não Informado";"Não";2;0;0;1;0;1;1;1;"-7.7457";"-34.9381";"SR-PE";"DEL11/1";"UOP02/PE"
190179;2019-02-08;"6";"14:45:00";"RO";435;84;"COLORADO DO OESTE";"Restrição de Visibilidade";"Colisão lateral";"Com Vítimas Feridas";"Pleno dia";"Crescente";"Céu Claro";"Dupla";"Não Informado";"Não";2;0;1;0;1;0;1;2;"-13.12052268";"-60.54193318";"SR-RO";"DEL21/4";"UOP02/RO"