"id";"data_inversa";"dia_semana";"horario";"uf";"br";"km";"municipio";"causa_acidente";"tipo_acidente";"classificacao_acidente";"fase_dia";"sentido_via";"condicao_metereologica";"tipo_pista";"tracado_via";"uso_solo";"pessoas";"mortos";"feridos_leves";"feridos_graves";"ilesos";"ignorados";"feridos";"veiculos";"latitude";"longitude";"regional";"delegacia";"uop"
190180;2019-02-08;"6";"19:20:00";"MA";135;12,9;"SAO LUIS";"Desobediência às normas de trânsito pelo condutor";"Colisão transversal";"Com Vítimas Feridas";"Plena Noite";"Crescente";"Garoa/Chuvisco";"Dupla";"Retorno Regulamentado";"Sim";2;0;0;1;1;0;1;2;"-2.67970319";"-44.29490274";"SR-MA";"DEL18/1";"UOP01/MA"
190181;2019-02-08;"6";"21:17:00";"SC";101;125,2;"ITAJAI";"Desobediência às normas de trânsito pelo pedestre";"Atropelamento de Pedestre";"Com Vítimas Fatais";"Plena Noite";"Decrescente";"Céu Claro";"Dupla";"Reta";"Sim";3;1;0;0;0;2;0;1;"-26.9557";"-48.6796";"SR-SC";"DEL8/4";"UOP04/SC"
190182;2019-02-08;"6";"20:55:00";"PR";476;126;"CURITIBA";"Falta de Atenção à Condução";"Queda de ocupante de veículo";"Com Vítimas Feridas";"Plena Noite";"Decrescente";"Céu Claro";"Múltipla";"Interseção de vias";"Sim";2;0;1;1;0;0;2;1;"-25.416758";"-49.223446";"SR-PR";"DEL7/1";"UOP06/PR"
190183;2019-02-08;"6";"21:10:00";"SC";101;211;"SAO JOSE";"Falta de Atenção à Condução";"Colisão com objeto estático";"Sem Vítimas";"Plena Noite";"Decrescente";"Garoa/Chuvisco";"Dupla";"Reta";"Não";1;0;0;0;1;0;0;1;"-27.6301";"-48.659";"SR-SC";"DEL8/1";"UOP02/SC"
190184;2019-02-08;"6";"20:40:00";"SC";101;55;"JOINVILLE";"Ingestão de Álcool";"Colisão lateral";"Sem Vítimas";"Plena Noite";"Decrescente";"Céu Claro";"Dupla";"Reta";"Não";2;0;0;0;2;0;0;2;"-26.4338";"-48.8193";"SR-SC";"DEL8/3";"UOP01/SC"
190185;2019-02-08;"6";"19:20:00";"RO";364;344,5;"JI-PARANA";"Falta de Atenção à Condução";"Atropelamento de Pedestre";"Com Vítimas Fatais";"Plena Noite";"Decrescente";"Chuva";"Simples";"Reta";"Sim";2;1;0;0;1;0;0;1;"-10.87117105";"-61.95683068";"SR-RO";"DEL21/2";"UOP01/RO"
190186;2019-02-08;"6";"21:15:00";"MG";40;276,4;"TRES MARIAS";"Defeito na Via";"Atropelamento de Pedestre";"Com Vítimas Feridas";"Pleno dia";"Crescente";"Nublado";"Simples";"Reta";"Sim";2;0;1;0;0;1;1;1;"-18.206104";"-45.231159";"SR-MG";"DEL4/14";"UOP02/MG"
190187;2019-02-08;"6";"22:00:00";"MG";40;608,3;"CONGONHAS";"Falta de Atenção do Pedestre";"Atropelamento de Pedestre";"Com Vítimas Feridas";"Plena Noite";"Decrescente";"Nublado";"Simples";"Reta";"Não";4;0;1;1;0;2;2;1;"-20.49026345";"-43.83694681";"SR-MG";"DEL5";"UOP02/MG"
190188;2019-02-08;"6";"22:00:00";"RJ";116;179,9;"NOVA IGUACU";"Animais na Pista";"Atropelamento de Animal";"Com Vítimas Feridas";"Plena Noite";"Decrescente";"Céu Claro";"Dupla";"Reta";"Sim";1;0;1;0;0;0;1;1;"-22.74008758";"-43.45908794";"SR-RJ";"DEL5/1";"UOP02/RJ"
190189;2019-02-08;"6";"18:20:00";"GO";364;136;"JATAI";"Pista Escorregadia";"Saída de leito carroçável";"Sem Vítimas";"Anoitecer";"Crescente";"Chuva";"Simples";"Curva";"Não";1;0;0;0;1;0;0;1;"-18.2087";"-51.317787";"SR-GO";"DEL1/5";"UOP01/GO"
190190;2019-02-08;"6";"22:15:00";"ES";262;150,7;"IBATIBA";"Ingestão de Álcool";"Colisão traseira";"Com Vítimas Feridas";"Plena Noite";"Crescente";"Chuva";"Simples";"Reta";"Não";2;0;0;1;1;0;1;2;"-20.2172";"-41.4449";"SR-ES";"DEL12/1";"UOP02/ES"
190191;2019-02-08;"6";"22:20:00";"GO";40;7,1;"VALPARAISO DE GOIAS";"Ingestão de Álcool";"Atropelamento de Pedestre";"Com Vítimas Feridas";"Plena Noite";"Crescente";"Céu Claro";"Dupla";"Reta";"Sim";2;0;1;0;1;0;1;1;"-16.108482";"-47.972524";"SR-DF";"GO";"UOP01/DF"
190192;2019-02-08;"6";"20:00:00";"RO";364;708;"PORTO VELHO";"Desobediência às normas de trânsito pelo condutor";"Colisão lateral";"Com Vítimas Feridas";"Plena Noite";"Crescente";"Céu Claro";"Dupla";"Reta";"Sim";4;0;3;0;0;1;3;2;"-8.79309957";"-63.84533113";"SR-RO";"DEL21/1";"UOP01/RO"
190193;2019-02-08;"6";"22:30:00";"MG";40;473,9;"SETE LAGOAS";"Velocidade Incompatível";"Colisão frontal";"Com Vítimas Feridas";"Plena Noite";"Crescente";"Céu Claro";"Dupla";"Reta";"Sim";2;0;2;0;0;0;2;2;"-19.4997";"-44.2779";"SR-MG";"DEL4/2";"UOP01/MG"
190194;2019-02-08;"6";"20:40:00";"MA";10;249,1;"IMPERATRIZ";"Ingestão de Álcool";"Colisão transversal";"Com Vítimas Feridas";"Plena Noite";"Decrescente";"Garoa/Chuvisco";"Simples";"Reta";"Sim";2;0;0;1;1;0;1;2;"-5.558508";"-47.45417";"SR-MA";"DEL18/4";"UOP01/MA"
190195;2019-02-08;"6";"18:30:00";"AP";210;155;"PORTO GRANDE";"Velocidade Incompatível";"Capotamento";"Com Vítimas Fatais";"Anoitecer";"Crescente";"Chuva";"Simples";"Reta";"Não";4;3;0;0;1;0;0;1;"0.64015";"-51.808561";"SR-AP";"UOP01/AP";""
190196;2019-01-11;"6";"14:10:00";"MA";135;4;"SAO LUIS";"Falta de Atenção à Condução";"Colisão traseira";"Sem Vítimas";"Pleno dia";"Crescente";"Céu Claro";"Dupla";"Curva";"Sim";3;0;0;0;3;0;0;2;"-2.63747708";"-44.31132859";"SR-MA";"DEL18/1";"UOP01/MA"
190197;2019-02-08;"6";"06:00:00";"PR";376;593;"CURITIBA";"Falta de Atenção à Condução";"Tombamento";"Sem Vítimas";"Plena Noite";"Decrescente";"Nublado";"Dupla";"Reta";"Não";1;0;0;0;1;0;0;1;"-25.45718978";"-49.36029956";"SR-PR";"DEL7/1";"UOP04/PR"
190198;2019-02-08;"6";"20:20:00";"AC";364;122;"RIO BRANCO";"Ingestão de Álcool";"Atropelamento de Pedestre";"Com Vítimas Feridas";"Plena Noite";"Crescente";"Nublado";"Dupla";"Reta";"Sim";2;0;1;1;0;0;2;1;"-10.011882";"-67.773392";"SR-AC";"UOP01/AC";""
190199;2019-02-08;"6";"19:30:00";"BA";101;688,9;"ITAGIMIRIM";"Falta de Atenção à Condução";"Colisão traseira";"Com Vítimas Feridas";"Plena Noite";"Crescente";"Céu Claro";"Simples";"Não Informado";"Não";2;0;1;0;1;0;1;2;"-16.1442";"-39.5982";"SR-BA";"DEL10/9";"UOP01/BA"
190200;2019-02-08;"6";"23:30:00";"PR";277;4,8;"PARANAGUA";"Ingestão de Álcool";"Colisão lateral";"Sem Vítimas";"Plena Noite";"Decrescente";"Céu Claro";"Simples";"Não Informado";"Sim";2;0;0;0;2;0;0;2;"-25.55161362";"-48.56161064";"SR-PR";"DEL7/1";"UOP07/PR"
190201;2019-02-08;"6";"23:00:00";"RS";116;219;"DOIS IRMAOS";"Ingestão de Álcool";"Saída de leito carroçável";"Com Vítimas Feridas";"Plena Noite";"Decrescente";"Céu Claro";"Simples";"Não Informado";"Não";1;0;1;0;0;0;1;1;"-29.556385";"-51.090633";"SR-RS";"DEL9/5";"UOP02/RS"
190202;2019-02-08;"6";"23:30:00";"MT";163;841;"SINOP";"Ingestão de Álcool";"Colisão transversal";"Com Vítimas Feridas";"Plena Noite";"Crescente";"Céu Claro";"Simples";"Reta";"Sim";2;0;1;0;1;0;1;2;"-11.81099627";"-55.48211289";"SR-MT";"DEL2/6";"UOP02/MT"
190203;2019-02-09;"7";"00:10:00";"GO";60;35;"ALEXANIA";"Pista Escorregadia";"Saída de leito carroçável";"Com Vítimas Feridas";"Plena Noite";"Decrescente";"Nublado";"Dupla";"Reta";"Não";3;0;1;0;2;0;1;1;"-16.1045";"-48.5242";"SR-DF";"GO";"UOP03/DF"
190204;2019-02-09;"7";"00:20:00";"MG";40;121,2;"JOAO PINHEIRO";"Condutor Dormindo";"Colisão lateral";"Sem Vítimas";"Plena Noite";"Crescente";"Chuva";"Simples";"Reta";"Não";34;0;0;0;34;0;0;2;"-17.663897";"-46.355621";"SR-MG";"DEL4/14";"UOP01/MG"
190205;2019-02-08;"6";"23:05:00";"AL";316;247,7;"ATALAIA";"Ingestão de Álcool";"Tombamento";"Com Vítimas Feridas";"Plena Noite";"Decrescente";"Céu Claro";"Simples";"Reta";"Não";1;0;0;1;0;0;1;1;"-9.54181741";"-35.98488277";"SR-AL";"DEL13/1";"UOP01/AL"
190206;2019-02-08;"6";"23:20:00";"PE";423;98;"GARANHUNS";"Mal Súbito";"Colisão frontal";"Com Vítimas Feridas";"Plena Noite";"Crescente";"Céu Claro";"Simples";"Não Informado";"Sim";2;0;0;2;0;0;2;2;"-8.876175";"-36.503635";"SR-PE";"DEL11/3";"UOP01/PE"
190207;2019-02-08;"6";"23:20:00";"SP";116;226,8;"GUARULHOS";"Ingestão de Álcool";"Atropelamento de Pedestre";"Com Vítimas Feridas";"Plena Noite";"Crescente";"Nublado";"Múltipla";"Reta";"Não";2;0;1;0;0;1;1;1;"-23.49497225";"-46.55473709";"SR-SP";"DEL6/1";"UOP01/SP"
190208;2019-02-09;"7";"00:20:00";"TO";153;676,3;"GURUPI";"Velocidade Incompatível";"Colisão frontal";"Com Vítimas Feridas";"Plena Noite";"Decrescente";"Céu Claro";"Simples";"Desvio Temporário";"Não";4;0;0;4;0;0;4;2;"-11.760287";"-49.096313";"SR-TO";"UOP01/TO";""
190209;2019-02-09;"7";"02:00:00";"PR";277;94;"CURITIBA";"Desobediência às normas de trânsito pelo condutor";"Capotamento";"Sem Vítimas";"Plena Noite";"Decrescente";"Nevoeiro/Neblina";"Dupla";"Reta";"Sim";1;0;0;0;1;0;0;1;"-25.4541824";"-49.2412928";"SR-PR";"DEL7/1";"UOP04/PR"
190210;2019-02-09;"7";"02:00:00";"MG";262;444,9;"NOVA SERRANA";"Falta de Atenção do Pedestre";"Atropelamento de Pedestre";"Com Vítimas Fatais";"Plena Noite";"Crescente";"Vento";"Dupla";"Reta";"Sim";3;1;0;0;1;1;0;1;"-19.880623";"-44.912323";"SR-MG";"DEL4/8";"UOP03/MG"
190211;2019-02-09;"7";"02:40:00";"PR";277;242,8;"IRATI";"Ingestão de Álcool";"Colisão lateral";"Com Vítimas Feridas";"Plena Noite";"Crescente";"Nublado";"Simples";"Interseção de vias";"Não";2;0;0;1;1;0;1;2;"-25.45307434";"-50.65197414";"SR-PR";"DEL7/3";"UOP04/PR"
190212;2019-02-09;"7";"03:30:00";"PR";277;77;"CURITIBA";"Restrição de Visibilidade";"Queda de ocupante de veículo";"Com Vítimas Feridas";"Plena Noite";"Crescente";"Nublado";"Dupla";"Reta";"Não";2;0;2;0;0;0;2;1;"-25.49709417";"-49.16102886";"SR-PR";"DEL7/1";"UOP01/PR"
190213;2019-02-09;"7";"04:10:00";"SC";101;147;"ITAPEMA";"Falta de Atenção à Condução";"Colisão frontal";"Com Vítimas Feridas";"Plena Noite";"Decrescente";"Céu Claro";"Dupla";"Não Informado";"Não";2;0;0;1;1;0;1;2;"-27.1012";"-48.618";"SR-SC";"DEL8/4";"UOP03/SC"
190214;2019-02-09;"7";"03:02:00";"PR";376;180;"MARINGA";"Falta de Atenção do Pedestre";"Atropelamento de Pedestre";"Com Vítimas Feridas";"Plena Noite";"Crescente";"Céu Claro";"Múltipla";"Reta";"Sim";2;0;0;1;0;1;1;1;"-23.427254";"-51.895123";"SR-PR";"DEL7/7";"UOP04/PR"
190215;2019-02-09;"7";"02:15:00";"SC";282;343;"CAMPOS NOVOS";"Falta de Atenção à Condução";"Colisão frontal";"Com Vítimas Feridas";"Plena Noite";"Crescente";"Céu Claro";"Dupla";"Reta";"Sim";2;0;0;1;1;0;1;2;"-27.387402";"-51.232861";"SR-SC";"DEL7";"UOP08/SC"
190216;2019-02-09;"7";"02:45:00";"SC";282;497;"XANXERE";"Ingestão de Álcool";"Saída de leito carroçável";"Com Vítimas Feridas";"Plena Noite";"Decrescente";"Nublado";"Simples";"Reta";"Não";1;0;1;0;0;0;1;1;"-26.880062";"-52.344685";"SR-SC";"DEL7";"UOP01/SC"
190217;2019-02-09;"7";"04:30:00";"RJ";116;179,2;"NOVA IGUACU";"Falta de Atenção à Condução";"Colisão com objeto estático";"Com Vítimas Fatais";"Plena Noite";"Crescente";"Céu Claro";"Múltipla";"Reta";"Sim";3;2;1;0;0;0;1;2;"-22.74705563";"-43.44530582";"SR-RJ";"DEL5/1";"UOP02/RJ"
190218;2019-02-09;"7";"00:30:00";"MG";262;42,1;"MANHUACU";"Velocidade Incompatível";"Tombamento";"Com Vítimas Feridas";"Plena Noite";"Crescente";"Nublado";"Simples";"Curva";"Não";1;0;0;1;0;0;1;1;"-20.269745";"-42.068989";"SR-MG";"DEL4/6";"UOP04/MG"
190219;2019-02-09;"7";"04:20:00";"SC";116;142,3;"SANTA CECILIA";"Ingestão de Álcool";"Colisão lateral";"Com Vítimas Feridas";"Plena Noite";"Crescente";"Céu Claro";"Simples";"Reta";"Não";3;0;2;0;1;0;2;2;"-26.978802";"-50.396114";"SR-SC";"DEL8/6";"UOP02/SC"
190221;2019-02-09;"7";"05:20:00";"SC";101;204;"SAO JOSE";"Velocidade Incompatível";"Capotamento";"Com Vítimas Feridas";"Plena Noite";"Crescente";"Céu Claro";"Simples";"Reta";"Sim";1;0;0;1;0;0;1;1;"-27.5832";"-48.6151";"SR-SC";"DEL8/1";"UOP01/SC"
190222;2019-02-09;"7";"04:50:00";"SC";101;233;"PALHOCA";"Ingestão de Álcool";"Colisão com objeto estático";"Com Vítimas Feridas";"Plena Noite";"Decrescente";"Nublado";"Dupla";"Curva";"Não";1;0;1;0;0;0;1;1;"-27.81240856";"-48.63331497";"SR-SC";"DEL8/1";"UOP02/SC"
190223;2019-02-09;"7";"04:00:00";"TO";153;139;"ARAGUAINA";"Velocidade Incompatível";"Saída de leito carroçável";"Sem Vítimas";"Plena Noite";"Crescente";"Céu Claro";"Dupla";"Reta";"Sim";1;0;0;0;0;1;0;1;"-7.16326";"-48.206997";"SR-TO";"UOP04/TO";""
190224;2019-02-09;"7";"06:00:00";"MG";262;471,8;"BOM DESPACHO";"Ingestão de Álcool";"Colisão frontal";"Com Vítimas Feridas";"Plena Noite";"Decrescente";"Nublado";"Simples";"Não Informado";"Não";3;0;0;2;1;0;2;3;"-19.783918";"-45.25713";"SR-MG";"DEL4/8";"UOP03/MG"
190225;2019-02-09;"7";"01:10:00";"PR";476;136;"CURITIBA";"Falta de Atenção à Condução";"Saída de leito carroçável";"Sem Vítimas";"Plena Noite";"Crescente";"Céu Claro";"Múltipla";"Curva";"Sim";1;0;0;0;1;0;0;1;"-25.491047";"-49.271679";"SR-PR";"DEL7/1";"UOP06/PR"
190226;2019-02-09;"7";"04:30:00";"RN";406;156;"CEARA-MIRIM";"Defeito Mecânico no Veículo";"Queda de ocupante de veículo";"Com Vítimas Feridas";"Amanhecer";"Crescente";"Céu Claro";"Simples";"Reta";"Não";2;0;1;1;0;0;2;1;"-5.68621177";"-35.39388835";"SR-RN";"DEL15/2";"UOP01/RN"
190227;2019-02-09;"7";"06:15:00";"RS";101;2,5;"TORRES";"Falta de Atenção à Condução";"Colisão traseira";"Sem Vítimas";"Plena Noite";"Crescente";"Céu Claro";"Dupla";"Reta";"Não";2;0;0;0;1;1;0;2;"-29.316784";"-49.774467";"SR-RS";"DEL9/3";"UOP03/RS"
190228;2019-02-09;"7";"04:55:00";"PR";376;175;"MARINGA";"Não guardar distância de segurança";"Colisão traseira";"Com Vítimas Feridas";"Plena Noite";"Crescente";"Céu Claro";"Dupla";"Reta";"Sim";2;0;1;0;1;0;1;2;"-23.411356";"-51.940777";"SR-PR";"DEL7/7";"UOP04/PR"
190229;2019-02-09;"7";"04:20:00";"SP";116;216;"GUARULHOS";"Falta de Atenção do Pedestre";"Atropelamento de Pedestre";"Com Vítimas Feridas";"Plena Noite";"Crescente";"Céu Claro";"Múltipla";"Reta";"Sim";2;0;1;0;1;0;1;1;"-23.45263652";"-46.46821976";"SR-SP";"DEL6/1";"UOP01/SP"
190230;2019-02-09;"7";"06:30:00";"GO";40;102,9;"CRISTALINA";"Falta de Atenção à Condução";"Colisão lateral";"Com Vítimas Fatais";"Amanhecer";"Crescente";"Nevoeiro/Neblina";"Simples";"Reta";"Não";7;2;3;0;2;0;3;2;"-16.800564";"-47.567735";"SR-DF";"GO";"UOP02/DF"
190231;2019-02-09;"7";"05:40:00";"SP";116;87,5;"PINDAMONHANGABA";"Condutor Dormindo";"Colisão com objeto estático";"Com Vítimas Feridas";"Amanhecer";"Decrescente";"Céu Claro";"Dupla";"Reta";"Não";2;0;1;0;1;0;1;2;"-22.930706";"-45.361767";"SR-SP";"DEL6";"UOP01/SP"
190232;2019-02-08;"6";"13:40:00";"RJ";116;314;"ITATIAIA";"Falta de Atenção à Condução";"Colisão lateral";"Sem Vítimas";"Pleno dia";"Decrescente";"Sol";"Dupla";"Reta";"Não";2;0;0;0;2;0;0;2;"-22.48004423";"-44.53282356";"SR-RJ";"DEL5/7";"UOP03/RJ"
190233;2019-02-09;"7";"06:30:00";"MG";50;157;"UBERABA";"Velocidade Incompatível";"Colisão com objeto estático";"Com Vítimas Feridas";"Amanhecer";"Crescente";"Nublado";"Simples";"Túnel";"Não";4;0;1;1;2;0;2;2;"-19.6328";"-48.0127";"SR-MG";"DEL13";"UOP01/MG"
190234;2019-02-09;"7";"06:25:00";"GO";60;115,2;"TEREZOPOLIS DE GOIAS";"Ingestão de Álcool";"Saída de leito carroçável";"Com Vítimas Feridas";"Amanhecer";"Decrescente";"Céu Claro";"Dupla";"Reta";"Não";1;0;1;0;0;0;1;1;"-16.4691";"-49.0705";"SR-GO";"DEL1/1";"UOP01/GO"
190235;2019-02-09;"7";"04:50:00";"BA";116;541;"MILAGRES";"Condutor Dormindo";"Colisão traseira";"Com Vítimas Fatais";"Amanhecer";"Crescente";"Céu Claro";"Simples";"Curva";"Não";4;2;0;0;2;0;0;2;"-12.831366";"-39.830171";"SR-BA";"DEL10/3";"UOP02/BA"
190236;2019-02-09;"7";"01:40:00";"MG";116;475,8;"TARUMIRIM";"Ingestão de Álcool";"Colisão traseira";"Com Vítimas Feridas";"Plena Noite";"Decrescente";"Céu Claro";"Simples";"Reta";"Não";7;0;5;0;2;0;5;2;"-19.350554";"-42.088784";"SR-MG";"DEL4/6";"UOP02/MG"
190237;2019-02-09;"7";"04:50:00";"BA";324;550,1;"AMELIA RODRIGUES";"Desobediência às normas de trânsito pelo condutor";"Colisão traseira";"Com Vítimas Feridas";"Amanhecer";"Decrescente";"Céu Claro";"Múltipla";"Reta";"Sim";2;0;1;0;1;0;1;2;"-12.44562858";"-38.7171936";"SR-BA";"DEL10/1";"UOP01/BA"
190238;2019-02-09;"7";"05:10:00";"PB";230;134;"CAMPINA GRANDE";"Condutor Dormindo";"Colisão lateral";"Sem Vítimas";"Amanhecer";"Decrescente";"Céu Claro";"Dupla";"Curva";"Não";2;0;0;0;2;0;0;2;"-7.2727";"-35.7527";"SR-PB";"DEL14/2";"UOP01/PB"
190239;2019-02-09;"7";"04:45:00";"AL";316;145,7;"PALMEIRA DOS INDIOS";"Animais na Pista";"Atropelamento de Animal";"Sem Vítimas";"Pleno dia";"Decrescente";"Céu Claro";"Simples";"Reta";"Não";2;0;0;0;2;0;0;1;"-9.398201";"-36.713493";"SR-AL";"DEL13/3";"UOP01/AL"
190240;2019-02-09;"7";"07:25:00";"RJ";116;140;"DUQUE DE CAXIAS";"Ingestão de Álcool";"Colisão traseira";"Com Vítimas Feridas";"Pleno dia";"Crescente";"Céu Claro";"Dupla";"Reta";"Não";2;0;1;0;1;0;1;2;"-22.646624";"-43.211174";"SR-RJ";"DEL5/4";"UOP02/RJ"
190241;2019-02-08;"6";"16:00:00";"MG";116;538,4;"SANTA RITA DE MINAS";"Falta de Atenção à Condução";"Colisão transversal";"Com Vítimas Feridas";"Pleno dia";"Crescente";"Sol";"Simples";"Reta";"Sim";2;0;1;0;1;0;1;2;"-19.86749164";"-42.13483597";"SR-MG";"DEL4/6";"UOP02/MG"
190242;2019-02-09;"7";"07:40:00";"SC";470;45,5;"GASPAR";"Falta de Atenção à Condução";"Colisão transversal";"Com Vítimas Feridas";"Pleno dia";"Crescente";"Céu Claro";"Simples";"Interseção de vias";"Não";3;0;1;0;2;0;1;2;"-26.867064";"-49.031109";"SR-SC";"DEL8/4";"UOP01/SC"
190243;2019-02-09;"7";"06:30:00";"SC";282;395;"JOACABA";"Condutor Dormindo";"Saída de leito carroçável";"Com Vítimas Feridas";"Amanhecer";"Decrescente";"Céu Claro";"Simples";"Curva";"Não";1;0;1;0;0;0;1;1;"-27.156887";"-51.592079";"SR-SC";"DEL7";"UOP07/SC"
190244;2019-02-09;"7";"07:56:00";"PR";116;88;"PIRAQUARA";"Falta de Atenção à Condução";"Colisão lateral";"Com Vítimas Feridas";"Pleno dia";"Decrescente";"Céu Claro";"Múltipla";"Reta";"Não";2;0;0;1;1;0;1;2;"-25.447775";"-49.090988";"SR-PR";"DEL7/1";"UOP01/PR"
190245;2019-02-02;"7";"00:10:00";"MS";262;49;"TRES LAGOAS";"Falta de Atenção à Condução";"Tombamento";"Com Vítimas Feridas";"Plena Noite";"Decrescente";"Céu Claro";"Simples";"Reta";"Não";1;0;1;0;0;0;1;1;"-20.758873";"-52.033009";"SR-MS";"DEL3/7";"UOP01/MS"
190246;2019-02-09;"7";"08:10:00";"RJ";40;118;"DUQUE DE CAXIAS";"Animais na Pista";"Colisão traseira";"Com Vítimas Feridas";"Pleno dia";"Crescente";"Céu Claro";"Múltipla";"Reta";"Sim";4;0;1;0;3;0;1;3;"-22.7646";"-43.2866";"SR-RJ";"DEL5/1";"UOP01/RJ"
190247;2019-01-23;"4";"07:25:00";"SC";101;462,4;"PASSO DE TORRES";"Condutor Dormindo";"Saída de leito carroçável";"Com Vítimas Feridas";"Pleno dia";"Crescente";"Céu Claro";"Dupla";"Reta";"Não";3;0;3;0;0;0;3;1;"-29.28746097";"-49.75610912";"SR-RS";"DEL9/3";"UOP03/RS"
190248;2019-02-09;"7";"07:00:00";"SP";116;157;"JACAREI";"Falta de Atenção à Condução";"Colisão traseira";"Com Vítimas Feridas";"Amanhecer";"Crescente";"Céu Claro";"Dupla";"Reta";"Sim";5;0;2;0;2;1;2;3;"-23.26678687";"-45.96152097";"SR-SP";"DEL6/2";"UOP01/SP"
190249;2019-02-09;"7";"08:00:00";"MG";262;620;"IBIA";"Condutor Dormindo";"Saída de leito carroçável";"Com Vítimas Fatais";"Pleno dia";"Crescente";"Céu Claro";"Simples";"Reta";"Não";1;1;0;0;0;0;0;1;"-19.591888";"-46.48101";"SR-MG";"DEL4/8";"UOP02/MG"
190250;2019-02-09;"7";"08:55:00";"SC";101;212;"PALHOCA";"Não guardar distância de segurança";"Colisão traseira";"Com Vítimas Feridas";"Pleno dia";"Crescente";"Céu Claro";"Dupla";"Reta";"Não";4;0;0;1;3;0;1;3;"-27.6372";"-48.6651";"SR-SC";"DEL8/1";"UOP02/SC"
190251;2019-02-09;"7";"08:00:00";"AL";316;242;"ATALAIA";"Falta de Atenção do Pedestre";"Atropelamento de Pedestre";"Com Vítimas Feridas";"Pleno dia";"Crescente";"Sol";"Simples";"Reta";"Sim";2;0;0;1;1;0;1;1;"-9.510221";"-36.004715";"SR-AL";"DEL13/1";"UOP01/AL"
190252;2019-02-09;"7";"07:30:00";"BA";407;117,4;"SENHOR DO BONFIM";"Ingestão de Álcool";"Saída de leito carroçável";"Sem Vítimas";"Pleno dia";"Crescente";"Céu Claro";"Simples";"Reta";"Não";2;0;0;0;2;0;0;1;"-10.378091";"-40.172264";"SR-BA";"DEL10/4";"UOP01/BA"
190253;2019-02-09;"7";"09:50:00";"PR";277;5;"PARANAGUA";"Desobediência às normas de trânsito pelo condutor";"Tombamento";"Com Vítimas Fatais";"Pleno dia";"Decrescente";"Céu Claro";"Simples";"Não Informado";"Sim";2;1;0;0;1;0;0;2;"-25.55594011";"-48.56438905";"SR-PR";"DEL7/1";"UOP07/PR"
190254;2019-02-09;"7";"08:50:00";"PE";408;87;"SAO LOURENCO DA MATA";"Falta de Atenção à Condução";"Saída de leito carroçável";"Com Vítimas Feridas";"Pleno dia";"Crescente";"Céu Claro";"Dupla";"Reta";"Não";5;0;1;0;4;0;1;2;"-7.984211";"-35.079599";"SR-PE";"DEL11/1";"UOP01/PE"
190255;2019-02-09;"7";"10:00:00";"SC";470;54,5;"BLUMENAU";"Desobediência às normas de trânsito pelo condutor";"Colisão transversal";"Com Vítimas Feridas";"Pleno dia";"Crescente";"Céu Claro";"Simples";"Interseção de vias";"Sim";3;0;2;0;1;0;2;2;"-26.871065";"-49.110374";"SR-SC";"DEL8/4";"UOP01/SC"
190256;2019-02-09;"7";"09:50:00";"SC";101;183,7;"BIGUACU";"Mal Súbito";"Tombamento";"Com Vítimas Feridas";"Pleno dia";"Crescente";"Céu Claro";"Dupla";"Reta";"Sim";1;0;1;0;0;0;1;1;"-27.4163";"-48.6265";"SR-SC";"DEL8/1";"UOP01/SC"
190257;2019-02-09;"7";"09:00:00";"MS";262;472,2;"ANASTACIO";"Falta de Atenção à Condução";"Saída de leito carroçável";"Com Vítimas Feridas";"Pleno dia";"Crescente";"Céu Claro";"Simples";"Desvio Temporário";"Não";2;0;0;2;0;0;2;1;"-20.51096239";"-55.65090179";"SR-MS";"DEL3/3";"UOP01/MS"
190258;2019-02-09;"7";"08:30:00";"CE";20;417;"MARACANAU";"Desobediência às normas de trânsito pelo condutor";"Colisão transversal";"Sem Vítimas";"Pleno dia";"Decrescente";"Céu Claro";"Dupla";"Interseção de vias";"Sim";2;0;0;0;1;1;0;2;"-3.76999";"-38.670063";"SR-CE";"DEL16/1";"UOP02/CE"
190259;2019-02-09;"7";"09:05:00";"RN";101;109,3;"PARNAMIRIM";"Não guardar distância de segurança";"Colisão traseira";"Com Vítimas Feridas";"Pleno dia";"Crescente";"Sol";"Dupla";"Reta";"Sim";2;0;1;0;1;0;1;2;"-5.937378";"-35.264832";"SR-RN";"DEL15/1";"UOP01/RN"
190260;2019-02-09;"7";"08:45:00";"RN";101;106,7;"PARNAMIRIM";"Falta de Atenção do Pedestre";"Atropelamento de Pedestre";"Com Vítimas Feridas";"Pleno dia";"Crescente";"Céu Claro";"Dupla";"Reta";"Não";2;0;1;0;1;0;1;1;"-5.910553";"-35.261307";"SR-RN";"DEL15/1";"UOP01/RN"
190261;2019-02-09;"7";"09:20:00";"PE";101;67,6;"RECIFE";"Não guardar distância de segurança";"Colisão traseira";"Com Vítimas Feridas";"Pleno dia";"Crescente";"Sol";"Dupla";"Reta";"Não";2;0;1;0;1;0;1;2;"-8.0507";"-34.9457";"SR-PE";"DEL11/1";"UOP01/PE"
190264;2019-02-09;"7";"09:35:00";"AL";101;133,7;"SAO MIGUEL DOS CAMPOS";"Falta de Atenção à Condução";"Colisão transversal";"Com Vítimas Feridas";"Pleno dia";"Decrescente";"Céu Claro";"Simples";"Rotatória";"Sim";4;0;0;1;3;0;1;2;"-9.772675";"-36.101166";"SR-AL";"DEL13/2";"UOP01/AL"