"id";"data_inversa";"dia_semana";"horario";"uf";"br";"km";"municipio";"causa_acidente";"tipo_acidente";"classificacao_acidente";"fase_dia";"sentido_via";"condicao_metereologica";"tipo_pista";"tracado_via";"uso_solo";"pessoas";"mortos";"feridos_leves";"feridos_graves";"ilesos";"ignorados";"feridos";"veiculos";"latitude";"longitude";"regional";"delegacia";"uop"
190265;2019-02-09;"7";"08:20:00";"PR";163;251;"TOLEDO";"Desobediência às normas de trânsito pelo condutor";"Colisão transversal";"Com Vítimas Feridas";"Pleno dia";"Crescente";"Céu Claro";"Simples";"Reta";"Não";3;0;2;0;1;0;2;2;"-24.6897";"-53.7579";"SR-PR";"DEL7/4";"UOP01/PR"
190266;2019-02-09;"7";"10:15:00";"PR";277;729,2;"FOZ DO IGUACU";"Desobediência às normas de trânsito pelo condutor";"Colisão transversal";"Sem Vítimas";"Pleno dia";"Crescente";"Céu Claro";"Dupla";"Reta";"Sim";2;0;0;0;2;0;0;2;"-25.507555";"-54.583755";"SR-PR";"DEL7/5";"UOP03/PR"
190267;2019-02-09;"7";"08:35:00";"SC";101;247,1;"PAULO LOPES";"Falta de Atenção à Condução";"Capotamento";"Com Vítimas Feridas";"Pleno dia";"Decrescente";"Céu Claro";"Dupla";"Reta";"Não";1;0;1;0;0;0;1;1;"-27.9301";"-48.6602";"SR-SC";"DEL8/2";"UOP03/SC"
190268;2019-02-09;"7";"10:15:00";"ES";259;70;"COLATINA";"Falta de Atenção à Condução";"Colisão lateral";"Sem Vítimas";"Pleno dia";"Crescente";"Céu Claro";"Simples";"Reta";"Sim";2;0;0;0;0;2;0;2;"-19.496025";"-40.755291";"SR-ES";"DEL12/2";"UOP01/ES"
190269;2019-02-09;"7";"10:00:00";"PR";476;133;"CURITIBA";"Falta de Atenção à Condução";"Colisão transversal";"Com Vítimas Feridas";"Pleno dia";"Crescente";"Céu Claro";"Múltipla";"Curva";"Sim";2;0;0;1;1;0;1;2;"-25.469219";"-49.254143";"SR-PR";"DEL7/1";"UOP06/PR"
190270;2019-02-09;"7";"09:00:00";"MS";262;187,3;"RIBAS DO RIO PARDO";"Defeito na Via";"Saída de leito carroçável";"Com Vítimas Feridas";"Pleno dia";"Decrescente";"Céu Claro";"Simples";"Reta";"Não";7;0;2;0;5;0;2;1;"-20.439701";"-53.269444";"SR-MS";"DEL3/7";"UOP02/MS"
190271;2019-02-09;"7";"11:45:00";"GO";153;508;"APARECIDA DE GOIANIA";"Falta de Atenção à Condução";"Colisão lateral";"Com Vítimas Feridas";"Pleno dia";"Decrescente";"Céu Claro";"Dupla";"Não Informado";"Sim";4;0;1;0;3;0;1;2;"-16.7804";"-49.2371";"SR-GO";"DEL1/1";"UOP03/GO"
190272;2019-02-09;"7";"06:00:00";"BA";101;857;"TEIXEIRA DE FREITAS";"Ultrapassagem Indevida";"Colisão frontal";"Com Vítimas Fatais";"Pleno dia";"Decrescente";"Céu Claro";"Simples";"Desvio Temporário";"Não";4;1;1;1;1;0;2;3;"-17.3743";"-39.6567";"SR-BA";"DEL10/9";"UOP03/BA"
190273;2019-02-09;"7";"10:45:00";"RS";153;48,9;"ERECHIM";"Ingestão de Álcool";"Colisão lateral";"Sem Vítimas";"Pleno dia";"Crescente";"Céu Claro";"Simples";"Reta";"Sim";2;0;0;0;2;0;0;2;"-27.651188";"-52.257259";"SR-RS";"DEL08";"UOP04/RS"
190274;2019-02-09;"7";"08:20:00";"SC";116;63,3;"PAPANDUVA";"Desobediência às normas de trânsito pelo condutor";"Colisão lateral";"Com Vítimas Feridas";"Pleno dia";"Crescente";"Céu Claro";"Simples";"Reta";"Não";4;0;3;0;1;0;3;2;"-26.382969";"-50.216751";"SR-SC";"DEL8/6";"UOP02/SC"
190275;2019-02-09;"7";"12:30:00";"PR";476;124;"CURITIBA";"Falta de Atenção à Condução";"Colisão traseira";"Com Vítimas Feridas";"Pleno dia";"Crescente";"Céu Claro";"Múltipla";"Reta";"Não";4;0;0;1;2;1;1;3;"-25.40697254";"-49.21867674";"SR-PR";"DEL7/1";"UOP06/PR"
190276;2019-02-09;"7";"12:00:00";"MG";40;509;"RIBEIRAO DAS NEVES";"Falta de Atenção à Condução";"Colisão traseira";"Com Vítimas Feridas";"Pleno dia";"Decrescente";"Céu Claro";"Dupla";"Reta";"Sim";2;0;0;1;1;0;1;2;"-19.7774";"-44.1209";"SR-MG";"DEL4/1";"UOP03/MG"
190277;2019-02-09;"7";"11:00:00";"BA";367;82;"EUNAPOLIS";"Falta de Atenção à Condução";"Colisão transversal";"Com Vítimas Feridas";"Pleno dia";"Crescente";"Nublado";"Simples";"Reta";"Sim";2;0;1;0;1;0;1;2;"-16.372061";"-39.561646";"SR-BA";"DEL10/9";"UOP01/BA"
190278;2019-02-09;"7";"12:40:00";"DF";20;20;"BRASILIA";"Falta de Atenção do Pedestre";"Atropelamento de Pedestre";"Com Vítimas Fatais";"Pleno dia";"Crescente";"Chuva";"Dupla";"Reta";"Sim";3;1;0;0;2;0;0;1;"-15.607905";"-47.692791";"SR-DF";"DF";"UOP04/DF"
190279;2019-02-09;"7";"12:50:00";"MG";381;557,3;"ITAGUARA";"Velocidade Incompatível";"Saída de leito carroçável";"Com Vítimas Feridas";"Pleno dia";"Decrescente";"Nublado";"Dupla";"Reta";"Não";7;0;3;3;1;0;6;2;"-20.3544";"-44.4529";"SR-MG";"DEL4/4";"UOP03/MG"
190280;2019-02-09;"7";"08:00:00";"RS";116;328,5;"BARRA DO RIBEIRO";"Desobediência às normas de trânsito pelo condutor";"Colisão com objeto estático";"Sem Vítimas";"Pleno dia";"Crescente";"Céu Claro";"Simples";"Não Informado";"Não";1;0;0;0;0;1;0;1;"-30.34457";"-51.42852";"SR-RS";"DEL9/2";"UOP01/RS"
190281;2019-02-09;"7";"12:00:00";"MG";365;145,5;"PIRAPORA";"Velocidade Incompatível";"Saída de leito carroçável";"Com Vítimas Feridas";"Pleno dia";"Crescente";"Chuva";"Simples";"Reta";"Não";2;0;2;0;0;0;2;1;"-17.255342";"-44.842514";"SR-MG";"DEL4/12";"UOP01/MG"
190282;2019-02-09;"7";"12:00:00";"PR";116;113,9;"CURITIBA";"Defeito Mecânico no Veículo";"Incêndio";"Sem Vítimas";"Pleno dia";"Decrescente";"Céu Claro";"Dupla";"Reta";"Sim";1;0;0;0;1;0;0;1;"-25.569897";"-49.187782";"SR-PR";"DEL7/1";"UOP01/PR"
190283;2019-02-09;"7";"02:30:00";"MG";365;292,6;"JOAO PINHEIRO";"Condutor Dormindo";"Saída de leito carroçável";"Com Vítimas Feridas";"Plena Noite";"Decrescente";"Chuva";"Simples";"Reta";"Não";2;0;2;0;0;0;2;1;"-18.10671";"-45.697205";"SR-MG";"DEL4/10";"UOP01/MG"
190285;2019-02-09;"7";"13:50:00";"MG";459;47,1;"SANTA RITA DE CALDAS";"Velocidade Incompatível";"Colisão transversal";"Com Vítimas Fatais";"Pleno dia";"Decrescente";"Sol";"Simples";"Curva";"Não";2;1;0;0;1;0;0;2;"-22.04850864";"-46.28857797";"SR-MG";"DEL13";"UOP01/MG"
190286;2019-02-09;"7";"14:00:00";"RJ";493;6;"ITABORAI";"Falta de Atenção à Condução";"Colisão traseira";"Com Vítimas Feridas";"Pleno dia";"Decrescente";"Sol";"Simples";"Reta";"Sim";3;0;1;1;1;0;2;2;"-22.731174";"-42.951427";"SR-RJ";"DEL5/4";"UOP02/RJ"
190287;2019-02-09;"7";"14:30:00";"ES";393;0,4;"CACHOEIRO DE ITAPEMIRIM";"Velocidade Incompatível";"Colisão traseira";"Com Vítimas Feridas";"Pleno dia";"Decrescente";"Nublado";"Simples";"Reta";"Sim";2;0;2;0;0;0;2;2;"-20.841324";"-41.15929";"SR-ES";"DEL12/3";"UOP02/ES"
190288;2019-02-09;"7";"14:25:00";"SP";116;480,3;"JACUPIRANGA";"Falta de Atenção à Condução";"Tombamento";"Com Vítimas Feridas";"Pleno dia";"Decrescente";"Céu Claro";"Dupla";"Reta";"Não";2;0;2;0;0;0;2;1;"-24.72276885";"-48.06043626";"SR-SP";"DEL6/5";"UOP02/SP"
190289;2019-02-09;"7";"15:00:00";"ES";262;165,1;"IBATIBA";"Ingestão de Álcool";"Colisão frontal";"Com Vítimas Fatais";"Pleno dia";"Crescente";"Céu Claro";"Simples";"Não Informado";"Não";2;1;0;0;1;0;0;2;"-20.2477";"-41.5574";"SR-ES";"DEL12/1";"UOP02/ES"
190290;2019-02-09;"7";"13:00:00";"BA";242;588;"MUQUEM DE SAO FRANCISCO";"Velocidade Incompatível";"Colisão com objeto em movimento";"Com Vítimas Fatais";"Pleno dia";"Decrescente";"Céu Claro";"Simples";"Reta";"Não";4;1;0;3;0;0;3;1;"-12.178917";"-43.242953";"SR-BA";"DEL 10/10";"UOP02/BA"
190291;2019-02-09;"7";"13:50:00";"PR";163;43,9;"PRANCHITA";"Ultrapassagem Indevida";"Colisão lateral";"Com Vítimas Feridas";"Pleno dia";"Decrescente";"Sol";"Simples";"Curva";"Não";2;0;1;0;1;0;1;2;"-25.997476";"-53.7222";"SR-PR";"DEL7/2";"UOP04/PR"
190292;2019-02-09;"7";"15:05:00";"SC";470;36,2;"GASPAR";"Falta de Atenção à Condução";"Colisão traseira";"Com Vítimas Feridas";"Pleno dia";"Decrescente";"Sol";"Simples";"Reta";"Não";4;0;1;1;2;0;2;2;"-26.91390019";"-48.96924019";"SR-SC";"DEL8/4";"UOP01/SC"
190293;2019-02-09;"7";"12:45:00";"BA";101;896;"CARAVELAS";"Defeito Mecânico no Veículo";"Incêndio";"Sem Vítimas";"Pleno dia";"Crescente";"Céu Claro";"Simples";"Reta";"Não";1;0;0;0;1;0;0;1;"-17.6933";"-39.7743";"SR-BA";"DEL10/9";"UOP03/BA"
190294;2019-02-09;"7";"15:01:00";"SP";153;76,1;"SAO JOSE DO RIO PRETO";"Mal Súbito";"Saída de leito carroçável";"Com Vítimas Feridas";"Pleno dia";"Crescente";"Sol";"Simples";"Curva";"Não";1;0;1;0;0;0;1;1;"-20.89941";"-49.443188";"SR-SP";"DEL6/9";"UOP01/SP"
190296;2019-02-09;"7";"14:30:00";"RS";290;156,4;"ARROIO DOS RATOS";"Falta de Atenção à Condução";"Colisão traseira";"Com Vítimas Feridas";"Pleno dia";"Decrescente";"Céu Claro";"Simples";"Não Informado";"Não";2;0;0;1;1;0;1;2;"-30.106392";"-51.767815";"SR-RS";"DEL9/2";"UOP01/RS"
190297;2019-02-09;"7";"13:05:00";"RO";364;713;"PORTO VELHO";"Falta de Atenção à Condução";"Colisão traseira";"Com Vítimas Feridas";"Pleno dia";"Decrescente";"Céu Claro";"Simples";"Reta";"Sim";2;0;1;0;1;0;1;2;"-8.7732078";"-63.88036966";"SR-RO";"DEL21/1";"UOP01/RO"
190298;2019-02-09;"7";"14:40:00";"CE";20;371;"MARANGUAPE";"Desobediência às normas de trânsito pelo condutor";"Colisão transversal";"Sem Vítimas";"Pleno dia";"Decrescente";"Céu Claro";"Simples";"Reta";"Não";2;0;0;0;1;1;0;2;"-3.97660095";"-38.90499115";"SR-CE";"DEL16/2";"UOP01/CE"
190299;2019-02-09;"7";"12:20:00";"SC";470;282,5;"BRUNOPOLIS";"Velocidade Incompatível";"Saída de leito carroçável";"Com Vítimas Feridas";"Pleno dia";"Decrescente";"Céu Claro";"Simples";"Curva";"Não";4;0;4;0;0;0;4;1;"-27.334911";"-50.882519";"SR-SC";"DEL7";"UOP08/SC"
190300;2019-02-09;"7";"13:40:00";"MG";116;754,9;"LEOPOLDINA";"Falta de Atenção à Condução";"Colisão com objeto estático";"Com Vítimas Feridas";"Pleno dia";"Crescente";"Sol";"Simples";"Reta";"Não";2;0;2;0;0;0;2;1;"-21.4860625";"-42.5775522";"SR-MG";"DEL4/7";"UOP01/MG"
190301;2019-02-09;"7";"14:40:00";"MT";70;141;"GENERAL CARNEIRO";"Falta de Atenção à Condução";"Saída de leito carroçável";"Com Vítimas Feridas";"Pleno dia";"Crescente";"Céu Claro";"Simples";"Reta";"Não";5;0;2;0;3;0;2;1;"-15.588739";"-53.292397";"SR-MT";"DEL2/8";"UOP01/MT"
190302;2019-02-09;"7";"15:00:00";"AL";101;59;"MESSIAS";"Falta de Atenção do Pedestre";"Atropelamento de Pedestre";"Com Vítimas Fatais";"Pleno dia";"Decrescente";"Céu Claro";"Dupla";"Curva";"Não";2;1;0;0;0;1;0;1;"-9.286037";"-35.803226";"SR-AL";"DEL13/1";"UOP01/AL"
190303;2019-02-09;"7";"13:20:00";"MG";364;26,4;"FRUTAL";"Defeito Mecânico no Veículo";"Incêndio";"Sem Vítimas";"Pleno dia";"Decrescente";"Céu Claro";"Simples";"Reta";"Não";7;0;0;0;7;0;0;1;"-20.02901507";"-48.88544261";"SR-MG";"DEL13";"UOP02/MG"
190305;2019-02-09;"7";"15:35:00";"PR";116;209;"RIO NEGRO";"Desobediência às normas de trânsito pelo condutor";"Colisão traseira";"Sem Vítimas";"Pleno dia";"Crescente";"Céu Claro";"Simples";"Interseção de vias";"Sim";2;0;0;0;2;0;0;2;"-26.101749";"-49.780796";"SR-SC";"DEL8/6";"UOP01/SC"
190306;2019-02-09;"7";"15:50:00";"MG";50;128,8;"UBERABA";"Falta de Atenção à Condução";"Saída de leito carroçável";"Com Vítimas Feridas";"Pleno dia";"Decrescente";"Céu Claro";"Dupla";"Reta";"Não";2;0;2;0;0;0;2;1;"-19.3815";"-48.077";"SR-MG";"DEL13";"UOP01/MG"
190307;2019-02-09;"7";"16:10:00";"SP";153;70;"SAO JOSE DO RIO PRETO";"Falta de Atenção à Condução";"Colisão com objeto estático";"Com Vítimas Feridas";"Pleno dia";"Decrescente";"Céu Claro";"Dupla";"Não Informado";"Sim";1;0;0;1;0;0;1;1;"-20.851978";"-49.400703";"SR-SP";"DEL6/9";"UOP01/SP"
190308;2019-02-09;"7";"16:15:00";"PR";376;1;"SAO JOSE DOS PINHAIS";"Ingestão de Álcool";"Colisão traseira";"Com Vítimas Feridas";"Pleno dia";"Crescente";"Sol";"Dupla";"Reta";"Sim";3;0;1;0;2;0;1;3;"-25.5307";"-49.1958";"SR-PR";"DEL7/1";"UOP08/PR"
190309;2019-02-09;"7";"13:00:00";"RJ";465;18;"SEROPEDICA";"Desobediência às normas de trânsito pelo condutor";"Colisão traseira";"Com Vítimas Feridas";"Pleno dia";"Decrescente";"Céu Claro";"Simples";"Reta";"Não";3;0;1;0;2;0;1;3;"-22.831354";"-43.615128";"SR-RJ";"DEL5/1";"UOP03/RJ"
190310;2019-02-09;"7";"14:25:00";"BA";418;90;"NOVA VICOSA";"Falta de Atenção à Condução";"Colisão transversal";"Com Vítimas Feridas";"Pleno dia";"Crescente";"Sol";"Simples";"Interseção de vias";"Sim";2;0;2;0;0;0;2;2;"-17.88192278";"-39.8624754";"SR-BA";"DEL10/9";"UOP03/BA"
190311;2019-02-09;"7";"17:00:00";"DF";20;9;"BRASILIA";"Pista Escorregadia";"Saída de leito carroçável";"Sem Vítimas";"Pleno dia";"Decrescente";"Garoa/Chuvisco";"Dupla";"Reta";"Sim";1;0;0;0;1;0;0;1;"-15.654671";"-47.782917";"SR-DF";"DF";"UOP04/DF"
190313;2019-02-09;"7";"16:45:00";"PR";116;124;"FAZENDA RIO GRANDE";"Falta de Atenção à Condução";"Colisão traseira";"Com Vítimas Feridas";"Pleno dia";"Crescente";"Sol";"Dupla";"Reta";"Sim";2;0;0;1;1;0;1;2;"-25.621508";"-49.316216";"SR-PR";"DEL7/1";"UOP03/PR"
190314;2019-02-09;"7";"13:40:00";"MG";354;766,2;"ITAMONTE";"Velocidade Incompatível";"Colisão lateral";"Sem Vítimas";"Pleno dia";"Crescente";"Céu Claro";"Simples";"Curva";"Não";2;0;0;0;2;0;0;2;"-22.34578906";"-44.8073101";"SR-MG";"DEL09";"UOP02/MG"
190315;2019-02-09;"7";"17:35:00";"DF";80;2,2;"BRASILIA";"Falta de Atenção à Condução";"Colisão frontal";"Com Vítimas Fatais";"Pleno dia";"Crescente";"Chuva";"Simples";"Reta";"Não";3;1;0;2;0;0;2;2;"-15.732491";"-48.093361";"SR-DF";"DF";"UOP06/DF"
190316;2019-02-09;"7";"17:00:00";"PR";376;1,7;"MANDAGUARI";"Ingestão de Álcool";"Saída de leito carroçável";"Com Vítimas Feridas";"Pleno dia";"Decrescente";"Céu Claro";"Simples";"Curva";"Não";1;0;1;0;0;0;1;1;"-23.51245646";"-51.70542955";"SR-PR";"DEL7/7";"UOP04/PR"
190317;2019-02-09;"7";"16:25:00";"BA";116;665,1;"JEQUIE";"Falta de Atenção do Pedestre";"Atropelamento de Pedestre";"Com Vítimas Fatais";"Pleno dia";"Decrescente";"Céu Claro";"Simples";"Reta";"Não";2;1;0;0;1;0;0;1;"-13.794013";"-40.110251";"SR-BA";"DEL10/3";"UOP01/BA"
190318;2019-02-09;"7";"15:10:00";"SC";282;237,3;"LAGES";"Falta de Atenção à Condução";"Saída de leito carroçável";"Com Vítimas Feridas";"Pleno dia";"Decrescente";"Céu Claro";"Simples";"Curva";"Não";2;0;2;0;0;0;2;1;"-27.785622";"-50.491371";"SR-SC";"DEL8/5";"UOP02/SC"
190319;2019-02-09;"7";"17:00:00";"MG";381;481,5;"CONTAGEM";"Defeito Mecânico no Veículo";"Tombamento";"Com Vítimas Feridas";"Pleno dia";"Crescente";"Céu Claro";"Dupla";"Reta";"Sim";1;0;1;0;0;0;1;1;"-19.959";"-44.0704";"SR-MG";"DEL4/1";"UOP03/MG"
190320;2019-02-09;"7";"18:00:00";"PR";369;162,9;"CAMBE";"Não guardar distância de segurança";"Colisão traseira";"Com Vítimas Feridas";"Pleno dia";"Crescente";"Céu Claro";"Dupla";"Interseção de vias";"Sim";5;0;1;0;4;0;1;2;"-23.29683398";"-51.27646834";"SR-PR";"DEL7/7";"UOP01/PR"
190322;2019-02-09;"7";"16:50:00";"PA";316;52,7;"CASTANHAL";"Falta de Atenção à Condução";"Colisão lateral";"Com Vítimas Feridas";"Pleno dia";"Decrescente";"Céu Claro";"Dupla";"Reta";"Não";2;0;1;0;0;1;1;2;"-1.306961";"-48.034779";"SR-PA";"DEL19/1";"UOP02/PA"
190323;2019-02-09;"7";"18:10:00";"DF";20;9;"BRASILIA";"Pista Escorregadia";"Colisão traseira";"Sem Vítimas";"Pleno dia";"Crescente";"Garoa/Chuvisco";"Dupla";"Reta";"Sim";5;0;0;0;5;0;0;2;"-15.654671";"-47.782917";"SR-DF";"DF";"UOP04/DF"
190325;2019-02-09;"7";"15:30:00";"PE";101;29,9;"IGARASSU";"Falta de Atenção à Condução";"Saída de leito carroçável";"Com Vítimas Feridas";"Pleno dia";"Crescente";"Nublado";"Dupla";"Desvio Temporário";"Não";1;0;1;0;0;0;1;1;"-7.7392";"-34.9432";"SR-PE";"DEL11/1";"UOP02/PE"
190326;2019-02-09;"7";"17:22:00";"PR";116;210;"RIO NEGRO";"Ingestão de Álcool";"Queda de ocupante de veículo";"Com Vítimas Feridas";"Pleno dia";"Decrescente";"Céu Claro";"Simples";"Reta";"Sim";1;0;1;0;0;0;1;1;"-26.101749";"-49.780796";"SR-SC";"DEL8/6";"UOP01/SC"
190327;2019-02-09;"7";"14:00:00";"AM";174;1082;"PRESIDENTE FIGUEIREDO";"Velocidade Incompatível";"Saída de leito carroçável";"Sem Vítimas";"Pleno dia";"Crescente";"Céu Claro";"Simples";"Não Informado";"Não";1;0;0;0;0;1;0;1;"-1.35393892";"-60.36197662";"SR-AM";"UOP02/AM";""
190328;2019-02-09;"7";"16:45:00";"SP";381;76;"SAO PAULO";"Velocidade Incompatível";"Tombamento";"Com Vítimas Feridas";"Pleno dia";"Crescente";"Céu Claro";"Dupla";"Curva";"Não";1;0;1;0;0;0;1;1;"-23.40432552";"-46.57628596";"SR-SP";"DEL6/3";"UOP02/SP"
190330;2019-02-09;"7";"15:45:00";"RR";174;501;"BOA VISTA";"Falta de Atenção à Condução";"Saída de leito carroçável";"Com Vítimas Feridas";"Pleno dia";"Decrescente";"Céu Claro";"Dupla";"Reta";"Sim";2;0;2;0;0;0;2;1;"2.781689";"-60.703827";"SR-RR";"UOP01/RR";""
190331;2019-02-09;"7";"18:40:00";"SC";101;133,5;"BALNEARIO CAMBORIU";"Desobediência às normas de trânsito pelo condutor";"Colisão transversal";"Com Vítimas Feridas";"Pleno dia";"Crescente";"Nublado";"Simples";"Interseção de vias";"Sim";2;0;1;0;1;0;1;2;"-27.0021";"-48.6362";"SR-SC";"DEL8/4";"UOP03/SC"
190332;2019-02-09;"7";"17:30:00";"RN";226;2,6;"NATAL";"Falta de Atenção à Condução";"Colisão lateral";"Com Vítimas Feridas";"Plena Noite";"Crescente";"Céu Claro";"Simples";"Reta";"Sim";3;0;1;0;2;0;1;3;"-5.81365";"-35.246655";"SR-RN";"DEL15/1";"UOP02/RN"
190333;2019-02-09;"7";"13:00:00";"AC";317;82;"SENADOR GUIOMARD";"Falta de Atenção à Condução";"Colisão lateral";"Com Vítimas Feridas";"Pleno dia";"Decrescente";"Céu Claro";"Simples";"Reta";"Não";2;0;1;0;1;0;1;2;"-10.104242";"-67.666687";"SR-AC";"UOP01/AC";""
190334;2019-02-09;"7";"18:25:00";"PR";272;367,2;"CAMPO MOURAO";"Defeito Mecânico no Veículo";"Saída de leito carroçável";"Sem Vítimas";"Pleno dia";"Decrescente";"Céu Claro";"Múltipla";"Reta";"Sim";1;0;0;0;1;0;0;1;"-24.050636";"-52.401699";"SR-PR";"DEL7/4";"UOP05/PR"
190335;2019-02-09;"7";"18:30:00";"PE";316;87;"OURICURI";"Falta de Atenção à Condução";"Colisão frontal";"Com Vítimas Feridas";"Plena Noite";"Crescente";"Céu Claro";"Simples";"Reta";"Não";2;0;1;0;1;0;1;2;"-7.89303";"-40.054699";"SR-PE";"DEL11/5";"UOP02/PE"
190336;2019-02-09;"7";"13:00:00";"PE";232;145;"SAO CAITANO";"Defeito Mecânico no Veículo";"Danos eventuais";"Sem Vítimas";"Pleno dia";"Crescente";"Céu Claro";"Dupla";"Reta";"Não";2;0;0;0;2;0;0;1;"-8.329969";"-36.145531";"SR-PE";"DEL11/2";"UOP02/PE"
190337;2019-02-09;"7";"18:52:00";"MG";262;819,4;"UBERABA";"Defeito Mecânico no Veículo";"Colisão com objeto estático";"Com Vítimas Feridas";"Pleno dia";"Decrescente";"Céu Claro";"Dupla";"Reta";"Não";4;0;3;0;1;0;3;1;"-19.762642";"-48.135693";"SR-MG";"DEL13";"UOP01/MG"
190338;2019-02-09;"7";"19:20:00";"MG";381;528;"BRUMADINHO";"Velocidade Incompatível";"Tombamento";"Com Vítimas Feridas";"Plena Noite";"Crescente";"Céu Claro";"Dupla";"Curva";"Não";1;0;1;0;0;0;1;1;"-20.1634";"-44.3399";"SR-MG";"DEL4/4";"UOP03/MG"
190339;2019-02-09;"7";"16:30:00";"MG";365;353,2;"PATROCINIO";"Fenômenos da Natureza";"Capotamento";"Com Vítimas Feridas";"Pleno dia";"Decrescente";"Chuva";"Simples";"Reta";"Não";2;0;2;0;0;0;2;1;"-18.837223";"-46.841389";"SR-MG";"DEL4/10";"UOP01/MG"
190340;2019-02-09;"7";"19:00:00";"PR";116;165;"QUITANDINHA";"Ingestão de Álcool";"Colisão frontal";"Com Vítimas Feridas";"Plena Noite";"Crescente";"Céu Claro";"Simples";"Reta";"Não";2;0;1;0;1;0;1;2;"-25.874659";"-49.48101";"SR-PR";"DEL7/1";"UOP03/PR"
190342;2019-02-09;"7";"16:45:00";"PR";376;329,7;"ORTIGUEIRA";"Desobediência às normas de trânsito pelo condutor";"Colisão frontal";"Com Vítimas Feridas";"Pleno dia";"Crescente";"Sol";"Simples";"Reta";"Não";5;0;2;2;1;0;4;2;"-24.08655008";"-51.05591297";"SR-PR";"DEL7/7";"UOP02/PR"
190343;2019-02-09;"7";"18:50:00";"MS";163;204,7;"CAARAPO";"Defeito Mecânico no Veículo";"Saída de leito carroçável";"Com Vítimas Feridas";"Anoitecer";"Decrescente";"Céu Claro";"Simples";"Reta";"Não";1;0;1;0;0;0;1;1;"-22.66407342";"-54.79849534";"SR-MS";"DEL3/4";"UOP02/MS"
190344;2019-02-09;"7";"18:50:00";"MG";381;459;"BELO HORIZONTE";"Falta de Atenção à Condução";"Colisão traseira";"Com Vítimas Feridas";"Anoitecer";"Decrescente";"Céu Claro";"Dupla";"Retorno Regulamentado";"Sim";2;0;1;1;0;0;2;2;"-19.84546378";"-43.88666332";"SR-MG";"DEL4/1";"UOP01/MG"
190345;2019-02-09;"7";"18:40:00";"CE";222;2,8;"FORTALEZA";"Ingestão de Álcool";"Atropelamento de Pedestre";"Com Vítimas Feridas";"Plena Noite";"Crescente";"Céu Claro";"Múltipla";"Reta";"Sim";2;0;1;0;1;0;1;1;"-3.739117";"-38.586914";"SR-CE";"DEL16/1";"UOP01/CE"
190347;2019-02-09;"7";"19:30:00";"RS";290;27;"SANTO ANTONIO DA PATRULHA";"Defeito Mecânico no Veículo";"Colisão traseira";"Sem Vítimas";"Pleno dia";"Crescente";"Céu Claro";"Dupla";"Reta";"Não";2;0;0;0;2;0;0;2;"-29.881359";"-50.524544";"SR-RS";"DEL9/3";"UOP02/RS"
190348;2019-02-09;"7";"18:50:00";"MG";381;2;"BETIM";"Ingestão de Álcool";"Saída de leito carroçável";"Com Vítimas Feridas";"Pleno dia";"Decrescente";"Céu Claro";"Dupla";"Curva";"Não";1;0;1;0;0;0;1;1;"-19.96825";"-44.198708";"SR-MG";"DEL4/1";"UOP03/MG"
190349;2019-02-09;"7";"20:00:00";"SC";101;208;"SAO JOSE";"Ingestão de Álcool";"Colisão com objeto estático";"Com Vítimas Feridas";"Anoitecer";"Crescente";"Céu Claro";"Múltipla";"Reta";"Sim";3;0;1;0;1;1;1;2;"-27.6101";"-48.6388";"SR-SC";"DEL8/1";"UOP01/SC"
190350;2019-02-09;"7";"15:30:00";"MT";70;217,6;"GENERAL CARNEIRO";"Falta de Atenção à Condução";"Saída de leito carroçável";"Com Vítimas Feridas";"Pleno dia";"Crescente";"Céu Claro";"Simples";"Curva";"Não";1;0;1;0;0;0;1;1;"-15.68221256";"-53.85017395";"SR-MT";"DEL2/5";"UOP01/MT"
190351;2019-02-09;"7";"16:05:00";"RO";364;331;"PRESIDENTE MEDICI";"Defeito na Via";"Queda de ocupante de veículo";"Com Vítimas Feridas";"Pleno dia";"Crescente";"Céu Claro";"Simples";"Reta";"Não";1;0;1;0;0;0;1;1;"-10.97573";"-61.917217";"SR-RO";"DEL21/2";"UOP01/RO"
190352;2019-02-09;"7";"18:15:00";"PE";428;185,8;"PETROLINA";"Ingestão de Álcool";"Colisão traseira";"Sem Vítimas";"Plena Noite";"Decrescente";"Céu Claro";"Simples";"Reta";"Sim";2;0;0;0;2;0;0;2;"-9.35928289";"-40.48015594";"SR-PE";"DEL11/6";"UOP01/PE"
190353;2019-02-09;"7";"17:40:00";"BA";324;513,5;"FEIRA DE SANTANA";"Desobediência às normas de trânsito pelo condutor";"Colisão transversal";"Com Vítimas Feridas";"Anoitecer";"Crescente";"Céu Claro";"Simples";"Reta";"Sim";3;0;1;0;1;1;1;2;"-12.23187655";"-38.9549348";"SR-BA";"DEL10/2";"UOP01/BA"
190354;2019-02-09;"7";"17:00:00";"SP";116;162;"JACAREI";"Ingestão de Álcool";"Queda de ocupante de veículo";"Com Vítimas Feridas";"Pleno dia";"Crescente";"Céu Claro";"Dupla";"Interseção de vias";"Sim";1;0;1;0;0;0;1;1;"-23.28108844";"-45.98327637";"SR-SP";"DEL6/2";"UOP01/SP"
190355;2019-02-09;"7";"18:10:00";"MG";40;796,9;"JUIZ DE FORA";"Pista Escorregadia";"Colisão com objeto estático";"Sem Vítimas";"Pleno dia";"Crescente";"Nublado";"Dupla";"Não Informado";"Não";1;0;0;0;1;0;0;1;"-21.8108";"-43.3926";"SR-MG";"DEL5";"UOP01/MG"
190356;2019-02-09;"7";"19:51:00";"SP";116;144,8;"SAO JOSE DOS CAMPOS";"Falta de Atenção à Condução";"Colisão lateral";"Com Vítimas Feridas";"Anoitecer";"Decrescente";"Céu Claro";"Múltipla";"Não Informado";"Não";3;0;2;0;1;0;2;2;"-23.182779";"-45.846405";"SR-SP";"DEL6/2";"UOP01/SP"