"id";"data_inversa";"dia_semana";"horario";"uf";"br";"km";"municipio";"causa_acidente";"tipo_acidente";"classificacao_acidente";"fase_dia";"sentido_via";"condicao_metereologica";"tipo_pista";"tracado_via";"uso_solo";"pessoas";"mortos";"feridos_leves";"feridos_graves";"ilesos";"ignorados";"feridos";"veiculos";"latitude";"longitude";"regional";"delegacia";"uop"
190542;2019-01-17;"5";"06:00:00";"SC";280;26;"ARAQUARI";"Desobediência às normas de trânsito pelo condutor";"Atropelamento de Pedestre";"Com Vítimas Feridas";"Amanhecer";"Crescente";"Céu Claro";"Simples";"Reta";"Não";2;0;0;1;1;0;1;1;"-26.389757";"-48.734154";"SR-SC";"DEL8/3";"UOP03/SC"
190543;2019-02-10;"1";"18:00:00";"SP";116;288;"ITAPECERICA DA SERRA";"Falta de Atenção à Condução";"Colisão frontal";"Com Vítimas Feridas";"Pleno dia";"Decrescente";"Céu Claro";"Múltipla";"Ponte";"Sim";2;0;1;0;1;0;1;2;"-23.70701";"-46.87517";"SR-SP";"DEL6/4";"UOP01/SP"
190544;2019-02-10;"1";"17:20:00";"RJ";116;273;"BARRA MANSA";"Pista Escorregadia";"Colisão com objeto estático";"Com Vítimas Feridas";"Pleno dia";"Decrescente";"Céu Claro";"Dupla";"Curva";"Sim";2;0;1;0;1;0;1;2;"-22.560883";"-44.122238";"SR-RJ";"DEL5/7";"UOP02/RJ"
190545;2019-02-10;"1";"18:00:00";"RJ";116;178;"NOVA IGUACU";"Desobediência às normas de trânsito pelo condutor";"Colisão lateral";"Com Vítimas Feridas";"Pleno dia";"Decrescente";"Céu Claro";"Dupla";"Reta";"Sim";3;0;2;0;1;0;2;2;"-22.774963";"-43.400814";"SR-RJ";"DEL5/1";"UOP02/RJ"
190546;2019-02-10;"1";"17:20:00";"MG";40;616,3;"CONGONHAS";"Desobediência às normas de trânsito pelo condutor";"Queda de ocupante de veículo";"Com Vítimas Feridas";"Pleno dia";"Decrescente";"Sol";"Simples";"Reta";"Não";2;0;0;1;0;1;1;1;"-20.5537";"-43.8143";"SR-MG";"DEL5";"UOP02/MG"
190547;2019-02-10;"1";"18:40:00";"DF";70;13,7;"BRASILIA";"Não guardar distância de segurança";"Colisão traseira";"Com Vítimas Feridas";"Anoitecer";"Crescente";"Nublado";"Dupla";"Rotatória";"Sim";3;0;2;0;0;1;2;2;"-15.79596779";"-48.17259821";"SR-DF";"DF";"UOP06/DF"
190548;2019-02-10;"1";"18:00:00";"SP";116;214;"GUARULHOS";"Não guardar distância de segurança";"Colisão lateral";"Com Vítimas Feridas";"Pleno dia";"Crescente";"Sol";"Múltipla";"Reta";"Sim";2;0;1;0;0;1;1;2;"-23.44552019";"-46.45122528";"SR-SP";"DEL6/1";"UOP01/SP"
190549;2019-02-10;"1";"18:31:00";"GO";40;4,7;"VALPARAISO DE GOIAS";"Ingestão de Álcool";"Colisão traseira";"Sem Vítimas";"Anoitecer";"Decrescente";"Céu Claro";"Dupla";"Reta";"Sim";2;0;0;0;2;0;0;2;"-16.085241";"-47.986752";"SR-DF";"GO";"UOP01/DF"
190550;2019-02-10;"1";"17:30:00";"MS";158;110;"PARANAIBA";"Defeito na Via";"Tombamento";"Com Vítimas Feridas";"Pleno dia";"Decrescente";"Chuva";"Simples";"Reta";"Não";2;0;2;0;0;0;2;1;"-19.702106";"-51.158798";"SR-MS";"DEL3/8";"UOP01/MS"
190551;2019-02-10;"1";"12:40:00";"RS";470;188;"VERANOPOLIS";"Velocidade Incompatível";"Saída de leito carroçável";"Sem Vítimas";"Pleno dia";"Decrescente";"Garoa/Chuvisco";"Simples";"Curva";"Não";1;0;0;0;1;0;0;1;"-29.00789216";"-51.55930107";"SR-RS";"DEL9/6";"UOP02/RS"
190552;2019-02-10;"1";"14:50:00";"PB";230;502,2;"CAJAZEIRAS";"Defeito Mecânico no Veículo";"Saída de leito carroçável";"Com Vítimas Feridas";"Pleno dia";"Crescente";"Céu Claro";"Simples";"Reta";"Sim";2;0;1;1;0;0;2;1;"-6.8979";"-38.5233";"SR-PB";"DEL14/3";"UOP03/PB"
190553;2019-02-10;"1";"18:30:00";"GO";40;111;"CRISTALINA";"Pista Escorregadia";"Capotamento";"Com Vítimas Feridas";"Plena Noite";"Crescente";"Chuva";"Dupla";"Curva";"Não";2;0;1;0;1;0;1;1;"-16.849002";"-47.502195";"SR-DF";"GO";"UOP02/DF"
190554;2019-02-10;"1";"16:00:00";"MA";135;46,5;"BACABEIRA";"Falta de Atenção à Condução";"Colisão traseira";"Sem Vítimas";"Pleno dia";"Decrescente";"Chuva";"Dupla";"Reta";"Não";3;0;0;0;3;0;0;3;"-2.930485";"-44.33427";"SR-MA";"DEL18/1";"UOP01/MA"
190555;2019-02-10;"1";"16:25:00";"AL";101;140,8;"SAO MIGUEL DOS CAMPOS";"Agressão Externa";"Saída de leito carroçável";"Com Vítimas Feridas";"Pleno dia";"Decrescente";"Céu Claro";"Simples";"Reta";"Não";2;0;1;0;1;0;1;1;"-9.81986639";"-36.12287521";"SR-AL";"DEL13/2";"UOP01/AL"
190557;2019-02-10;"1";"16:40:00";"PB";101;107;"ALHANDRA";"Defeito Mecânico no Veículo";"Danos eventuais";"Sem Vítimas";"Pleno dia";"Crescente";"Céu Claro";"Dupla";"Reta";"Não";3;0;0;0;2;1;0;2;"-7.3425";"-34.9478";"SR-PB";"DEL14/1";"UOP01/PB"
190558;2019-02-10;"1";"18:30:00";"BA";407;6,2;"JUAZEIRO";"Ingestão de Álcool";"Atropelamento de Pedestre";"Com Vítimas Feridas";"Plena Noite";"Crescente";"Céu Claro";"Dupla";"Reta";"Sim";3;0;0;1;1;1;1;1;"-9.455955";"-40.486561";"SR-PE";"DEL11/6";"UOP01/PE"
190560;2019-02-10;"1";"16:45:00";"BA";116;420,6;"FEIRA DE SANTANA";"Ingestão de Álcool";"Colisão traseira";"Com Vítimas Feridas";"Pleno dia";"Crescente";"Céu Claro";"Múltipla";"Reta";"Sim";3;0;0;1;2;0;1;2;"-12.21647407";"-38.96604588";"SR-BA";"DEL10/2";"UOP01/BA"
190561;2019-02-10;"1";"11:50:00";"MG";262;606,5;"CAMPOS ALTOS";"Velocidade Incompatível";"Saída de leito carroçável";"Com Vítimas Feridas";"Pleno dia";"Crescente";"Chuva";"Simples";"Reta";"Não";1;0;1;0;0;0;1;1;"-19.6142059";"-46.2804196";"SR-MG";"DEL4/8";"UOP02/MG"
190562;2019-02-10;"1";"18:40:00";"CE";116;2;"FORTALEZA";"Ingestão de Álcool";"Atropelamento de Pedestre";"Com Vítimas Feridas";"Pleno dia";"Crescente";"Céu Claro";"Dupla";"Reta";"Sim";2;0;1;1;0;0;2;1;"-3.79049781";"-38.50967646";"SR-CE";"DEL16/1";"UOP02/CE"
190564;2019-02-10;"1";"19:10:00";"SC";116;194,1;"PONTE ALTA";"Velocidade Incompatível";"Colisão com objeto estático";"Sem Vítimas";"Pleno dia";"Crescente";"Nublado";"Simples";"Curva";"Não";1;0;0;0;0;1;0;1;"-27.37898687";"-50.42998999";"SR-SC";"DEL8/5";"UOP03/SC"
190565;2019-02-10;"1";"18:30:00";"PE";424;57;"VENTUROSA";"Falta de Atenção à Condução";"Colisão com objeto estático";"Com Vítimas Fatais";"Plena Noite";"Decrescente";"Céu Claro";"Simples";"Reta";"Não";4;1;1;0;1;1;1;3;"-8.735883";"-36.727863";"SR-PE";"DEL11/3";"UOP01/PE"
190566;2019-02-10;"1";"18:20:00";"MT";70;513,9;"VARZEA GRANDE";"Falta de Atenção à Condução";"Colisão transversal";"Com Vítimas Feridas";"Pleno dia";"Decrescente";"Céu Claro";"Simples";"Rotatória";"Sim";2;0;1;0;1;0;1;2;"-15.70700177";"-56.13292694";"SR-MT";"DEL2/4";"UOP02/MT"
190567;2019-02-10;"1";"18:00:00";"PB";230;8,6;"CABEDELO";"Animais na Pista";"Atropelamento de Animal";"Com Vítimas Feridas";"Plena Noite";"Decrescente";"Céu Claro";"Dupla";"Reta";"Sim";2;0;2;0;0;0;2;1;"-7.0355";"-34.8429";"SR-PB";"DEL14/1";"UOP00/PB"
190568;2019-02-10;"1";"17:50:00";"RJ";101;318;"SAO GONCALO";"Falta de Atenção à Condução";"Colisão com objeto estático";"Com Vítimas Feridas";"Pleno dia";"Decrescente";"Céu Claro";"Dupla";"Reta";"Não";2;0;1;0;1;0;1;1;"-22.845663";"-43.098431";"SR-RJ";"DEL5/2";"UOP02/RJ"
190569;2019-02-10;"1";"18:00:00";"MA";135;15;"SAO LUIS";"Desobediência às normas de trânsito pelo condutor";"Colisão lateral";"Sem Vítimas";"Anoitecer";"Decrescente";"Chuva";"Dupla";"Reta";"Sim";3;0;0;0;3;0;0;2;"-2.695421";"-44.30513";"SR-MA";"DEL18/1";"UOP01/MA"
190570;2019-02-10;"1";"20:00:00";"SC";101;134;"BALNEARIO CAMBORIU";"Falta de Atenção à Condução";"Tombamento";"Com Vítimas Feridas";"Plena Noite";"Crescente";"Céu Claro";"Simples";"Reta";"Sim";1;0;1;0;0;0;1;1;"-27.0049";"-48.6266";"SR-SC";"DEL8/4";"UOP03/SC"
190571;2019-02-10;"1";"17:20:00";"SC";280;146;"RIO NEGRINHO";"Avarias e/ou desgaste excessivo no pneu";"Saída de leito carroçável";"Com Vítimas Feridas";"Pleno dia";"Decrescente";"Chuva";"Simples";"Curva";"Não";4;0;3;0;1;0;3;1;"-26.25519";"-49.66209";"SR-SC";"DEL8/6";"UOP03/SC"
190572;2019-02-10;"1";"20:00:00";"SC";101;398,2;"MARACAJA";"Falta de Atenção à Condução";"Saída de leito carroçável";"Com Vítimas Feridas";"Anoitecer";"Crescente";"Chuva";"Dupla";"Reta";"Não";4;0;4;0;0;0;4;1;"-28.84203377";"-49.42850243";"SR-SC";"DEL8/2";"UOP02/SC"
190573;2019-02-10;"1";"12:40:00";"RO";429;269,3;"SAO FRANCISCO DO GUAPORE";"Falta de Atenção à Condução";"Colisão lateral";"Com Vítimas Fatais";"Pleno dia";"Decrescente";"Garoa/Chuvisco";"Simples";"Reta";"Não";3;2;0;0;1;0;0;2;"-12.07054547";"-63.71761322";"SR-RO";"DEL21/2";"UOP03/RO"
190574;2019-02-10;"1";"18:45:00";"PR";163;27;"SANTO ANTONIO DO SUDOESTE";"Desobediência às normas de trânsito pelo condutor";"Colisão frontal";"Sem Vítimas";"Pleno dia";"Decrescente";"Céu Claro";"Simples";"Não Informado";"Não";3;0;0;0;2;1;0;2;"-26.118042";"-53.685563";"SR-PR";"DEL7/2";"UOP04/PR"
190575;2019-02-10;"1";"19:00:00";"PB";361;22,2;"SANTA TERESINHA";"Ingestão de álcool e/ou substâncias psicoativas pelo pedestre";"Atropelamento de Pedestre";"Com Vítimas Feridas";"Plena Noite";"Crescente";"Céu Claro";"Simples";"Reta";"Sim";2;0;1;0;1;0;1;1;"-7.08557591";"-37.43389313";"SR-PB";"DEL14/3";"UOP01/PB"
190576;2019-02-10;"1";"19:20:00";"AP";210;3;"MACAPA";"Falta de Atenção à Condução";"Colisão lateral";"Com Vítimas Feridas";"Plena Noite";"Decrescente";"Céu Claro";"Dupla";"Reta";"Sim";3;0;2;0;1;0;2;2;"0.10654444";"-51.22661592";"SR-AP";"UOP01/AP";""
190577;2019-02-10;"1";"20:30:00";"SC";470;12;"NAVEGANTES";"Falta de Atenção à Condução";"Colisão frontal";"Com Vítimas Feridas";"Plena Noite";"Crescente";"Nublado";"Simples";"Reta";"Não";3;0;2;0;1;0;2;2;"-26.835169";"-48.757267";"SR-SC";"DEL8/4";"UOP04/SC"
190578;2019-02-10;"1";"20:00:00";"PE";232;381;"CALUMBI";"Animais na Pista";"Atropelamento de Animal";"Com Vítimas Fatais";"Plena Noite";"Crescente";"Céu Claro";"Simples";"Reta";"Não";1;1;0;0;0;0;0;1;"-8.04325251";"-38.05767059";"SR-PE";"DEL11/4";"UOP01/PE"
190579;2019-02-10;"1";"16:00:00";"MG";116;581,1;"MANHUACU";"Falta de Atenção à Condução";"Colisão com objeto estático";"Com Vítimas Feridas";"Pleno dia";"Crescente";"Sol";"Simples";"Curva";"Não";1;0;0;1;0;0;1;1;"-20.186957";"-42.185176";"SR-MG";"DEL4/6";"UOP04/MG"
190580;2019-02-10;"1";"20:22:00";"MS";60;51,3;"PARAISO DAS AGUAS";"Falta de Atenção à Condução";"Colisão transversal";"Com Vítimas Feridas";"Plena Noite";"Decrescente";"Nublado";"Simples";"Reta";"Não";3;0;2;0;1;0;2;2;"-18.96149345";"-52.83496857";"SR-MS";"DEL3/8";"UOP01/MS"
190582;2019-02-10;"1";"18:30:00";"PR";369;169,5;"ROLANDIA";"Falta de Atenção à Condução";"Colisão transversal";"Com Vítimas Feridas";"Pleno dia";"Decrescente";"Céu Claro";"Dupla";"Retorno Regulamentado";"Sim";2;0;0;1;1;0;1;2;"-23.30224154";"-51.33355916";"SR-PR";"DEL7/7";"UOP01/PR"
190583;2019-02-10;"1";"21:35:00";"PR";369;128;"JATAIZINHO";"Desobediência às normas de trânsito pelo pedestre";"Atropelamento de Pedestre";"Com Vítimas Fatais";"Plena Noite";"Crescente";"Céu Claro";"Dupla";"Reta";"Não";4;1;0;0;3;0;0;1;"-23.26868771";"-50.96817523";"SR-PR";"DEL7/7";"UOP01/PR"
190584;2019-02-10;"1";"20:20:00";"AL";316;156;"PALMEIRA DOS INDIOS";"Falta de Atenção à Condução";"Colisão transversal";"Com Vítimas Feridas";"Plena Noite";"Decrescente";"Céu Claro";"Simples";"Reta";"Sim";2;0;1;0;1;0;1;2;"-9.426232";"-36.633045";"SR-AL";"DEL13/3";"UOP01/AL"
190585;2019-02-02;"7";"06:00:00";"SP";116;220;"GUARULHOS";"Falta de Atenção à Condução";"Colisão traseira";"Sem Vítimas";"Pleno dia";"Decrescente";"Céu Claro";"Múltipla";"Reta";"Sim";2;0;0;0;0;2;0;2;"-23.46666137";"-46.50316358";"SR-SP";"DEL6/1";"UOP01/SP"
190586;2019-02-10;"1";"18:30:00";"AC";364;121;"RIO BRANCO";"Defeito na Via";"Queda de ocupante de veículo";"Com Vítimas Feridas";"Plena Noite";"Decrescente";"Céu Claro";"Simples";"Reta";"Sim";1;0;1;0;0;0;1;1;"-10.012093";"-67.764404";"SR-AC";"UOP01/AC";""
190589;2019-02-10;"1";"19:00:00";"PE";101;90,5;"CABO DE SANTO AGOSTINHO";"Não guardar distância de segurança";"Colisão traseira";"Com Vítimas Feridas";"Plena Noite";"Decrescente";"Céu Claro";"Dupla";"Reta";"Sim";2;0;1;1;0;0;2;2;"-8.2308";"-34.9969";"SR-PE";"DEL11/1";"UOP03/PE"
190590;2019-02-10;"1";"20:15:00";"SE";101;198,5;"CRISTINAPOLIS";"Falta de Atenção à Condução";"Atropelamento de Pedestre";"Com Vítimas Feridas";"Plena Noite";"Decrescente";"Céu Claro";"Simples";"Reta";"Sim";3;0;2;0;0;1;2;1;"-11.47437847";"-37.75214553";"SR-SE";"DEL20/2";"UOP03/SE"
190591;2019-02-10;"1";"18:00:00";"RO";421;38;"MONTE NEGRO";"Falta de Atenção à Condução";"Colisão com objeto estático";"Com Vítimas Feridas";"Anoitecer";"Decrescente";"Céu Claro";"Simples";"Reta";"Não";2;0;1;1;0;0;2;1;"-10.182835";"-63.229015";"SR-RO";"DEL21/3";"UOP04/RO"
190592;2019-02-10;"1";"22:00:00";"SC";280;55,3;"GUARAMIRIM";"Falta de Atenção à Condução";"Colisão transversal";"Com Vítimas Feridas";"Plena Noite";"Crescente";"Céu Claro";"Simples";"Reta";"Não";2;0;1;0;1;0;1;2;"-26.475843";"-48.993786";"SR-SC";"DEL8/3";"UOP03/SC"
190594;2019-02-10;"1";"19:45:00";"BA";116;513;"SANTA TERESINHA";"Velocidade Incompatível";"Saída de leito carroçável";"Sem Vítimas";"Plena Noite";"Decrescente";"Céu Claro";"Simples";"Curva";"Não";1;0;0;0;1;0;0;1;"-12.65062";"-39.60835";"SR-BA";"DEL10/3";"UOP02/BA"
190595;2019-02-10;"1";"20:30:00";"MA";316;551,5;"CAXIAS";"Ingestão de álcool e/ou substâncias psicoativas pelo pedestre";"Colisão frontal";"Sem Vítimas";"Plena Noite";"Crescente";"Céu Claro";"Simples";"Reta";"Sim";2;0;0;0;2;0;0;2;"-4.886332";"-43.353386";"SR-MA";"DEL18/3";"UOP02/MA"
190596;2019-02-10;"1";"21:20:00";"SE";235;51;"ITABAIANA";"Falta de Atenção à Condução";"Atropelamento de Pedestre";"Com Vítimas Feridas";"Plena Noite";"Crescente";"Ignorado";"Simples";"Reta";"Sim";2;0;0;1;0;1;1;1;"-10.700226";"-37.431423";"SR-SE";"DEL20/1";"UOP02/SE"
190597;2019-02-10;"1";"22:58:00";"GO";40;6,9;"VALPARAISO DE GOIAS";"Falta de Atenção à Condução";"Colisão traseira";"Com Vítimas Feridas";"Plena Noite";"Crescente";"Nublado";"Dupla";"Reta";"Sim";2;0;1;0;1;0;1;2;"-16.100814";"-47.977351";"SR-DF";"GO";"UOP01/DF"
190599;2019-02-10;"1";"20:23:00";"MT";364;1205;"CAMPOS DE JULIO";"Falta de Atenção à Condução";"Colisão lateral";"Com Vítimas Feridas";"Plena Noite";"Crescente";"Céu Claro";"Simples";"Reta";"Não";2;0;1;0;1;0;1;2;"-13.796";"-59.474";"SR-MT";"DEL2/7";"UOP01/MT"
190600;2019-02-10;"1";"17:40:00";"MA";230;60;"SAO JOAO DOS PATOS";"Velocidade Incompatível";"Tombamento";"Com Vítimas Feridas";"Pleno dia";"Decrescente";"Nublado";"Simples";"Curva";"Não";1;0;1;0;0;0;1;1;"-6.591704";"-43.46545";"SR-PI";"DEL17/3";"UOP01/PI"
190601;2019-02-10;"1";"18:10:00";"TO";153;136;"ARAGUAINA";"Não guardar distância de segurança";"Colisão traseira";"Sem Vítimas";"Plena Noite";"Crescente";"Céu Claro";"Simples";"Reta";"Sim";1;0;0;0;0;1;0;1;"-7.137507";"-48.200943";"SR-TO";"UOP04/TO";""
190602;2019-02-10;"1";"23:05:00";"PR";376;223,9;"CAMBIRA";"Velocidade Incompatível";"Colisão com objeto estático";"Com Vítimas Feridas";"Plena Noite";"Decrescente";"Nublado";"Dupla";"Não Informado";"Não";7;0;7;0;0;0;7;1;"-23.59351147";"-51.57819808";"SR-PR";"DEL7/7";"UOP03/PR"
190603;2019-02-10;"1";"22:20:00";"MG";354;746,9;"POUSO ALTO";"Falta de Atenção à Condução";"Colisão transversal";"Com Vítimas Feridas";"Plena Noite";"Decrescente";"Céu Claro";"Simples";"Reta";"Não";2;0;1;0;1;0;1;2;"-22.25967325";"-44.92173404";"SR-MG";"DEL09";"UOP02/MG"
190604;2019-02-10;"1";"09:00:00";"PR";476;269;"SAO MATEUS DO SUL";"Falta de Atenção à Condução";"Saída de leito carroçável";"Sem Vítimas";"Plena Noite";"Decrescente";"Chuva";"Simples";"Reta";"Não";1;0;0;0;1;0;0;1;"-25.898903";"-50.32935";"SR-PR";"DEL7/2";"UOP03/PR"
190605;2019-02-10;"1";"22:45:00";"RS";392;158,7;"PIRATINI";"Desobediência às normas de trânsito pelo condutor";"Colisão frontal";"Com Vítimas Fatais";"Plena Noite";"Decrescente";"Céu Claro";"Simples";"Reta";"Não";2;1;0;0;1;0;0;2;"-31.122143";"-52.903774";"SR-RS";"DEL9/7";"UOP01/RS"
190606;2019-02-10;"1";"17:00:00";"RO";364;405,1;"JARU";"Ultrapassagem Indevida";"Saída de leito carroçável";"Sem Vítimas";"Pleno dia";"Decrescente";"Céu Claro";"Simples";"Não Informado";"Não";2;0;0;0;2;0;0;2;"-10.56902";"-62.371761";"SR-RO";"DEL21/3";"UOP02/RO"
190607;2019-02-10;"1";"23:15:00";"GO";153;189;"URUACU";"Desobediência às normas de trânsito pelo condutor";"Colisão lateral";"Com Vítimas Feridas";"Plena Noite";"Crescente";"Céu Claro";"Simples";"Reta";"Não";2;0;1;0;1;0;1;2;"-14.420507";"-49.157112";"SR-GO";"DEL1/7";"UOP02/GO"
190608;2019-02-10;"1";"22:35:00";"RS";116;399,7;"CAMAQUA";"Desobediência às normas de trânsito pelo condutor";"Colisão lateral";"Sem Vítimas";"Plena Noite";"Decrescente";"Nublado";"Simples";"Reta";"Não";2;0;0;0;2;0;0;2;"-30.86993947";"-51.80495923";"SR-RS";"DEL9/2";"UOP02/RS"
190609;2019-02-10;"1";"13:15:00";"SC";280;291,3;"PORTO UNIAO";"Falta de Atenção à Condução";"Colisão transversal";"Com Vítimas Feridas";"Pleno dia";"Decrescente";"Céu Claro";"Simples";"Interseção de vias";"Não";4;0;4;0;0;0;4;2;"-26.296299";"-50.915482";"SR-SC";"DEL8/6";"UOP04/SC"
190610;2019-02-10;"1";"23:25:00";"PR";277;715,7;"SANTA TEREZINHA DE ITAIPU";"Falta de Atenção à Condução";"Colisão traseira";"Com Vítimas Feridas";"Plena Noite";"Crescente";"Céu Claro";"Dupla";"Reta";"Não";2;0;0;1;1;0;1;2;"-25.468756";"-54.458099";"SR-PR";"DEL7/5";"UOP01/PR"
190611;2019-02-10;"1";"21:30:00";"MA";135;77,2;"SANTA RITA";"Falta de Atenção à Condução";"Colisão frontal";"Com Vítimas Feridas";"Plena Noite";"Crescente";"Céu Claro";"Simples";"Reta";"Não";2;0;0;1;1;0;1;2;"-3.196258";"-44.356785";"SR-MA";"DEL18/1";"UOP02/MA"
190612;2019-02-10;"1";"20:30:00";"MG";381;481;"CONTAGEM";"Falta de Atenção à Condução";"Colisão traseira";"Com Vítimas Feridas";"Plena Noite";"Decrescente";"Céu Claro";"Dupla";"Reta";"Sim";4;0;2;0;2;0;2;4;"-19.959";"-44.0704";"SR-MG";"DEL4/1";"UOP03/MG"
190613;2019-02-10;"1";"22:35:00";"PR";116;206;"RIO NEGRO";"Ingestão de Álcool";"Colisão lateral";"Sem Vítimas";"Plena Noite";"Decrescente";"Nublado";"Simples";"Curva";"Não";2;0;0;0;2;0;0;2;"-26.101749";"-49.780796";"SR-SC";"DEL8/6";"UOP01/SC"
190614;2019-02-10;"1";"23:50:00";"SC";470;10,5;"NAVEGANTES";"Falta de Atenção à Condução";"Colisão transversal";"Sem Vítimas";"Plena Noite";"Crescente";"Nublado";"Simples";"Interseção de vias";"Não";2;0;0;0;2;0;0;2;"-26.833693";"-48.73724";"SR-SC";"DEL8/4";"UOP04/SC"
190616;2019-02-10;"1";"23:45:00";"RJ";116;179,9;"NOVA IGUACU";"Velocidade Incompatível";"Colisão com objeto estático";"Sem Vítimas";"Plena Noite";"Decrescente";"Céu Claro";"Dupla";"Interseção de vias";"Sim";1;0;0;0;0;1;0;1;"-22.769873";"-43.408077";"SR-RJ";"DEL5/1";"UOP02/RJ"
190617;2019-02-10;"1";"23:00:00";"PB";427;37,6;"POMBAL";"Animais na Pista";"Atropelamento de Animal";"Com Vítimas Feridas";"Plena Noite";"Crescente";"Céu Claro";"Simples";"Reta";"Sim";2;0;2;0;0;0;2;1;"-6.76405";"-37.789103";"SR-PB";"DEL14/3";"UOP02/PB"
190618;2019-02-10;"1";"23:20:00";"CE";222;5;"CAUCAIA";"Desobediência às normas de trânsito pelo condutor";"Colisão traseira";"Com Vítimas Feridas";"Plena Noite";"Crescente";"Nublado";"Múltipla";"Reta";"Sim";2;0;1;0;1;0;1;2;"-3.74258";"-38.6119";"SR-CE";"DEL16/1";"UOP01/CE"
190619;2019-02-10;"1";"22:10:00";"SC";101;323,3;"PESCARIA BRAVA";"Falta de Atenção do Pedestre";"Atropelamento de Pedestre";"Com Vítimas Fatais";"Plena Noite";"Decrescente";"Céu Claro";"Dupla";"Reta";"Sim";2;1;0;0;1;0;0;1;"-28.42900819";"-48.92251343";"SR-SC";"DEL8/2";"UOP01/SC"
190620;2019-02-10;"1";"21:40:00";"RO";429;345;"JI-PARANA";"Falta de Atenção do Pedestre";"Atropelamento de Pedestre";"Com Vítimas Feridas";"Plena Noite";"Decrescente";"Garoa/Chuvisco";"Dupla";"Reta";"Sim";2;0;1;1;0;0;2;1;"-10.86761453";"-61.96606636";"SR-RO";"DEL21/2";"UOP03/RO"
190622;2019-02-11;"2";"00:30:00";"TO";153;335;"GUARAI";"Falta de Atenção à Condução";"Colisão traseira";"Com Vítimas Feridas";"Plena Noite";"Decrescente";"Céu Claro";"Simples";"Curva";"Sim";1;0;1;0;0;0;1;1;"-8.835769";"-48.512123";"SR-TO";"UOP03/TO";""
190623;2019-02-10;"1";"23:15:00";"SC";158;99,8;"CUNHA PORA";"Falta de Atenção à Condução";"Colisão traseira";"Com Vítimas Fatais";"Plena Noite";"Crescente";"Nublado";"Simples";"Não Informado";"Não";2;1;0;0;1;0;0;2;"-26.80522685";"-53.16833496";"SR-SC";"DEL7";"UOP02/SC"
190624;2019-02-10;"1";"22:00:00";"BA";330;742,2;"JEQUIE";"Ingestão de Álcool";"Tombamento";"Com Vítimas Fatais";"Plena Noite";"Crescente";"Céu Claro";"Simples";"Curva";"Não";2;1;1;0;0;0;1;1;"-13.98637678";"-39.93976593";"SR-BA";"DEL10/3";"UOP01/BA"
190625;2019-02-11;"2";"01:00:00";"BA";116;814,5;"VITORIA DA CONQUISTA";"Velocidade Incompatível";"Colisão traseira";"Com Vítimas Fatais";"Plena Noite";"Crescente";"Céu Claro";"Simples";"Reta";"Sim";3;1;0;0;2;0;0;3;"-14.80892";"-40.79052";"SR-BA";"DEL10/8";"UOP01/BA"
190626;2019-02-11;"2";"00:00:00";"PE";101;93,3;"CABO DE SANTO AGOSTINHO";"Desobediência às normas de trânsito pelo condutor";"Colisão transversal";"Com Vítimas Feridas";"Plena Noite";"Decrescente";"Nublado";"Simples";"Desvio Temporário";"Sim";2;0;1;0;1;0;1;2;"-8.2462";"-35.0058";"SR-PE";"DEL11/1";"UOP03/PE"
190627;2019-02-11;"2";"00:45:00";"GO";50;233,5;"CAMPO ALEGRE DE GOIAS";"Falta de Atenção à Condução";"Saída de leito carroçável";"Sem Vítimas";"Plena Noite";"Crescente";"Nublado";"Dupla";"Reta";"Não";2;0;0;0;2;0;0;1;"-17.8272";"-47.7732";"SR-GO";"DEL1/6";"UOP01/GO"
190628;2019-02-11;"2";"02:18:00";"SP";116;46,5;"CANAS";"Condutor Dormindo";"Capotamento";"Com Vítimas Feridas";"Plena Noite";"Decrescente";"Nublado";"Dupla";"Reta";"Não";1;0;0;1;0;0;1;1;"-22.713955";"-45.053383";"SR-SP";"DEL6/8";"UOP01/SP"
190629;2019-02-11;"2";"02:20:00";"GO";60;5,2;"ALEXANIA";"Condutor Dormindo";"Saída de leito carroçável";"Com Vítimas Feridas";"Plena Noite";"Crescente";"Garoa/Chuvisco";"Dupla";"Curva";"Não";1;0;1;0;0;0;1;1;"-16.11261655";"-48.56060028";"SR-DF";"GO";"UOP03/DF"
190630;2019-02-11;"2";"00:50:00";"AL";316;172,1;"IGACI";"Defeito Mecânico no Veículo";"Saída de leito carroçável";"Sem Vítimas";"Plena Noite";"Crescente";"Céu Claro";"Simples";"Reta";"Não";3;0;0;0;3;0;0;1;"-9.44035";"-36.607525";"SR-AL";"DEL13/3";"UOP01/AL"
190631;2019-02-11;"2";"01:40:00";"PE";316;49,1;"TRINDADE";"Ingestão de Álcool";"Colisão transversal";"Com Vítimas Fatais";"Plena Noite";"Crescente";"Céu Claro";"Simples";"Reta";"Não";4;2;0;1;0;1;1;2;"-7.712079";"-40.329517";"SR-PE";"DEL11/5";"UOP02/PE"
190632;2019-02-11;"2";"04:00:00";"SC";101;113;"ITAJAI";"Defeito Mecânico no Veículo";"Incêndio";"Com Vítimas Feridas";"Plena Noite";"Crescente";"Nublado";"Múltipla";"Reta";"Não";1;0;1;0;0;0;1;1;"-26.8622";"-48.7286";"SR-SC";"DEL8/4";"UOP04/SC"
190633;2019-02-11;"2";"03:10:00";"SP";116;282;"EMBU DAS ARTES";"Defeito Mecânico no Veículo";"Tombamento";"Sem Vítimas";"Plena Noite";"Decrescente";"Céu Claro";"Dupla";"Rotatória";"Sim";1;0;0;0;1;0;0;1;"-23.65973286";"-46.85227102";"SR-SP";"DEL6/4";"UOP01/SP"