"id";"data_inversa";"dia_semana";"horario";"uf";"br";"km";"municipio";"causa_acidente";"tipo_acidente";"classificacao_acidente";"fase_dia";"sentido_via";"condicao_metereologica";"tipo_pista";"tracado_via";"uso_solo";"pessoas";"mortos";"feridos_leves";"feridos_graves";"ilesos";"ignorados";"feridos";"veiculos";"latitude";"longitude";"regional";"delegacia";"uop"
190634;2019-02-11;"2";"01:40:00";"PR";476;150,7;"ARAUCARIA";"Falta de Atenção à Condução";"Queda de ocupante de veículo";"Com Vítimas Fatais";"Plena Noite";"Crescente";"Nublado";"Dupla";"Reta";"Sim";1;1;0;0;0;0;0;1;"-25.558477";"-49.368313";"SR-PR";"DEL7/1";"UOP04/PR"
190635;2019-02-11;"2";"00:20:00";"GO";364;355;"MINEIROS";"Ingestão de Álcool";"Colisão lateral";"Com Vítimas Feridas";"Plena Noite";"Decrescente";"Nublado";"Simples";"Não Informado";"Não";32;0;1;0;31;0;1;2;"-17.378584";"-52.949085";"SR-GO";"DEL1/5";"UOP01/GO"
190636;2019-02-11;"2";"02:10:00";"BA";116;428,9;"FEIRA DE SANTANA";"Falta de Atenção à Condução";"Colisão lateral";"Com Vítimas Feridas";"Plena Noite";"Decrescente";"Céu Claro";"Dupla";"Reta";"Sim";3;0;1;0;2;0;1;2;"-12.28816073";"-39.00722179";"SR-BA";"DEL10/2";"UOP01/BA"
190637;2019-02-10;"1";"19:20:00";"PB";230;83,5;"CALDAS BRANDAO";"Falta de Atenção à Condução";"Colisão traseira";"Com Vítimas Feridas";"Plena Noite";"Crescente";"Céu Claro";"Simples";"Reta";"Não";2;0;1;0;0;1;1;2;"-7.1669";"-35.3355";"SR-PB";"DEL14/1";"UOP02/PB"
190638;2019-02-11;"2";"03:30:00";"PE";101;43,6;"IGARASSU";"Pista Escorregadia";"Colisão com objeto estático";"Com Vítimas Feridas";"Plena Noite";"Crescente";"Chuva";"Múltipla";"Reta";"Sim";1;0;1;0;0;0;1;1;"-7.8543";"-34.9087";"SR-PE";"DEL11/1";"UOP02/PE"
190639;2019-02-11;"2";"03:30:00";"PA";163;990;"SANTAREM";"Falta de Atenção à Condução";"Colisão lateral";"Com Vítimas Feridas";"Plena Noite";"Decrescente";"Céu Claro";"Dupla";"Reta";"Não";2;0;0;1;0;1;1;2;"-2.54998146";"-54.72277164";"SR-PA";"DEL19/5";"UOP01/PA"
190640;2019-02-11;"2";"04:00:00";"SP";116;138;"SAO JOSE DOS CAMPOS";"Falta de Atenção à Condução";"Saída de leito carroçável";"Com Vítimas Feridas";"Plena Noite";"Decrescente";"Céu Claro";"Dupla";"Reta";"Sim";1;0;1;0;0;0;1;1;"-23.157297";"-45.795593";"SR-SP";"DEL6";"UOP02/SP"
190641;2019-02-11;"2";"05:20:00";"MS";262;384;"TERENOS";"Desobediência às normas de trânsito pelo condutor";"Colisão transversal";"Com Vítimas Feridas";"Amanhecer";"Decrescente";"Céu Claro";"Simples";"Interseção de vias";"Sim";5;0;1;0;4;0;1;2;"-20.43738838";"-54.87576485";"SR-MS";"DEL3/1";"UOP03/MS"
190642;2019-02-11;"2";"05:20:00";"MT";163;768;"SORRISO";"Pista Escorregadia";"Colisão com objeto estático";"Com Vítimas Feridas";"Amanhecer";"Decrescente";"Chuva";"Dupla";"Reta";"Não";1;0;1;0;0;0;1;1;"-12.46190365";"-55.6674403";"SR-MT";"DEL2/6";"UOP01/MT"
190643;2019-02-11;"2";"05:30:00";"SE";101;1,1;"PROPRIA";"Falta de Atenção à Condução";"Colisão frontal";"Com Vítimas Feridas";"Pleno dia";"Crescente";"Sol";"Simples";"Reta";"Não";5;0;0;1;4;0;1;2;"-10.214976";"-36.82283";"SR-SE";"DEL20/2";"UOP02/SE"
190644;2019-02-11;"2";"05:55:00";"PR";376;616;"SAO JOSE DOS PINHAIS";"Falta de Atenção do Pedestre";"Atropelamento de Pedestre";"Com Vítimas Fatais";"Amanhecer";"Decrescente";"Nublado";"Dupla";"Reta";"Sim";2;1;0;0;1;0;0;1;"-25.58487224";"-49.17566299";"SR-PR";"DEL7/1";"UOP08/PR"
190645;2019-02-11;"2";"06:00:00";"MG";262;446,1;"NOVA SERRANA";"Falta de Atenção à Condução";"Atropelamento de Pedestre";"Com Vítimas Feridas";"Plena Noite";"Crescente";"Nublado";"Dupla";"Não Informado";"Sim";3;0;0;1;2;0;1;1;"-19.86323374";"-44.99825656";"SR-MG";"DEL4/8";"UOP03/MG"
190646;2019-02-11;"2";"05:40:00";"TO";242;292,9;"PEIXE";"Objeto estático sobre o leito carroçável";"Colisão com objeto estático";"Com Vítimas Fatais";"Amanhecer";"Crescente";"Céu Claro";"Simples";"Reta";"Não";4;1;0;1;2;0;1;2;"-12.165534";"-48.540615";"SR-TO";"UOP01/TO";""
190647;2019-02-11;"2";"07:15:00";"MG";356;269,1;"MURIAE";"Falta de Atenção à Condução";"Colisão transversal";"Com Vítimas Feridas";"Pleno dia";"Crescente";"Sol";"Simples";"Retorno Regulamentado";"Sim";2;0;1;0;1;0;1;2;"-21.12998106";"-42.36087799";"SR-MG";"DEL4/7";"UOP02/MG"
190648;2019-02-11;"2";"06:30:00";"SC";101;196;"BIGUACU";"Ingestão de Álcool";"Colisão lateral";"Com Vítimas Feridas";"Pleno dia";"Crescente";"Nublado";"Múltipla";"Reta";"Não";3;0;1;0;2;0;1;2;"-27.5185";"-48.6383";"SR-SC";"DEL8/1";"UOP01/SC"
190649;2019-02-11;"2";"07:10:00";"SC";280;55,2;"GUARAMIRIM";"Falta de Atenção à Condução";"Colisão transversal";"Com Vítimas Feridas";"Pleno dia";"Decrescente";"Céu Claro";"Simples";"Reta";"Sim";2;0;1;0;1;0;1;2;"-26.475843";"-48.993786";"SR-SC";"DEL8/3";"UOP03/SC"
190650;2019-02-11;"2";"07:20:00";"PR";116;122,6;"CURITIBA";"Desobediência às normas de trânsito pelo condutor";"Colisão traseira";"Com Vítimas Feridas";"Pleno dia";"Decrescente";"Nublado";"Dupla";"Reta";"Não";3;0;1;0;2;0;1;2;"-25.60606264";"-49.31859791";"SR-PR";"DEL7/1";"UOP03/PR"
190651;2019-02-11;"2";"06:20:00";"SP";116;211;"GUARULHOS";"Não guardar distância de segurança";"Engavetamento";"Com Vítimas Feridas";"Pleno dia";"Crescente";"Sol";"Múltipla";"Reta";"Sim";4;0;1;0;3;0;1;3;"-23.43253657";"-46.41989708";"SR-SP";"DEL6/1";"UOP01/SP"
190653;2019-01-07;"2";"11:10:00";"SP";153;60,9;"SAO JOSE DO RIO PRETO";"Agressão Externa";"Tombamento";"Com Vítimas Feridas";"Pleno dia";"Crescente";"Céu Claro";"Dupla";"Reta";"Sim";1;0;0;1;0;0;1;1;"-20.79628";"-49.354801";"SR-SP";"DEL6/9";"UOP01/SP"
190654;2019-02-11;"2";"06:25:00";"MS";163;587,5;"BANDEIRANTES";"Condutor Dormindo";"Saída de leito carroçável";"Com Vítimas Feridas";"Pleno dia";"Crescente";"Céu Claro";"Dupla";"Reta";"Não";1;0;0;1;0;0;1;1;"-19.5846";"-54.4068";"SR-MS";"DEL3/6";"UOP02/MS"
190655;2019-02-11;"2";"05:40:00";"SC";470;226,4;"SAO CRISTOVAO DO SUL";"Pista Escorregadia";"Saída de leito carroçável";"Sem Vítimas";"Plena Noite";"Crescente";"Chuva";"Simples";"Curva";"Não";2;0;0;0;2;0;0;1;"-27.327692";"-50.361202";"SR-SC";"DEL8/5";"UOP03/SC"
190657;2019-02-11;"2";"06:30:00";"PE";104;64,7;"CARUARU";"Falta de Atenção à Condução";"Colisão transversal";"Com Vítimas Feridas";"Pleno dia";"Decrescente";"Céu Claro";"Simples";"Não Informado";"Sim";2;0;0;1;1;0;1;2;"-8.2783";"-35.9815";"SR-PE";"DEL11/2";"UOP01/PE"
190658;2019-02-11;"2";"06:40:00";"MG";116;399;"GOVERNADOR VALADARES";"Defeito Mecânico no Veículo";"Tombamento";"Com Vítimas Feridas";"Pleno dia";"Crescente";"Céu Claro";"Simples";"Reta";"Não";2;0;2;0;0;0;2;1;"-18.71584548";"-41.9883728";"SR-MG";"DEL4/6";"UOP01/MG"
190659;2019-02-10;"1";"21:30:00";"MG";381;838,8;"SAO SEBASTIAO DA BELA VISTA";"Velocidade Incompatível";"Saída de leito carroçável";"Com Vítimas Feridas";"Plena Noite";"Crescente";"Chuva";"Dupla";"Reta";"Não";1;0;1;0;0;0;1;1;"-22.1586";"-45.8273";"SR-MG";"DEL09";"UOP01/MG"
190660;2019-02-11;"2";"07:30:00";"SC";101;216;"PALHOCA";"Velocidade Incompatível";"Colisão lateral";"Com Vítimas Feridas";"Pleno dia";"Decrescente";"Nublado";"Dupla";"Reta";"Sim";2;0;1;0;1;0;1;2;"-27.659815";"-48.677479";"SR-SC";"DEL8/1";"UOP02/SC"
190662;2019-02-10;"1";"23:30:00";"MT";364;401;"CUIABA";"Ingestão de álcool e/ou substâncias psicoativas pelo pedestre";"Colisão transversal";"Sem Vítimas";"Plena Noite";"Crescente";"Céu Claro";"Simples";"Reta";"Não";2;0;0;0;2;0;0;2;"-15.67207";"-55.946564";"SR-MT";"DEL2/1";"UOP01/MT"
190663;2019-02-10;"1";"21:30:00";"MA";316;619;"TIMON";"Falta de Atenção à Condução";"Colisão transversal";"Com Vítimas Feridas";"Plena Noite";"Crescente";"Céu Claro";"Simples";"Reta";"Sim";4;0;1;0;1;2;1;2;"-5.10049785";"-42.8296423";"SR-MA";"DEL18/3";"UOP02/MA"
190664;2019-02-11;"2";"07:50:00";"PR";376;423,6;"TIBAGI";"Velocidade Incompatível";"Colisão frontal";"Com Vítimas Fatais";"Pleno dia";"Crescente";"Garoa/Chuvisco";"Simples";"Curva";"Não";2;1;0;0;1;0;0;2;"-24.70286055";"-50.57161331";"SR-PR";"DEL7/3";"UOP05/PR"
190665;2019-02-07;"5";"08:00:00";"RS";386;52,1;"SEBERI";"Falta de Atenção à Condução";"Colisão transversal";"Com Vítimas Feridas";"Pleno dia";"Decrescente";"Céu Claro";"Simples";"Curva";"Sim";2;0;1;0;1;0;1;2;"-27.508551";"-53.381039";"SR-RS";"DEL08";"UOP02/RS"
190666;2019-02-11;"2";"08:20:00";"MG";40;665;"CARANDAI";"Falta de Atenção à Condução";"Colisão transversal";"Com Vítimas Feridas";"Pleno dia";"Decrescente";"Céu Claro";"Simples";"Não Informado";"Sim";3;0;3;0;0;0;3;2;"-20.9435249";"-43.81000042";"SR-MG";"DEL5";"UOP02/MG"
190667;2019-02-11;"2";"07:30:00";"MT";364;200;"RONDONOPOLIS";"Falta de Atenção à Condução";"Colisão lateral";"Com Vítimas Feridas";"Pleno dia";"Crescente";"Sol";"Dupla";"Reta";"Não";2;0;1;0;1;0;1;2;"-16.496088";"-54.638554";"SR-MT";"DEL2/2";"UOP01/MT"
190669;2019-02-11;"2";"08:56:00";"DF";20;18,5;"BRASILIA";"Restrição de Visibilidade";"Colisão lateral";"Com Vítimas Feridas";"Pleno dia";"Decrescente";"Nublado";"Dupla";"Reta";"Não";2;0;1;0;1;0;1;2;"-15.61664094";"-47.70906329";"SR-DF";"DF";"UOP04/DF"
190670;2019-02-11;"2";"08:20:00";"ES";101;123,1;"SOORETAMA";"Não guardar distância de segurança";"Saída de leito carroçável";"Com Vítimas Feridas";"Pleno dia";"Decrescente";"Sol";"Simples";"Reta";"Não";3;0;0;1;2;0;1;2;"-19.0523827";"-40.03005981";"SR-ES";"DEL12/4";"UOP01/ES"
190672;2019-02-11;"2";"07:30:00";"BA";324;614;"SALVADOR";"Não guardar distância de segurança";"Colisão traseira";"Com Vítimas Feridas";"Pleno dia";"Decrescente";"Sol";"Múltipla";"Reta";"Sim";2;0;1;0;1;0;1;2;"-12.87048476";"-38.42627048";"SR-BA";"DEL10/1";"UOP01/BA"
190674;2019-02-11;"2";"07:30:00";"SC";101;423,3;"ARARANGUA";"Falta de Atenção à Condução";"Tombamento";"Com Vítimas Feridas";"Pleno dia";"Decrescente";"Nublado";"Dupla";"Reta";"Não";1;0;1;0;0;0;1;1;"-29.0146";"-49.5799";"SR-SC";"DEL8/2";"UOP02/SC"
190675;2019-01-18;"6";"09:30:00";"PB";230;17;"JOAO PESSOA";"Velocidade Incompatível";"Engavetamento";"Com Vítimas Feridas";"Pleno dia";"Decrescente";"Céu Claro";"Dupla";"Reta";"Sim";5;0;1;0;4;0;1;5;"-7.1121";"-34.8426";"SR-PB";"DEL14/1";"UOP00/PB"
190676;2019-02-11;"2";"08:55:00";"RS";290;84;"CACHOEIRINHA";"Falta de Atenção à Condução";"Colisão traseira";"Com Vítimas Feridas";"Pleno dia";"Crescente";"Céu Claro";"Dupla";"Reta";"Sim";2;0;1;0;0;1;1;2;"-29.96376";"-51.097771";"SR-RS";"DEL9/1";"UOP01/RS"
190677;2019-02-11;"2";"08:15:00";"AL";101;75,9;"RIO LARGO";"Falta de Atenção à Condução";"Atropelamento de Pedestre";"Com Vítimas Fatais";"Pleno dia";"Crescente";"Sol";"Dupla";"Reta";"Não";2;1;0;0;0;1;0;1;"-9.413987";"-35.840906";"SR-AL";"DEL13/1";"UOP01/AL"
190678;2019-02-11;"2";"07:30:00";"CE";20;419,5;"MARACANAU";"Desobediência às normas de trânsito pelo condutor";"Colisão transversal";"Com Vítimas Feridas";"Pleno dia";"Crescente";"Sol";"Dupla";"Não Informado";"Sim";2;0;1;0;1;0;1;2;"-3.84452125";"-38.58075684";"SR-CE";"DEL16/1";"UOP02/CE"
190679;2019-02-11;"2";"09:00:00";"RJ";101;102;"CAMPOS DOS GOYTACAZES";"Defeito Mecânico no Veículo";"Queda de ocupante de veículo";"Com Vítimas Feridas";"Pleno dia";"Decrescente";"Céu Claro";"Simples";"Reta";"Não";2;0;2;0;0;0;2;1;"-21.895832";"-41.600277";"SR-RJ";"DEL5/8";"UOP02/RJ"
190680;2019-02-11;"2";"09:50:00";"RS";290;86;"PORTO ALEGRE";"Falta de Atenção à Condução";"Colisão traseira";"Com Vítimas Feridas";"Pleno dia";"Crescente";"Céu Claro";"Múltipla";"Reta";"Sim";5;0;1;1;3;0;2;3;"-29.968412";"-51.117138";"SR-RS";"DEL9/1";"UOP01/RS"
190681;2019-02-11;"2";"09:00:00";"BA";324;619;"SALVADOR";"Falta de Atenção à Condução";"Colisão lateral";"Com Vítimas Feridas";"Pleno dia";"Crescente";"Céu Claro";"Dupla";"Reta";"Não";3;0;2;0;0;1;2;2;"-12.91706609";"-38.46287727";"SR-BA";"DEL10/1";"UOP01/BA"
190682;2019-02-11;"2";"07:40:00";"PE";101;71,1;"RECIFE";"Falta de Atenção à Condução";"Colisão traseira";"Com Vítimas Feridas";"Pleno dia";"Decrescente";"Sol";"Dupla";"Reta";"Sim";2;0;1;0;1;0;1;2;"-8.0857";"-34.9457";"SR-PE";"DEL11/1";"UOP01/PE"
190683;2019-02-11;"2";"10:00:00";"PR";277;711;"SANTA TEREZINHA DE ITAIPU";"Falta de Atenção à Condução";"Colisão transversal";"Com Vítimas Feridas";"Pleno dia";"Crescente";"Céu Claro";"Dupla";"Reta";"Sim";3;0;2;0;1;0;2;2;"-25.454039";"-54.422295";"SR-PR";"DEL7/5";"UOP01/PR"
190684;2019-02-03;"1";"12:00:00";"MG";262;196;"JOAO MONLEVADE";"Defeito Mecânico no Veículo";"Incêndio";"Sem Vítimas";"Pleno dia";"Decrescente";"Sol";"Simples";"Reta";"Não";1;0;0;0;1;0;0;1;"-19.86091";"-43.117249";"SR-MG";"DEL4/3";"UOP01/MG"
190685;2019-02-11;"2";"08:40:00";"CE";116;4;"FORTALEZA";"Falta de Atenção à Condução";"Colisão traseira";"Com Vítimas Feridas";"Pleno dia";"Crescente";"Sol";"Múltipla";"Reta";"Sim";3;0;2;0;1;0;2;2;"-3.7956";"-38.507";"SR-CE";"DEL16/1";"UOP02/CE"
190686;2019-02-11;"2";"09:00:00";"BA";101;236;"CONCEICAO DO ALMEIDA";"Falta de Atenção à Condução";"Colisão traseira";"Sem Vítimas";"Pleno dia";"Decrescente";"Céu Claro";"Simples";"Reta";"Não";2;0;0;0;2;0;0;2;"-12.7763";"-39.1863";"SR-BA";"DEL10/1";"UOP02/BA"
190687;2019-02-11;"2";"09:10:00";"BA";324;624;"SALVADOR";"Desobediência às normas de trânsito pelo condutor";"Colisão traseira";"Com Vítimas Feridas";"Pleno dia";"Crescente";"Sol";"Dupla";"Reta";"Sim";2;0;1;0;1;0;1;2;"-12.94127";"-38.471026";"SR-BA";"DEL10/1";"UOP01/BA"
190689;2019-02-11;"2";"10:25:00";"PE";101;61,4;"RECIFE";"Falta de Atenção à Condução";"Colisão traseira";"Com Vítimas Feridas";"Pleno dia";"Decrescente";"Sol";"Dupla";"Reta";"Sim";3;0;2;0;1;0;2;3;"-8.0003";"-34.9387";"SR-PE";"DEL11/1";"UOP02/PE"
190690;2019-02-11;"2";"10:30:00";"RS";116;264;"CANOAS";"Avarias e/ou desgaste excessivo no pneu";"Tombamento";"Com Vítimas Feridas";"Pleno dia";"Crescente";"Sol";"Múltipla";"Reta";"Sim";2;0;2;0;0;0;2;1;"-29.914425";"-51.177544";"SR-RS";"DEL9/1";"UOP01/RS"
190692;2019-02-11;"2";"08:00:00";"BA";116;670,3;"JEQUIE";"Desobediência às normas de trânsito pelo condutor";"Colisão transversal";"Com Vítimas Feridas";"Pleno dia";"Decrescente";"Céu Claro";"Simples";"Reta";"Não";3;0;2;0;1;0;2;2;"-13.84052802";"-40.10898289";"SR-BA";"DEL10/3";"UOP01/BA"
190693;2019-02-11;"2";"11:20:00";"SP";116;146,1;"SAO JOSE DOS CAMPOS";"Velocidade Incompatível";"Colisão traseira";"Com Vítimas Fatais";"Pleno dia";"Crescente";"Sol";"Dupla";"Não Informado";"Não";5;1;0;0;3;1;0;3;"-23.19079894";"-45.86282188";"SR-SP";"DEL6/2";"UOP01/SP"
190694;2019-02-11;"2";"10:45:00";"RS";116;264;"CANOAS";"Falta de Atenção à Condução";"Colisão lateral";"Sem Vítimas";"Pleno dia";"Crescente";"Céu Claro";"Múltipla";"Reta";"Sim";2;0;0;0;2;0;0;2;"-29.914425";"-51.177544";"SR-RS";"DEL9/1";"UOP01/RS"
190695;2019-02-11;"2";"11:30:00";"ES";101;268;"SERRA";"Falta de Atenção à Condução";"Colisão traseira";"Com Vítimas Feridas";"Pleno dia";"Crescente";"Céu Claro";"Múltipla";"Reta";"Sim";2;0;1;0;1;0;1;2;"-20.2154304";"-40.26992105";"SR-ES";"DEL12/2";"UOP01/ES"
190696;2019-02-03;"1";"17:20:00";"MA";402;1,5;"BACABEIRA";"Falta de Atenção à Condução";"Colisão frontal";"Com Vítimas Feridas";"Anoitecer";"Crescente";"Chuva";"Simples";"Reta";"Não";5;0;1;1;3;0;2;2;"-2.966262";"-44.311607";"SR-MA";"DEL18/1";"UOP01/MA"
190697;2019-02-11;"2";"11:00:00";"CE";222;5,5;"CAUCAIA";"Falta de Atenção à Condução";"Tombamento";"Com Vítimas Feridas";"Pleno dia";"Crescente";"Sol";"Simples";"Curva";"Sim";2;0;1;0;1;0;1;1;"-3.74297";"-38.613312";"SR-CE";"DEL16/1";"UOP01/CE"
190698;2019-02-11;"2";"11:50:00";"MG";40;787,6;"JUIZ DE FORA";"Falta de Atenção à Condução";"Tombamento";"Com Vítimas Feridas";"Pleno dia";"Decrescente";"Céu Claro";"Dupla";"Curva";"Não";1;0;1;0;0;0;1;1;"-21.7599";"-43.4407";"SR-MG";"DEL5";"UOP01/MG"
190699;2019-02-11;"2";"10:00:00";"TO";153;638;"ALIANCA DO TOCANTINS";"Defeito Mecânico no Veículo";"Colisão traseira";"Com Vítimas Feridas";"Pleno dia";"Decrescente";"Céu Claro";"Simples";"Não Informado";"Não";8;0;4;0;4;0;4;2;"-11.430306";"-48.985462";"SR-TO";"UOP01/TO";""
190700;2019-02-11;"2";"09:20:00";"AL";423;89;"DELMIRO GOUVEIA";"Ultrapassagem Indevida";"Saída de leito carroçável";"Com Vítimas Feridas";"Pleno dia";"Crescente";"Sol";"Simples";"Reta";"Não";2;0;2;0;0;0;2;1;"-9.357978";"-38.062927";"SR-BA";"DEL10/7";"UOP01/BA"
190701;2019-02-11;"2";"11:15:00";"MS";158;3;"CASSILANDIA";"Falta de Atenção à Condução";"Colisão traseira";"Com Vítimas Feridas";"Pleno dia";"Crescente";"Nublado";"Simples";"Reta";"Sim";2;0;1;1;0;0;2;2;"-19.119783";"-51.73276";"SR-MS";"DEL3/8";"UOP01/MS"
190702;2019-02-11;"2";"12:00:00";"PR";369;151,1;"LONDRINA";"Desobediência às normas de trânsito pelo condutor";"Colisão traseira";"Com Vítimas Feridas";"Pleno dia";"Decrescente";"Céu Claro";"Dupla";"Reta";"Sim";2;0;2;0;0;0;2;2;"-23.29310967";"-51.16174757";"SR-PR";"DEL7/7";"UOP01/PR"
190703;2019-02-03;"1";"18:20:00";"MS";267;366;"MARACAJU";"Falta de Atenção à Condução";"Queda de ocupante de veículo";"Com Vítimas Fatais";"Anoitecer";"Crescente";"Céu Claro";"Simples";"Reta";"Não";1;1;0;0;0;0;0;1;"-21.64015241";"-55.14448107";"SR-MS";"DEL3/5";"UOP01/MS"
190704;2019-02-11;"2";"09:30:00";"BA";101;534;"SAO JOSE DA VITORIA";"Falta de Atenção à Condução";"Queda de ocupante de veículo";"Com Vítimas Feridas";"Pleno dia";"Decrescente";"Céu Claro";"Simples";"Curva";"Não";2;0;1;0;1;0;1;1;"-15.0218";"-39.3291";"SR-BA";"DEL10/5";"UOP01/BA"
190705;2019-02-11;"2";"11:35:00";"SC";280;127,5;"RIO NEGRINHO";"Mal Súbito";"Colisão frontal";"Com Vítimas Feridas";"Pleno dia";"Crescente";"Céu Claro";"Simples";"Não Informado";"Sim";2;0;2;0;0;0;2;2;"-26.24760062";"-49.52541299";"SR-SC";"DEL8/6";"UOP03/SC"
190706;2019-02-11;"2";"10:50:00";"CE";222;7;"CAUCAIA";"Falta de Atenção à Condução";"Queda de ocupante de veículo";"Com Vítimas Feridas";"Pleno dia";"Crescente";"Céu Claro";"Dupla";"Reta";"Sim";2;0;1;0;1;0;1;2;"-3.73699074";"-38.64852905";"SR-CE";"DEL16/1";"UOP01/CE"
190707;2019-02-11;"2";"12:50:00";"DF";40;5,1;"BRASILIA";"Falta de Atenção à Condução";"Capotamento";"Com Vítimas Feridas";"Pleno dia";"Decrescente";"Céu Claro";"Dupla";"Reta";"Sim";5;0;1;0;4;0;1;2;"-16.020903";"-47.980541";"SR-DF";"DF";"UOP01/DF"
190708;2019-02-11;"2";"13:20:00";"SC";101;40,1;"JOINVILLE";"Pista Escorregadia";"Colisão lateral";"Sem Vítimas";"Pleno dia";"Crescente";"Sol";"Simples";"Viaduto";"Não";2;0;0;0;2;0;0;2;"-26.3166";"-48.8733";"SR-SC";"DEL8/3";"UOP01/SC"
190709;2019-02-11;"2";"13:10:00";"SP";116;284;"EMBU DAS ARTES";"Velocidade Incompatível";"Tombamento";"Com Vítimas Feridas";"Pleno dia";"Crescente";"Céu Claro";"Dupla";"Reta";"Sim";1;0;1;0;0;0;1;1;"-23.67915184";"-46.85857329";"SR-SP";"DEL6/4";"UOP01/SP"
190710;2019-02-11;"2";"11:55:00";"PI";343;342;"TERESINA";"Não guardar distância de segurança";"Colisão traseira";"Com Vítimas Feridas";"Pleno dia";"Crescente";"Céu Claro";"Dupla";"Rotatória";"Sim";1;0;1;0;0;0;1;1;"-5.08284";"-42.750385";"SR-PI";"DEL17/1";"UOP01/PI"
190711;2019-02-10;"1";"05:00:00";"PR";116;199,6;"RIO NEGRO";"Velocidade Incompatível";"Capotamento";"Sem Vítimas";"Plena Noite";"Crescente";"Céu Claro";"Simples";"Curva";"Não";1;0;0;0;1;0;0;1;"-26.03962932";"-49.69534054";"SR-SC";"DEL8/6";"UOP01/SC"
190713;2019-02-11;"2";"12:10:00";"CE";20;370;"MARANGUAPE";"Falta de Atenção à Condução";"Engavetamento";"Com Vítimas Fatais";"Pleno dia";"Decrescente";"Céu Claro";"Simples";"Reta";"Não";7;1;0;0;2;4;0;3;"-4.032512";"-38.992687";"SR-CE";"DEL16/2";"UOP01/CE"
190714;2019-02-11;"2";"12:30:00";"BA";116;747;"POCOES";"Falta de Atenção à Condução";"Colisão traseira";"Com Vítimas Feridas";"Pleno dia";"Decrescente";"Céu Claro";"Simples";"Reta";"Não";2;0;1;0;1;0;1;2;"-14.45338";"-40.34695";"SR-BA";"DEL10/8";"UOP02/BA"
190715;2019-02-11;"2";"13:30:00";"SP";116;270;"TABOAO DA SERRA";"Falta de Atenção à Condução";"Colisão traseira";"Com Vítimas Feridas";"Pleno dia";"Decrescente";"Céu Claro";"Dupla";"Reta";"Sim";3;0;1;0;1;1;1;2;"-23.6079405";"-46.7609527";"SR-SP";"DEL6/4";"UOP01/SP"
190716;2019-02-11;"2";"13:30:00";"SP";116;430;"REGISTRO";"Desobediência às normas de trânsito pelo pedestre";"Atropelamento de Pedestre";"Com Vítimas Feridas";"Pleno dia";"Crescente";"Sol";"Dupla";"Reta";"Não";3;0;1;0;2;0;1;1;"-24.40709884";"-47.74613142";"SR-SP";"DEL6/5";"UOP01/SP"
190717;2019-02-11;"2";"13:20:00";"PI";316;44;"LAGOA DO PIAUI";"Defeito Mecânico no Veículo";"Capotamento";"Com Vítimas Feridas";"Pleno dia";"Decrescente";"Sol";"Simples";"Reta";"Não";2;0;1;0;1;0;1;1;"-5.45453398";"-42.63459574";"SR-PI";"DEL17/1";"UOP02/PI"
190718;2019-02-11;"2";"12:30:00";"PB";361;19,4;"SANTA TERESINHA";"Falta de Atenção à Condução";"Saída de leito carroçável";"Com Vítimas Feridas";"Pleno dia";"Crescente";"Céu Claro";"Simples";"Reta";"Não";2;0;2;0;0;0;2;1;"-7.07547281";"-37.41841632";"SR-PB";"DEL14/3";"UOP01/PB"
190720;2019-02-11;"2";"14:40:00";"RS";158;532;"SANTANA DO LIVRAMENTO";"Falta de Atenção à Condução";"Colisão transversal";"Com Vítimas Fatais";"Pleno dia";"Decrescente";"Chuva";"Simples";"Interseção de vias";"Não";3;1;1;0;1;0;1;2;"-30.786654";"-55.186012";"SR-RS";"DEL9/11";"UOP01/RS"
190721;2019-02-11;"2";"14:50:00";"RJ";101;478;"ANGRA DOS REIS";"Desobediência às normas de trânsito pelo condutor";"Colisão lateral";"Com Vítimas Feridas";"Pleno dia";"Crescente";"Céu Claro";"Simples";"Curva";"Sim";2;0;0;1;1;0;1;2;"-23.00864826";"-44.27593231";"SR-RJ";"DEL5/3";"UOP02/RJ"
190722;2019-02-11;"2";"11:25:00";"PR";376;652,9;"TIJUCAS DO SUL";"Velocidade Incompatível";"Tombamento";"Com Vítimas Feridas";"Pleno dia";"Crescente";"Céu Claro";"Simples";"Curva";"Não";4;0;1;0;3;0;1;4;"-25.84284832";"-49.03781891";"SR-PR";"DEL7/1";"UOP08/PR"
190723;2019-02-11;"2";"12:45:00";"RO";364;307;"PRESIDENTE MEDICI";"Falta de Atenção à Condução";"Colisão transversal";"Com Vítimas Feridas";"Pleno dia";"Crescente";"Chuva";"Múltipla";"Reta";"Sim";2;0;1;1;0;0;2;2;"-11.181452";"-61.901539";"SR-RO";"DEL21/2";"UOP01/RO"
190724;2019-02-11;"2";"15:20:00";"SC";101;146;"ITAPEMA";"Avarias e/ou desgaste excessivo no pneu";"Queda de ocupante de veículo";"Com Vítimas Feridas";"Pleno dia";"Decrescente";"Nublado";"Dupla";"Não Informado";"Sim";1;0;1;0;0;0;1;1;"-27.0918";"-48.6168";"SR-SC";"DEL8/4";"UOP03/SC"
190725;2019-02-11;"2";"11:20:00";"PE";232;31;"MORENO";"Falta de Atenção à Condução";"Capotamento";"Com Vítimas Feridas";"Pleno dia";"Decrescente";"Sol";"Dupla";"Curva";"Não";4;0;2;2;0;0;4;1;"-8.106757";"-35.158428";"SR-PE";"DEL11/1";"UOP04/PE"