"id";"data_inversa";"dia_semana";"horario";"uf";"br";"km";"municipio";"causa_acidente";"tipo_acidente";"classificacao_acidente";"fase_dia";"sentido_via";"condicao_metereologica";"tipo_pista";"tracado_via";"uso_solo";"pessoas";"mortos";"feridos_leves";"feridos_graves";"ilesos";"ignorados";"feridos";"veiculos";"latitude";"longitude";"regional";"delegacia";"uop"
190726;2019-02-11;"2";"15:20:00";"PR";376;305,9;"MAUA DA SERRA";"Pista Escorregadia";"Saída de leito carroçável";"Com Vítimas Feridas";"Pleno dia";"Decrescente";"Chuva";"Dupla";"Curva";"Não";2;0;2;0;0;0;2;1;"-23.938899";"-51.121637";"SR-PR";"DEL7/7";"UOP02/PR"
190727;2019-01-17;"5";"08:00:00";"PB";230;23,6;"JOAO PESSOA";"Falta de Atenção à Condução";"Engavetamento";"Com Vítimas Feridas";"Pleno dia";"Decrescente";"Sol";"Dupla";"Não Informado";"Sim";4;0;2;0;2;0;2;3;"-7.1562";"-34.8574";"SR-PB";"DEL14/1";"UOP00/PB"
190728;2019-02-11;"2";"15:20:00";"GO";153;507,2;"APARECIDA DE GOIANIA";"Desobediência às normas de trânsito pelo pedestre";"Atropelamento de Pedestre";"Com Vítimas Feridas";"Pleno dia";"Crescente";"Sol";"Dupla";"Reta";"Sim";2;0;0;1;1;0;1;1;"-16.7715";"-49.2387";"SR-GO";"DEL1/1";"UOP03/GO"
190730;2019-02-11;"2";"14:35:00";"PI";343;331,6;"TERESINA";"Avarias e/ou desgaste excessivo no pneu";"Capotamento";"Com Vítimas Feridas";"Pleno dia";"Decrescente";"Céu Claro";"Simples";"Reta";"Não";1;0;1;0;0;0;1;1;"-5.058151";"-42.667329";"SR-PI";"DEL17/1";"UOP01/PI"
190732;2019-02-11;"2";"07:40:00";"BA";116;59;"CHORROCHO";"Desobediência às normas de trânsito pelo condutor";"Capotamento";"Com Vítimas Fatais";"Pleno dia";"Decrescente";"Chuva";"Simples";"Reta";"Sim";4;1;1;2;0;0;3;1;"-9.132724";"-39.126727";"SR-BA";"DEL10/7";"UOP01/BA"
190733;2019-02-11;"2";"15:40:00";"PR";376;177,1;"MARINGA";"Falta de Atenção à Condução";"Colisão transversal";"Com Vítimas Feridas";"Pleno dia";"Crescente";"Nublado";"Dupla";"Reta";"Sim";2;0;1;0;1;0;1;2;"-23.412691";"-51.931583";"SR-PR";"DEL7/7";"UOP04/PR"
190734;2019-02-11;"2";"15:50:00";"PR";376;300;"MAUA DA SERRA";"Velocidade Incompatível";"Capotamento";"Com Vítimas Feridas";"Pleno dia";"Decrescente";"Chuva";"Dupla";"Curva";"Não";4;0;4;0;0;0;4;1;"-23.93654522";"-51.16685987";"SR-PR";"DEL7/7";"UOP02/PR"
190735;2019-02-11;"2";"11:15:00";"MG";381;664,6;"PERDOES";"Falta de Atenção à Condução";"Capotamento";"Sem Vítimas";"Pleno dia";"Crescente";"Sol";"Dupla";"Não Informado";"Não";1;0;0;0;1;0;0;1;"-21.0400685";"-45.00156641";"SR-MG";"DEL4/4";"UOP02/MG"
190736;2019-02-11;"2";"14:40:00";"ES";101;149;"LINHARES";"Falta de Atenção à Condução";"Queda de ocupante de veículo";"Com Vítimas Feridas";"Pleno dia";"Crescente";"Sol";"Múltipla";"Reta";"Sim";1;0;0;1;0;0;1;1;"-19.39981598";"-40.06241798";"SR-ES";"DEL12/4";"UOP01/ES"
190737;2019-02-11;"2";"15:10:00";"PR";476;187;"LAPA";"Falta de Atenção à Condução";"Colisão transversal";"Com Vítimas Feridas";"Pleno dia";"Crescente";"Nublado";"Simples";"Reta";"Sim";2;0;1;0;1;0;1;2;"-25.718828";"-49.656811";"SR-PR";"DEL7/1";"UOP04/PR"
190738;2019-02-11;"2";"14:50:00";"MT";70;521;"VARZEA GRANDE";"Desobediência às normas de trânsito pelo condutor";"Colisão lateral";"Com Vítimas Feridas";"Pleno dia";"Decrescente";"Nublado";"Simples";"Reta";"Não";2;0;1;0;1;0;1;2;"-15.66665773";"-56.18284486";"SR-MT";"DEL2/4";"UOP02/MT"
190740;2019-02-11;"2";"14:00:00";"CE";222;274,9;"FRECHEIRINHA";"Desobediência às normas de trânsito pelo condutor";"Colisão lateral";"Com Vítimas Fatais";"Pleno dia";"Decrescente";"Sol";"Simples";"Reta";"Não";2;1;0;0;1;0;0;2;"-3.761448";"-40.765282";"SR-CE";"DEL16/4";"UOP01/CE"
190741;2019-02-11;"2";"15:30:00";"SE";101;102;"SAO CRISTOVAO";"Falta de Atenção do Pedestre";"Atropelamento de Pedestre";"Com Vítimas Feridas";"Pleno dia";"Crescente";"Nublado";"Dupla";"Não Informado";"Não";2;0;1;0;0;1;1;1;"-10.9539";"-37.2221";"SR-SE";"DEL20/2";"UOP01/SE"
190742;2019-01-11;"6";"07:45:00";"PB";412;24;"BOA VISTA";"Ultrapassagem Indevida";"Saída de leito carroçável";"Com Vítimas Feridas";"Pleno dia";"Decrescente";"Sol";"Simples";"Reta";"Não";2;0;2;0;0;0;2;1;"-7.282114";"-36.269737";"SR-PB";"DEL14/2";"UOP02/PB"
190743;2019-02-11;"2";"15:35:00";"PE";232;412,9;"SERRA TALHADA";"Ingestão de Álcool";"Colisão lateral";"Com Vítimas Feridas";"Pleno dia";"Crescente";"Céu Claro";"Simples";"Reta";"Sim";4;0;2;1;1;0;3;2;"-7.983779";"-38.320877";"SR-PE";"DEL11/4";"UOP01/PE"
190744;2019-02-11;"2";"15:50:00";"PR";277;720;"FOZ DO IGUACU";"Não guardar distância de segurança";"Saída de leito carroçável";"Com Vítimas Feridas";"Pleno dia";"Decrescente";"Chuva";"Múltipla";"Não Informado";"Sim";1;0;1;0;0;0;1;1;"-25.487492";"-54.503212";"SR-PR";"DEL7/5";"UOP01/PR"
190745;2019-02-11;"2";"16:20:00";"PR";277;674;"MEDIANEIRA";"Falta de Atenção à Condução";"Tombamento";"Com Vítimas Feridas";"Pleno dia";"Decrescente";"Céu Claro";"Dupla";"Reta";"Sim";1;0;1;0;0;0;1;1;"-25.294872";"-54.115097";"SR-PR";"DEL7/5";"UOP01/PR"
190746;2019-02-05;"3";"08:00:00";"MS";163;693,2;"RIO VERDE DE MATO GROSSO";"Condutor Dormindo";"Colisão com objeto estático";"Com Vítimas Feridas";"Pleno dia";"Decrescente";"Céu Claro";"Dupla";"Não Informado";"Não";1;0;1;0;0;0;1;1;"-18.811814";"-54.82022166";"SR-MS";"DEL3/6";"UOP01/MS"
190748;2019-02-11;"2";"14:50:00";"RJ";493;71;"NOVA IGUACU";"Mal Súbito";"Colisão lateral";"Com Vítimas Feridas";"Pleno dia";"Decrescente";"Céu Claro";"Dupla";"Reta";"Não";3;0;1;0;2;0;1;2;"-22.68223881";"-43.45344544";"SR-RJ";"DEL5/1";"UOP03/RJ"
190749;2019-02-11;"2";"14:00:00";"MT";163;835,7;"SINOP";"Não guardar distância de segurança";"Colisão lateral";"Com Vítimas Feridas";"Pleno dia";"Decrescente";"Céu Claro";"Múltipla";"Reta";"Sim";2;0;2;0;0;0;2;2;"-11.85510819";"-55.49370289";"SR-MT";"DEL2/6";"UOP01/MT"
190752;2019-02-11;"2";"15:40:00";"PR";376;658,8;"TIJUCAS DO SUL";"Velocidade Incompatível";"Saída de leito carroçável";"Sem Vítimas";"Pleno dia";"Decrescente";"Garoa/Chuvisco";"Dupla";"Reta";"Não";1;0;0;0;1;0;0;1;"-25.84734305";"-49.01166737";"SR-PR";"DEL7/1";"UOP08/PR"
190753;2019-02-11;"2";"17:10:00";"MG";267;125,6;"JUIZ DE FORA";"Velocidade Incompatível";"Colisão frontal";"Com Vítimas Fatais";"Pleno dia";"Crescente";"Chuva";"Simples";"Não Informado";"Não";2;1;0;0;1;0;0;2;"-21.70532685";"-43.50595996";"SR-MG";"DEL5";"UOP01/MG"
190754;2019-02-11;"2";"16:00:00";"BA";324;557;"AMELIA RODRIGUES";"Sinalização da via insuficiente ou inadequada";"Engavetamento";"Com Vítimas Feridas";"Pleno dia";"Decrescente";"Céu Claro";"Dupla";"Não Informado";"Não";27;0;1;0;26;0;1;5;"-12.49577677";"-38.64885461";"SR-BA";"DEL10/1";"UOP01/BA"
190755;2019-02-11;"2";"17:20:00";"RS";116;265;"CANOAS";"Falta de Atenção à Condução";"Colisão traseira";"Sem Vítimas";"Anoitecer";"Crescente";"Nublado";"Múltipla";"Reta";"Sim";3;0;0;0;3;0;0;3;"-29.923407";"-51.177811";"SR-RS";"DEL9/1";"UOP01/RS"
190756;2019-02-11;"2";"17:35:00";"SP";116;158;"JACAREI";"Falta de Atenção à Condução";"Tombamento";"Com Vítimas Feridas";"Pleno dia";"Decrescente";"Céu Claro";"Simples";"Desvio Temporário";"Sim";1;0;1;0;0;0;1;1;"-23.25932625";"-45.94993114";"SR-SP";"DEL6/2";"UOP01/SP"
190757;2019-02-11;"2";"16:20:00";"BA";407;119;"SENHOR DO BONFIM";"Velocidade Incompatível";"Engavetamento";"Sem Vítimas";"Pleno dia";"Decrescente";"Sol";"Simples";"Não Informado";"Sim";4;0;0;0;4;0;0;3;"-10.395258";"-40.177784";"SR-BA";"DEL10/4";"UOP01/BA"
190758;2019-02-11;"2";"13:00:00";"BA";116;617,2;"JAGUAQUARA";"Defeito Mecânico no Veículo";"Incêndio";"Sem Vítimas";"Pleno dia";"Crescente";"Céu Claro";"Simples";"Reta";"Não";1;0;0;0;1;0;0;1;"-13.39225367";"-40.02243564";"SR-BA";"DEL10/3";"UOP01/BA"
190759;2019-02-11;"2";"16:20:00";"RJ";40;61,8;"PETROPOLIS";"Desobediência às normas de trânsito pelo condutor";"Colisão transversal";"Com Vítimas Feridas";"Pleno dia";"Crescente";"Céu Claro";"Simples";"Reta";"Não";2;0;0;1;1;0;1;2;"-22.4064";"-43.1475";"SR-RJ";"DEL5/6";"UOP03/RJ"
190760;2019-02-11;"2";"17:55:00";"PR";376;175,8;"MARINGA";"Não guardar distância de segurança";"Colisão traseira";"Com Vítimas Feridas";"Pleno dia";"Crescente";"Céu Claro";"Dupla";"Reta";"Sim";5;0;1;0;4;0;1;3;"-23.41202537";"-51.94228292";"SR-PR";"DEL7/7";"UOP04/PR"
190761;2019-02-11;"2";"14:45:00";"SC";282;304;"VARGEM";"Velocidade Incompatível";"Saída de leito carroçável";"Com Vítimas Feridas";"Pleno dia";"Crescente";"Chuva";"Simples";"Curva";"Não";1;0;1;0;0;0;1;1;"-27.496103";"-50.940418";"SR-SC";"DEL7";"UOP08/SC"
190762;2019-02-11;"2";"18:15:00";"RS";293;11,8;"CAPAO DO LEAO";"Falta de Atenção à Condução";"Colisão transversal";"Com Vítimas Feridas";"Pleno dia";"Decrescente";"Céu Claro";"Simples";"Curva";"Não";2;0;1;0;1;0;1;2;"-31.75590433";"-52.43911743";"SR-RS";"DEL9/7";"UOP01/RS"
190763;2019-02-11;"2";"17:20:00";"MS";163;485,5;"CAMPO GRANDE";"Falta de Atenção à Condução";"Colisão traseira";"Com Vítimas Feridas";"Pleno dia";"Decrescente";"Céu Claro";"Simples";"Interseção de vias";"Sim";3;0;1;0;2;0;1;2;"-20.43787";"-54.542948";"SR-MS";"DEL3/1";"UOP02/MS"
190764;2019-02-11;"2";"15:50:00";"MG";116;519,8;"ALPERCATA";"Condutor Dormindo";"Colisão lateral";"Com Vítimas Feridas";"Pleno dia";"Decrescente";"Céu Claro";"Simples";"Não Informado";"Não";3;0;2;0;1;0;2;2;"-19.0";"-42.0";"SR-MG";"DEL4/6";"UOP02/MG"
190765;2019-02-11;"2";"18:00:00";"MG";251;509,6;"FRANCISCO SA";"Falta de Atenção à Condução";"Colisão transversal";"Com Vítimas Feridas";"Pleno dia";"Crescente";"Céu Claro";"Simples";"Reta";"Não";5;0;2;1;2;0;3;2;"-16.6305";"-43.6952";"SR-MG";"DEL4/12";"UOP01/MG"
190766;2019-02-11;"2";"16:30:00";"MG";116;539,6;"SANTA RITA DE MINAS";"Falta de Atenção à Condução";"Colisão transversal";"Com Vítimas Feridas";"Pleno dia";"Crescente";"Sol";"Simples";"Reta";"Sim";2;0;0;1;1;0;1;2;"-19.875843";"-42.131769";"SR-MG";"DEL4/6";"UOP02/MG"
190767;2019-02-11;"2";"17:00:00";"CE";304;80;"ARACATI";"Avarias e/ou desgaste excessivo no pneu";"Queda de ocupante de veículo";"Com Vítimas Feridas";"Pleno dia";"Decrescente";"Céu Claro";"Simples";"Reta";"Não";4;0;1;1;0;2;2;1;"-4.725842";"-37.554214";"SR-CE";"DEL16/3";"UOP03/CE"
190768;2019-02-11;"2";"18:15:00";"GO";153;502;"GOIANIA";"Falta de Atenção à Condução";"Colisão traseira";"Sem Vítimas";"Pleno dia";"Crescente";"Nublado";"Dupla";"Reta";"Sim";3;0;0;0;3;0;0;3;"-16.7287";"-49.2424";"SR-GO";"DEL1/1";"UOP01/GO"
190769;2019-02-11;"2";"18:25:00";"ES";101;294,8;"CARIACICA";"Falta de Atenção à Condução";"Engavetamento";"Sem Vítimas";"Pleno dia";"Decrescente";"Céu Claro";"Dupla";"Não Informado";"Sim";3;0;0;0;3;0;0;3;"-20.3316807";"-40.39943587";"SR-ES";"DEL12/1";"UOP01/ES"
190770;2019-02-11;"2";"18:30:00";"SC";101;207;"SAO JOSE";"Falta de Atenção à Condução";"Colisão traseira";"Com Vítimas Feridas";"Pleno dia";"Crescente";"Céu Claro";"Dupla";"Não Informado";"Sim";2;0;1;0;1;0;1;2;"-27.6034";"-48.632";"SR-SC";"DEL8/1";"UOP01/SC"
190771;2019-02-11;"2";"16:10:00";"MT";364;453;"VARZEA GRANDE";"Restrição de Visibilidade";"Colisão traseira";"Com Vítimas Feridas";"Pleno dia";"Decrescente";"Nublado";"Simples";"Desvio Temporário";"Não";3;0;1;0;2;0;1;3;"-15.574688";"-56.242603";"SR-MT";"DEL2/4";"UOP02/MT"
190772;2019-02-11;"2";"07:00:00";"MG";267;30;"ARGIRITA";"Falta de Atenção à Condução";"Queda de ocupante de veículo";"Com Vítimas Feridas";"Pleno dia";"Decrescente";"Nublado";"Simples";"Curva";"Não";1;0;1;0;0;0;1;1;"-21.6416";"-42.84";"SR-MG";"DEL4/7";"UOP01/MG"
190773;2019-02-11;"2";"18:00:00";"SC";470;138;"RIO DO SUL";"Não guardar distância de segurança";"Colisão traseira";"Com Vítimas Feridas";"Pleno dia";"Crescente";"Chuva";"Simples";"Reta";"Sim";5;0;2;0;3;0;2;2;"-27.207214";"-49.648476";"SR-SC";"DEL8/4";"UOP02/SC"
190774;2019-02-11;"2";"18:30:00";"MG";381;822,9;"CAREACU";"Velocidade Incompatível";"Saída de leito carroçável";"Com Vítimas Feridas";"Anoitecer";"Crescente";"Nublado";"Dupla";"Reta";"Não";3;0;2;1;0;0;3;1;"-22.0919";"-45.7087";"SR-MG";"DEL09";"UOP02/MG"
190775;2019-02-11;"2";"17:20:00";"MS";463;2,9;"DOURADOS";"Desobediência às normas de trânsito pelo condutor";"Colisão frontal";"Com Vítimas Feridas";"Pleno dia";"Decrescente";"Céu Claro";"Simples";"Interseção de vias";"Sim";3;0;1;0;2;0;1;2;"-22.259155";"-54.823421";"SR-MS";"DEL3/4";"UOP01/MS"
190776;2019-02-11;"2";"18:20:00";"PR";376;170,3;"MARINGA";"Defeito Mecânico no Veículo";"Queda de ocupante de veículo";"Com Vítimas Feridas";"Anoitecer";"Crescente";"Chuva";"Dupla";"Reta";"Sim";2;0;1;1;0;0;2;1;"-23.418228";"-51.975006";"SR-PR";"DEL7/7";"UOP04/PR"
190777;2019-02-11;"2";"18:00:00";"ES";101;270;"SERRA";"Desobediência às normas de trânsito pelo condutor";"Atropelamento de Pedestre";"Com Vítimas Feridas";"Anoitecer";"Crescente";"Céu Claro";"Múltipla";"Curva";"Sim";2;0;1;0;1;0;1;1;"-20.22636191";"-40.27079344";"SR-ES";"DEL12/2";"UOP01/ES"
190778;2019-02-11;"2";"18:01:00";"RJ";356;170;"SAO JOAO DA BARRA";"Desobediência às normas de trânsito pelo condutor";"Colisão transversal";"Com Vítimas Feridas";"Pleno dia";"Crescente";"Céu Claro";"Simples";"Reta";"Sim";3;0;1;0;2;0;1;2;"-21.718555";"-41.101276";"SR-RJ";"DEL5/8";"UOP02/RJ"
190779;2019-02-11;"2";"18:30:00";"CE";116;36;"HORIZONTE";"Ingestão de Álcool";"Atropelamento de Pedestre";"Com Vítimas Feridas";"Plena Noite";"Crescente";"Céu Claro";"Dupla";"Reta";"Sim";2;0;1;0;1;0;1;1;"-4.0756";"-38.5001";"SR-CE";"DEL16/1";"UOP02/CE"
190780;2019-02-11;"2";"18:10:00";"MG";116;418;"GOVERNADOR VALADARES";"Falta de Atenção à Condução";"Colisão lateral";"Com Vítimas Feridas";"Pleno dia";"Crescente";"Céu Claro";"Simples";"Reta";"Sim";2;0;1;0;1;0;1;2;"-18.8857681";"-41.9495915";"SR-MG";"DEL4/6";"UOP01/MG"
190781;2019-01-30;"4";"07:10:00";"MG";251;251;"CURRAL DE DENTRO";"Falta de Atenção à Condução";"Tombamento";"Sem Vítimas";"Pleno dia";"Crescente";"Céu Claro";"Simples";"Reta";"Não";1;0;0;0;1;0;0;1;"-15.9815";"-41.8442";"SR-MG";"DEL4/11";"UOP02/MG"
190782;2019-02-11;"2";"18:00:00";"PE";407;124;"PETROLINA";"Falta de Atenção à Condução";"Colisão transversal";"Com Vítimas Feridas";"Anoitecer";"Crescente";"Céu Claro";"Dupla";"Rotatória";"Sim";2;0;2;0;0;0;2;2;"-9.375881";"-40.537764";"SR-PE";"DEL11/6";"UOP01/PE"
190784;2019-02-11;"2";"19:30:00";"SC";101;191;"BIGUACU";"Pista Escorregadia";"Colisão com objeto estático";"Com Vítimas Feridas";"Anoitecer";"Decrescente";"Chuva";"Múltipla";"Reta";"Não";1;0;1;0;0;0;1;1;"-27.4847";"-48.6476";"SR-SC";"DEL8/1";"UOP01/SC"
190785;2019-02-11;"2";"17:50:00";"RO";364;716;"PORTO VELHO";"Falta de Atenção à Condução";"Engavetamento";"Sem Vítimas";"Pleno dia";"Decrescente";"Céu Claro";"Dupla";"Reta";"Não";4;0;0;0;4;0;0;4;"-8.7924692";"-63.90468489";"SR-RO";"DEL21/1";"UOP01/RO"
190786;2019-02-11;"2";"18:10:00";"RR";174;503;"BOA VISTA";"Falta de Atenção à Condução";"Colisão lateral";"Com Vítimas Feridas";"Pleno dia";"Decrescente";"Céu Claro";"Dupla";"Rotatória";"Sim";3;0;1;0;2;0;1;2;"2.794901";"-60.698441";"SR-RR";"UOP01/RR";""
190788;2019-02-11;"2";"19:20:00";"PI";402;39;"PARNAIBA";"Animais na Pista";"Atropelamento de Animal";"Com Vítimas Feridas";"Plena Noite";"Decrescente";"Céu Claro";"Simples";"Reta";"Não";1;0;1;0;0;0;1;1;"-2.932223";"-41.754227";"SR-PI";"DEL17/5";"UOP01/PI"
190789;2019-02-11;"2";"18:50:00";"RS";285;326,6;"CARAZINHO";"Velocidade Incompatível";"Saída de leito carroçável";"Com Vítimas Feridas";"Pleno dia";"Decrescente";"Chuva";"Simples";"Não Informado";"Não";4;0;1;0;3;0;1;1;"-28.271332";"-52.678734";"SR-RS";"DEL08";"UOP03/RS"
190790;2019-02-11;"2";"17:02:00";"SC";101;152;"ITAPEMA";"Falta de Atenção à Condução";"Colisão traseira";"Com Vítimas Feridas";"Pleno dia";"Crescente";"Nublado";"Dupla";"Reta";"Não";2;0;1;0;1;0;1;2;"-27.1448";"-48.6102";"SR-SC";"DEL8/4";"UOP03/SC"
190791;2019-02-11;"2";"19:30:00";"PR";373;183;"PONTA GROSSA";"Falta de Atenção à Condução";"Colisão transversal";"Com Vítimas Feridas";"Anoitecer";"Decrescente";"Céu Claro";"Dupla";"Reta";"Não";5;0;4;0;1;0;4;2;"-25.03942958";"-50.27847469";"SR-PR";"DEL7/3";"UOP01/PR"
190792;2019-02-11;"2";"19:35:00";"PE";101;47,5;"ABREU E LIMA";"Velocidade Incompatível";"Colisão com objeto estático";"Sem Vítimas";"Plena Noite";"Decrescente";"Nublado";"Múltipla";"Reta";"Sim";1;0;0;0;0;1;0;1;"-7.8893";"-34.9037";"SR-PE";"DEL11/1";"UOP02/PE"
190793;2019-02-11;"2";"19:30:00";"PE";101;183,7;"PALMARES";"Deficiência ou não Acionamento do Sistema de Iluminação/Sinalização do Veículo";"Colisão traseira";"Com Vítimas Feridas";"Plena Noite";"Decrescente";"Céu Claro";"Dupla";"Não Informado";"Sim";2;0;1;0;0;1;1;2;"-8.6663";"-35.573";"SR-PE";"DEL11/1";"UOP03/PE"
190794;2019-02-11;"2";"21:00:00";"SP";459;30,3;"LORENA";"Desobediência às normas de trânsito pelo condutor";"Colisão transversal";"Com Vítimas Feridas";"Plena Noite";"Crescente";"Ignorado";"Dupla";"Reta";"Não";2;0;2;0;0;0;2;2;"-22.72730259";"-45.10220043";"SR-SP";"DEL6/8";"UOP03/SP"
190795;2019-02-11;"2";"20:30:00";"SP";381;36,8;"ATIBAIA";"Falta de Atenção à Condução";"Colisão lateral";"Com Vítimas Feridas";"Plena Noite";"Decrescente";"Céu Claro";"Dupla";"Reta";"Não";2;0;1;0;1;0;1;2;"-23.097073";"-46.571808";"SR-SP";"DEL6/3";"UOP01/SP"
190796;2019-02-11;"2";"21:00:00";"RS";392;352,4;"SANTA MARIA";"Falta de Atenção à Condução";"Tombamento";"Com Vítimas Feridas";"Plena Noite";"Crescente";"Nublado";"Simples";"Reta";"Sim";1;0;1;0;0;0;1;1;"-29.720404";"-53.807632";"SR-RS";"DEL9/9";"UOP01/RS"
190797;2019-02-11;"2";"21:00:00";"SC";101;218,4;"PALHOCA";"Defeito Mecânico no Veículo";"Colisão traseira";"Sem Vítimas";"Plena Noite";"Crescente";"Garoa/Chuvisco";"Dupla";"Interseção de vias";"Sim";2;0;0;0;2;0;0;2;"-27.680284";"-48.66909212";"SR-SC";"DEL8/1";"UOP02/SC"
190798;2019-02-11;"2";"20:30:00";"PE";101;48,2;"ABREU E LIMA";"Falta de Atenção à Condução";"Colisão transversal";"Sem Vítimas";"Plena Noite";"Crescente";"Nublado";"Múltipla";"Retorno Regulamentado";"Sim";2;0;0;0;2;0;0;2;"-7.898";"-34.9025";"SR-PE";"DEL11/1";"UOP02/PE"
190799;2019-02-11;"2";"09:50:00";"SC";282;219,5;"LAGES";"Ingestão de álcool e/ou substâncias psicoativas pelo pedestre";"Atropelamento de Pedestre";"Com Vítimas Feridas";"Pleno dia";"Crescente";"Sol";"Simples";"Reta";"Sim";2;0;0;1;1;0;1;1;"-27.795521";"-50.323608";"SR-SC";"DEL8/5";"UOP01/SC"
190800;2019-02-11;"2";"19:30:00";"RJ";40;89;"PETROPOLIS";"Defeito Mecânico no Veículo";"Saída de leito carroçável";"Sem Vítimas";"Plena Noite";"Crescente";"Céu Claro";"Dupla";"Não Informado";"Não";1;0;0;0;1;0;0;1;"-22.55324347";"-43.23687337";"SR-RJ";"DEL5/6";"UOP03/RJ"
190801;2019-02-11;"2";"20:00:00";"MT";163;602;"NOVA MUTUM";"Falta de Atenção do Pedestre";"Atropelamento de Pedestre";"Com Vítimas Feridas";"Plena Noite";"Decrescente";"Nublado";"Simples";"Reta";"Não";2;0;1;0;1;0;1;1;"-13.76823097";"-56.05636597";"SR-MT";"DEL2/4";"UOP01/MT"
190802;2019-02-11;"2";"18:55:00";"RJ";101;472;"ANGRA DOS REIS";"Ingestão de Substâncias Psicoativas";"Colisão traseira";"Sem Vítimas";"Anoitecer";"Decrescente";"Nublado";"Simples";"Curva";"Sim";2;0;0;0;2;0;0;2;"-22.991113";"-44.233098";"SR-RJ";"DEL5/3";"UOP02/RJ"
190803;2019-02-11;"2";"21:45:00";"SP";153;79,8;"BADY BASSITT";"Ingestão de Álcool";"Atropelamento de Pedestre";"Com Vítimas Feridas";"Plena Noite";"Crescente";"Céu Claro";"Simples";"Não Informado";"Não";4;0;1;1;2;0;2;1;"-20.906729";"-49.47097";"SR-SP";"DEL6/9";"UOP01/SP"
190804;2019-02-11;"2";"21:00:00";"SP";381;37;"ATIBAIA";"Falta de Atenção à Condução";"Colisão traseira";"Com Vítimas Feridas";"Plena Noite";"Decrescente";"Céu Claro";"Dupla";"Reta";"Não";2;0;1;0;1;0;1;2;"-23.10466133";"-46.56844854";"SR-SP";"DEL6/3";"UOP02/SP"
190805;2019-02-11;"2";"21:17:00";"MG";365;320,2;"SAO GONCALO DO ABAETE";"Falta de Atenção à Condução";"Colisão lateral";"Com Vítimas Feridas";"Plena Noite";"Crescente";"Céu Claro";"Dupla";"Reta";"Não";54;0;32;12;10;0;44;2;"-18.269438";"-45.885796";"SR-MG";"DEL4/10";"UOP01/MG"
190806;2019-02-11;"2";"22:00:00";"MG";381;937,1;"EXTREMA";"Desobediência às normas de trânsito pelo condutor";"Colisão lateral";"Com Vítimas Feridas";"Plena Noite";"Decrescente";"Céu Claro";"Dupla";"Curva";"Não";3;0;2;0;1;0;2;2;"-22.8143";"-46.2913";"SR-MG";"DEL09";"UOP03/MG"
190808;2019-02-11;"2";"20:45:00";"PB";104;160,2;"BARRA DE SANTANA";"Desobediência às normas de trânsito pelo condutor";"Colisão transversal";"Com Vítimas Feridas";"Plena Noite";"Crescente";"Nublado";"Simples";"Curva";"Não";3;0;0;1;2;0;1;2;"-7.524281";"-35.992741";"SR-PB";"DEL14/2";"UOP03/PB"
190809;2019-02-11;"2";"18:40:00";"PE";232;104,9;"BEZERROS";"Falta de Atenção do Pedestre";"Atropelamento de Pedestre";"Com Vítimas Feridas";"Plena Noite";"Decrescente";"Céu Claro";"Dupla";"Reta";"Não";2;0;0;1;0;1;1;1;"-8.25219";"-35.76585";"SR-PE";"DEL11/2";"UOP02/PE"
190810;2019-02-11;"2";"20:10:00";"SC";282;549,5;"CHAPECO";"Velocidade Incompatível";"Colisão frontal";"Com Vítimas Feridas";"Plena Noite";"Crescente";"Chuva";"Simples";"Reta";"Não";2;0;0;1;1;0;1;2;"-26.962664";"-52.762272";"SR-SC";"DEL7";"UOP01/SC"
190811;2019-02-11;"2";"20:15:00";"PI";343;202,9;"PIRIPIRI";"Animais na Pista";"Saída de leito carroçável";"Com Vítimas Feridas";"Plena Noite";"Crescente";"Céu Claro";"Simples";"Reta";"Sim";3;0;1;1;1;0;2;1;"-4.401662";"-41.865887";"SR-PI";"DEL17/2";"UOP01/PI"
190812;2019-02-11;"2";"13:30:00";"PR";277;420;"CANTAGALO";"Velocidade Incompatível";"Saída de leito carroçável";"Com Vítimas Feridas";"Pleno dia";"Decrescente";"Nublado";"Simples";"Reta";"Não";1;0;1;0;0;0;1;1;"-25.38094363";"-52.11699486";"SR-PR";"DEL7/4";"UOP03/PR"
190813;2019-02-11;"2";"22:05:00";"CE";222;2;"FORTALEZA";"Falta de Atenção do Pedestre";"Atropelamento de Pedestre";"Com Vítimas Feridas";"Plena Noite";"Crescente";"Céu Claro";"Múltipla";"Reta";"Sim";2;0;2;0;0;0;2;1;"-3.739117";"-38.586914";"SR-CE";"DEL16/1";"UOP01/CE"
190814;2019-02-03;"1";"16:40:00";"SP";116;299;"SAO LOURENCO DA SERRA";"Falta de Atenção à Condução";"Colisão traseira";"Com Vítimas Feridas";"Pleno dia";"Decrescente";"Céu Claro";"Dupla";"Reta";"Não";3;0;1;0;2;0;1;2;"-23.78784381";"-46.91373652";"SR-SP";"DEL6/4";"UOP01/SP"
190815;2019-02-11;"2";"19:30:00";"SC";282;397,1;"JOACABA";"Velocidade Incompatível";"Saída de leito carroçável";"Com Vítimas Feridas";"Plena Noite";"Crescente";"Chuva";"Simples";"Curva";"Não";1;0;0;1;0;0;1;1;"-27.149353";"-51.607876";"SR-SC";"DEL7";"UOP07/SC"