"id";"data_inversa";"dia_semana";"horario";"uf";"br";"km";"municipio";"causa_acidente";"tipo_acidente";"classificacao_acidente";"fase_dia";"sentido_via";"condicao_metereologica";"tipo_pista";"tracado_via";"uso_solo";"pessoas";"mortos";"feridos_leves";"feridos_graves";"ilesos";"ignorados";"feridos";"veiculos";"latitude";"longitude";"regional";"delegacia";"uop"
190816;2019-02-11;"2";"21:10:00";"RO";364;710;"PORTO VELHO";"Ingestão de Álcool";"Colisão traseira";"Com Vítimas Feridas";"Plena Noite";"Decrescente";"Nublado";"Dupla";"Interseção de vias";"Sim";3;0;2;0;1;0;2;2;"-8.78536529";"-63.85934483";"SR-RO";"DEL21/1";"UOP01/RO"
190817;2019-02-11;"2";"21:40:00";"MG";50;92;"UBERLANDIA";"Falta de Atenção à Condução";"Colisão traseira";"Com Vítimas Feridas";"Plena Noite";"Crescente";"Céu Claro";"Dupla";"Reta";"Não";5;0;2;0;3;0;2;2;"-19.0769";"-48.1883";"SR-MG";"DEL4/15";"UOP01/MG"
190818;2019-02-11;"2";"18:50:00";"PA";316;74,9;"SAO FRANCISCO DO PARA";"Desobediência às normas de trânsito pelo condutor";"Colisão frontal";"Com Vítimas Feridas";"Anoitecer";"Decrescente";"Nublado";"Simples";"Curva";"Não";4;0;1;1;2;0;2;3;"-1.29400219";"-47.82335758";"SR-PA";"DEL19/1";"UOP02/PA"
190820;2019-02-11;"2";"19:35:00";"SC";282;397,1;"JOACABA";"Falta de Atenção à Condução";"Colisão traseira";"Com Vítimas Feridas";"Anoitecer";"Decrescente";"Chuva";"Simples";"Curva";"Não";4;0;1;1;2;0;2;3;"-27.149353";"-51.607876";"SR-SC";"DEL7";"UOP07/SC"
190821;2019-02-11;"2";"15:00:00";"PI";135;419;"REDENCAO DO GURGUEIA";"Defeito na Via";"Capotamento";"Com Vítimas Feridas";"Pleno dia";"Crescente";"Céu Claro";"Simples";"Reta";"Não";3;0;1;1;1;0;2;1;"-9.471015";"-44.697479";"SR-PI";"DEL17/3";"UOP02/PI"
190822;2019-02-11;"2";"23:30:00";"MS";419;321;"NIOAQUE";"Animais na Pista";"Queda de ocupante de veículo";"Com Vítimas Feridas";"Plena Noite";"Crescente";"Céu Claro";"Simples";"Reta";"Não";2;0;2;0;0;0;2;1;"-21.077589";"-55.803337";"SR-MS";"DEL3/3";"UOP01/MS"
190823;2019-02-11;"2";"21:15:00";"SC";101;260;"PAULO LOPES";"Condutor Dormindo";"Colisão com objeto estático";"Com Vítimas Feridas";"Plena Noite";"Crescente";"Nublado";"Dupla";"Reta";"Não";1;0;1;0;0;0;1;1;"-28.0326";"-48.707";"SR-SC";"DEL8/2";"UOP03/SC"
190824;2019-02-11;"2";"20:30:00";"SC";280;70;"JARAGUA DO SUL";"Falta de Atenção à Condução";"Colisão frontal";"Com Vítimas Feridas";"Plena Noite";"Decrescente";"Chuva";"Simples";"Reta";"Sim";3;0;2;0;1;0;2;2;"-26.46521";"-49.126793";"SR-SC";"DEL8/3";"UOP03/SC"
190825;2019-02-12;"3";"02:40:00";"GO";153;616;"MORRINHOS";"Animais na Pista";"Atropelamento de Animal";"Sem Vítimas";"Plena Noite";"Crescente";"Nublado";"Dupla";"Reta";"Não";1;0;0;0;1;0;0;1;"-17.6864";"-49.159";"SR-GO";"DEL1/3";"UOP01/GO"
190826;2019-02-12;"3";"02:30:00";"RJ";116;304,4;"RESENDE";"Falta de Atenção do Pedestre";"Atropelamento de Pedestre";"Com Vítimas Fatais";"Plena Noite";"Crescente";"Céu Claro";"Simples";"Reta";"Sim";2;1;0;0;1;0;0;1;"-22.45909524";"-44.43743348";"SR-RJ";"DEL5/7";"UOP03/RJ"
190827;2019-02-12;"3";"03:15:00";"ES";101;1,5;"VITORIA";"Falta de Atenção à Condução";"Queda de ocupante de veículo";"Com Vítimas Feridas";"Plena Noite";"Crescente";"Céu Claro";"Dupla";"Reta";"Não";1;0;1;0;0;0;1;1;"-20.25216415";"-40.28761335";"SR-ES";"DEL12/2";"UOP01/ES"
190828;2019-02-12;"3";"03:00:00";"SE";101;172;"SANTA LUZIA DO ITANHY";"Desobediência às normas de trânsito pelo condutor";"Saída de leito carroçável";"Com Vítimas Feridas";"Plena Noite";"Decrescente";"Chuva";"Simples";"Não Informado";"Não";1;0;0;1;0;0;1;1;"-11.3393";"-37.5944";"SR-SE";"DEL20/2";"UOP01/SE"
190829;2019-02-12;"3";"02:30:00";"PE";232;46;"VITORIA DE SANTO ANTAO";"Falta de Atenção à Condução";"Saída de leito carroçável";"Com Vítimas Feridas";"Plena Noite";"Decrescente";"Céu Claro";"Dupla";"Reta";"Não";5;0;4;0;1;0;4;1;"-8.13311558";"-35.28801084";"SR-PE";"DEL11/1";"UOP04/PE"
190830;2019-02-12;"3";"02:50:00";"SC";101;392,5;"CRICIUMA";"Condutor Dormindo";"Colisão com objeto estático";"Com Vítimas Feridas";"Plena Noite";"Crescente";"Nublado";"Dupla";"Reta";"Não";1;0;1;0;0;0;1;1;"-28.8103";"-49.3818";"SR-SC";"DEL8/2";"UOP02/SC"
190831;2019-02-12;"3";"04:10:00";"PR";116;115,8;"CURITIBA";"Velocidade Incompatível";"Colisão com objeto estático";"Com Vítimas Fatais";"Plena Noite";"Decrescente";"Nublado";"Dupla";"Reta";"Sim";1;1;0;0;0;0;0;1;"-25.544559";"-49.30146";"SR-PR";"DEL7/1";"UOP06/PR"
190832;2019-02-12;"3";"04:50:00";"SP";381;43,5;"ATIBAIA";"Falta de Atenção à Condução";"Colisão traseira";"Com Vítimas Fatais";"Plena Noite";"Decrescente";"Nublado";"Dupla";"Reta";"Sim";4;1;2;0;1;0;2;2;"-23.138622";"-46.575844";"SR-SP";"DEL6/3";"UOP02/SP"
190833;2019-02-12;"3";"04:30:00";"SP";381;63;"MAIRIPORA";"Condutor Dormindo";"Colisão traseira";"Com Vítimas Feridas";"Plena Noite";"Crescente";"Céu Claro";"Dupla";"Reta";"Não";2;0;0;1;1;0;1;2;"-23.29460917";"-46.57219291";"SR-SP";"DEL6/3";"UOP02/SP"
190834;2019-02-12;"3";"04:40:00";"PR";376;544;"PALMEIRA";"Falta de Atenção à Condução";"Saída de leito carroçável";"Com Vítimas Feridas";"Plena Noite";"Decrescente";"Nevoeiro/Neblina";"Dupla";"Não Informado";"Não";1;0;1;0;0;0;1;1;"-25.38238027";"-49.8067644";"SR-PR";"DEL7/1";"UOP05/PR"
190835;2019-02-12;"3";"04:40:00";"SP";116;348;"MIRACATU";"Condutor Dormindo";"Colisão com objeto estático";"Com Vítimas Feridas";"Plena Noite";"Crescente";"Chuva";"Dupla";"Curva";"Não";1;0;1;0;0;0;1;1;"-24.03925266";"-47.19177246";"SR-SP";"DEL6/4";"UOP02/SP"
190837;2019-02-12;"3";"05:50:00";"ES";101;264,9;"SERRA";"Não guardar distância de segurança";"Colisão traseira";"Com Vítimas Feridas";"Amanhecer";"Decrescente";"Ignorado";"Múltipla";"Reta";"Sim";2;0;1;0;1;0;1;2;"-20.17334072";"-40.26721738";"SR-ES";"DEL12/2";"UOP01/ES"
190838;2019-02-12;"3";"05:17:00";"PE";101;64,8;"RECIFE";"Carga excessiva e/ou mal acondicionada";"Danos eventuais";"Sem Vítimas";"Amanhecer";"Crescente";"Céu Claro";"Dupla";"Reta";"Sim";1;0;0;0;1;0;0;1;"-8.0266";"-34.9429";"SR-PE";"DEL11/1";"UOP01/PE"
190839;2019-02-12;"3";"06:10:00";"PR";376;448,9;"TIBAGI";"Velocidade Incompatível";"Saída de leito carroçável";"Com Vítimas Fatais";"Amanhecer";"Crescente";"Chuva";"Dupla";"Curva";"Não";2;1;0;1;0;0;1;1;"-24.863";"-50.4474";"SR-PR";"DEL7/3";"UOP05/PR"
190840;2019-02-12;"3";"07:00:00";"PR";376;177;"MARINGA";"Fenômenos da Natureza";"Capotamento";"Com Vítimas Feridas";"Pleno dia";"Crescente";"Chuva";"Múltipla";"Reta";"Sim";1;0;1;0;0;0;1;1;"-23.412691";"-51.931583";"SR-PR";"DEL7/7";"UOP04/PR"
190841;2019-02-12;"3";"05:55:00";"SE";235;35,2;"AREIA BRANCA";"Falta de Atenção à Condução";"Colisão transversal";"Com Vítimas Feridas";"Amanhecer";"Decrescente";"Céu Claro";"Simples";"Reta";"Sim";2;0;0;1;1;0;1;2;"-10.763301";"-37.320831";"SR-SE";"DEL20/1";"UOP02/SE"
190842;2019-02-12;"3";"07:00:00";"PR";376;174;"MARINGA";"Falta de Atenção à Condução";"Colisão lateral";"Com Vítimas Feridas";"Pleno dia";"Crescente";"Chuva";"Dupla";"Rotatória";"Sim";2;0;1;0;1;0;1;2;"-23.411356";"-51.940777";"SR-PR";"DEL7/7";"UOP04/PR"
190843;2019-02-12;"3";"07:10:00";"SC";101;110,9;"NAVEGANTES";"Ultrapassagem Indevida";"Colisão lateral";"Com Vítimas Feridas";"Amanhecer";"Decrescente";"Céu Claro";"Dupla";"Reta";"Não";2;0;1;0;1;0;1;2;"-26.8397";"-48.714";"SR-SC";"DEL8/4";"UOP04/SC"
190844;2019-02-12;"3";"06:50:00";"SC";101;116,1;"ITAJAI";"Falta de Atenção à Condução";"Colisão traseira";"Com Vítimas Feridas";"Amanhecer";"Decrescente";"Nublado";"Dupla";"Reta";"Sim";2;0;1;0;1;0;1;2;"-26.8877";"-48.7222";"SR-SC";"DEL8/4";"UOP04/SC"
190845;2019-02-12;"3";"07:00:00";"ES";101;266,1;"SERRA";"Falta de Atenção à Condução";"Colisão transversal";"Com Vítimas Feridas";"Pleno dia";"Crescente";"Céu Claro";"Simples";"Reta";"Sim";3;0;1;0;2;0;1;2;"-20.19575554";"-40.26895199";"SR-ES";"DEL12/2";"UOP01/ES"
190846;2019-02-12;"3";"07:10:00";"PR";476;123;"CURITIBA";"Falta de Atenção à Condução";"Colisão traseira";"Com Vítimas Feridas";"Pleno dia";"Crescente";"Céu Claro";"Dupla";"Reta";"Sim";2;0;1;0;1;0;1;2;"-25.392904";"-49.209557";"SR-PR";"DEL7/1";"UOP06/PR"
190847;2019-02-12;"3";"05:55:00";"PE";428;190,8;"PETROLINA";"Falta de Atenção à Condução";"Colisão transversal";"Com Vítimas Feridas";"Amanhecer";"Decrescente";"Céu Claro";"Dupla";"Retorno Regulamentado";"Não";3;0;2;0;1;0;2;2;"-9.372067";"-40.486843";"SR-PE";"DEL11/6";"UOP01/PE"
190848;2019-02-12;"3";"07:30:00";"SC";101;120,8;"ITAJAI";"Falta de Atenção à Condução";"Tombamento";"Com Vítimas Feridas";"Pleno dia";"Crescente";"Nublado";"Dupla";"Curva";"Sim";1;0;1;0;0;0;1;1;"-26.9211";"-48.7084";"SR-SC";"DEL8/4";"UOP04/SC"
190849;2019-02-12;"3";"07:35:00";"PR";376;181;"MARINGA";"Fenômenos da Natureza";"Tombamento";"Com Vítimas Feridas";"Pleno dia";"Crescente";"Chuva";"Dupla";"Reta";"Sim";1;0;1;0;0;0;1;1;"-23.42985897";"-51.89048767";"SR-PR";"DEL7/7";"UOP04/PR"
190850;2019-02-12;"3";"08:01:00";"GO";153;444;"ANAPOLIS";"Defeito Mecânico no Veículo";"Colisão traseira";"Com Vítimas Feridas";"Pleno dia";"Decrescente";"Céu Claro";"Dupla";"Não Informado";"Sim";2;0;0;1;1;0;1;2;"-16.35481511";"-48.92947912";"SR-GO";"DEL1/2";"UOP01/GO"
190852;2019-02-12;"3";"06:40:00";"BA";324;562;"SAO SEBASTIAO DO PASSE";"Defeito Mecânico no Veículo";"Queda de ocupante de veículo";"Com Vítimas Feridas";"Pleno dia";"Decrescente";"Céu Claro";"Dupla";"Reta";"Não";2;0;2;0;0;0;2;1;"-12.51525323";"-38.62249201";"SR-BA";"DEL10/1";"UOP01/BA"
190853;2019-02-12;"3";"07:45:00";"PR";373;267,9;"PRUDENTOPOLIS";"Falta de Atenção à Condução";"Colisão transversal";"Com Vítimas Feridas";"Pleno dia";"Crescente";"Chuva";"Simples";"Não Informado";"Sim";2;0;1;0;1;0;1;2;"-25.20902634";"-51.00344029";"SR-PR";"DEL7/3";"UOP01/PR"
190854;2019-02-12;"3";"07:15:00";"PR";158;526;"PATO BRANCO";"Velocidade Incompatível";"Saída de leito carroçável";"Sem Vítimas";"Pleno dia";"Decrescente";"Céu Claro";"Simples";"Curva";"Não";2;0;0;0;2;0;0;1;"-26.20228";"-52.678215";"SR-PR";"DEL7/2";"UOP01/PR"
190855;2019-01-19;"7";"17:10:00";"SC";101;39,9;"JOINVILLE";"Falta de Atenção à Condução";"Colisão com objeto estático";"Sem Vítimas";"Pleno dia";"Crescente";"Chuva";"Dupla";"Reta";"Não";2;0;0;0;2;0;0;2;"-26.31769032";"-48.87268066";"SR-SC";"DEL8/3";"UOP01/SC"
190856;2019-02-12;"3";"06:55:00";"PB";101;83,1;"BAYEUX";"Não guardar distância de segurança";"Engavetamento";"Com Vítimas Feridas";"Pleno dia";"Crescente";"Céu Claro";"Dupla";"Reta";"Sim";4;0;1;0;3;0;1;4;"-7.1366";"-34.9264";"SR-PB";"DEL14/1";"UOP00/PB"
190857;2019-02-12;"3";"07:30:00";"MG";262;364,5;"JUATUBA";"Falta de Atenção à Condução";"Colisão lateral";"Com Vítimas Feridas";"Amanhecer";"Decrescente";"Céu Claro";"Dupla";"Curva";"Não";2;0;1;0;1;0;1;2;"-19.9735";"-44.3155";"SR-MG";"DEL4/1";"UOP03/MG"
190858;2019-02-12;"3";"07:40:00";"PR";369;190,9;"ARAPONGAS";"Velocidade Incompatível";"Saída de leito carroçável";"Com Vítimas Feridas";"Pleno dia";"Crescente";"Chuva";"Dupla";"Não Informado";"Não";1;0;1;0;0;0;1;1;"-23.46377063";"-51.42356068";"SR-PR";"DEL7/7";"UOP03/PR"
190859;2019-01-02;"4";"12:00:00";"PR";163;165,1;"LINDOESTE";"Desobediência às normas de trânsito pelo condutor";"Colisão frontal";"Com Vítimas Feridas";"Pleno dia";"Decrescente";"Céu Claro";"Simples";"Desvio Temporário";"Não";2;0;0;1;1;0;1;2;"-25.3033";"-53.5758";"SR-PR";"DEL7/4";"UOP06/PR"
190860;2019-02-12;"3";"08:40:00";"MG";381;344;"BELA VISTA DE MINAS";"Desobediência às normas de trânsito pelo condutor";"Colisão traseira";"Com Vítimas Feridas";"Pleno dia";"Crescente";"Céu Claro";"Simples";"Reta";"Não";2;0;0;1;1;0;1;2;"-19.7784";"-43.0437";"SR-MG";"DEL4/3";"UOP01/MG"
190862;2019-02-12;"3";"06:30:00";"PR";116;131,6;"FAZENDA RIO GRANDE";"Pista Escorregadia";"Colisão com objeto estático";"Com Vítimas Feridas";"Amanhecer";"Decrescente";"Céu Claro";"Múltipla";"Viaduto";"Sim";1;0;1;0;0;0;1;1;"-25.630278";"-49.313812";"SR-PR";"DEL7/1";"UOP03/PR"
190863;2019-02-12;"3";"09:00:00";"SC";282;44,5;"AGUAS MORNAS";"Não guardar distância de segurança";"Colisão traseira";"Com Vítimas Feridas";"Pleno dia";"Decrescente";"Céu Claro";"Simples";"Curva";"Não";4;0;2;0;2;0;2;2;"-27.722137";"-48.90694";"SR-SC";"DEL8/1";"UOP03/SC"
190864;2019-02-12;"3";"08:20:00";"PB";101;55,4;"SANTA RITA";"Falta de Atenção à Condução";"Colisão lateral";"Com Vítimas Feridas";"Pleno dia";"Crescente";"Nublado";"Dupla";"Reta";"Não";3;0;1;1;1;0;2;2;"-6.9728";"-35.0805";"SR-PB";"DEL14/1";"UOP03/PB"
190865;2019-02-12;"3";"07:50:00";"MG";365;611,1;"UBERLANDIA";"Falta de Atenção à Condução";"Tombamento";"Com Vítimas Feridas";"Pleno dia";"Crescente";"Céu Claro";"Dupla";"Reta";"Sim";1;0;1;0;0;0;1;1;"-18.9036235";"-48.18621904";"SR-MG";"DEL4/15";"UOP01/MG"
190866;2019-02-12;"3";"06:00:00";"BA";101;839,3;"ITAMARAJU";"Desobediência às normas de trânsito pelo condutor";"Tombamento";"Com Vítimas Feridas";"Amanhecer";"Crescente";"Sol";"Simples";"Curva";"Não";1;0;0;1;0;0;1;1;"-17.2125";"-39.6031";"SR-BA";"DEL10/9";"UOP01/BA"
190867;2019-02-12;"3";"10:00:00";"MG";381;486,8;"BETIM";"Avarias e/ou desgaste excessivo no pneu";"Tombamento";"Com Vítimas Feridas";"Pleno dia";"Decrescente";"Céu Claro";"Dupla";"Reta";"Sim";2;0;2;0;0;0;2;1;"-19.9554";"-44.1157";"SR-MG";"DEL4/1";"UOP03/MG"
190868;2019-02-12;"3";"10:10:00";"PR";277;576,6;"CASCAVEL";"Defeito Mecânico no Veículo";"Queda de ocupante de veículo";"Com Vítimas Feridas";"Pleno dia";"Crescente";"Nublado";"Simples";"Reta";"Sim";2;0;2;0;0;0;2;1;"-25.02817";"-53.55983";"SR-PR";"DEL7/4";"UOP01/PR"
190871;2019-02-12;"3";"09:15:00";"PR";277;670,7;"MEDIANEIRA";"Falta de Atenção à Condução";"Colisão frontal";"Com Vítimas Feridas";"Pleno dia";"Crescente";"Nublado";"Simples";"Reta";"Sim";3;0;1;0;2;0;1;2;"-25.280552";"-54.079082";"SR-PR";"DEL7/5";"UOP02/PR"
190872;2019-02-12;"3";"10:30:00";"SC";101;223;"PALHOCA";"Falta de Atenção à Condução";"Capotamento";"Com Vítimas Feridas";"Pleno dia";"Decrescente";"Céu Claro";"Dupla";"Não Informado";"Não";2;0;1;0;1;0;1;1;"-27.7248";"-48.6435";"SR-SC";"DEL8/1";"UOP02/SC"
190874;2019-02-12;"3";"07:50:00";"SC";101;146,2;"ITAPEMA";"Desobediência às normas de trânsito pelo condutor";"Colisão transversal";"Com Vítimas Feridas";"Pleno dia";"Crescente";"Nublado";"Simples";"Reta";"Sim";2;0;1;0;1;0;1;2;"-27.0918";"-48.6168";"SR-SC";"DEL8/4";"UOP03/SC"
190875;2019-02-12;"3";"10:55:00";"GO";60;451,1;"JATAI";"Falta de Atenção à Condução";"Saída de leito carroçável";"Com Vítimas Feridas";"Pleno dia";"Crescente";"Nublado";"Dupla";"Desvio Temporário";"Não";2;0;2;0;0;0;2;1;"-17.8539";"-51.5345";"SR-GO";"DEL1/5";"UOP01/GO"
190876;2019-02-12;"3";"10:40:00";"RS";448;11;"CANOAS";"Defeito Mecânico no Veículo";"Incêndio";"Sem Vítimas";"Pleno dia";"Crescente";"Nublado";"Múltipla";"Reta";"Não";1;0;0;0;1;0;0;1;"-29.89468043";"-51.24401093";"SR-RS";"DEL9/1";"UOP01/RS"
190877;2019-02-12;"3";"11:30:00";"SC";101;213;"PALHOCA";"Falta de Atenção à Condução";"Colisão traseira";"Com Vítimas Feridas";"Pleno dia";"Crescente";"Céu Claro";"Dupla";"Reta";"Não";3;0;1;0;2;0;1;3;"-27.6446";"-48.6705";"SR-SC";"DEL8/1";"UOP02/SC"
190880;2019-02-12;"3";"11:25:00";"BA";407;131,7;"SENHOR DO BONFIM";"Falta de Atenção à Condução";"Queda de ocupante de veículo";"Sem Vítimas";"Pleno dia";"Crescente";"Céu Claro";"Simples";"Reta";"Não";1;0;0;0;1;0;0;1;"-10.50982919";"-40.15508234";"SR-BA";"DEL10/4";"UOP01/BA"
190881;2019-02-12;"3";"12:15:00";"GO";40;92,7;"CRISTALINA";"Falta de Atenção à Condução";"Colisão transversal";"Com Vítimas Feridas";"Pleno dia";"Decrescente";"Céu Claro";"Simples";"Reta";"Não";2;0;1;0;1;0;1;2;"-16.730814";"-47.626211";"SR-DF";"GO";"UOP02/DF"
190882;2019-02-12;"3";"11:50:00";"PR";376;491,4;"PONTA GROSSA";"Falta de Atenção à Condução";"Colisão traseira";"Sem Vítimas";"Pleno dia";"Crescente";"Sol";"Dupla";"Reta";"Sim";3;0;0;0;3;0;0;3;"-25.10997603";"-50.18988669";"SR-PR";"DEL7/3";"UOP03/PR"
190883;2019-02-12;"3";"10:55:00";"PR";163;291,4;"MARECHAL CANDIDO RONDON";"Ultrapassagem Indevida";"Saída de leito carroçável";"Com Vítimas Feridas";"Pleno dia";"Crescente";"Céu Claro";"Dupla";"Não Informado";"Não";1;0;1;0;0;0;1;1;"-24.5173";"-54.0879";"SR-PR";"DEL7/6";"UOP04/PR"
190884;2019-02-12;"3";"11:40:00";"PE";101;7,5;"GOIANA";"Desobediência às normas de trânsito pelo pedestre";"Atropelamento de Pedestre";"Com Vítimas Feridas";"Pleno dia";"Crescente";"Nublado";"Dupla";"Reta";"Sim";3;0;0;1;1;1;1;2;"-7.5688";"-34.989";"SR-PE";"DEL11/1";"UOP02/PE"
190885;2019-02-12;"3";"10:50:00";"RJ";101;206;"CASIMIRO DE ABREU";"Falta de Atenção à Condução";"Colisão lateral";"Com Vítimas Feridas";"Pleno dia";"Crescente";"Sol";"Simples";"Reta";"Sim";3;0;1;0;2;0;1;2;"-22.476734";"-42.201725";"SR-RJ";"DEL5/2";"UOP04/RJ"
190886;2019-02-12;"3";"12:40:00";"SC";101;194;"BIGUACU";"Falta de Atenção à Condução";"Colisão transversal";"Com Vítimas Feridas";"Pleno dia";"Crescente";"Céu Claro";"Simples";"Interseção de vias";"Sim";2;0;1;0;1;0;1;2;"-27.5055";"-48.6491";"SR-SC";"DEL8/1";"UOP01/SC"
190887;2019-01-04;"6";"17:20:00";"SC";282;35;"AGUAS MORNAS";"Velocidade Incompatível";"Saída de leito carroçável";"Com Vítimas Feridas";"Pleno dia";"Decrescente";"Nublado";"Simples";"Curva";"Não";3;0;1;0;2;0;1;1;"-27.702084";"-48.826664";"SR-SC";"DEL8/1";"UOP03/SC"
190888;2019-02-12;"3";"08:30:00";"RJ";40;89,9;"PETROPOLIS";"Defeito Mecânico no Veículo";"Tombamento";"Com Vítimas Feridas";"Pleno dia";"Crescente";"Sol";"Simples";"Não Informado";"Não";1;0;0;1;0;0;1;1;"-22.5555";"-43.2331";"SR-RJ";"DEL5/6";"UOP03/RJ"
190890;2019-02-12;"3";"11:25:00";"BA";116;345,4;"TEOFILANDIA";"Falta de Atenção à Condução";"Colisão traseira";"Com Vítimas Feridas";"Pleno dia";"Crescente";"Céu Claro";"Simples";"Desvio Temporário";"Não";2;0;1;0;1;0;1;2;"-11.551";"-38.99";"SR-BA";"DEL10/2";"UOP01/BA"
190891;2019-02-12;"3";"12:10:00";"MS";262;348,6;"CAMPO GRANDE";"Falta de Atenção à Condução";"Saída de leito carroçável";"Com Vítimas Feridas";"Pleno dia";"Crescente";"Nublado";"Simples";"Reta";"Não";1;0;1;0;0;0;1;1;"-20.564155";"-54.618464";"SR-MS";"DEL3/1";"UOP03/MS"
190892;2019-02-12;"3";"13:00:00";"RJ";116;224,1;"PIRAI";"Defeito Mecânico no Veículo";"Colisão traseira";"Com Vítimas Feridas";"Pleno dia";"Decrescente";"Céu Claro";"Dupla";"Curva";"Não";2;0;1;0;1;0;1;2;"-22.67136266";"-43.83029938";"SR-RJ";"DEL5/7";"UOP01/RJ"
190893;2019-02-12;"3";"13:50:00";"SC";470;49,1;"BLUMENAU";"Falta de Atenção à Condução";"Colisão traseira";"Com Vítimas Feridas";"Pleno dia";"Crescente";"Nublado";"Simples";"Reta";"Sim";3;0;2;0;1;0;2;2;"-26.86057677";"-49.06506479";"SR-SC";"DEL8/4";"UOP01/SC"
190894;2019-02-12;"3";"13:50:00";"PR";476;120,5;"COLOMBO";"Não guardar distância de segurança";"Colisão traseira";"Com Vítimas Feridas";"Pleno dia";"Crescente";"Céu Claro";"Múltipla";"Reta";"Sim";3;0;1;0;2;0;1;3;"-25.37191";"-49.19146";"SR-PR";"DEL7/1";"UOP01/PR"
190896;2019-02-12;"3";"10:45:00";"PE";423;19,9;"SAO CAITANO";"Velocidade Incompatível";"Saída de leito carroçável";"Sem Vítimas";"Pleno dia";"Decrescente";"Céu Claro";"Simples";"Reta";"Não";1;0;0;0;0;1;0;1;"-8.333797";"-36.152016";"SR-PE";"DEL11/2";"UOP02/PE"
190897;2019-02-12;"3";"11:00:00";"PA";222;245;"MARABA";"Falta de Atenção à Condução";"Queda de ocupante de veículo";"Com Vítimas Feridas";"Pleno dia";"Crescente";"Céu Claro";"Simples";"Reta";"Não";2;0;1;0;1;0;1;2;"-5.355886";"-49.079418";"SR-PA";"DEL19/3";"UOP01/PA"
190898;2019-02-12;"3";"13:45:00";"SC";101;214,1;"PALHOCA";"Falta de Atenção à Condução";"Colisão traseira";"Com Vítimas Feridas";"Pleno dia";"Crescente";"Nublado";"Dupla";"Reta";"Sim";2;0;1;0;1;0;1;2;"-27.652";"-48.676";"SR-SC";"DEL8/1";"UOP02/SC"
190899;2019-02-12;"3";"12:40:00";"PI";222;63,2;"BRASILEIRA";"Falta de Atenção à Condução";"Colisão transversal";"Com Vítimas Feridas";"Pleno dia";"Decrescente";"Céu Claro";"Simples";"Reta";"Não";5;0;0;2;3;0;2;2;"-4.211308";"-41.684502";"SR-PI";"DEL17/2";"UOP01/PI"
190900;2019-02-12;"3";"13:30:00";"SC";101;117,3;"ITAJAI";"Falta de Atenção à Condução";"Colisão transversal";"Com Vítimas Feridas";"Pleno dia";"Crescente";"Céu Claro";"Simples";"Interseção de vias";"Sim";2;0;1;0;1;0;1;2;"-26.8961";"-48.7188";"SR-SC";"DEL8/4";"UOP04/SC"
190901;2019-02-12;"3";"14:10:00";"MG";116;526,4;"CARATINGA";"Desobediência às normas de trânsito pelo condutor";"Tombamento";"Com Vítimas Feridas";"Pleno dia";"Decrescente";"Sol";"Simples";"Curva";"Sim";3;0;0;1;1;1;1;2;"-19.76757479";"-42.13092238";"SR-MG";"DEL4/6";"UOP02/MG"
190902;2019-02-12;"3";"09:30:00";"PR";280;286,5;"FLOR DA SERRA DO SUL";"Condutor Dormindo";"Saída de leito carroçável";"Com Vítimas Feridas";"Pleno dia";"Crescente";"Céu Claro";"Simples";"Reta";"Não";1;0;1;0;0;0;1;1;"-26.250265";"-53.3354";"SR-PR";"DEL7/2";"UOP01/PR"
190903;2019-02-12;"3";"12:39:00";"RO";364;240,8;"CACOAL";"Falta de Atenção à Condução";"Colisão transversal";"Com Vítimas Feridas";"Pleno dia";"Crescente";"Sol";"Simples";"Reta";"Sim";2;0;0;1;1;0;1;2;"-11.43579";"-61.47097";"SR-RO";"DEL21/2";"UOP02/RO"
190904;2019-02-12;"3";"14:15:00";"SC";101;373,9;"ICARA";"Condutor Dormindo";"Saída de leito carroçável";"Com Vítimas Feridas";"Pleno dia";"Decrescente";"Nublado";"Dupla";"Reta";"Não";5;0;3;0;2;0;3;1;"-28.715";"-49.2241";"SR-SC";"DEL8/2";"UOP01/SC"
190905;2019-02-12;"3";"13:58:00";"RJ";101;473;"ANGRA DOS REIS";"Falta de Atenção à Condução";"Colisão transversal";"Sem Vítimas";"Pleno dia";"Crescente";"Céu Claro";"Dupla";"Interseção de vias";"Sim";2;0;0;0;2;0;0;2;"-22.98966657";"-44.24147129";"SR-RJ";"DEL5/3";"UOP02/RJ"
190906;2019-02-12;"3";"14:45:00";"RJ";116;141;"DUQUE DE CAXIAS";"Falta de Atenção à Condução";"Colisão transversal";"Com Vítimas Feridas";"Pleno dia";"Crescente";"Céu Claro";"Simples";"Reta";"Sim";3;0;1;1;1;0;2;2;"-22.647245";"-43.220829";"SR-RJ";"DEL5/4";"UOP02/RJ"
190908;2019-01-20;"1";"00:40:00";"PB";230;125,5;"RIACHAO DO BACAMARTE";"Falta de Atenção à Condução";"Saída de leito carroçável";"Com Vítimas Feridas";"Plena Noite";"Crescente";"Céu Claro";"Dupla";"Reta";"Não";2;0;2;0;0;0;2;1;"-7.2498";"-35.6827";"SR-PB";"DEL14/2";"UOP01/PB"
190909;2019-02-12;"3";"14:20:00";"BA";135;201;"BARREIRAS";"Pista Escorregadia";"Colisão frontal";"Com Vítimas Feridas";"Pleno dia";"Decrescente";"Sol";"Simples";"Curva";"Não";3;0;0;2;1;0;2;2;"-12.32792749";"-45.00652313";"SR-BA";"DEL10/10";"UOP01/BA"