"id";"data_inversa";"dia_semana";"horario";"uf";"br";"km";"municipio";"causa_acidente";"tipo_acidente";"classificacao_acidente";"fase_dia";"sentido_via";"condicao_metereologica";"tipo_pista";"tracado_via";"uso_solo";"pessoas";"mortos";"feridos_leves";"feridos_graves";"ilesos";"ignorados";"feridos";"veiculos";"latitude";"longitude";"regional";"delegacia";"uop"
191002;2019-02-13;"4";"02:00:00";"RS";116;232;"ESTANCIA VELHA";"Falta de Atenção à Condução";"Colisão com objeto estático";"Sem Vítimas";"Plena Noite";"Crescente";"Céu Claro";"Dupla";"Reta";"Sim";1;0;0;0;1;0;0;1;"-29.63275";"-51.143333";"SR-RS";"DEL9/1";"UOP02/RS"
191003;2019-02-13;"4";"01:40:00";"PE";104;75;"CARUARU";"Restrição de Visibilidade";"Atropelamento de Animal";"Com Vítimas Fatais";"Plena Noite";"Crescente";"Ignorado";"Simples";"Reta";"Não";1;1;0;0;0;0;0;1;"-8.358562";"-35.985699";"SR-PE";"DEL11/2";"UOP01/PE"
191004;2019-02-13;"4";"01:00:00";"SP";116;496,8;"CAJATI";"Defeito Mecânico no Veículo";"Saída de leito carroçável";"Sem Vítimas";"Plena Noite";"Decrescente";"Chuva";"Dupla";"Não Informado";"Não";1;0;0;0;1;0;0;1;"-24.76553754";"-48.16672325";"SR-SP";"DEL6/5";"UOP02/SP"
191005;2019-02-13;"4";"00:17:00";"SC";101;208,4;"SAO JOSE";"Velocidade Incompatível";"Capotamento";"Com Vítimas Fatais";"Plena Noite";"Decrescente";"Céu Claro";"Múltipla";"Viaduto";"Sim";2;2;0;0;0;0;0;1;"-27.6101";"-48.6388";"SR-SC";"DEL8/1";"UOP01/SC"
191006;2019-02-12;"3";"20:00:00";"RO";364;692;"CANDEIAS DO JAMARI";"Falta de Atenção à Condução";"Atropelamento de Pedestre";"Com Vítimas Feridas";"Plena Noite";"Crescente";"Nublado";"Dupla";"Reta";"Sim";2;0;0;1;0;1;1;1;"-8.79747002";"-63.6968717";"SR-RO";"DEL21/1";"UOP01/RO"
191007;2019-02-13;"4";"00:40:00";"AC";364;137,9;"RIO BRANCO";"Animais na Pista";"Queda de ocupante de veículo";"Com Vítimas Feridas";"Plena Noite";"Crescente";"Garoa/Chuvisco";"Dupla";"Reta";"Não";1;0;1;0;0;0;1;1;"-9.969359";"-67.852646";"SR-AC";"UOP01/AC";""
191008;2019-02-13;"4";"00:05:00";"MT";364;137,9;"PEDRA PRETA";"Falta de Atenção à Condução";"Tombamento";"Com Vítimas Feridas";"Plena Noite";"Decrescente";"Garoa/Chuvisco";"Simples";"Curva";"Não";1;0;1;0;0;0;1;1;"-16.808228";"-54.08886";"SR-MT";"DEL2/2";"UOP01/MT"
191009;2019-02-13;"4";"04:30:00";"MG";262;104,1;"SANTO ANTONIO DO GRAMA";"Velocidade Incompatível";"Tombamento";"Com Vítimas Fatais";"Plena Noite";"Decrescente";"Nublado";"Simples";"Curva";"Não";1;1;0;0;0;0;0;1;"-20.291939";"-42.547237";"SR-MG";"DEL4/3";"UOP03/MG"
191011;2019-02-13;"4";"02:50:00";"RN";304;301,9;"MACAIBA";"Agressão Externa";"Colisão lateral";"Sem Vítimas";"Plena Noite";"Crescente";"Nublado";"Dupla";"Reta";"Sim";2;0;0;0;0;2;0;2;"-5.879461";"-35.29781";"SR-RN";"DEL15/1";"UOP02/RN"
191012;2019-02-13;"4";"04:45:00";"MG";262;160;"SAO 1S DO PRATA";"Agressão Externa";"Colisão lateral";"Sem Vítimas";"Plena Noite";"Crescente";"Céu Claro";"Simples";"Não Informado";"Não";4;0;0;0;4;0;0;2;"-19.962814";"-42.834915";"SR-MG";"DEL4/3";"UOP03/MG"
191013;2019-01-28;"2";"06:40:00";"MG";251;516;"MONTES CLAROS";"Falta de Atenção à Condução";"Colisão lateral";"Com Vítimas Feridas";"Amanhecer";"Decrescente";"Céu Claro";"Simples";"Reta";"Não";2;0;0;1;1;0;1;2;"-16.6599";"-43.747";"SR-MG";"DEL4/12";"UOP01/MG"
191014;2019-02-13;"4";"03:00:00";"PR";467;91;"CASCAVEL";"Falta de Atenção à Condução";"Derramamento de carga";"Sem Vítimas";"Plena Noite";"Crescente";"Céu Claro";"Dupla";"Curva";"Não";1;0;0;0;1;0;0;1;"-24.8543";"-53.5952";"SR-PR";"DEL7/4";"UOP01/PR"
191015;2019-02-13;"4";"06:40:00";"SP";116;349;"MIRACATU";"Pista Escorregadia";"Colisão com objeto estático";"Com Vítimas Feridas";"Amanhecer";"Crescente";"Nublado";"Simples";"Curva";"Não";1;0;0;1;0;0;1;1;"-24.06137713";"-47.22521089";"SR-SP";"DEL6/4";"UOP02/SP"
191016;2019-02-13;"4";"05:00:00";"BA";101;875,3;"TEIXEIRA DE FREITAS";"Desobediência às normas de trânsito pelo condutor";"Colisão transversal";"Sem Vítimas";"Amanhecer";"Decrescente";"Nublado";"Dupla";"Interseção de vias";"Sim";2;0;0;0;2;0;0;2;"-17.5238";"-39.7079";"SR-BA";"DEL10/9";"UOP03/BA"
191017;2019-02-13;"4";"01:30:00";"MA";316;519,1;"CAXIAS";"Fenômenos da Natureza";"Saída de leito carroçável";"Sem Vítimas";"Plena Noite";"Decrescente";"Chuva";"Simples";"Não Informado";"Não";1;0;0;0;1;0;0;1;"-4.766319";"-43.605801";"SR-MA";"DEL18/3";"UOP02/MA"
191018;2019-02-13;"4";"06:30:00";"PR";376;170,8;"MARINGA";"Falta de Atenção à Condução";"Colisão transversal";"Com Vítimas Feridas";"Plena Noite";"Decrescente";"Nublado";"Simples";"Rotatória";"Sim";2;0;2;0;0;0;2;2;"-23.40971616";"-51.98740125";"SR-PR";"DEL7/7";"UOP04/PR"
191019;2019-02-13;"4";"01:00:00";"SC";282;364,7;"ERVAL VELHO";"Defeito Mecânico no Veículo";"Tombamento";"Com Vítimas Feridas";"Plena Noite";"Crescente";"Céu Claro";"Simples";"Reta";"Não";1;0;1;0;0;0;1;1;"-27.297649";"-51.398533";"SR-SC";"DEL7";"UOP07/SC"
191020;2019-02-13;"4";"06:40:00";"SP";116;277;"EMBU DAS ARTES";"Falta de Atenção à Condução";"Colisão traseira";"Com Vítimas Feridas";"Pleno dia";"Crescente";"Chuva";"Dupla";"Reta";"Não";2;0;1;0;1;0;1;2;"-23.63198555";"-46.82210061";"SR-SP";"DEL6/4";"UOP01/SP"
191022;2019-02-13;"4";"07:30:00";"GO";153;529,9;"HIDROLANDIA";"Falta de Atenção à Condução";"Colisão transversal";"Com Vítimas Feridas";"Pleno dia";"Decrescente";"Nublado";"Dupla";"Não Informado";"Sim";2;0;1;0;1;0;1;2;"-16.96053967";"-49.23802435";"SR-GO";"DEL1/1";"UOP03/GO"
191023;2019-02-13;"4";"07:40:00";"RS";290;92;"PORTO ALEGRE";"Não guardar distância de segurança";"Colisão lateral";"Com Vítimas Fatais";"Pleno dia";"Decrescente";"Nublado";"Simples";"Curva";"Sim";2;1;0;0;1;0;0;2;"-29.971916";"-51.176838";"SR-RS";"DEL9/1";"UOP01/RS"
191024;2019-02-13;"4";"07:20:00";"MG";40;524;"CONTAGEM";"Não guardar distância de segurança";"Colisão traseira";"Com Vítimas Feridas";"Pleno dia";"Decrescente";"Céu Claro";"Dupla";"Reta";"Sim";5;0;2;0;3;0;2;3;"-19.8881";"-44.0502";"SR-MG";"DEL4/1";"UOP03/MG"
191025;2019-02-13;"4";"07:10:00";"RN";110;46;"MOSSORO";"Falta de Atenção à Condução";"Colisão transversal";"Com Vítimas Feridas";"Pleno dia";"Decrescente";"Céu Claro";"Simples";"Reta";"Sim";2;0;0;1;1;0;1;2;"-5.203384";"-37.325634";"SR-RN";"DEL15/4";"UOP01/RN"
191026;2019-02-13;"4";"06:35:00";"SP";116;123;"CACAPAVA";"Falta de Atenção à Condução";"Colisão traseira";"Com Vítimas Feridas";"Pleno dia";"Decrescente";"Nublado";"Dupla";"Reta";"Não";3;0;2;0;0;1;2;2;"-23.087582";"-45.669758";"SR-SP";"DEL6";"UOP02/SP"
191028;2019-02-13;"4";"07:00:00";"PE";428;183;"PETROLINA";"Desobediência às normas de trânsito pelo condutor";"Colisão lateral";"Com Vítimas Feridas";"Amanhecer";"Crescente";"Céu Claro";"Simples";"Reta";"Sim";2;0;0;2;0;0;2;1;"-9.34677";"-40.47397614";"SR-PE";"DEL11/6";"UOP01/PE"
191029;2019-02-13;"4";"07:25:00";"AL";101;150;"JEQUIA DA PRAIA";"Defeito Mecânico no Veículo";"Engavetamento";"Sem Vítimas";"Pleno dia";"Crescente";"Céu Claro";"Simples";"Curva";"Não";3;0;0;0;3;0;0;3;"-9.88380713";"-36.13615068";"SR-AL";"DEL13/2";"UOP01/AL"
191030;2019-02-13;"4";"07:25:00";"RN";101;73;"NATAL";"Falta de Atenção à Condução";"Colisão transversal";"Com Vítimas Feridas";"Pleno dia";"Crescente";"Céu Claro";"Simples";"Interseção de vias";"Não";2;0;1;0;1;0;1;2;"-5.706872";"-35.266884";"SR-RN";"DEL15/2";"UOP01/RN"
191031;2019-02-13;"4";"07:20:00";"PE";101;44,1;"IGARASSU";"Pista Escorregadia";"Colisão traseira";"Sem Vítimas";"Pleno dia";"Decrescente";"Chuva";"Múltipla";"Reta";"Sim";2;0;0;0;1;1;0;2;"-7.864";"-34.9073";"SR-PE";"DEL11/1";"UOP02/PE"
191032;2019-02-13;"4";"07:40:00";"RN";304;42,7;"MOSSORO";"Falta de Atenção à Condução";"Colisão transversal";"Com Vítimas Fatais";"Pleno dia";"Crescente";"Nublado";"Dupla";"Reta";"Sim";3;1;0;0;1;1;0;2;"-5.212811";"-37.372177";"SR-RN";"DEL15/4";"UOP01/RN"
191033;2019-02-13;"4";"08:00:00";"PR";116;18,4;"CAMPINA GRANDE DO SUL";"Velocidade Incompatível";"Colisão com objeto estático";"Com Vítimas Feridas";"Pleno dia";"Decrescente";"Chuva";"Dupla";"Não Informado";"Não";4;0;0;1;3;0;1;1;"-25.103985";"-48.710857";"SR-PR";"DEL7/1";"UOP02/PR"
191034;2019-02-13;"4";"09:05:00";"GO";153;503;"GOIANIA";"Defeito Mecânico no Veículo";"Queda de ocupante de veículo";"Com Vítimas Feridas";"Pleno dia";"Decrescente";"Sol";"Dupla";"Reta";"Sim";2;0;2;0;0;0;2;1;"-16.7366";"-49.243";"SR-GO";"DEL1/1";"UOP01/GO"
191035;2019-02-13;"4";"08:30:00";"GO";60;166;"GOIANIA";"Desobediência às normas de trânsito pelo condutor";"Colisão transversal";"Com Vítimas Feridas";"Pleno dia";"Decrescente";"Céu Claro";"Simples";"Reta";"Sim";2;0;1;0;1;0;1;2;"-16.71387";"-49.359294";"SR-GO";"DEL1/1";"UOP02/GO"
191036;2019-02-13;"4";"09:00:00";"SP";381;70;"SAO PAULO";"Velocidade Incompatível";"Colisão com objeto estático";"Sem Vítimas";"Pleno dia";"Decrescente";"Chuva";"Dupla";"Curva";"Não";1;0;0;0;0;1;0;1;"-23.34689813";"-46.5667573";"SR-SP";"DEL6/3";"UOP02/SP"
191037;2019-02-13;"4";"09:30:00";"SP";381;75,2;"SAO PAULO";"Pista Escorregadia";"Colisão com objeto estático";"Sem Vítimas";"Pleno dia";"Decrescente";"Chuva";"Dupla";"Reta";"Não";1;0;0;0;1;0;0;1;"-23.379927";"-46.56355";"SR-SP";"DEL6/3";"UOP02/SP"
191038;2019-02-13;"4";"09:20:00";"PR";476;127,7;"CURITIBA";"Falta de Atenção à Condução";"Colisão lateral";"Sem Vítimas";"Pleno dia";"Decrescente";"Nublado";"Múltipla";"Curva";"Sim";2;0;0;0;2;0;0;2;"-25.425167";"-49.227158";"SR-PR";"DEL7/1";"UOP06/PR"
191039;2019-02-13;"4";"06:30:00";"BA";324;3;"SALVADOR";"Não guardar distância de segurança";"Colisão traseira";"Sem Vítimas";"Pleno dia";"Crescente";"Céu Claro";"Dupla";"Curva";"Sim";2;0;0;0;2;0;0;2;"-12.971561";"-38.511154";"SR-BA";"DEL10/1";"UOP01/BA"
191040;2019-02-13;"4";"09:00:00";"RS";158;273,5;"JULIO DE CASTILHOS";"Falta de Atenção à Condução";"Saída de leito carroçável";"Com Vítimas Feridas";"Pleno dia";"Decrescente";"Céu Claro";"Simples";"Reta";"Não";5;0;1;0;4;0;1;3;"-29.31674";"-53.680737";"SR-RS";"DEL9/9";"UOP01/RS"
191041;2019-02-13;"4";"08:30:00";"MG";381;739,3;"TRES CORACOES";"Defeito Mecânico no Veículo";"Saída de leito carroçável";"Com Vítimas Feridas";"Pleno dia";"Decrescente";"Nublado";"Dupla";"Curva";"Não";1;0;1;0;0;0;1;1;"-21.5826";"-45.2396";"SR-MG";"DEL09";"UOP02/MG"
191044;2019-02-09;"7";"09:00:00";"MA";230;385;"BALSAS";"Defeito Mecânico no Veículo";"Incêndio";"Sem Vítimas";"Pleno dia";"Decrescente";"Céu Claro";"Simples";"Reta";"Não";1;0;0;0;1;0;0;1;"-7.231348";"-45.888596";"SR-MA";"DEL18/5";"UOP01/MA"
191045;2019-02-13;"4";"10:00:00";"MG";381;688;"LAVRAS";"Velocidade Incompatível";"Tombamento";"Com Vítimas Feridas";"Pleno dia";"Decrescente";"Céu Claro";"Dupla";"Curva";"Não";1;0;1;0;0;0;1;1;"-21.1946";"-45.1182";"SR-MG";"DEL4/4";"UOP02/MG"
191046;2019-02-13;"4";"08:45:00";"MT";163;565;"NOVA MUTUM";"Defeito Mecânico no Veículo";"Colisão frontal";"Com Vítimas Feridas";"Pleno dia";"Crescente";"Céu Claro";"Simples";"Reta";"Não";4;0;2;0;2;0;2;2;"-14.00336652";"-56.09893799";"SR-MT";"DEL2/4";"UOP01/MT"
191047;2019-02-13;"4";"09:40:00";"RJ";116;289,7;"BARRA MANSA";"Pista Escorregadia";"Colisão com objeto estático";"Sem Vítimas";"Pleno dia";"Crescente";"Chuva";"Dupla";"Curva";"Sim";2;0;0;0;2;0;0;2;"-22.449371";"-44.321712";"SR-RJ";"DEL5/7";"UOP02/RJ"
191048;2019-02-13;"4";"08:25:00";"RO";364;343;"JI-PARANA";"Desobediência às normas de trânsito pelo condutor";"Atropelamento de Pedestre";"Com Vítimas Feridas";"Pleno dia";"Crescente";"Céu Claro";"Dupla";"Reta";"Não";3;0;0;1;2;0;1;2;"-10.878848";"-61.944893";"SR-RO";"DEL21/2";"UOP01/RO"
191049;2019-02-13;"4";"09:00:00";"PR";277;5;"FOZ DO IGUACU";"Desobediência às normas de trânsito pelo condutor";"Colisão transversal";"Com Vítimas Feridas";"Pleno dia";"Decrescente";"Céu Claro";"Dupla";"Interseção de vias";"Sim";2;0;1;0;1;0;1;2;"-25.5469";"-54.5882";"SR-PR";"DEL7/5";"UOP03/PR"
191051;2019-02-13;"4";"10:00:00";"SE";235;5,2;"NOSSA SENHORA DO SOCORRO";"Não guardar distância de segurança";"Colisão traseira";"Com Vítimas Fatais";"Pleno dia";"Decrescente";"Sol";"Dupla";"Reta";"Não";2;1;0;0;1;0;0;2;"-10.9041";"-37.1278";"SR-SE";"DEL20/1";"UOP01/SE"
191052;2019-02-13;"4";"10:15:00";"SP";116;227;"GUARULHOS";"Falta de Atenção à Condução";"Colisão lateral";"Com Vítimas Feridas";"Pleno dia";"Crescente";"Chuva";"Múltipla";"Reta";"Sim";2;0;1;0;1;0;1;2;"-23.50261397";"-46.56606311";"SR-SP";"DEL6/1";"UOP01/SP"
191054;2019-02-13;"4";"11:10:00";"MG";116;799,3;"ALEM PARAIBA";"Falta de Atenção à Condução";"Colisão transversal";"Com Vítimas Feridas";"Pleno dia";"Crescente";"Céu Claro";"Simples";"Reta";"Não";2;0;0;1;0;1;1;2;"-21.82963185";"-42.67913818";"SR-MG";"DEL4/7";"UOP01/MG"
191055;2019-02-13;"4";"10:30:00";"MG";381;924,5;"CAMANDUCAIA";"Velocidade Incompatível";"Saída de leito carroçável";"Com Vítimas Feridas";"Pleno dia";"Crescente";"Chuva";"Dupla";"Curva";"Não";1;0;0;1;0;0;1;1;"-22.7712";"-46.1986";"SR-MG";"DEL09";"UOP03/MG"
191056;2019-02-13;"4";"11:35:00";"GO";60;40,4;"APARECIDA DE GOIANIA";"Carga excessiva e/ou mal acondicionada";"Tombamento";"Com Vítimas Feridas";"Pleno dia";"Decrescente";"Sol";"Dupla";"Reta";"Sim";2;0;1;0;0;1;1;1;"-16.8101";"-49.2397";"SR-GO";"DEL1/1";"UOP03/GO"
191057;2019-02-13;"4";"11:30:00";"SC";101;206,5;"SAO JOSE";"Desobediência às normas de trânsito pelo condutor";"Colisão lateral";"Com Vítimas Feridas";"Pleno dia";"Decrescente";"Sol";"Dupla";"Reta";"Sim";3;0;0;1;1;1;1;3;"-27.6001";"-48.6225";"SR-SC";"DEL8/1";"UOP01/SC"
191058;2019-02-13;"4";"11:30:00";"TO";153;334;"GUARAI";"Ingestão de Álcool";"Colisão lateral";"Com Vítimas Feridas";"Pleno dia";"Decrescente";"Céu Claro";"Simples";"Reta";"Sim";3;0;1;0;2;0;1;2;"-8.835769";"-48.512123";"SR-TO";"UOP03/TO";""
191059;2019-02-13;"4";"11:00:00";"SC";101;376,6;"ICARA";"Falta de Atenção à Condução";"Colisão lateral";"Com Vítimas Feridas";"Pleno dia";"Decrescente";"Nublado";"Múltipla";"Curva";"Não";3;0;2;0;1;0;2;2;"-28.74373089";"-49.25394058";"SR-SC";"DEL8/2";"UOP01/SC"
191062;2019-02-13;"4";"12:10:00";"RJ";116;142;"DUQUE DE CAXIAS";"Fenômenos da Natureza";"Colisão com objeto estático";"Com Vítimas Feridas";"Pleno dia";"Crescente";"Chuva";"Dupla";"Reta";"Sim";3;0;2;0;1;0;2;1;"-22.648762";"-43.230316";"SR-RJ";"DEL5/4";"UOP02/RJ"
191063;2019-02-13;"4";"12:25:00";"SC";101;203,8;"SAO JOSE";"Falta de Atenção à Condução";"Colisão transversal";"Com Vítimas Feridas";"Pleno dia";"Crescente";"Céu Claro";"Simples";"Interseção de vias";"Sim";2;0;1;0;1;0;1;2;"-27.5742";"-48.6134";"SR-SC";"DEL8/1";"UOP01/SC"
191064;2019-02-07;"5";"15:20:00";"GO";60;174,8;"ABADIA DE GOIAS";"Pista Escorregadia";"Saída de leito carroçável";"Com Vítimas Fatais";"Pleno dia";"Decrescente";"Chuva";"Dupla";"Reta";"Sim";7;1;1;0;5;0;1;3;"-16.7474";"-49.4238";"SR-GO";"DEL1/1";"UOP02/GO"
191065;2019-02-13;"4";"12:45:00";"ES";262;4,7;"CARIACICA";"Desobediência às normas de trânsito pelo condutor";"Colisão transversal";"Com Vítimas Feridas";"Pleno dia";"Crescente";"Céu Claro";"Múltipla";"Interseção de vias";"Sim";3;0;0;2;1;0;2;2;"-20.3362";"-40.3783";"SR-ES";"DEL12/1";"UOP01/ES"
191067;2019-02-13;"4";"11:20:00";"PI";230;310;"FLORIANO";"Falta de Atenção à Condução";"Colisão transversal";"Com Vítimas Feridas";"Pleno dia";"Crescente";"Céu Claro";"Simples";"Reta";"Sim";2;0;1;0;1;0;1;2;"-6.78258024";"-43.01353455";"SR-PI";"DEL17/3";"UOP01/PI"
191068;2019-02-13;"4";"11:50:00";"RN";101;127;"SAO JOSE DE MIPIBU";"Avarias e/ou desgaste excessivo no pneu";"Colisão traseira";"Com Vítimas Feridas";"Pleno dia";"Decrescente";"Chuva";"Dupla";"Reta";"Não";2;0;1;0;1;0;1;2;"-6.095275";"-35.234322";"SR-RN";"DEL15/1";"UOP01/RN"
191070;2019-02-13;"4";"11:40:00";"PE";428;184,4;"PETROLINA";"Desobediência às normas de trânsito pelo condutor";"Colisão transversal";"Com Vítimas Feridas";"Pleno dia";"Crescente";"Sol";"Simples";"Interseção de vias";"Sim";2;0;0;1;1;0;1;2;"-9.34643123";"-40.47363281";"SR-PE";"DEL11/6";"UOP01/PE"
191071;2019-02-13;"4";"11:30:00";"MT";163;837;"SINOP";"Falta de Atenção à Condução";"Colisão transversal";"Com Vítimas Feridas";"Pleno dia";"Crescente";"Céu Claro";"Dupla";"Não Informado";"Sim";5;0;0;1;4;0;1;2;"-11.84296993";"-55.4905057";"SR-MT";"DEL2/6";"UOP02/MT"
191072;2019-02-13;"4";"13:00:00";"MG";365;570;"INDIANOPOLIS";"Falta de Atenção à Condução";"Colisão lateral";"Com Vítimas Feridas";"Pleno dia";"Crescente";"Sol";"Simples";"Reta";"Não";4;0;1;0;3;0;1;2;"-18.91431";"-47.86009";"SR-MG";"DEL4/15";"UOP02/MG"
191073;2019-02-13;"4";"13:20:00";"GO";153;512,9;"APARECIDA DE GOIANIA";"Defeito na Via";"Queda de ocupante de veículo";"Com Vítimas Feridas";"Pleno dia";"Decrescente";"Nublado";"Simples";"Não Informado";"Sim";1;0;0;1;0;0;1;1;"-16.8156947";"-49.23988044";"SR-GO";"DEL1/1";"UOP03/GO"
191074;2019-02-13;"4";"11:50:00";"BA";420;71,9;"SIMOES FILHO";"Falta de Atenção à Condução";"Colisão com objeto estático";"Com Vítimas Feridas";"Pleno dia";"Crescente";"Céu Claro";"Dupla";"Reta";"Sim";2;0;2;0;0;0;2;1;"-12.804604";"-38.403591";"SR-BA";"DEL10/1";"UOP01/BA"
191075;2019-02-13;"4";"12:10:00";"PE";104;66,8;"CARUARU";"Falta de Atenção à Condução";"Colisão lateral";"Com Vítimas Feridas";"Pleno dia";"Crescente";"Nublado";"Dupla";"Reta";"Sim";3;0;2;0;1;0;2;2;"-8.2937";"-35.9864";"SR-PE";"DEL11/2";"UOP01/PE"
191076;2019-02-13;"4";"13:17:00";"RS";470;168;"VILA FLORES";"Ingestão de Álcool";"Colisão lateral";"Com Vítimas Feridas";"Pleno dia";"Crescente";"Céu Claro";"Simples";"Reta";"Sim";20;0;1;0;19;0;1;2;"-28.86538889";"-51.55246496";"SR-RS";"DEL9/6";"UOP02/RS"
191077;2019-02-13;"4";"14:00:00";"SP";116;560;"BARRA DO TURVO";"Falta de Atenção à Condução";"Colisão transversal";"Com Vítimas Feridas";"Pleno dia";"Crescente";"Garoa/Chuvisco";"Dupla";"Reta";"Não";2;0;1;0;1;0;1;2;"-25.00223891";"-48.51287842";"SR-SP";"DEL6/5";"UOP03/SP"
191078;2019-02-13;"4";"08:00:00";"RS";480;72;"ERECHIM";"Animais na Pista";"Atropelamento de Animal";"Com Vítimas Feridas";"Pleno dia";"Crescente";"Céu Claro";"Simples";"Rotatória";"Não";2;0;2;0;0;0;2;1;"-27.64002533";"-52.2987628";"SR-RS";"DEL08";"UOP04/RS"
191079;2019-02-13;"4";"13:30:00";"MG";262;27,5;"REDUTO";"Ultrapassagem Indevida";"Colisão lateral";"Com Vítimas Feridas";"Pleno dia";"Decrescente";"Nublado";"Simples";"Curva";"Não";3;0;1;0;2;0;1;3;"-20.240572";"-41.96632";"SR-MG";"DEL4/6";"UOP04/MG"
191080;2019-02-13;"4";"12:10:00";"MG";262;50,7;"MANHUACU";"Falta de Atenção à Condução";"Colisão com objeto estático";"Com Vítimas Feridas";"Pleno dia";"Decrescente";"Nublado";"Simples";"Não Informado";"Sim";1;0;1;0;0;0;1;1;"-20.242805";"-42.136524";"SR-MG";"DEL4/6";"UOP04/MG"
191081;2019-02-13;"4";"14:25:00";"SC";280;55;"GUARAMIRIM";"Falta de Atenção à Condução";"Colisão transversal";"Com Vítimas Feridas";"Pleno dia";"Crescente";"Céu Claro";"Simples";"Reta";"Não";2;0;1;1;0;0;2;2;"-26.475843";"-48.993786";"SR-SC";"DEL8/3";"UOP03/SC"
191083;2019-02-13;"4";"12:00:00";"MG";262;446,9;"NOVA SERRANA";"Falta de Atenção à Condução";"Colisão lateral";"Com Vítimas Feridas";"Pleno dia";"Decrescente";"Nublado";"Simples";"Não Informado";"Sim";2;0;1;0;1;0;1;2;"-19.880623";"-44.912323";"SR-MG";"DEL4/8";"UOP03/MG"
191085;2019-02-13;"4";"13:50:00";"RS";290;46,5;"GLORINHA";"Falta de Atenção à Condução";"Tombamento";"Com Vítimas Feridas";"Pleno dia";"Decrescente";"Sol";"Múltipla";"Reta";"Não";1;0;1;0;0;0;1;1;"-29.891537";"-50.720207";"SR-RS";"DEL9/3";"UOP02/RS"
191086;2019-02-13;"4";"14:30:00";"RJ";101;92;"CAMPOS DOS GOYTACAZES";"Pista Escorregadia";"Saída de leito carroçável";"Com Vítimas Feridas";"Pleno dia";"Decrescente";"Chuva";"Dupla";"Curva";"Não";1;0;1;0;0;0;1;1;"-21.854557";"-41.526257";"SR-RJ";"DEL5/8";"UOP02/RJ"
191087;2019-02-13;"4";"11:30:00";"PR";476;136;"CURITIBA";"Falta de Atenção à Condução";"Colisão lateral";"Com Vítimas Feridas";"Pleno dia";"Decrescente";"Nublado";"Múltipla";"Curva";"Não";3;0;1;0;2;0;1;2;"-25.491047";"-49.271679";"SR-PR";"DEL7/1";"UOP06/PR"
191088;2019-02-13;"4";"14:30:00";"RS";116;232;"ESTANCIA VELHA";"Falta de Atenção à Condução";"Queda de ocupante de veículo";"Com Vítimas Feridas";"Pleno dia";"Crescente";"Céu Claro";"Simples";"Reta";"Não";3;0;0;1;2;0;1;3;"-29.63275";"-51.143333";"SR-RS";"DEL9/1";"UOP02/RS"
191089;2019-02-13;"4";"08:20:00";"PE";104;63;"CARUARU";"Falta de Atenção à Condução";"Colisão traseira";"Sem Vítimas";"Pleno dia";"Decrescente";"Sol";"Dupla";"Viaduto";"Sim";2;0;0;0;2;0;0;2;"-8.2698";"-35.9803";"SR-PE";"DEL11/2";"UOP01/PE"
191090;2019-02-13;"4";"14:55:00";"PR";376;182;"MARINGA";"Desobediência às normas de trânsito pelo condutor";"Colisão transversal";"Com Vítimas Feridas";"Pleno dia";"Decrescente";"Nublado";"Dupla";"Curva";"Sim";2;0;1;0;1;0;1;2;"-23.43129785";"-51.88768637";"SR-PR";"DEL7/7";"UOP04/PR"
191092;2019-02-13;"4";"14:35:00";"RJ";101;86,2;"CAMPOS DOS GOYTACAZES";"Avarias e/ou desgaste excessivo no pneu";"Capotamento";"Com Vítimas Feridas";"Pleno dia";"Decrescente";"Chuva";"Dupla";"Curva";"Não";1;0;1;0;0;0;1;1;"-21.826677";"-41.487389";"SR-RJ";"DEL5/8";"UOP02/RJ"
191093;2019-02-13;"4";"15:00:00";"ES";101;260,2;"SERRA";"Defeito Mecânico no Veículo";"Queda de ocupante de veículo";"Com Vítimas Feridas";"Pleno dia";"Decrescente";"Nublado";"Múltipla";"Não Informado";"Sim";2;0;2;0;0;0;2;1;"-20.14641858";"-40.28284192";"SR-ES";"DEL12/2";"UOP01/ES"
191094;2019-02-13;"4";"14:50:00";"SC";280;8,7;"SAO FRANCISCO DO SUL";"Não guardar distância de segurança";"Colisão frontal";"Com Vítimas Feridas";"Pleno dia";"Crescente";"Céu Claro";"Simples";"Reta";"Não";2;0;0;1;1;0;1;2;"-26.278908";"-48.646698";"SR-SC";"DEL8/3";"UOP03/SC"
191095;2019-02-13;"4";"15:15:00";"MG";267;159,8;"JUIZ DE FORA";"Falta de Atenção à Condução";"Capotamento";"Com Vítimas Feridas";"Pleno dia";"Crescente";"Nublado";"Simples";"Reta";"Não";2;0;0;2;0;0;2;1;"-21.771578";"-43.29119";"SR-MG";"DEL5";"UOP01/MG"
191096;2019-02-13;"4";"14:30:00";"MG";116;701,7;"MURIAE";"Falta de Atenção à Condução";"Tombamento";"Com Vítimas Feridas";"Pleno dia";"Crescente";"Chuva";"Simples";"Reta";"Sim";3;0;1;0;2;0;1;3;"-21.10127955";"-42.37756225";"SR-MG";"DEL4/7";"UOP02/MG"
191098;2019-02-13;"4";"11:30:00";"MG";381;640;"SANTO ANTONIO DO AMPARO";"Falta de Atenção à Condução";"Capotamento";"Com Vítimas Feridas";"Pleno dia";"Decrescente";"Nublado";"Dupla";"Não Informado";"Não";2;0;2;0;0;0;2;1;"-20.9059";"-44.859";"SR-MG";"DEL4/4";"UOP01/MG"