"id";"data_inversa";"dia_semana";"horario";"uf";"br";"km";"municipio";"causa_acidente";"tipo_acidente";"classificacao_acidente";"fase_dia";"sentido_via";"condicao_metereologica";"tipo_pista";"tracado_via";"uso_solo";"pessoas";"mortos";"feridos_leves";"feridos_graves";"ilesos";"ignorados";"feridos";"veiculos";"latitude";"longitude";"regional";"delegacia";"uop"
191099;2019-02-13;"4";"10:20:00";"PB";230;113;"INGA";"Falta de Atenção à Condução";"Capotamento";"Com Vítimas Feridas";"Pleno dia";"Crescente";"Chuva";"Dupla";"Reta";"Não";1;0;1;0;0;0;1;1;"-7.2147";"-35.5909";"SR-PB";"DEL14/1";"UOP02/PB"
191100;2019-02-13;"4";"15:25:00";"MG";381;503;"BETIM";"Não guardar distância de segurança";"Colisão traseira";"Com Vítimas Feridas";"Pleno dia";"Decrescente";"Chuva";"Dupla";"Reta";"Sim";3;0;1;0;2;0;1;2;"-20.0304";"-44.236";"SR-MG";"DEL4/1";"UOP03/MG"
191101;2019-02-13;"4";"16:06:00";"GO";153;511,6;"APARECIDA DE GOIANIA";"Não guardar distância de segurança";"Colisão traseira";"Com Vítimas Feridas";"Pleno dia";"Crescente";"Nublado";"Dupla";"Reta";"Sim";3;0;1;0;2;0;1;2;"-16.80123156";"-49.23903379";"SR-GO";"DEL1/1";"UOP03/GO"
191102;2019-02-13;"4";"14:15:00";"RS";471;169,3;"RIO PARDO";"Falta de Atenção à Condução";"Colisão transversal";"Com Vítimas Feridas";"Pleno dia";"Crescente";"Céu Claro";"Simples";"Reta";"Sim";2;0;1;0;1;0;1;2;"-29.97938";"-52.371593";"SR-RS";"DEL9/2";"UOP03/RS"
191103;2019-02-13;"4";"15:30:00";"RJ";101;67;"CAMPOS DOS GOYTACAZES";"Falta de Atenção à Condução";"Atropelamento de Pedestre";"Com Vítimas Feridas";"Pleno dia";"Decrescente";"Nublado";"Simples";"Reta";"Sim";2;0;1;0;0;1;1;1;"-21.767511";"-41.348763";"SR-RJ";"DEL5/8";"UOP02/RJ"
191104;2019-02-13;"4";"14:40:00";"PI";343;345;"TERESINA";"Falta de Atenção à Condução";"Colisão transversal";"Com Vítimas Feridas";"Pleno dia";"Decrescente";"Nublado";"Simples";"Interseção de vias";"Sim";2;0;0;1;1;0;1;2;"-5.102889";"-42.766506";"SR-PI";"DEL17/1";"UOP01/PI"
191105;2019-02-13;"4";"14:45:00";"ES";101;323;"GUARAPARI";"Não guardar distância de segurança";"Colisão lateral";"Com Vítimas Feridas";"Pleno dia";"Crescente";"Nublado";"Simples";"Curva";"Não";5;0;3;0;2;0;3;2;"-20.53753979";"-40.48247706";"SR-ES";"DEL12/3";"UOP01/ES"
191106;2019-02-13;"4";"13:30:00";"PE";232;62,2;"POMBOS";"Pista Escorregadia";"Saída de leito carroçável";"Com Vítimas Feridas";"Pleno dia";"Decrescente";"Garoa/Chuvisco";"Dupla";"Desvio Temporário";"Não";1;0;1;0;0;0;1;1;"-8.147123";"-35.398911";"SR-PE";"DEL11/1";"UOP04/PE"
191107;2019-02-13;"4";"16:45:00";"SP";101;16,9;"UBATUBA";"Pista Escorregadia";"Saída de leito carroçável";"Com Vítimas Feridas";"Pleno dia";"Crescente";"Chuva";"Simples";"Reta";"Não";3;0;2;0;1;0;2;1;"-23.326931";"-44.884567";"SR-SP";"DEL6";"UOP03/SP"
191108;2019-02-13;"4";"16:30:00";"ES";262;2,3;"CARIACICA";"Falta de Atenção à Condução";"Colisão traseira";"Com Vítimas Feridas";"Pleno dia";"Crescente";"Céu Claro";"Dupla";"Interseção de vias";"Não";2;0;1;0;1;0;1;2;"-20.3326";"-40.3608";"SR-ES";"DEL12/1";"UOP01/ES"
191109;2019-02-13;"4";"14:00:00";"MT";163;857;"SINOP";"Defeito na Via";"Colisão com objeto em movimento";"Sem Vítimas";"Pleno dia";"Decrescente";"Sol";"Simples";"Reta";"Não";2;0;0;0;1;1;0;2;"-11.78905526";"-55.47649384";"SR-MT";"DEL2/6";"UOP02/MT"
191110;2019-02-13;"4";"14:10:00";"MT";70;353,4;"CAMPO VERDE";"Pista Escorregadia";"Saída de leito carroçável";"Sem Vítimas";"Pleno dia";"Crescente";"Chuva";"Simples";"Curva";"Não";2;0;0;0;2;0;0;1;"-15.49132";"-54.89912";"SR-MT";"DEL2/5";"UOP01/MT"
191111;2019-02-13;"4";"16:20:00";"MG";116;780,6;"LEOPOLDINA";"Pista Escorregadia";"Saída de leito carroçável";"Com Vítimas Feridas";"Pleno dia";"Decrescente";"Chuva";"Simples";"Curva";"Não";2;0;2;0;0;0;2;1;"-21.61908559";"-42.69151121";"SR-MG";"DEL4/7";"UOP01/MG"
191112;2019-02-13;"4";"17:30:00";"RS";392;319,2;"SAO SEPE";"Desobediência às normas de trânsito pelo condutor";"Colisão transversal";"Com Vítimas Fatais";"Pleno dia";"Crescente";"Céu Claro";"Simples";"Reta";"Sim";3;1;0;2;0;0;2;2;"-29.993673";"-53.686066";"SR-RS";"DEL9/9";"UOP01/RS"
191114;2019-02-13;"4";"17:30:00";"SC";101;113,5;"ITAJAI";"Desobediência às normas de trânsito pelo condutor";"Colisão transversal";"Com Vítimas Feridas";"Pleno dia";"Decrescente";"Nublado";"Múltipla";"Interseção de vias";"Sim";2;0;0;1;1;0;1;2;"-26.8622";"-48.7286";"SR-SC";"DEL8/4";"UOP04/SC"
191115;2019-02-13;"4";"15:20:00";"RO";364;515;"ARIQUEMES";"Falta de Atenção à Condução";"Colisão transversal";"Com Vítimas Feridas";"Pleno dia";"Crescente";"Sol";"Simples";"Reta";"Sim";3;0;1;0;1;1;1;2;"-9.924994";"-63.054909";"SR-RO";"DEL21/3";"UOP01/RO"
191116;2019-02-13;"4";"16:00:00";"ES";101;436;"ATILIO VIVACQUA";"Falta de Atenção à Condução";"Colisão lateral";"Com Vítimas Feridas";"Anoitecer";"Crescente";"Chuva";"Simples";"Curva";"Não";3;0;1;1;1;0;2;2;"-21.0665601";"-41.2097168";"SR-ES";"DEL12/3";"UOP02/ES"
191117;2019-02-13;"4";"17:28:00";"SP";381;46;"ATIBAIA";"Falta de Atenção à Condução";"Colisão lateral";"Com Vítimas Feridas";"Pleno dia";"Decrescente";"Nublado";"Dupla";"Reta";"Sim";4;0;2;0;1;1;2;2;"-23.138622";"-46.575844";"SR-SP";"DEL6/3";"UOP02/SP"
191118;2019-02-13;"4";"18:00:00";"RJ";40;112;"DUQUE DE CAXIAS";"Falta de Atenção à Condução";"Colisão lateral";"Com Vítimas Feridas";"Pleno dia";"Decrescente";"Nublado";"Dupla";"Reta";"Sim";2;0;1;0;1;0;1;2;"-22.7102";"-43.2902";"SR-RJ";"DEL5/1";"UOP01/RJ"
191119;2019-02-13;"4";"17:50:00";"SC";282;3;"FLORIANOPOLIS";"Não guardar distância de segurança";"Colisão lateral";"Com Vítimas Feridas";"Pleno dia";"Decrescente";"Céu Claro";"Dupla";"Reta";"Sim";3;0;1;1;1;0;2;2;"-27.600384";"-48.599705";"SR-SC";"DEL8/1";"UOP01/SC"
191121;2019-02-13;"4";"16:50:00";"RJ";495;23,9;"PETROPOLIS";"Pista Escorregadia";"Colisão lateral";"Com Vítimas Feridas";"Pleno dia";"Crescente";"Chuva";"Simples";"Curva";"Sim";2;0;0;1;1;0;1;2;"-22.40460117";"-43.08804631";"SR-RJ";"DEL5/6";"UOP01/RJ"
191123;2019-02-13;"4";"17:55:00";"SC";101;212;"PALHOCA";"Falta de Atenção do Pedestre";"Queda de ocupante de veículo";"Com Vítimas Feridas";"Pleno dia";"Crescente";"Céu Claro";"Múltipla";"Reta";"Não";1;0;1;0;0;0;1;1;"-27.6372";"-48.6651";"SR-SC";"DEL8/1";"UOP02/SC"
191124;2019-02-13;"4";"13:30:00";"RJ";493;97;"SEROPEDICA";"Pista Escorregadia";"Colisão com objeto estático";"Com Vítimas Feridas";"Pleno dia";"Decrescente";"Chuva";"Múltipla";"Reta";"Não";4;0;4;0;0;0;4;1;"-22.7183049";"-43.7190298";"SR-RJ";"DEL5/1";"UOP03/RJ"
191125;2019-02-13;"4";"15:30:00";"MG";381;854,4;"POUSO ALEGRE";"Falta de Atenção à Condução";"Colisão traseira";"Com Vítimas Feridas";"Pleno dia";"Crescente";"Nublado";"Dupla";"Curva";"Não";2;0;1;0;1;0;1;2;"-22.2796";"-45.8948";"SR-MG";"DEL09";"UOP01/MG"
191126;2019-02-13;"4";"18:00:00";"PR";469;1;"FOZ DO IGUACU";"Defeito Mecânico no Veículo";"Colisão lateral";"Sem Vítimas";"Pleno dia";"Crescente";"Céu Claro";"Simples";"Interseção de vias";"Sim";2;0;0;0;2;0;0;2;"-25.574875";"-54.55087";"SR-PR";"DEL7/5";"UOP04/PR"
191127;2019-02-13;"4";"18:10:00";"RS";116;223;"DOIS IRMAOS";"Ingestão de Álcool";"Saída de leito carroçável";"Com Vítimas Feridas";"Pleno dia";"Crescente";"Céu Claro";"Simples";"Desvio Temporário";"Não";2;0;2;0;0;0;2;1;"-29.588274";"-51.099228";"SR-RS";"DEL9/5";"UOP02/RS"
191128;2019-02-13;"4";"17:35:00";"PA";316;32;"SANTA IZABEL DO PARA";"Avarias e/ou desgaste excessivo no pneu";"Saída de leito carroçável";"Com Vítimas Feridas";"Pleno dia";"Decrescente";"Chuva";"Dupla";"Curva";"Não";2;0;1;0;1;0;1;1;"-1.289763";"-48.156025";"SR-PA";"DEL19/1";"UOP01/PA"
191129;2019-02-13;"4";"18:50:00";"MG";40;610,5;"CONGONHAS";"Falta de Atenção à Condução";"Colisão frontal";"Com Vítimas Feridas";"Anoitecer";"Decrescente";"Chuva";"Simples";"Curva";"Não";4;0;3;0;1;0;3;2;"-20.5082";"-43.8386";"SR-MG";"DEL5";"UOP02/MG"
191130;2019-02-13;"4";"18:50:00";"SC";470;79;"INDAIAL";"Desobediência às normas de trânsito pelo condutor";"Colisão transversal";"Com Vítimas Feridas";"Pleno dia";"Crescente";"Nublado";"Simples";"Reta";"Sim";2;0;1;0;1;0;1;2;"-26.950367";"-49.325638";"SR-SC";"DEL8/4";"UOP01/SC"
191131;2019-02-13;"4";"15:40:00";"RS";392;18,5;"RIO GRANDE";"Não guardar distância de segurança";"Colisão traseira";"Sem Vítimas";"Pleno dia";"Decrescente";"Nublado";"Dupla";"Reta";"Não";2;0;0;0;2;0;0;2;"-32.094147";"-52.167526";"SR-RS";"DEL9/7";"UOP02/RS"
191132;2019-02-13;"4";"18:15:00";"RS";290;182,5;"MINAS DO LEAO";"Desobediência às normas de trânsito pelo condutor";"Colisão transversal";"Com Vítimas Feridas";"Pleno dia";"Decrescente";"Céu Claro";"Simples";"Não Informado";"Sim";3;0;0;2;1;0;2;2;"-30.14433856";"-52.04640985";"SR-RS";"DEL9/2";"UOP03/RS"
191133;2019-02-13;"4";"18:40:00";"ES";262;27,7;"VIANA";"Pista Escorregadia";"Capotamento";"Com Vítimas Feridas";"Anoitecer";"Decrescente";"Chuva";"Simples";"Curva";"Não";2;0;2;0;0;0;2;1;"-20.3827";"-40.5478";"SR-ES";"DEL12/1";"UOP01/ES"
191134;2019-02-13;"4";"19:15:00";"MG";40;519;"CONTAGEM";"Defeito Mecânico no Veículo";"Colisão com objeto em movimento";"Com Vítimas Feridas";"Anoitecer";"Decrescente";"Chuva";"Dupla";"Reta";"Não";3;0;0;2;1;0;2;2;"-19.8511";"-44.0724";"SR-MG";"DEL4/1";"UOP03/MG"
191135;2019-02-13;"4";"19:00:00";"MG";381;654;"SANTO ANTONIO DO AMPARO";"Velocidade Incompatível";"Saída de leito carroçável";"Com Vítimas Feridas";"Anoitecer";"Decrescente";"Chuva";"Dupla";"Curva";"Não";1;0;1;0;0;0;1;1;"-20.9821";"-44.9433";"SR-MG";"DEL4/4";"UOP02/MG"
191136;2019-02-13;"4";"17:40:00";"PI";343;344,4;"TERESINA";"Desobediência às normas de trânsito pelo condutor";"Colisão lateral";"Com Vítimas Feridas";"Pleno dia";"Crescente";"Céu Claro";"Múltipla";"Rotatória";"Sim";1;0;1;0;0;0;1;1;"-5.08072779";"-42.775172";"SR-PI";"DEL17/1";"UOP01/PI"
191138;2019-02-13;"4";"08:00:00";"SP";116;548;"BARRA DO TURVO";"Velocidade Incompatível";"Colisão com objeto estático";"Sem Vítimas";"Pleno dia";"Crescente";"Chuva";"Simples";"Curva";"Não";5;0;0;0;3;2;0;5;"-24.95335265";"-48.45116615";"SR-SP";"DEL6/5";"UOP03/SP"
191139;2019-02-13;"4";"18:00:00";"MT";163;114,9;"RONDONOPOLIS";"Defeito na Via";"Saída de leito carroçável";"Com Vítimas Feridas";"Anoitecer";"Crescente";"Chuva";"Dupla";"Reta";"Não";4;0;3;0;1;0;3;1;"-16.545908";"-54.670837";"SR-MT";"DEL2/2";"UOP01/MT"
191140;2019-02-13;"4";"15:30:00";"RS";116;584,5;"ARROIO GRANDE";"Condutor Dormindo";"Saída de leito carroçável";"Com Vítimas Feridas";"Pleno dia";"Crescente";"Céu Claro";"Simples";"Reta";"Não";2;0;0;2;0;0;2;1;"-32.06439202";"-52.87612438";"SR-RS";"DEL9/7";"UOP03/RS"
191141;2019-02-13;"4";"19:05:00";"PR";376;667,4;"GUARATUBA";"Velocidade Incompatível";"Tombamento";"Com Vítimas Fatais";"Anoitecer";"Crescente";"Garoa/Chuvisco";"Simples";"Não Informado";"Não";1;1;0;0;0;0;0;1;"-25.86378041";"-48.93525124";"SR-PR";"DEL7/1";"UOP08/PR"
191142;2019-02-05;"3";"22:00:00";"MG";267;162;"LIMA DUARTE";"Desobediência às normas de trânsito pelo condutor";"Colisão transversal";"Com Vítimas Feridas";"Plena Noite";"Decrescente";"Nublado";"Simples";"Interseção de vias";"Sim";2;0;1;0;1;0;1;2;"-21.84795618";"-43.79047394";"SR-MG";"DEL5";"UOP01/MG"
191143;2019-02-13;"4";"16:40:00";"SP";116;507;"CAJATI";"Falta de Atenção à Condução";"Colisão lateral";"Com Vítimas Feridas";"Pleno dia";"Decrescente";"Chuva";"Simples";"Reta";"Não";3;0;0;2;1;0;2;2;"-24.80503223";"-48.21225643";"SR-SP";"DEL6/5";"UOP02/SP"
191144;2019-02-13;"4";"18:00:00";"RO";435;85,6;"COLORADO DO OESTE";"Ingestão de Álcool";"Atropelamento de Pedestre";"Com Vítimas Feridas";"Plena Noite";"Crescente";"Céu Claro";"Simples";"Reta";"Sim";2;0;2;0;0;0;2;1;"-13.118861";"-60.531811";"SR-RO";"DEL21/4";"UOP02/RO"
191145;2019-02-13;"4";"12:40:00";"RR";174;118;"RORAINOPOLIS";"Falta de Atenção à Condução";"Colisão transversal";"Com Vítimas Feridas";"Pleno dia";"Crescente";"Céu Claro";"Simples";"Reta";"Sim";2;0;1;0;1;0;1;2;"0.13062";"-60.56979";"SR-RR";"UOP01/RR";""
191146;2019-02-13;"4";"19:20:00";"MG";262;597;"CAMPOS ALTOS";"Falta de Atenção à Condução";"Saída de leito carroçável";"Com Vítimas Feridas";"Anoitecer";"Decrescente";"Garoa/Chuvisco";"Simples";"Não Informado";"Não";1;0;0;1;0;0;1;1;"-19.666414";"-46.16032";"SR-MG";"DEL4/8";"UOP02/MG"
191147;2019-02-13;"4";"19:55:00";"ES";101;147;"LINHARES";"Falta de Atenção à Condução";"Colisão transversal";"Com Vítimas Feridas";"Plena Noite";"Decrescente";"Céu Claro";"Simples";"Reta";"Sim";2;0;2;0;0;0;2;2;"-19.38013694";"-40.06673277";"SR-ES";"DEL12/4";"UOP01/ES"
191148;2019-02-13;"4";"17:40:00";"RJ";101;439;"PARATY";"Velocidade Incompatível";"Colisão com objeto estático";"Com Vítimas Feridas";"Pleno dia";"Decrescente";"Nublado";"Simples";"Curva";"Não";2;0;2;0;0;0;2;1;"-23.05469885";"-44.58322763";"SR-RJ";"DEL5/3";"UOP01/RJ"
191149;2019-02-09;"7";"08:20:00";"PR";277;72;"SAO JOSE DOS PINHAIS";"Não guardar distância de segurança";"Queda de ocupante de veículo";"Com Vítimas Feridas";"Pleno dia";"Decrescente";"Céu Claro";"Dupla";"Reta";"Sim";1;0;1;0;0;0;1;1;"-25.50939379";"-49.13301051";"SR-PR";"DEL7/1";"UOP01/PR"
191150;2019-02-13;"4";"11:30:00";"BA";242;138,4;"RAFAEL JAMBEIRO";"Falta de Atenção à Condução";"Queda de ocupante de veículo";"Com Vítimas Feridas";"Pleno dia";"Decrescente";"Céu Claro";"Simples";"Reta";"Não";1;0;1;0;0;0;1;1;"-12.583307";"-39.52112";"SR-BA";"DEL10/6";"UOP02/BA"
191151;2019-02-13;"4";"21:10:00";"MG";50;15;"UBERLANDIA";"Velocidade Incompatível";"Tombamento";"Com Vítimas Feridas";"Plena Noite";"Crescente";"Nublado";"Dupla";"Retorno Regulamentado";"Não";2;0;1;0;1;0;1;1;"-18.9300736";"-48.2377728";"SR-MG";"DEL4/15";"UOP02/MG"
191152;2019-02-13;"4";"19:50:00";"MA";230;1,8;"BARAO DE GRAJAU";"Ingestão de Álcool";"Colisão traseira";"Com Vítimas Feridas";"Plena Noite";"Decrescente";"Nublado";"Simples";"Reta";"Sim";3;0;0;1;2;0;1;2;"-6.755173";"-43.018978";"SR-PI";"DEL17/3";"UOP01/PI"
191153;2019-02-13;"4";"21:15:00";"BA";20;180;"LUIS EDUARDO MAGALHAES";"Falta de Atenção à Condução";"Colisão traseira";"Com Vítimas Feridas";"Plena Noite";"Crescente";"Céu Claro";"Simples";"Reta";"Não";2;0;1;0;1;0;1;2;"-12.3887";"-45.8671";"SR-BA";"DEL10/10";"UOP01/BA"
191154;2019-02-13;"4";"22:30:00";"SC";470;54;"BLUMENAU";"Falta de Atenção à Condução";"Colisão transversal";"Com Vítimas Feridas";"Plena Noite";"Crescente";"Céu Claro";"Simples";"Interseção de vias";"Sim";2;0;1;0;1;0;1;2;"-26.87335252";"-49.11420822";"SR-SC";"DEL8/4";"UOP01/SC"
191155;2019-02-13;"4";"12:00:00";"SP";116;512;"CAJATI";"Falta de Atenção à Condução";"Tombamento";"Com Vítimas Feridas";"Pleno dia";"Decrescente";"Garoa/Chuvisco";"Simples";"Curva";"Não";1;0;1;0;0;0;1;1;"-24.82413218";"-48.21350098";"SR-SP";"DEL6/5";"UOP02/SP"
191156;2019-02-13;"4";"20:55:00";"GO";153;410,6;"PIRENOPOLIS";"Falta de Atenção à Condução";"Colisão traseira";"Com Vítimas Feridas";"Plena Noite";"Crescente";"Céu Claro";"Simples";"Não Informado";"Não";1;0;1;0;0;0;1;1;"-16.095764";"-49.033852";"SR-GO";"DEL1/2";"UOP01/GO"
191158;2019-02-13;"4";"21:50:00";"RS";290;476,8;"ROSARIO DO SUL";"Animais na Pista";"Atropelamento de Animal";"Com Vítimas Feridas";"Plena Noite";"Decrescente";"Céu Claro";"Simples";"Reta";"Não";5;0;1;0;4;0;1;1;"-30.24036";"-54.878563";"SR-RS";"DEL9/11";"UOP02/RS"
191159;2019-02-13;"4";"21:20:00";"RS";386;42;"FREDERICO WESTPHALEN";"Falta de Atenção do Pedestre";"Atropelamento de Pedestre";"Com Vítimas Feridas";"Plena Noite";"Crescente";"Céu Claro";"Simples";"Reta";"Sim";2;0;0;1;1;0;1;1;"-27.42297613";"-53.42205048";"SR-RS";"DEL08";"UOP02/RS"
191160;2019-02-14;"5";"00:10:00";"SC";101;104,6;"PENHA";"Falta de Atenção à Condução";"Queda de ocupante de veículo";"Com Vítimas Feridas";"Plena Noite";"Decrescente";"Nublado";"Simples";"Viaduto";"Não";1;0;1;0;0;0;1;1;"-26.79827972";"-48.67930949";"SR-SC";"DEL8/3";"UOP02/SC"
191161;2019-02-14;"5";"00:15:00";"GO";60;11,1;"ALEXANIA";"Falta de Atenção à Condução";"Colisão traseira";"Com Vítimas Fatais";"Plena Noite";"Crescente";"Céu Claro";"Dupla";"Reta";"Não";2;1;0;0;1;0;0;2;"-16.094168";"-48.517212";"SR-DF";"GO";"UOP03/DF"
191162;2019-02-13;"4";"22:30:00";"PE";428;97,1;"SANTA MARIA DA BOA VISTA";"Condutor Dormindo";"Colisão traseira";"Com Vítimas Fatais";"Plena Noite";"Decrescente";"Céu Claro";"Simples";"Reta";"Não";2;1;0;0;1;0;0;2;"-8.819541";"-39.927242";"SR-PE";"DEL11/6";"UOP03/PE"
191163;2019-02-13;"4";"18:20:00";"PR";163;17,4;"BOM JESUS DO SUL";"Falta de Atenção à Condução";"Colisão lateral";"Com Vítimas Feridas";"Pleno dia";"Crescente";"Sol";"Simples";"Não Informado";"Não";6;0;2;1;3;0;3;2;"-26.190922";"-53.65441";"SR-PR";"DEL7/2";"UOP04/PR"
191164;2019-02-13;"4";"19:30:00";"BA";110;294,4;"INHAMBUPE";"Defeito Mecânico no Veículo";"Atropelamento de Pedestre";"Com Vítimas Feridas";"Plena Noite";"Crescente";"Céu Claro";"Simples";"Reta";"Sim";2;0;0;1;1;0;1;2;"-11.8007";"-38.3508";"SR-BA";"DEL10/1";"UOP04/BA"
191165;2019-02-13;"4";"22:50:00";"MG";381;526;"BRUMADINHO";"Velocidade Incompatível";"Tombamento";"Com Vítimas Feridas";"Plena Noite";"Crescente";"Chuva";"Dupla";"Curva";"Não";1;0;0;1;0;0;1;1;"-20.1586";"-44.3295";"SR-MG";"DEL4/4";"UOP03/MG"
191166;2019-02-13;"4";"23:50:00";"MG";381;540;"ITATIAIUCU";"Velocidade Incompatível";"Saída de leito carroçável";"Com Vítimas Feridas";"Plena Noite";"Decrescente";"Chuva";"Dupla";"Curva";"Sim";2;0;2;0;0;0;2;1;"-20.2342";"-44.4037";"SR-MG";"DEL4/4";"UOP03/MG"
191167;2019-02-11;"2";"05:00:00";"PA";163;663,7;"ITAITUBA";"Defeito Mecânico no Veículo";"Tombamento";"Sem Vítimas";"Plena Noite";"Decrescente";"Céu Claro";"Simples";"Reta";"Não";1;0;0;0;1;0;0;1;"-4.39218012";"-55.78938675";"SR-PA";"DEL19/5";"UOP01/PA"
191168;2019-02-14;"5";"00:45:00";"RJ";101;82;"CAMPOS DOS GOYTACAZES";"Desobediência às normas de trânsito pelo condutor";"Colisão traseira";"Com Vítimas Feridas";"Plena Noite";"Crescente";"Nublado";"Simples";"Reta";"Não";2;0;1;0;0;1;1;2;"-21.827513";"-41.454144";"SR-RJ";"DEL5/8";"UOP02/RJ"
191169;2019-02-13;"4";"22:45:00";"MG";381;903;"CAMBUI";"Falta de Atenção à Condução";"Colisão lateral";"Com Vítimas Feridas";"Plena Noite";"Crescente";"Nublado";"Dupla";"Reta";"Não";3;0;1;1;1;0;2;2;"-22.6508";"-46.0887";"SR-MG";"DEL09";"UOP03/MG"
191170;2019-02-13;"4";"22:00:00";"PI";316;224;"GEMINIANO";"Avarias e/ou desgaste excessivo no pneu";"Incêndio";"Sem Vítimas";"Plena Noite";"Decrescente";"Garoa/Chuvisco";"Simples";"Reta";"Não";1;0;0;0;1;0;0;1;"-7.10021129";"-41.32850647";"SR-PI";"DEL17/4";"UOP02/PI"
191171;2019-02-13;"4";"23:30:00";"PA";316;92;"IGARAPE-ACU";"Restrição de Visibilidade";"Colisão lateral";"Sem Vítimas";"Plena Noite";"Decrescente";"Nublado";"Simples";"Reta";"Não";2;0;0;0;2;0;0;2;"-1.32279088";"-47.6740551";"SR-PA";"DEL19/1";"UOP03/PA"
191172;2019-02-13;"4";"22:15:00";"PA";10;92;"IGARAPE-ACU";"Falta de Atenção à Condução";"Capotamento";"Com Vítimas Feridas";"Plena Noite";"Crescente";"Chuva";"Simples";"Reta";"Não";4;0;0;3;1;0;3;2;"-1.328786";"-47.639122";"SR-PA";"DEL19/2";"UOP03/PA"
191173;2019-02-13;"4";"21:20:00";"PI";343;546;"AMARANTE";"Animais na Pista";"Atropelamento de Animal";"Sem Vítimas";"Plena Noite";"Decrescente";"Nublado";"Simples";"Curva";"Não";4;0;0;0;4;0;0;1;"-6.584682";"-42.793953";"SR-PI";"DEL17/3";"UOP01/PI"
191174;2019-02-14;"5";"00:55:00";"SC";101;207;"SAO JOSE";"Desobediência às normas de trânsito pelo condutor";"Colisão transversal";"Com Vítimas Feridas";"Plena Noite";"Decrescente";"Céu Claro";"Múltipla";"Desvio Temporário";"Sim";2;0;0;1;1;0;1;2;"-27.6034";"-48.632";"SR-SC";"DEL8/1";"UOP01/SC"
191175;2019-02-13;"4";"23:30:00";"PA";316;243;"CACHOEIRA DO PIRIA";"Ingestão de Álcool";"Colisão frontal";"Com Vítimas Fatais";"Plena Noite";"Crescente";"Nublado";"Simples";"Reta";"Não";4;2;0;0;1;1;0;3;"-1.7486146";"-46.56194687";"SR-PA";"DEL19/1";"UOP05/PA"
191177;2019-02-13;"4";"19:50:00";"RS";470;75,1;"LAGOA VERMELHA";"Falta de Atenção do Pedestre";"Atropelamento de Pedestre";"Com Vítimas Feridas";"Anoitecer";"Crescente";"Céu Claro";"Simples";"Reta";"Sim";3;0;0;1;1;1;1;1;"-28.203295";"-51.525402";"SR-RS";"DEL08";"UOP05/RS"
191178;2019-02-14;"5";"01:30:00";"CE";116;476,8;"MILAGRES";"Falta de Atenção à Condução";"Colisão frontal";"Com Vítimas Feridas";"Plena Noite";"Decrescente";"Céu Claro";"Simples";"Desvio Temporário";"Não";1;0;0;1;0;0;1;1;"-7.299918";"-38.885994";"SR-CE";"DEL16/5";"UOP03/CE"
191179;2019-02-14;"5";"02:10:00";"SP";116;529;"BARRA DO TURVO";"Condutor Dormindo";"Capotamento";"Sem Vítimas";"Plena Noite";"Crescente";"Garoa/Chuvisco";"Dupla";"Reta";"Não";1;0;0;0;1;0;0;1;"-24.93625732";"-48.29246521";"SR-SP";"DEL6/5";"UOP03/SP"
191180;2019-02-13;"4";"23:40:00";"PE";232;109,9;"BEZERROS";"Condutor Dormindo";"Saída de leito carroçável";"Com Vítimas Feridas";"Plena Noite";"Crescente";"Céu Claro";"Dupla";"Curva";"Não";1;0;1;0;0;0;1;1;"-8.25219";"-35.76585";"SR-PE";"DEL11/2";"UOP02/PE"
191181;2019-02-14;"5";"00:05:00";"RO";364;800;"PORTO VELHO";"Ingestão de Álcool";"Colisão frontal";"Sem Vítimas";"Plena Noite";"Crescente";"Nublado";"Simples";"Reta";"Sim";5;0;0;0;5;0;0;2;"-9.674507";"-65.44786";"SR-RO";"DEL21/1";"UOP02/RO"
191182;2019-02-14;"5";"03:40:00";"SC";101;91,3;"BARRA VELHA";"Falta de Atenção à Condução";"Colisão com objeto estático";"Com Vítimas Fatais";"Plena Noite";"Crescente";"Nublado";"Múltipla";"Interseção de vias";"Sim";1;1;0;0;0;0;0;1;"-26.68079132";"-48.69340718";"SR-SC";"DEL8/3";"UOP02/SC"
191183;2019-02-14;"5";"03:50:00";"SP";116;226;"GUARULHOS";"Velocidade Incompatível";"Colisão traseira";"Com Vítimas Feridas";"Plena Noite";"Crescente";"Céu Claro";"Múltipla";"Reta";"Sim";2;0;0;1;1;0;1;2;"-23.49471479";"-46.55465305";"SR-SP";"DEL6/1";"UOP01/SP"
191185;2019-02-14;"5";"05:15:00";"SC";282;23;"PALHOCA";"Falta de Atenção à Condução";"Colisão traseira";"Com Vítimas Feridas";"Plena Noite";"Crescente";"Céu Claro";"Simples";"Reta";"Sim";3;0;1;0;2;0;1;2;"-27.687958";"-48.736794";"SR-SC";"DEL8/1";"UOP02/SC"
191186;2019-02-14;"5";"04:20:00";"MG";459;105,8;"POUSO ALEGRE";"Falta de Atenção à Condução";"Colisão com objeto estático";"Sem Vítimas";"Plena Noite";"Decrescente";"Nublado";"Simples";"Não Informado";"Não";1;0;0;0;0;1;0;1;"-22.227884";"-45.903973";"SR-MG";"DEL09";"UOP01/MG"