"id";"data_inversa";"dia_semana";"horario";"uf";"br";"km";"municipio";"causa_acidente";"tipo_acidente";"classificacao_acidente";"fase_dia";"sentido_via";"condicao_metereologica";"tipo_pista";"tracado_via";"uso_solo";"pessoas";"mortos";"feridos_leves";"feridos_graves";"ilesos";"ignorados";"feridos";"veiculos";"latitude";"longitude";"regional";"delegacia";"uop"
191277;2019-02-14;"5";"17:00:00";"CE";222;234,4;"SOBRAL";"Desobediência às normas de trânsito pelo condutor";"Colisão traseira";"Com Vítimas Feridas";"Pleno dia";"Crescente";"Céu Claro";"Simples";"Reta";"Não";2;0;1;0;1;0;1;2;"-3.712111";"-40.426613";"SR-CE";"DEL16/4";"UOP01/CE"
191278;2019-02-14;"5";"17:50:00";"RS";116;149,8;"CAXIAS DO SUL";"Não guardar distância de segurança";"Colisão traseira";"Com Vítimas Feridas";"Pleno dia";"Decrescente";"Céu Claro";"Dupla";"Não Informado";"Sim";3;0;1;0;2;0;1;3;"-29.159958";"-51.156448";"SR-RS";"DEL9/5";"UOP01/RS"
191279;2019-02-14;"5";"16:45:00";"PE";232;124,6;"CARUARU";"Falta de Atenção à Condução";"Colisão traseira";"Com Vítimas Feridas";"Pleno dia";"Crescente";"Vento";"Dupla";"Reta";"Não";3;0;1;2;0;0;3;2;"-8.301935";"-35.980919";"SR-PE";"DEL11/2";"UOP02/PE"
191280;2019-02-14;"5";"18:50:00";"SC";470;69;"INDAIAL";"Falta de Atenção do Pedestre";"Atropelamento de Pedestre";"Com Vítimas Feridas";"Pleno dia";"Crescente";"Nublado";"Simples";"Não Informado";"Sim";2;0;1;0;1;0;1;1;"-26.8862297";"-49.2504859";"SR-SC";"DEL8/4";"UOP01/SC"
191281;2019-02-14;"5";"18:05:00";"SP";116;218;"GUARULHOS";"Não guardar distância de segurança";"Colisão lateral";"Com Vítimas Feridas";"Anoitecer";"Decrescente";"Nublado";"Simples";"Reta";"Não";4;0;1;0;3;0;1;4;"-23.46255413";"-46.49196267";"SR-SP";"DEL6/1";"UOP01/SP"
191283;2019-02-14;"5";"18:50:00";"PR";369;133,5;"IBIPORA";"Falta de Atenção à Condução";"Colisão transversal";"Com Vítimas Feridas";"Pleno dia";"Crescente";"Céu Claro";"Dupla";"Interseção de vias";"Não";2;0;1;0;1;0;1;2;"-23.26061749";"-51.01274014";"SR-PR";"DEL7/7";"UOP01/PR"
191284;2019-02-14;"5";"18:15:00";"RJ";40;119;"DUQUE DE CAXIAS";"Desobediência às normas de trânsito pelo condutor";"Colisão traseira";"Com Vítimas Feridas";"Pleno dia";"Decrescente";"Céu Claro";"Múltipla";"Reta";"Não";3;0;2;0;1;0;2;2;"-22.7713";"-43.2862";"SR-RJ";"DEL5/1";"UOP01/RJ"
191285;2019-02-14;"5";"14:20:00";"PI";316;21,6;"TERESINA";"Pista Escorregadia";"Saída de leito carroçável";"Sem Vítimas";"Pleno dia";"Decrescente";"Nublado";"Simples";"Curva";"Não";1;0;0;0;1;0;0;1;"-5.267487";"-42.727409";"SR-PI";"DEL17/1";"UOP02/PI"
191286;2019-02-14;"5";"16:15:00";"TO";153;560,4;"FATIMA";"Velocidade Incompatível";"Saída de leito carroçável";"Com Vítimas Feridas";"Pleno dia";"Decrescente";"Chuva";"Simples";"Reta";"Não";1;0;1;0;0;0;1;1;"-10.74602174";"-48.90297446";"SR-TO";"UOP02/TO";""
191287;2019-02-14;"5";"14:27:00";"PI";316;21,6;"DEMERVAL LOBAO";"Pista Escorregadia";"Colisão com objeto estático";"Com Vítimas Feridas";"Pleno dia";"Decrescente";"Céu Claro";"Simples";"Reta";"Não";2;0;1;0;1;0;1;2;"-5.267487";"-42.727409";"SR-PI";"DEL17/1";"UOP02/PI"
191288;2019-02-14;"5";"14:25:00";"PI";316;21,6;"DEMERVAL LOBAO";"Pista Escorregadia";"Saída de leito carroçável";"Sem Vítimas";"Pleno dia";"Decrescente";"Céu Claro";"Simples";"Reta";"Não";1;0;0;0;1;0;0;1;"-5.267487";"-42.727409";"SR-PI";"DEL17/1";"UOP02/PI"
191289;2019-02-14;"5";"17:50:00";"PE";316;18;"ARARIPINA";"Falta de Atenção à Condução";"Colisão frontal";"Sem Vítimas";"Anoitecer";"Crescente";"Céu Claro";"Simples";"Reta";"Não";2;0;0;0;1;1;0;2;"-7.546102";"-40.545284";"SR-PE";"DEL11/5";"UOP02/PE"
191290;2019-02-14;"5";"17:15:00";"RS";470;274,2;"MONTENEGRO";"Desobediência às normas de trânsito pelo condutor";"Colisão transversal";"Com Vítimas Feridas";"Pleno dia";"Decrescente";"Céu Claro";"Simples";"Reta";"Sim";2;0;1;0;1;0;1;2;"-29.68637";"-51.47434";"SR-RS";"DEL9/4";"UOP02/RS"
191291;2019-02-14;"5";"20:00:00";"RS";158;201,5;"CRUZ ALTA";"Velocidade Incompatível";"Saída de leito carroçável";"Com Vítimas Feridas";"Plena Noite";"Decrescente";"Chuva";"Simples";"Curva";"Sim";1;0;0;1;0;0;1;1;"-28.694088";"-53.601543";"SR-RS";"DEL9/10";"UOP02/RS"
191292;2019-01-01;"3";"14:00:00";"RN";226;3,1;"NATAL";"Falta de Atenção à Condução";"Colisão lateral";"Sem Vítimas";"Pleno dia";"Decrescente";"Céu Claro";"Dupla";"Curva";"Sim";2;0;0;0;1;1;0;2;"-5.82188575";"-35.25247249";"SR-RN";"DEL15/1";"UOP02/RN"
191293;2019-02-14;"5";"17:55:00";"RO";364;11,2;"VILHENA";"Falta de Atenção à Condução";"Colisão traseira";"Com Vítimas Feridas";"Anoitecer";"Decrescente";"Céu Claro";"Dupla";"Reta";"Sim";2;0;1;0;1;0;1;2;"-12.74605";"-60.112728";"SR-RO";"DEL21/4";"UOP01/RO"
191294;2019-02-14;"5";"18:14:00";"MG";262;35,4;"MANHUACU";"Desobediência às normas de trânsito pelo condutor";"Colisão transversal";"Com Vítimas Feridas";"Pleno dia";"Decrescente";"Nublado";"Simples";"Reta";"Não";3;0;1;0;2;0;1;2;"-20.259268";"-42.017025";"SR-MG";"DEL4/6";"UOP04/MG"
191295;2019-02-14;"5";"19:30:00";"PR";116;113;"CURITIBA";"Objeto estático sobre o leito carroçável";"Queda de ocupante de veículo";"Com Vítimas Feridas";"Plena Noite";"Crescente";"Nublado";"Dupla";"Reta";"Sim";1;0;0;1;0;0;1;1;"-25.54925618";"-49.30458069";"SR-PR";"DEL7/1";"UOP01/PR"
191296;2019-02-14;"5";"08:15:00";"MA";135;0,6;"SAO LUIS";"Pista Escorregadia";"Colisão com objeto estático";"Sem Vítimas";"Pleno dia";"Crescente";"Chuva";"Dupla";"Reta";"Sim";3;0;0;0;3;0;0;1;"-2.580456";"-44.241947";"SR-MA";"DEL18/1";"UOP01/MA"
191297;2019-02-14;"5";"20:17:00";"PR";476;139;"CURITIBA";"Falta de Atenção à Condução";"Colisão traseira";"Com Vítimas Feridas";"Plena Noite";"Decrescente";"Céu Claro";"Dupla";"Reta";"Sim";3;0;2;0;1;0;2;3;"-25.51284";"-49.289257";"SR-PR";"DEL7/1";"UOP06/PR"
191298;2019-02-14;"5";"14:30:00";"MG";381;316;"NOVA ERA";"Pista Escorregadia";"Colisão traseira";"Sem Vítimas";"Pleno dia";"Decrescente";"Céu Claro";"Simples";"Curva";"Não";2;0;0;0;2;0;0;2;"-19.7609";"-43.0306";"SR-MG";"DEL4/3";"UOP02/MG"
191300;2019-02-14;"5";"19:45:00";"RN";406;169;"SAO GONCALO DO AMARANTE";"Desobediência às normas de trânsito pelo condutor";"Colisão lateral";"Com Vítimas Feridas";"Plena Noite";"Crescente";"Céu Claro";"Múltipla";"Reta";"Não";3;0;0;1;2;0;1;2;"-5.75793428";"-35.30158281";"SR-RN";"DEL15/2";"UOP01/RN"
191301;2019-02-14;"5";"19:40:00";"BA";407;2,7;"JUAZEIRO";"Desobediência às normas de trânsito pelo condutor";"Colisão lateral";"Com Vítimas Feridas";"Plena Noite";"Decrescente";"Céu Claro";"Simples";"Reta";"Sim";2;0;1;0;1;0;1;2;"-9.425099";"-40.503536";"SR-PE";"DEL11/6";"UOP01/PE"
191302;2019-02-14;"5";"19:40:00";"RS";293;253;"DOM PEDRITO";"Falta de Atenção à Condução";"Tombamento";"Com Vítimas Feridas";"Pleno dia";"Crescente";"Nublado";"Simples";"Interseção de vias";"Sim";2;0;0;1;1;0;1;2;"-30.959497";"-54.679693";"SR-RS";"DEL9/11";"UOP01/RS"
191303;2019-02-14;"5";"21:15:00";"SC";470;43,8;"GASPAR";"Defeito Mecânico no Veículo";"Incêndio";"Sem Vítimas";"Plena Noite";"Decrescente";"Nublado";"Simples";"Reta";"Não";1;0;0;0;1;0;0;1;"-26.874519";"-49.013454";"SR-SC";"DEL8/4";"UOP01/SC"
191304;2019-01-01;"3";"22:10:00";"MG";50;40;"ARAGUARI";"Falta de Atenção à Condução";"Colisão transversal";"Sem Vítimas";"Plena Noite";"Decrescente";"Céu Claro";"Dupla";"Retorno Regulamentado";"Sim";3;0;0;0;1;2;0;2;"-18.6834";"-48.1789";"SR-MG";"DEL4/15";"UOP02/MG"
191305;2019-02-14;"5";"10:58:00";"RJ";40;101;"DUQUE DE CAXIAS";"Defeito na Via";"Queda de ocupante de veículo";"Com Vítimas Feridas";"Pleno dia";"Crescente";"Céu Claro";"Dupla";"Curva";"Não";1;0;1;0;0;0;1;1;"-22.6119";"-43.285";"SR-RJ";"DEL5/6";"UOP03/RJ"
191306;2019-02-14;"5";"19:50:00";"RS";472;545;"URUGUAIANA";"Falta de Atenção à Condução";"Colisão lateral";"Sem Vítimas";"Anoitecer";"Crescente";"Céu Claro";"Simples";"Reta";"Não";5;0;0;0;5;0;0;2;"-29.595128";"-56.863058";"SR-RS";"DEL9/13";"UOP01/RS"
191307;2019-02-14;"5";"20:20:00";"MG";381;484;"BETIM";"Falta de Atenção à Condução";"Colisão lateral";"Com Vítimas Feridas";"Plena Noite";"Decrescente";"Nublado";"Dupla";"Reta";"Não";3;0;2;0;1;0;2;2;"-19.9557";"-44.0964";"SR-MG";"DEL4/1";"UOP03/MG"
191308;2019-02-14;"5";"06:10:00";"RJ";465;21;"NOVA IGUACU";"Falta de Atenção à Condução";"Atropelamento de Pedestre";"Com Vítimas Feridas";"Pleno dia";"Decrescente";"Nublado";"Simples";"Reta";"Sim";3;0;0;1;2;0;1;1;"-22.854782";"-43.601933";"SR-RJ";"DEL5/1";"UOP03/RJ"
191309;2019-02-14;"5";"19:20:00";"SP";381;20,6;"BRAGANCA PAULISTA";"Falta de Atenção à Condução";"Saída de leito carroçável";"Sem Vítimas";"Plena Noite";"Crescente";"Céu Claro";"Dupla";"Reta";"Sim";1;0;0;0;1;0;0;1;"-22.984438";"-46.503525";"SR-SP";"DEL6/3";"UOP01/SP"
191310;2019-02-14;"5";"10:20:00";"MG";262;745,5;"PERDIZES";"Falta de Atenção à Condução";"Tombamento";"Sem Vítimas";"Pleno dia";"Decrescente";"Nublado";"Simples";"Não Informado";"Não";1;0;0;0;1;0;0;1;"-19.61114682";"-47.42560476";"SR-MG";"DEL4/8";"UOP01/MG"
191311;2019-02-14;"5";"19:20:00";"MG";381;168;"GOVERNADOR VALADARES";"Desobediência às normas de trânsito pelo condutor";"Colisão traseira";"Com Vítimas Feridas";"Anoitecer";"Crescente";"Nublado";"Simples";"Reta";"Não";3;0;1;0;1;1;1;2;"-18.965734";"-42.081837";"SR-MG";"DEL4/6";"UOP01/MG"
191312;2019-02-14;"5";"18:50:00";"PA";230;95,2;"SAO JOAO DO ARAGUAIA";"Animais na Pista";"Atropelamento de Animal";"Com Vítimas Fatais";"Anoitecer";"Crescente";"Céu Claro";"Simples";"Reta";"Não";1;1;0;0;0;0;0;1;"-5.438558";"-48.917889";"SR-PA";"DEL19/3";"UOP01/PA"
191313;2019-02-14;"5";"20:00:00";"PB";230;17;"JOAO PESSOA";"Não guardar distância de segurança";"Engavetamento";"Com Vítimas Feridas";"Plena Noite";"Decrescente";"Céu Claro";"Dupla";"Reta";"Não";4;0;1;0;3;0;1;3;"-7.1121";"-34.8426";"SR-PB";"DEL14/1";"UOP00/PB"
191314;2019-02-14;"5";"22:30:00";"MG";381;897,1;"CAMBUI";"Avarias e/ou desgaste excessivo no pneu";"Saída de leito carroçável";"Com Vítimas Feridas";"Plena Noite";"Decrescente";"Nublado";"Múltipla";"Reta";"Sim";3;0;2;0;1;0;2;1;"-22.6089";"-46.0609";"SR-MG";"DEL09";"UOP03/MG"
191315;2019-01-25;"6";"12:25:00";"RN";101;95,8;"NATAL";"Não guardar distância de segurança";"Colisão lateral";"Com Vítimas Feridas";"Pleno dia";"Crescente";"Céu Claro";"Múltipla";"Reta";"Sim";2;0;1;0;1;0;1;2;"-5.840768";"-35.210358";"SR-RN";"DEL15/1";"UOP01/RN"
191316;2019-02-14;"5";"17:30:00";"PE";101;140,5;"RIBEIRAO";"Falta de Atenção à Condução";"Saída de leito carroçável";"Com Vítimas Feridas";"Anoitecer";"Crescente";"Céu Claro";"Dupla";"Reta";"Não";1;0;1;0;0;0;1;1;"-8.4394";"-35.3342";"SR-PE";"DEL11/1";"UOP03/PE"
191317;2019-02-14;"5";"13:30:00";"PR";476;72,9;"BOCAIUVA DO SUL";"Velocidade Incompatível";"Saída de leito carroçável";"Com Vítimas Feridas";"Pleno dia";"Crescente";"Sol";"Simples";"Curva";"Não";1;0;1;0;0;0;1;1;"-25.084251";"-49.090591";"SR-PR";"DEL7/1";"UOP01/PR"
191318;2019-02-14;"5";"12:30:00";"MG";381;316;"NOVA ERA";"Velocidade Incompatível";"Tombamento";"Com Vítimas Feridas";"Pleno dia";"Decrescente";"Nublado";"Simples";"Curva";"Não";1;0;1;0;0;0;1;1;"-19.67548442";"-42.97499657";"SR-MG";"DEL4/3";"UOP02/MG"
191319;2019-02-14;"5";"22:45:00";"PR";476;139;"CURITIBA";"Falta de Atenção à Condução";"Colisão traseira";"Com Vítimas Feridas";"Plena Noite";"Crescente";"Nublado";"Simples";"Reta";"Sim";2;0;1;0;1;0;1;2;"-25.51284";"-49.289257";"SR-PR";"DEL7/1";"UOP06/PR"
191320;2019-02-14;"5";"22:15:00";"PB";230;22,9;"JOAO PESSOA";"Não guardar distância de segurança";"Colisão traseira";"Com Vítimas Feridas";"Plena Noite";"Crescente";"Chuva";"Dupla";"Reta";"Sim";3;0;2;0;1;0;2;2;"-7.1495";"-34.8517";"SR-PB";"DEL14/1";"UOP00/PB"
191321;2019-02-14;"5";"23:50:00";"SC";101;198,3;"BIGUACU";"Ingestão de Álcool";"Saída de leito carroçável";"Com Vítimas Feridas";"Plena Noite";"Decrescente";"Garoa/Chuvisco";"Dupla";"Reta";"Sim";3;0;2;0;0;1;2;1;"-27.5341";"-48.6298";"SR-SC";"DEL8/1";"UOP01/SC"
191322;2019-02-14;"5";"21:30:00";"MT";364;303;"JACIARA";"Desobediência às normas de trânsito pelo condutor";"Colisão transversal";"Com Vítimas Feridas";"Plena Noite";"Crescente";"Céu Claro";"Dupla";"Reta";"Não";4;0;2;0;2;0;2;2;"-15.832126";"-55.178387";"SR-MT";"DEL2/1";"UOP02/MT"
191323;2019-02-14;"5";"20:30:00";"MT";364;262;"JACIARA";"Defeito Mecânico no Veículo";"Incêndio";"Sem Vítimas";"Plena Noite";"Decrescente";"Céu Claro";"Simples";"Reta";"Não";1;0;0;0;1;0;0;1;"-16.023325";"-54.899853";"SR-MT";"DEL2/1";"UOP02/MT"
191325;2019-02-15;"6";"00:55:00";"RS";287;248,3;"SANTA MARIA";"Desobediência às normas de trânsito pelo condutor";"Colisão lateral";"Sem Vítimas";"Plena Noite";"Crescente";"Chuva";"Simples";"Reta";"Sim";4;0;0;0;4;0;0;2;"-29.69651542";"-53.84884357";"SR-RS";"DEL9/9";"UOP01/RS"
191326;2019-02-15;"6";"00:20:00";"PR";116;122;"CURITIBA";"Desobediência às normas de trânsito pelo condutor";"Saída de leito carroçável";"Com Vítimas Feridas";"Pleno dia";"Decrescente";"Nublado";"Dupla";"Curva";"Sim";1;0;1;0;0;0;1;1;"-25.551222";"-49.305038";"SR-PR";"DEL7/1";"UOP03/PR"
191328;2019-02-15;"6";"00:10:00";"SE";101;66;"LARANJEIRAS";"Carga excessiva e/ou mal acondicionada";"Colisão com objeto em movimento";"Com Vítimas Feridas";"Plena Noite";"Decrescente";"Céu Claro";"Simples";"Reta";"Não";3;0;2;0;0;1;2;2;"-10.7853";"-37.1421";"SR-SE";"DEL20/2";"UOP02/SE"
191330;2019-02-15;"6";"00:50:00";"PR";277;531;"CAMPO BONITO";"Falta de Atenção à Condução";"Queda de ocupante de veículo";"Com Vítimas Feridas";"Plena Noite";"Decrescente";"Céu Claro";"Simples";"Reta";"Sim";1;0;1;0;0;0;1;1;"-25.09722333";"-52.96578929";"SR-PR";"DEL7/4";"UOP02/PR"
191331;2019-02-15;"6";"02:00:00";"PR";373;221;"IMBITUVA";"Falta de Atenção do Pedestre";"Atropelamento de Pedestre";"Com Vítimas Fatais";"Plena Noite";"Decrescente";"Nublado";"Simples";"Reta";"Não";2;1;0;0;0;1;0;1;"-25.173974";"-50.575914";"SR-PR";"DEL7/3";"UOP01/PR"
191332;2019-02-15;"6";"02:00:00";"SC";101;219,6;"PALHOCA";"Desobediência às normas de trânsito pelo condutor";"Saída de leito carroçável";"Sem Vítimas";"Plena Noite";"Crescente";"Nublado";"Múltipla";"Curva";"Sim";1;0;0;0;1;0;0;1;"-27.693";"-48.6631";"SR-SC";"DEL8/1";"UOP02/SC"
191333;2019-02-15;"6";"02:15:00";"MG";365;162,2;"PIRAPORA";"Falta de Atenção à Condução";"Colisão transversal";"Com Vítimas Feridas";"Plena Noite";"Decrescente";"Céu Claro";"Simples";"Reta";"Sim";4;0;2;1;1;0;3;2;"-17.366352";"-44.937569";"SR-MG";"DEL4/12";"UOP01/MG"
191334;2019-02-15;"6";"02:40:00";"SP";116;3;"GUARULHOS";"Falta de Atenção à Condução";"Colisão traseira";"Com Vítimas Feridas";"Plena Noite";"Crescente";"Céu Claro";"Simples";"Reta";"Não";2;0;1;0;1;0;1;2;"-23.43039488";"-46.49292561";"SR-SP";"DEL6/1";"UOP01/SP"
191336;2019-02-15;"6";"02:45:00";"RS";386;50,7;"SEBERI";"Ingestão de Álcool";"Saída de leito carroçável";"Com Vítimas Feridas";"Plena Noite";"Decrescente";"Chuva";"Simples";"Curva";"Sim";2;0;2;0;0;0;2;1;"-27.491682";"-53.389172";"SR-RS";"DEL08";"UOP02/RS"
191337;2019-02-15;"6";"02:15:00";"RJ";116;180,6;"NOVA IGUACU";"Ingestão de Álcool";"Colisão com objeto estático";"Sem Vítimas";"Plena Noite";"Crescente";"Nublado";"Dupla";"Reta";"Sim";1;0;0;0;1;0;0;1;"-22.765121";"-43.415562";"SR-RJ";"DEL5/1";"UOP02/RJ"
191338;2019-02-15;"6";"02:30:00";"PE";101;201;"PALMARES";"Defeito Mecânico no Veículo";"Saída de leito carroçável";"Com Vítimas Feridas";"Plena Noite";"Decrescente";"Ignorado";"Dupla";"Reta";"Não";1;0;1;0;0;0;1;1;"-8.7036";"-35.6079";"SR-PE";"DEL11/1";"UOP03/PE"
191339;2019-02-15;"6";"02:50:00";"SP";116;360,4;"MIRACATU";"Velocidade Incompatível";"Tombamento";"Com Vítimas Feridas";"Plena Noite";"Decrescente";"Nublado";"Dupla";"Curva";"Não";1;0;1;0;0;0;1;1;"-24.11369805";"-47.26987839";"SR-SP";"DEL6/4";"UOP02/SP"
191340;2019-02-15;"6";"04:00:00";"DF";20;7;"BRASILIA";"Condutor Dormindo";"Colisão traseira";"Com Vítimas Fatais";"Plena Noite";"Crescente";"Céu Claro";"Dupla";"Não Informado";"Não";3;1;1;0;1;0;1;2;"-15.662208";"-47.799866";"SR-DF";"DF";"UOP04/DF"
191341;2019-02-02;"7";"10:20:00";"SC";282;5;"SAO JOSE";"Falta de Atenção à Condução";"Engavetamento";"Com Vítimas Feridas";"Pleno dia";"Decrescente";"Ignorado";"Dupla";"Reta";"Sim";4;0;1;0;1;2;1;3;"-27.588425";"-48.612919";"SR-SC";"DEL8/1";"UOP01/SC"
191342;2019-02-15;"6";"04:45:00";"MG";40;525;"CONTAGEM";"Falta de Atenção à Condução";"Colisão traseira";"Com Vítimas Feridas";"Amanhecer";"Decrescente";"Nublado";"Dupla";"Reta";"Sim";2;0;1;0;1;0;1;2;"-19.8971";"-44.0497";"SR-MG";"DEL4/1";"UOP03/MG"
191343;2019-02-15;"6";"03:50:00";"PR";373;182,2;"PONTA GROSSA";"Falta de Atenção do Pedestre";"Atropelamento de Pedestre";"Com Vítimas Fatais";"Plena Noite";"Decrescente";"Nublado";"Simples";"Reta";"Sim";2;1;0;0;0;1;0;1;"-25.04050445";"-50.27112007";"SR-PR";"DEL7/3";"UOP01/PR"
191345;2019-02-14;"5";"22:00:00";"MG";50;138;"UBERABA";"Velocidade Incompatível";"Saída de leito carroçável";"Com Vítimas Feridas";"Plena Noite";"Decrescente";"Chuva";"Dupla";"Reta";"Não";1;0;1;0;0;0;1;1;"-19.4686";"-48.0558";"SR-MG";"DEL13";"UOP01/MG"
191346;2019-02-15;"6";"03:40:00";"MG";146;574,5;"BOTELHOS";"Animais na Pista";"Atropelamento de Animal";"Sem Vítimas";"Plena Noite";"Decrescente";"Garoa/Chuvisco";"Simples";"Reta";"Não";1;0;0;0;1;0;0;1;"-21.631355";"-46.407696";"SR-MG";"DEL13";"UOP01/MG"
191347;2019-02-15;"6";"00:05:00";"MA";230;49;"SAO JOAO DOS PATOS";"Defeito Mecânico no Veículo";"Saída de leito carroçável";"Com Vítimas Feridas";"Amanhecer";"Decrescente";"Céu Claro";"Simples";"Curva";"Não";1;0;0;1;0;0;1;1;"-6.607959";"-43.405643";"SR-PI";"DEL17/3";"UOP01/PI"
191351;2019-02-15;"6";"00:00:00";"BA";418;104;"CARAVELAS";"Animais na Pista";"Atropelamento de Animal";"Com Vítimas Feridas";"Pleno dia";"Crescente";"Céu Claro";"Simples";"Reta";"Não";1;0;0;1;0;0;1;1;"-17.734264";"-39.553185";"SR-BA";"DEL10/9";"UOP03/BA"
191352;2019-02-15;"6";"05:00:00";"MT";163;558;"DIAMANTINO";"Defeito na Via";"Saída de leito carroçável";"Com Vítimas Feridas";"Amanhecer";"Decrescente";"Céu Claro";"Simples";"Reta";"Não";1;0;0;1;0;0;1;1;"-14.45578738";"-56.13071923";"SR-MT";"DEL2/4";"UOP01/MT"
191353;2019-02-15;"6";"07:20:00";"MG";365;622;"UBERLANDIA";"Agressão Externa";"Queda de ocupante de veículo";"Com Vítimas Feridas";"Pleno dia";"Decrescente";"Garoa/Chuvisco";"Dupla";"Interseção de vias";"Sim";1;0;1;0;0;0;1;1;"-18.8974";"-48.2715";"SR-MG";"DEL4/15";"UOP01/MG"
191354;2019-02-15;"6";"05:30:00";"CE";222;128,3;"ITAPAJE";"Velocidade Incompatível";"Saída de leito carroçável";"Com Vítimas Feridas";"Pleno dia";"Decrescente";"Céu Claro";"Simples";"Não Informado";"Não";1;0;1;0;0;0;1;1;"-3.704279";"-39.615295";"SR-CE";"DEL16/4";"UOP03/CE"
191356;2019-02-15;"6";"06:00:00";"SP";116;498,3;"CAJATI";"Condutor Dormindo";"Saída de leito carroçável";"Sem Vítimas";"Amanhecer";"Decrescente";"Nublado";"Dupla";"Reta";"Não";1;0;0;0;1;0;0;1;"-24.78036413";"-48.17131519";"SR-SP";"DEL6/5";"UOP02/SP"
191357;2019-02-15;"6";"06:15:00";"SE";101;147;"ESTANCIA";"Falta de Atenção à Condução";"Colisão transversal";"Com Vítimas Feridas";"Pleno dia";"Crescente";"Céu Claro";"Simples";"Reta";"Sim";2;0;0;1;1;0;1;2;"-11.26877895";"-37.44274199";"SR-SE";"DEL20/2";"UOP01/SE"
191358;2019-02-15;"6";"06:50:00";"GO";40;11,9;"LUZIANIA";"Falta de Atenção à Condução";"Colisão traseira";"Com Vítimas Feridas";"Pleno dia";"Decrescente";"Nublado";"Dupla";"Reta";"Sim";6;0;4;0;1;1;4;2;"-16.14382019";"-47.94651574";"SR-DF";"GO";"UOP01/DF"
191359;2019-02-15;"6";"07:35:00";"DF";70;17,5;"BRASILIA";"Não guardar distância de segurança";"Colisão lateral";"Com Vítimas Feridas";"Pleno dia";"Decrescente";"Céu Claro";"Dupla";"Reta";"Não";2;0;1;0;1;0;1;2;"-15.79272847";"-48.20688128";"SR-DF";"DF";"UOP06/DF"
191360;2019-02-14;"5";"20:50:00";"MG";365;548;"ROMARIA";"Defeito Mecânico no Veículo";"Tombamento";"Sem Vítimas";"Plena Noite";"Crescente";"Chuva";"Simples";"Reta";"Não";2;0;0;0;2;0;0;2;"-18.9297";"-47.6618";"SR-MG";"DEL4/10";"UOP01/MG"
191361;2019-02-15;"6";"07:15:00";"RS";290;77;"GRAVATAI";"Falta de Atenção à Condução";"Saída de leito carroçável";"Com Vítimas Feridas";"Pleno dia";"Crescente";"Garoa/Chuvisco";"Múltipla";"Reta";"Sim";1;0;1;0;0;0;1;1;"-29.955027";"-51.027363";"SR-RS";"DEL9/1";"UOP01/RS"
191362;2019-01-06;"1";"08:30:00";"MG";116;266;"TEOFILO OTONI";"Condutor Dormindo";"Saída de leito carroçável";"Sem Vítimas";"Pleno dia";"Decrescente";"Sol";"Simples";"Reta";"Não";1;0;0;0;1;0;0;1;"-17.7759987";"-41.49826884";"SR-MG";"DEL4/11";"UOP01/MG"
191363;2019-02-15;"6";"06:40:00";"MT";163;749;"SORRISO";"Desobediência às normas de trânsito pelo condutor";"Tombamento";"Com Vítimas Feridas";"Amanhecer";"Crescente";"Céu Claro";"Dupla";"Curva";"Não";1;0;1;0;0;0;1;1;"-12.59148622";"-55.74211836";"SR-MT";"DEL2/6";"UOP01/MT"
191364;2019-02-15;"6";"08:00:00";"MG";262;687;"ARAXA";"Pista Escorregadia";"Tombamento";"Com Vítimas Feridas";"Pleno dia";"Crescente";"Nublado";"Simples";"Reta";"Não";1;0;1;0;0;0;1;1;"-19.560389";"-46.97274";"SR-MG";"DEL4/8";"UOP01/MG"
191366;2019-02-15;"6";"06:10:00";"PR";272;544;"TERRA ROXA";"Falta de Atenção à Condução";"Colisão lateral";"Sem Vítimas";"Amanhecer";"Decrescente";"Nublado";"Simples";"Reta";"Não";5;0;0;0;5;0;0;3;"-24.083958";"-54.086571";"SR-PR";"DEL7/6";"UOP02/PR"
191367;2019-02-15;"6";"07:05:00";"PE";232;9;"RECIFE";"Falta de Atenção à Condução";"Colisão lateral";"Com Vítimas Feridas";"Pleno dia";"Decrescente";"Sol";"Dupla";"Reta";"Não";2;0;1;0;1;0;1;2;"-8.077656";"-34.978714";"SR-PE";"DEL11/1";"UOP01/PE"
191368;2019-02-15;"6";"07:00:00";"RS";116;317;"BARRA DO RIBEIRO";"Condutor Dormindo";"Colisão lateral";"Sem Vítimas";"Amanhecer";"Decrescente";"Chuva";"Simples";"Não Informado";"Não";2;0;0;0;1;1;0;2;"-30.26392";"-51.406693";"SR-RS";"DEL9/2";"UOP01/RS"
191369;2019-02-15;"6";"08:15:00";"RS";158;324,1;"SANTA MARIA";"Falta de Atenção à Condução";"Colisão traseira";"Sem Vítimas";"Pleno dia";"Crescente";"Chuva";"Dupla";"Não Informado";"Não";2;0;0;0;2;0;0;2;"-29.697626";"-53.788464";"SR-RS";"DEL9/9";"UOP01/RS"
191370;2019-02-15;"6";"07:50:00";"SP";116;145,4;"SAO JOSE DOS CAMPOS";"Desobediência às normas de trânsito pelo condutor";"Colisão lateral";"Com Vítimas Feridas";"Pleno dia";"Crescente";"Céu Claro";"Múltipla";"Não Informado";"Não";3;0;1;0;2;0;1;2;"-23.187023";"-45.854885";"SR-SP";"DEL6/2";"UOP01/SP"