"id";"data_inversa";"dia_semana";"horario";"uf";"br";"km";"municipio";"causa_acidente";"tipo_acidente";"classificacao_acidente";"fase_dia";"sentido_via";"condicao_metereologica";"tipo_pista";"tracado_via";"uso_solo";"pessoas";"mortos";"feridos_leves";"feridos_graves";"ilesos";"ignorados";"feridos";"veiculos";"latitude";"longitude";"regional";"delegacia";"uop"
191371;2019-01-24;"5";"00:56:00";"PR";369;149,2;"LONDRINA";"Desobediência às normas de trânsito pelo condutor";"Colisão transversal";"Com Vítimas Feridas";"Plena Noite";"Crescente";"Céu Claro";"Dupla";"Não Informado";"Sim";3;0;0;2;1;0;2;2;"-23.29278612";"-51.15389407";"SR-PR";"DEL7/7";"UOP01/PR"
191372;2019-02-15;"6";"07:00:00";"PB";230;9,5;"CABEDELO";"Não guardar distância de segurança";"Colisão traseira";"Com Vítimas Feridas";"Pleno dia";"Crescente";"Sol";"Simples";"Não Informado";"Sim";2;0;1;0;1;0;1;2;"-7.04780593";"-34.8485899";"SR-PB";"DEL14/1";"UOP00/PB"
191373;2019-02-15;"6";"08:30:00";"SC";101;235;"PALHOCA";"Velocidade Incompatível";"Colisão com objeto estático";"Com Vítimas Feridas";"Pleno dia";"Decrescente";"Chuva";"Dupla";"Reta";"Não";1;0;1;0;0;0;1;1;"-27.827";"-48.63";"SR-SC";"DEL8/1";"UOP02/SC"
191374;2019-02-15;"6";"07:55:00";"CE";116;3,5;"FORTALEZA";"Falta de Atenção à Condução";"Colisão traseira";"Com Vítimas Feridas";"Pleno dia";"Decrescente";"Céu Claro";"Dupla";"Reta";"Sim";2;0;1;0;1;0;1;2;"-3.7874";"-38.5109";"SR-CE";"DEL16/1";"UOP02/CE"
191376;2019-02-03;"1";"23:00:00";"MG";381;502,5;"BETIM";"Falta de Atenção à Condução";"Colisão com objeto estático";"Com Vítimas Feridas";"Plena Noite";"Crescente";"Céu Claro";"Dupla";"Curva";"Não";1;0;1;0;0;0;1;1;"-20.0236";"-44.2299";"SR-MG";"DEL4/1";"UOP03/MG"
191377;2019-02-15;"6";"07:40:00";"SC";101;316,1;"PESCARIA BRAVA";"Falta de Atenção à Condução";"Colisão lateral";"Com Vítimas Feridas";"Pleno dia";"Decrescente";"Garoa/Chuvisco";"Dupla";"Não Informado";"Não";4;0;2;0;2;0;2;4;"-28.4265";"-48.8605";"SR-SC";"DEL8/2";"UOP01/SC"
191378;2019-02-15;"6";"08:50:00";"PR";369;178,5;"ROLANDIA";"Pista Escorregadia";"Capotamento";"Com Vítimas Feridas";"Pleno dia";"Crescente";"Garoa/Chuvisco";"Dupla";"Viaduto";"Sim";3;0;1;1;0;1;2;1;"-23.35148657";"-51.38774514";"SR-PR";"DEL7/7";"UOP01/PR"
191380;2019-02-15;"6";"09:15:00";"PR";277;660;"MATELANDIA";"Velocidade Incompatível";"Saída de leito carroçável";"Com Vítimas Feridas";"Pleno dia";"Crescente";"Garoa/Chuvisco";"Dupla";"Não Informado";"Não";1;0;1;0;0;0;1;1;"-25.251387";"-53.990307";"SR-PR";"DEL7/5";"UOP02/PR"
191383;2019-02-15;"6";"09:00:00";"PR";158;537,9;"PATO BRANCO";"Falta de Atenção à Condução";"Colisão traseira";"Com Vítimas Feridas";"Pleno dia";"Crescente";"Chuva";"Simples";"Rotatória";"Não";3;0;2;0;1;0;2;2;"-26.26491";"-52.707542";"SR-PR";"DEL7/2";"UOP01/PR"
191385;2019-02-15;"6";"09:00:00";"DF";70;9;"BRASILIA";"Falta de Atenção à Condução";"Colisão traseira";"Sem Vítimas";"Pleno dia";"Decrescente";"Céu Claro";"Dupla";"Reta";"Não";3;0;0;0;3;0;0;3;"-15.784615";"-48.132023";"SR-DF";"DF";"UOP06/DF"
191386;2019-02-15;"6";"09:40:00";"PR";153;333,9;"IRATI";"Mal Súbito";"Colisão com objeto estático";"Com Vítimas Feridas";"Pleno dia";"Crescente";"Chuva";"Simples";"Reta";"Sim";1;0;0;1;0;0;1;1;"-25.466806";"-50.63031";"SR-PR";"DEL7/3";"UOP04/PR"
191387;2019-02-15;"6";"08:40:00";"RS";290;281,5;"CACHOEIRA DO SUL";"Desobediência às normas de trânsito pelo condutor";"Saída de leito carroçável";"Com Vítimas Fatais";"Pleno dia";"Decrescente";"Chuva";"Simples";"Reta";"Não";5;2;2;1;0;0;3;1;"-30.251297";"-53.033596";"SR-RS";"DEL9/2";"UOP03/RS"
191390;2019-02-15;"6";"09:00:00";"MG";146;497,7;"BOTELHOS";"Velocidade Incompatível";"Saída de leito carroçável";"Com Vítimas Feridas";"Pleno dia";"Decrescente";"Chuva";"Simples";"Curva";"Não";1;0;1;0;0;0;1;1;"-21.685741";"-46.42397";"SR-MG";"DEL13";"UOP01/MG"
191393;2019-02-15;"6";"09:25:00";"SC";101;138;"ITAPEMA";"Velocidade Incompatível";"Saída de leito carroçável";"Com Vítimas Feridas";"Pleno dia";"Crescente";"Chuva";"Simples";"Curva";"Não";1;0;1;0;0;0;1;1;"-27.032";"-48.6051";"SR-SC";"DEL8/4";"UOP03/SC"
191394;2019-02-15;"6";"06:25:00";"RO";364;679;"CANDEIAS DO JAMARI";"Não guardar distância de segurança";"Colisão traseira";"Com Vítimas Feridas";"Amanhecer";"Decrescente";"Chuva";"Simples";"Reta";"Não";3;0;0;1;1;1;1;2;"-8.79162529";"-63.6313802";"SR-RO";"DEL21/1";"UOP01/RO"
191395;2019-02-15;"6";"08:30:00";"SC";101;387;"ICARA";"Falta de Atenção à Condução";"Colisão com objeto estático";"Sem Vítimas";"Pleno dia";"Crescente";"Nublado";"Dupla";"Reta";"Não";1;0;0;0;1;0;0;1;"-28.7862";"-49.3387";"SR-SC";"DEL8/2";"UOP02/SC"
191396;2019-01-26;"7";"23:40:00";"SP";153;212,8;"GUAIMBE";"Condutor Dormindo";"Saída de leito carroçável";"Com Vítimas Feridas";"Plena Noite";"Crescente";"Céu Claro";"Simples";"Desvio Temporário";"Não";4;0;2;0;1;1;2;1;"-21.926348";"-49.917645";"SR-SP";"DEL6/07";"UOP02/SP"
191397;2019-02-15;"6";"08:05:00";"CE";116;3,5;"FORTALEZA";"Não guardar distância de segurança";"Engavetamento";"Sem Vítimas";"Pleno dia";"Decrescente";"Sol";"Múltipla";"Reta";"Sim";4;0;0;0;4;0;0;4;"-3.78113349";"-38.51389381";"SR-CE";"DEL16/1";"UOP02/CE"
191398;2019-02-15;"6";"10:05:00";"PR";277;32;"MORRETES";"Defeito Mecânico no Veículo";"Colisão lateral";"Com Vítimas Feridas";"Pleno dia";"Decrescente";"Nublado";"Dupla";"Curva";"Não";3;0;2;0;1;0;2;2;"-25.56133586";"-48.8109684";"SR-PR";"DEL7/1";"UOP07/PR"
191399;2019-02-15;"6";"08:15:00";"MT";364;383;"CUIABA";"Falta de Atenção à Condução";"Colisão transversal";"Sem Vítimas";"Pleno dia";"Crescente";"Céu Claro";"Múltipla";"Reta";"Não";4;0;0;0;4;0;0;3;"-15.702771";"-55.791389";"SR-MT";"DEL2/1";"UOP01/MT"
191400;2019-02-15;"6";"10:00:00";"RS";158;242,4;"JULIO DE CASTILHOS";"Falta de Atenção à Condução";"Colisão traseira";"Com Vítimas Feridas";"Pleno dia";"Decrescente";"Chuva";"Simples";"Reta";"Não";2;0;1;0;1;0;1;2;"-29.046572";"-53.644665";"SR-RS";"DEL9/10";"UOP02/RS"
191401;2019-02-15;"6";"09:30:00";"AL";101;135;"SAO MIGUEL DOS CAMPOS";"Falta de Atenção à Condução";"Colisão transversal";"Com Vítimas Feridas";"Pleno dia";"Crescente";"Nublado";"Simples";"Não Informado";"Não";2;0;1;0;1;0;1;2;"-9.780519";"-36.106106";"SR-AL";"DEL13/2";"UOP01/AL"
191402;2019-02-15;"6";"09:45:00";"MG";267;139,6;"JUIZ DE FORA";"Velocidade Incompatível";"Capotamento";"Com Vítimas Fatais";"Pleno dia";"Decrescente";"Céu Claro";"Simples";"Curva";"Não";1;1;0;0;0;0;0;1;"-21.771578";"-43.29119";"SR-MG";"DEL5";"UOP01/MG"
191403;2019-02-15;"6";"09:36:00";"PA";163;999;"SANTAREM";"Desobediência às normas de trânsito pelo condutor";"Colisão transversal";"Com Vítimas Feridas";"Pleno dia";"Decrescente";"Céu Claro";"Simples";"Reta";"Não";5;0;2;0;3;0;2;2;"-2.48375408";"-54.73185825";"SR-PA";"DEL19/5";"UOP01/PA"
191404;2019-02-14;"5";"18:30:00";"CE";20;197;"BOA VIAGEM";"Restrição de Visibilidade";"Atropelamento de Pedestre";"Com Vítimas Fatais";"Plena Noite";"Crescente";"Céu Claro";"Simples";"Reta";"Não";2;1;0;0;1;0;0;1;"-5.128491";"-39.737999";"SR-CE";"DEL16/2";"UOP02/CE"
191406;2019-02-15;"6";"10:30:00";"MG";262;387,3;"FLORESTAL";"Desobediência às normas de trânsito pelo condutor";"Colisão transversal";"Com Vítimas Feridas";"Pleno dia";"Crescente";"Nublado";"Dupla";"Não Informado";"Não";2;0;1;0;1;0;1;2;"-19.9163";"-44.4964";"SR-MG";"DEL4/1";"UOP03/MG"
191409;2019-02-15;"6";"10:50:00";"MG";40;526;"CONTAGEM";"Não guardar distância de segurança";"Colisão traseira";"Com Vítimas Feridas";"Pleno dia";"Decrescente";"Chuva";"Dupla";"Não Informado";"Sim";4;0;1;0;3;0;1;4;"-19.9054";"-44.0476";"SR-MG";"DEL4/1";"UOP03/MG"
191412;2019-01-17;"5";"23:40:00";"PB";230;15,9;"JOAO PESSOA";"Ingestão de Álcool";"Colisão com objeto estático";"Sem Vítimas";"Plena Noite";"Crescente";"Céu Claro";"Dupla";"Não Informado";"Sim";1;0;0;0;1;0;0;1;"-7.093";"-34.8482";"SR-PB";"DEL14/1";"UOP00/PB"
191414;2019-02-15;"6";"11:40:00";"MG";40;55,3;"PARACATU";"Condutor Dormindo";"Saída de leito carroçável";"Com Vítimas Feridas";"Pleno dia";"Decrescente";"Céu Claro";"Simples";"Reta";"Não";5;0;1;0;4;0;1;1;"-17.275759";"-46.776886";"SR-MG";"DEL4/14";"UOP01/MG"
191415;2019-02-15;"6";"11:30:00";"MG";381;822,1;"CAREACU";"Condutor Dormindo";"Saída de leito carroçável";"Com Vítimas Feridas";"Pleno dia";"Crescente";"Nublado";"Dupla";"Curva";"Não";3;0;3;0;0;0;3;1;"-22.08562996";"-45.70318937";"SR-MG";"DEL09";"UOP02/MG"
191416;2019-02-15;"6";"08:16:00";"PR";153;506;"GENERAL CARNEIRO";"Velocidade Incompatível";"Colisão lateral";"Com Vítimas Feridas";"Pleno dia";"Decrescente";"Chuva";"Simples";"Reta";"Não";7;0;0;2;5;0;2;3;"-26.429985";"-51.315231";"SR-PR";"DEL7/2";"UOP02/PR"
191417;2019-02-15;"6";"11:50:00";"SC";101;186;"BIGUACU";"Pista Escorregadia";"Capotamento";"Com Vítimas Feridas";"Pleno dia";"Crescente";"Chuva";"Dupla";"Curva";"Não";8;0;4;0;2;2;4;6;"-27.4432";"-48.6284";"SR-SC";"DEL8/1";"UOP01/SC"
191418;2019-02-15;"6";"11:30:00";"MT";70;522;"VARZEA GRANDE";"Desobediência às normas de trânsito pelo condutor";"Colisão lateral";"Sem Vítimas";"Pleno dia";"Decrescente";"Céu Claro";"Simples";"Reta";"Não";4;0;0;0;4;0;0;2;"-15.66156809";"-56.18585765";"SR-MT";"DEL2/4";"UOP02/MT"
191419;2019-02-15;"6";"11:40:00";"ES";101;65,7;"SAO MATEUS";"Não guardar distância de segurança";"Colisão traseira";"Com Vítimas Feridas";"Pleno dia";"Crescente";"Sol";"Dupla";"Reta";"Sim";2;0;1;0;1;0;1;2;"-18.70936";"-39.877621";"SR-ES";"DEL12/4";"UOP02/ES"
191420;2019-02-15;"6";"11:00:00";"SP";116;210;"GUARULHOS";"Falta de Atenção à Condução";"Queda de ocupante de veículo";"Com Vítimas Feridas";"Pleno dia";"Decrescente";"Garoa/Chuvisco";"Múltipla";"Reta";"Sim";1;0;0;1;0;0;1;1;"-23.43192459";"-46.41783893";"SR-SP";"DEL6/1";"UOP01/SP"
191422;2019-02-15;"6";"11:30:00";"RS";290;75;"GRAVATAI";"Desobediência às normas de trânsito pelo pedestre";"Atropelamento de Pedestre";"Com Vítimas Fatais";"Pleno dia";"Crescente";"Chuva";"Múltipla";"Reta";"Sim";2;1;0;0;1;0;0;1;"-29.95521";"-51.006855";"SR-RS";"DEL9/1";"UOP01/RS"
191424;2019-02-15;"6";"06:00:00";"SC";470;343,7;"CAMPOS NOVOS";"Pista Escorregadia";"Saída de leito carroçável";"Com Vítimas Feridas";"Pleno dia";"Crescente";"Chuva";"Simples";"Curva";"Não";1;0;1;0;0;0;1;1;"-27.533686";"-51.399784";"SR-SC";"DEL7";"UOP08/SC"
191425;2019-02-15;"6";"13:00:00";"PR";369;182,2;"ARAPONGAS";"Desobediência às normas de trânsito pelo condutor";"Colisão transversal";"Com Vítimas Feridas";"Pleno dia";"Decrescente";"Nublado";"Múltipla";"Reta";"Sim";2;0;0;1;1;0;1;2;"-23.38524822";"-51.41941667";"SR-PR";"DEL7/7";"UOP03/PR"
191426;2019-02-15;"6";"12:30:00";"PR";277;99;"CURITIBA";"Falta de Atenção à Condução";"Atropelamento de Pedestre";"Com Vítimas Feridas";"Pleno dia";"Crescente";"Chuva";"Múltipla";"Reta";"Sim";4;0;0;3;1;0;3;1;"-25.4533632";"-49.242112";"SR-PR";"DEL7/1";"UOP04/PR"
191428;2019-02-15;"6";"12:00:00";"PR";277;99,5;"CURITIBA";"Falta de Atenção à Condução";"Colisão traseira";"Com Vítimas Feridas";"Pleno dia";"Crescente";"Chuva";"Múltipla";"Viaduto";"Sim";2;0;2;0;0;0;2;2;"-25.43197939";"-49.36578535";"SR-PR";"DEL7/1";"UOP04/PR"
191430;2019-02-15;"6";"13:30:00";"ES";101;296;"CARIACICA";"Falta de Atenção à Condução";"Colisão traseira";"Sem Vítimas";"Pleno dia";"Crescente";"Céu Claro";"Dupla";"Reta";"Sim";3;0;0;0;3;0;0;3;"-20.34331464";"-40.40514177";"SR-ES";"DEL12/1";"UOP01/ES"
191431;2019-02-15;"6";"12:10:00";"SE";101;24,9;"MURIBECA";"Falta de Atenção à Condução";"Tombamento";"Com Vítimas Feridas";"Pleno dia";"Decrescente";"Céu Claro";"Simples";"Reta";"Não";1;0;1;0;0;0;1;1;"-10.407698";"-36.919297";"SR-SE";"DEL20/2";"UOP02/SE"
191432;2019-02-15;"6";"13:20:00";"ES";101;146;"LINHARES";"Falta de Atenção à Condução";"Colisão transversal";"Com Vítimas Feridas";"Pleno dia";"Crescente";"Sol";"Simples";"Interseção de vias";"Sim";2;0;0;1;1;0;1;2;"-19.37993234";"-40.0667158";"SR-ES";"DEL12/4";"UOP01/ES"
191433;2019-02-15;"6";"13:20:00";"ES";101;67,6;"SAO MATEUS";"Falta de Atenção à Condução";"Colisão lateral";"Com Vítimas Feridas";"Pleno dia";"Crescente";"Céu Claro";"Múltipla";"Interseção de vias";"Sim";2;0;1;0;1;0;1;2;"-18.720545";"-39.865883";"SR-ES";"DEL12/4";"UOP02/ES"
191435;2019-02-15;"6";"12:30:00";"PE";428;188;"PETROLINA";"Não guardar distância de segurança";"Colisão traseira";"Sem Vítimas";"Pleno dia";"Crescente";"Céu Claro";"Simples";"Rotatória";"Sim";2;0;0;0;2;0;0;2;"-9.364097";"-40.482716";"SR-PE";"DEL11/6";"UOP01/PE"
191436;2019-02-15;"6";"13:15:00";"RS";158;565;"SANTANA DO LIVRAMENTO";"Não guardar distância de segurança";"Colisão com objeto estático";"Sem Vítimas";"Pleno dia";"Crescente";"Céu Claro";"Simples";"Interseção de vias";"Sim";3;0;0;0;2;1;0;2;"-30.868536";"-55.507889";"SR-RS";"DEL9/11";"UOP01/RS"
191437;2019-02-15;"6";"13:45:00";"PR";369;70,5;"SANTA MARIANA";"Falta de Atenção à Condução";"Queda de ocupante de veículo";"Com Vítimas Feridas";"Pleno dia";"Crescente";"Nublado";"Simples";"Reta";"Não";2;0;2;0;0;0;2;1;"-23.14543";"-50.497033";"SR-PR";"DEL7/7";"UOP06/PR"
191438;2019-02-15;"6";"13:50:00";"PR";158;503;"CORONEL VIVIDA";"Pista Escorregadia";"Colisão frontal";"Com Vítimas Feridas";"Pleno dia";"Crescente";"Chuva";"Simples";"Não Informado";"Não";4;0;1;0;3;0;1;4;"-25.991112";"-52.557045";"SR-PR";"DEL7/2";"UOP01/PR"
191439;2019-01-31;"5";"15:00:00";"PE";101;94;"CABO DE SANTO AGOSTINHO";"Falta de Atenção à Condução";"Colisão lateral";"Com Vítimas Feridas";"Pleno dia";"Decrescente";"Nublado";"Dupla";"Não Informado";"Sim";3;0;3;0;0;0;3;1;"-8.2494";"-35.0088";"SR-PE";"DEL11/1";"UOP03/PE"
191441;2019-02-15;"6";"13:05:00";"PE";232;8,9;"RECIFE";"Não guardar distância de segurança";"Colisão lateral";"Com Vítimas Feridas";"Pleno dia";"Decrescente";"Céu Claro";"Dupla";"Reta";"Sim";3;0;1;0;2;0;1;3;"-8.075855";"-34.970215";"SR-PE";"DEL11/1";"UOP01/PE"
191442;2019-02-15;"6";"12:05:00";"AL";101;149,3;"JEQUIA DA PRAIA";"Desobediência às normas de trânsito pelo condutor";"Colisão lateral";"Com Vítimas Feridas";"Pleno dia";"Crescente";"Céu Claro";"Simples";"Não Informado";"Não";4;0;2;0;2;0;2;2;"-9.88819444";"-36.13660812";"SR-AL";"DEL13/2";"UOP01/AL"
191443;2019-02-15;"6";"13:00:00";"RJ";101;297,7;"ITABORAI";"Condutor Dormindo";"Colisão com objeto estático";"Com Vítimas Feridas";"Pleno dia";"Decrescente";"Garoa/Chuvisco";"Dupla";"Não Informado";"Sim";4;0;1;0;3;0;1;1;"-22.77145293";"-42.92416334";"SR-RJ";"DEL5/2";"UOP02/RJ"
191444;2019-02-15;"6";"08:00:00";"MA";222;304;"VITORIA DO MEARIM";"Falta de Atenção à Condução";"Colisão frontal";"Com Vítimas Fatais";"Pleno dia";"Crescente";"Nublado";"Simples";"Reta";"Não";3;1;0;0;2;0;0;3;"-3.55077214";"-44.91313934";"SR-MA";"DEL18/2";"UOP02/MA"
191446;2019-02-15;"6";"13:02:00";"PA";163;1000;"SANTAREM";"Desobediência às normas de trânsito pelo condutor";"Colisão lateral";"Com Vítimas Feridas";"Pleno dia";"Decrescente";"Céu Claro";"Simples";"Reta";"Sim";2;0;1;0;1;0;1;2;"-2.46669828";"-54.72770691";"SR-PA";"DEL19/5";"UOP01/PA"
191447;2019-02-15;"6";"14:35:00";"MG";381;533,5;"ITATIAIUCU";"Velocidade Incompatível";"Saída de leito carroçável";"Com Vítimas Feridas";"Pleno dia";"Crescente";"Chuva";"Dupla";"Curva";"Não";3;0;1;0;2;0;1;1;"-20.1781";"-44.3771";"SR-MG";"DEL4/4";"UOP03/MG"
191448;2019-02-15;"6";"04:30:00";"SE";101;115,5;"ITAPORANGA DAJUDA";"Defeito Mecânico no Veículo";"Saída de leito carroçável";"Sem Vítimas";"Pleno dia";"Crescente";"Céu Claro";"Dupla";"Rotatória";"Não";1;0;0;0;1;0;0;1;"-11.0126";"-37.3161";"SR-SE";"DEL20/2";"UOP01/SE"
191450;2019-02-15;"6";"12:30:00";"PE";232;121,7;"CARUARU";"Desobediência às normas de trânsito pelo condutor";"Saída de leito carroçável";"Com Vítimas Feridas";"Pleno dia";"Crescente";"Céu Claro";"Dupla";"Reta";"Não";2;0;2;0;0;0;2;1;"-8.301935";"-35.980919";"SR-PE";"DEL11/2";"UOP02/PE"
191451;2019-02-15;"6";"12:00:00";"SC";280;2,5;"SAO FRANCISCO DO SUL";"Falta de Atenção à Condução";"Colisão transversal";"Com Vítimas Feridas";"Pleno dia";"Crescente";"Nublado";"Simples";"Interseção de vias";"Sim";3;0;1;0;2;0;1;3;"-26.237091";"-48.619747";"SR-SC";"DEL8/3";"UOP03/SC"
191452;2019-02-15;"6";"13:30:00";"RS";116;130,3;"SAO MARCOS";"Falta de Atenção à Condução";"Colisão com objeto estático";"Sem Vítimas";"Pleno dia";"Crescente";"Chuva";"Simples";"Reta";"Não";1;0;0;0;1;0;0;1;"-29.03628527";"-51.09170437";"SR-RS";"DEL9/5";"UOP01/RS"
191453;2019-02-15;"6";"15:00:00";"SC";470;181;"POUSO REDONDO";"Pista Escorregadia";"Saída de leito carroçável";"Com Vítimas Feridas";"Pleno dia";"Decrescente";"Chuva";"Simples";"Curva";"Não";2;0;2;0;0;0;2;1;"-27.251818";"-49.996815";"SR-SC";"DEL8/4";"UOP02/SC"
191454;2019-02-15;"6";"13:20:00";"PR";116;15,5;"CAMPINA GRANDE DO SUL";"Velocidade Incompatível";"Colisão com objeto estático";"Sem Vítimas";"Pleno dia";"Decrescente";"Chuva";"Dupla";"Curva";"Não";1;0;0;0;1;0;0;1;"-25.098335";"-48.682739";"SR-PR";"DEL7/1";"UOP02/PR"
191455;2019-02-15;"6";"15:15:00";"PR";376;681;"GUARATUBA";"Pista Escorregadia";"Saída de leito carroçável";"Com Vítimas Feridas";"Pleno dia";"Crescente";"Chuva";"Dupla";"Reta";"Não";2;0;1;0;1;0;1;1;"-25.91111497";"-48.92074585";"SR-PR";"DEL7/1";"UOP08/PR"
191456;2019-02-15;"6";"14:55:00";"MG";381;453;"SABARA";"Desobediência às normas de trânsito pelo condutor";"Colisão transversal";"Com Vítimas Feridas";"Pleno dia";"Decrescente";"Chuva";"Simples";"Curva";"Não";2;0;1;0;1;0;1;2;"-19.83034022";"-43.84403229";"SR-MG";"DEL4/1";"UOP01/MG"
191457;2019-02-15;"6";"15:15:00";"MG";381;441;"SABARA";"Falta de Atenção à Condução";"Colisão frontal";"Com Vítimas Feridas";"Pleno dia";"Decrescente";"Chuva";"Simples";"Curva";"Não";6;0;3;0;3;0;3;4;"-19.80092947";"-43.75164293";"SR-MG";"DEL4/1";"UOP01/MG"
191458;2019-02-15;"6";"15:00:00";"RS";392;107;"CANGUCU";"Falta de Atenção à Condução";"Saída de leito carroçável";"Com Vítimas Feridas";"Pleno dia";"Crescente";"Chuva";"Simples";"Desvio Temporário";"Não";2;0;1;1;0;0;2;1;"-31.486021";"-52.618591";"SR-RS";"DEL9/7";"UOP01/RS"
191459;2019-02-15;"6";"12:18:00";"BA";101;523;"BUERAREMA";"Falta de Atenção à Condução";"Colisão traseira";"Sem Vítimas";"Pleno dia";"Decrescente";"Céu Claro";"Simples";"Reta";"Não";2;0;0;0;1;1;0;2;"-14.9323";"-39.3009";"SR-BA";"DEL10/5";"UOP01/BA"
191460;2019-02-15;"6";"15:05:00";"ES";101;298,2;"VIANA";"Desobediência às normas de trânsito pelo pedestre";"Atropelamento de Pedestre";"Com Vítimas Feridas";"Pleno dia";"Crescente";"Céu Claro";"Múltipla";"Reta";"Sim";2;0;1;0;1;0;1;1;"-20.35495273";"-40.41670024";"SR-ES";"DEL12/1";"UOP01/ES"
191461;2019-02-15;"6";"14:10:00";"MA";135;10;"SAO LUIS";"Falta de Atenção à Condução";"Colisão frontal";"Com Vítimas Feridas";"Pleno dia";"Crescente";"Chuva";"Dupla";"Reta";"Sim";2;0;0;1;0;1;1;2;"-2.655989";"-44.286297";"SR-MA";"DEL18/1";"UOP01/MA"
191462;2019-01-26;"7";"16:55:00";"PB";230;29;"JOAO PESSOA";"Falta de Atenção à Condução";"Colisão transversal";"Com Vítimas Feridas";"Pleno dia";"Decrescente";"Céu Claro";"Dupla";"Reta";"Sim";2;0;0;1;0;1;1;2;"-7.1622";"-34.9031";"SR-PB";"DEL14/1";"UOP00/PB"
191463;2019-02-07;"5";"18:40:00";"ES";101;255,9;"SERRA";"Desobediência às normas de trânsito pelo pedestre";"Atropelamento de Pedestre";"Com Vítimas Fatais";"Anoitecer";"Decrescente";"Chuva";"Simples";"Não Informado";"Sim";3;1;0;0;1;1;0;2;"-20.11983465";"-40.30962288";"SR-ES";"DEL12/2";"UOP01/ES"
191464;2019-02-15;"6";"12:00:00";"MT";364;250;"JUSCIMEIRA";"Defeito Mecânico no Veículo";"Incêndio";"Sem Vítimas";"Pleno dia";"Decrescente";"Sol";"Múltipla";"Reta";"Não";1;0;0;0;1;0;0;1;"-16.120285";"-54.853344";"SR-MT";"DEL2/2";"UOP01/MT"
191466;2019-02-15;"6";"15:50:00";"MG";381;489,9;"BETIM";"Falta de Atenção à Condução";"Colisão lateral";"Com Vítimas Feridas";"Pleno dia";"Crescente";"Sol";"Dupla";"Reta";"Sim";3;0;2;0;1;0;2;3;"-19.9563";"-44.1428";"SR-MG";"DEL4/1";"UOP03/MG"
191467;2019-01-14;"2";"16:00:00";"MG";50;177;"UBERABA";"Falta de Atenção à Condução";"Colisão lateral";"Com Vítimas Feridas";"Pleno dia";"Crescente";"Ignorado";"Dupla";"Viaduto";"Sim";2;0;0;1;0;1;1;2;"-19.779";"-47.9413";"SR-MG";"DEL13";"UOP01/MG"
191468;2019-02-15;"6";"11:10:00";"PE";424;71,4;"CAETES";"Falta de Atenção à Condução";"Capotamento";"Com Vítimas Feridas";"Pleno dia";"Crescente";"Céu Claro";"Simples";"Reta";"Não";3;0;3;0;0;0;3;1;"-8.7864617";"-36.61007702";"SR-PE";"DEL11/3";"UOP01/PE"
191470;2019-02-15;"6";"10:30:00";"RJ";116;195;"QUEIMADOS";"Falta de Atenção à Condução";"Colisão transversal";"Com Vítimas Feridas";"Pleno dia";"Crescente";"Nublado";"Múltipla";"Reta";"Sim";2;0;1;0;1;0;1;2;"-22.72964045";"-43.57727051";"SR-RJ";"DEL5/1";"UOP03/RJ"
191471;2019-02-15;"6";"15:30:00";"TO";153;385;"RIO DOS BOIS";"Pista Escorregadia";"Saída de leito carroçável";"Com Vítimas Feridas";"Pleno dia";"Decrescente";"Garoa/Chuvisco";"Simples";"Curva";"Não";3;0;3;0;0;0;3;1;"-9.287031";"-48.553505";"SR-TO";"UOP03/TO";""
191472;2019-02-15;"6";"12:45:00";"RS";158;0;"SANTANA DO LIVRAMENTO";"Desobediência às normas de trânsito pelo condutor";"Colisão transversal";"Com Vítimas Feridas";"Pleno dia";"Crescente";"Céu Claro";"Simples";"Rotatória";"Sim";2;0;2;0;0;0;2;2;"-30.87451117";"-55.51175063";"SR-RS";"DEL08";"UOP02/RS"
191474;2019-02-15;"6";"16:00:00";"MG";365;647;"UBERLANDIA";"Defeito Mecânico no Veículo";"Saída de leito carroçável";"Com Vítimas Feridas";"Pleno dia";"Decrescente";"Céu Claro";"Dupla";"Reta";"Não";1;0;1;0;0;0;1;1;"-18.8826";"-48.4832";"SR-MG";"DEL4/15";"UOP01/MG"
191475;2019-02-15;"6";"15:15:00";"PB";412;50,4;"SAO JOAO DO CARIRI";"Falta de Atenção à Condução";"Colisão transversal";"Com Vítimas Fatais";"Pleno dia";"Crescente";"Nublado";"Simples";"Reta";"Não";2;1;0;0;1;0;0;2;"-7.35769995";"-36.49074554";"SR-PB";"DEL14/2";"UOP02/PB"
191476;2019-02-15;"6";"15:20:00";"RJ";101;432;"MANGARATIBA";"Falta de Atenção à Condução";"Colisão lateral";"Com Vítimas Feridas";"Pleno dia";"Decrescente";"Céu Claro";"Simples";"Curva";"Sim";4;0;2;0;2;0;2;3;"-22.937099";"-44.010822";"SR-RJ";"DEL5/3";"UOP01/RJ"
191477;2019-02-15;"6";"16:30:00";"SC";101;112;"ITAJAI";"Falta de Atenção à Condução";"Colisão traseira";"Com Vítimas Feridas";"Pleno dia";"Decrescente";"Chuva";"Dupla";"Reta";"Não";3;0;1;0;2;0;1;2;"-26.8533";"-48.7265";"SR-SC";"DEL8/4";"UOP04/SC"