"id";"data_inversa";"dia_semana";"horario";"uf";"br";"km";"municipio";"causa_acidente";"tipo_acidente";"classificacao_acidente";"fase_dia";"sentido_via";"condicao_metereologica";"tipo_pista";"tracado_via";"uso_solo";"pessoas";"mortos";"feridos_leves";"feridos_graves";"ilesos";"ignorados";"feridos";"veiculos";"latitude";"longitude";"regional";"delegacia";"uop"
191478;2019-02-15;"6";"12:20:00";"PE";423;83,2;"GARANHUNS";"Avarias e/ou desgaste excessivo no pneu";"Tombamento";"Com Vítimas Feridas";"Pleno dia";"Crescente";"Nublado";"Simples";"Reta";"Não";2;0;2;0;0;0;2;1;"-8.79029";"-36.434513";"SR-PE";"DEL11/3";"UOP01/PE"
191479;2019-02-15;"6";"15:50:00";"TO";153;141,3;"ARAGUAINA";"Falta de Atenção à Condução";"Colisão lateral";"Sem Vítimas";"Pleno dia";"Decrescente";"Céu Claro";"Dupla";"Reta";"Sim";2;0;0;0;2;0;0;2;"-7.17597";"-48.219559";"SR-TO";"UOP04/TO";""
191480;2019-02-15;"6";"13:30:00";"SP";116;504;"CAJATI";"Pista Escorregadia";"Colisão com objeto estático";"Sem Vítimas";"Pleno dia";"Decrescente";"Chuva";"Simples";"Curva";"Não";1;0;0;0;1;0;0;1;"-24.79702002";"-48.20895195";"SR-SP";"DEL6/5";"UOP02/SP"
191481;2019-02-15;"6";"17:10:00";"GO";40;8,8;"VALPARAISO DE GOIAS";"Falta de Atenção à Condução";"Colisão traseira";"Com Vítimas Feridas";"Pleno dia";"Crescente";"Sol";"Dupla";"Reta";"Sim";2;0;1;0;1;0;1;2;"-16.116158";"-47.96761";"SR-DF";"GO";"UOP01/DF"
191482;2019-02-15;"6";"17:30:00";"MG";50;60,7;"UBERLANDIA";"Falta de Atenção à Condução";"Colisão traseira";"Com Vítimas Feridas";"Pleno dia";"Crescente";"Nublado";"Dupla";"Não Informado";"Não";2;0;0;1;1;0;1;2;"-18.819";"-48.2497";"SR-MG";"DEL4/15";"UOP02/MG"
191483;2019-02-15;"6";"17:15:00";"RS";116;234,1;"NOVO HAMBURGO";"Desobediência às normas de trânsito pelo condutor";"Colisão transversal";"Com Vítimas Feridas";"Pleno dia";"Decrescente";"Nublado";"Simples";"Interseção de vias";"Não";2;0;1;0;1;0;1;2;"-29.651213";"-51.144444";"SR-RS";"DEL9/1";"UOP02/RS"
191484;2019-02-15;"6";"12:50:00";"RN";406;134;"TAIPU";"Avarias e/ou desgaste excessivo no pneu";"Colisão lateral";"Sem Vítimas";"Pleno dia";"Crescente";"Chuva";"Simples";"Curva";"Não";4;0;0;0;3;1;0;4;"-5.655854";"-35.570903";"SR-RN";"DEL15/2";"UOP01/RN"
191485;2019-02-15;"6";"17:30:00";"GO";153;499;"GOIANIA";"Falta de Atenção à Condução";"Queda de ocupante de veículo";"Com Vítimas Feridas";"Pleno dia";"Crescente";"Sol";"Dupla";"Reta";"Sim";2;0;2;0;0;0;2;1;"-16.7033";"-49.2311";"SR-GO";"DEL1/1";"UOP01/GO"
191487;2019-02-15;"6";"15:45:00";"RJ";116;189,4;"NOVA IGUACU";"Falta de Atenção à Condução";"Colisão traseira";"Com Vítimas Feridas";"Pleno dia";"Decrescente";"Céu Claro";"Dupla";"Reta";"Não";2;0;1;0;1;0;1;2;"-22.737667";"-43.491871";"SR-RJ";"DEL5/1";"UOP03/RJ"
191489;2019-02-15;"6";"17:20:00";"SE";235;4;"NOSSA SENHORA DO SOCORRO";"Falta de Atenção à Condução";"Colisão traseira";"Com Vítimas Feridas";"Anoitecer";"Decrescente";"Céu Claro";"Dupla";"Reta";"Sim";2;0;0;1;1;0;1;2;"-10.9064";"-37.1197";"SR-SE";"DEL20/1";"UOP01/SE"
191490;2019-02-15;"6";"17:50:00";"SC";282;17,1;"PALHOCA";"Desobediência às normas de trânsito pelo condutor";"Colisão transversal";"Com Vítimas Feridas";"Pleno dia";"Decrescente";"Céu Claro";"Simples";"Reta";"Sim";2;0;1;0;1;0;1;2;"-27.665707";"-48.688065";"SR-SC";"DEL8/1";"UOP02/SC"
191492;2019-02-15;"6";"17:00:00";"SC";470;123;"IBIRAMA";"Pista Escorregadia";"Colisão frontal";"Com Vítimas Feridas";"Pleno dia";"Crescente";"Chuva";"Simples";"Curva";"Não";7;0;1;0;6;0;1;4;"-27.09617175";"-49.53098059";"SR-SC";"DEL8/4";"UOP02/SC"
191493;2019-02-15;"6";"15:00:00";"SE";101;145;"ESTANCIA";"Ingestão de Substâncias Psicoativas";"Colisão lateral";"Sem Vítimas";"Pleno dia";"Decrescente";"Céu Claro";"Dupla";"Reta";"Não";2;0;0;0;2;0;0;2;"-11.2254";"-37.4224";"SR-SE";"DEL20/2";"UOP01/SE"
191494;2019-02-03;"1";"19:10:00";"SP";116;224;"GUARULHOS";"Não guardar distância de segurança";"Tombamento";"Com Vítimas Feridas";"Plena Noite";"Decrescente";"Nublado";"Múltipla";"Reta";"Sim";1;0;1;0;0;0;1;1;"-23.48407799";"-46.53794825";"SR-SP";"DEL6/1";"UOP01/SP"
191496;2019-02-15;"6";"16:55:00";"PB";101;93,7;"JOAO PESSOA";"Falta de Atenção do Pedestre";"Atropelamento de Pedestre";"Com Vítimas Feridas";"Pleno dia";"Decrescente";"Céu Claro";"Dupla";"Reta";"Sim";2;0;1;0;0;1;1;1;"-7.2156";"-34.912";"SR-PB";"DEL14/1";"UOP01/PB"
191497;2019-02-15;"6";"17:55:00";"DF";20;12;"BRASILIA";"Falta de Atenção à Condução";"Colisão traseira";"Com Vítimas Feridas";"Pleno dia";"Decrescente";"Sol";"Dupla";"Não Informado";"Sim";2;0;1;0;1;0;1;2;"-15.642812";"-47.757786";"SR-DF";"DF";"UOP04/DF"
191498;2019-02-15;"6";"16:55:00";"SC";280;241;"CANOINHAS";"Não guardar distância de segurança";"Colisão lateral";"Com Vítimas Feridas";"Pleno dia";"Decrescente";"Garoa/Chuvisco";"Simples";"Não Informado";"Não";3;0;1;0;2;0;1;2;"-26.225103";"-50.460045";"SR-SC";"DEL8/6";"UOP04/SC"
191499;2019-02-15;"6";"17:50:00";"DF";70;14;"BRASILIA";"Falta de Atenção à Condução";"Colisão traseira";"Com Vítimas Feridas";"Pleno dia";"Crescente";"Céu Claro";"Dupla";"Reta";"Não";3;0;1;0;2;0;1;2;"-15.797312";"-48.176056";"SR-DF";"DF";"UOP06/DF"
191500;2019-02-15;"6";"16:50:00";"PI";343;4;"PARNAIBA";"Desobediência às normas de trânsito pelo condutor";"Colisão transversal";"Sem Vítimas";"Pleno dia";"Crescente";"Nublado";"Dupla";"Curva";"Não";2;0;0;0;2;0;0;2;"-2.900253";"-41.689171";"SR-PI";"DEL17/5";"UOP01/PI"
191501;2019-02-15;"6";"18:30:00";"PR";376;186,6;"MARIALVA";"Defeito Mecânico no Veículo";"Tombamento";"Com Vítimas Feridas";"Anoitecer";"Crescente";"Garoa/Chuvisco";"Dupla";"Não Informado";"Não";2;0;1;1;0;0;2;1;"-23.45437255";"-51.84913695";"SR-PR";"DEL7/7";"UOP04/PR"
191502;2019-02-15;"6";"14:15:00";"RO";364;424,8;"JARU";"Ingestão de Álcool";"Colisão traseira";"Com Vítimas Feridas";"Pleno dia";"Decrescente";"Céu Claro";"Dupla";"Reta";"Sim";2;0;2;0;0;0;2;2;"-10.43311795";"-62.47718811";"SR-RO";"DEL21/3";"UOP02/RO"
191503;2019-02-15;"6";"16:20:00";"PA";155;270;"ELDORADO DO CARAJAS";"Carga excessiva e/ou mal acondicionada";"Capotamento";"Com Vítimas Feridas";"Pleno dia";"Decrescente";"Céu Claro";"Simples";"Reta";"Não";1;0;1;0;0;0;1;1;"-5.980587";"-49.233501";"SR-PA";"DEL19/3";"UOP01/PA"
191504;2019-02-15;"6";"11:20:00";"SP";116;163,9;"JACAREI";"Falta de Atenção à Condução";"Colisão traseira";"Com Vítimas Fatais";"Pleno dia";"Crescente";"Nublado";"Dupla";"Reta";"Não";8;1;1;4;2;0;5;3;"-23.289843";"-45.997548";"SR-SP";"DEL6/2";"UOP01/SP"
191505;2019-02-15;"6";"18:30:00";"SC";101;115,9;"ITAJAI";"Falta de Atenção à Condução";"Queda de ocupante de veículo";"Com Vítimas Feridas";"Pleno dia";"Decrescente";"Chuva";"Dupla";"Reta";"Não";2;0;1;0;1;0;1;2;"-26.8793";"-48.7258";"SR-SC";"DEL8/4";"UOP04/SC"
191506;2019-02-15;"6";"17:45:00";"PE";101;70,2;"RECIFE";"Falta de Atenção à Condução";"Colisão traseira";"Com Vítimas Feridas";"Anoitecer";"Decrescente";"Céu Claro";"Dupla";"Reta";"Sim";3;0;1;0;1;1;1;3;"-8.0778";"-34.9429";"SR-PE";"DEL11/1";"UOP01/PE"
191507;2019-02-15;"6";"14:10:00";"MS";158;140;"APARECIDA DO TABOADO";"Ingestão de Álcool";"Saída de leito carroçável";"Sem Vítimas";"Pleno dia";"Decrescente";"Chuva";"Simples";"Reta";"Não";1;0;0;0;1;0;0;1;"-20.043634";"-51.113243";"SR-MS";"DEL3/8";"UOP01/MS"
191508;2019-02-15;"6";"18:30:00";"RN";304;152,3;"ANGICOS";"Animais na Pista";"Atropelamento de Animal";"Com Vítimas Feridas";"Plena Noite";"Crescente";"Céu Claro";"Simples";"Reta";"Não";4;0;3;0;1;0;3;2;"-5.692399";"-36.589134";"SR-RN";"DEL15/4";"UOP01/RN"
191509;2019-02-15;"6";"19:40:00";"ES";101;143;"LINHARES";"Falta de Atenção à Condução";"Colisão traseira";"Com Vítimas Feridas";"Plena Noite";"Crescente";"Céu Claro";"Dupla";"Reta";"Sim";2;0;1;0;1;0;1;2;"-19.3684021";"-40.06546855";"SR-ES";"DEL12/4";"UOP01/ES"
191510;2019-02-15;"6";"17:50:00";"BA";324;612;"SIMOES FILHO";"Não guardar distância de segurança";"Colisão traseira";"Com Vítimas Feridas";"Anoitecer";"Crescente";"Céu Claro";"Dupla";"Reta";"Sim";6;0;6;0;0;0;6;2;"-12.85619";"-38.420879";"SR-BA";"DEL10/1";"UOP01/BA"
191512;2019-02-15;"6";"18:00:00";"MT";163;1061;"GUARANTA DO NORTE";"Não guardar distância de segurança";"Colisão traseira";"Com Vítimas Feridas";"Anoitecer";"Crescente";"Nublado";"Simples";"Reta";"Não";5;0;3;0;2;0;3;2;"-9.975436";"-54.905769";"SR-MT";"DEL2/6";"UOP02/MT"
191513;2019-02-15;"6";"17:40:00";"MG";381;814,5;"CAREACU";"Falta de Atenção à Condução";"Capotamento";"Com Vítimas Feridas";"Pleno dia";"Decrescente";"Nublado";"Dupla";"Reta";"Não";1;0;1;0;0;0;1;1;"-22.0321";"-45.6758";"SR-MG";"DEL09";"UOP02/MG"
191514;2019-02-15;"6";"19:26:00";"SC";101;202,6;"SAO JOSE";"Não guardar distância de segurança";"Colisão traseira";"Com Vítimas Feridas";"Anoitecer";"Decrescente";"Nublado";"Múltipla";"Reta";"Sim";2;0;1;0;1;0;1;2;"-27.5651";"-48.6144";"SR-SC";"DEL8/1";"UOP01/SC"
191515;2019-02-15;"6";"18:55:00";"ES";101;320,7;"GUARAPARI";"Falta de Atenção à Condução";"Colisão transversal";"Sem Vítimas";"Anoitecer";"Decrescente";"Nublado";"Simples";"Reta";"Não";2;0;0;0;2;0;0;2;"-20.51796161";"-40.47854846";"SR-ES";"DEL12/3";"UOP01/ES"
191516;2019-02-15;"6";"14:30:00";"RS";293;70,4;"PIRATINI";"Restrição de Visibilidade";"Saída de leito carroçável";"Com Vítimas Feridas";"Pleno dia";"Decrescente";"Nublado";"Simples";"Desvio Temporário";"Não";1;0;0;1;0;0;1;1;"-31.690617";"-53.02607";"SR-RS";"DEL9/7";"UOP01/RS"
191517;2019-02-15;"6";"18:00:00";"SC";101;3,5;"GARUVA";"Pista Escorregadia";"Saída de leito carroçável";"Com Vítimas Feridas";"Pleno dia";"Decrescente";"Chuva";"Dupla";"Curva";"Não";2;0;1;0;1;0;1;1;"-26.0093";"-48.8642";"SR-SC";"DEL8/3";"UOP01/SC"
191518;2019-02-15;"6";"18:30:00";"PR";277;674;"MEDIANEIRA";"Falta de Atenção à Condução";"Saída de leito carroçável";"Com Vítimas Feridas";"Pleno dia";"Decrescente";"Céu Claro";"Dupla";"Reta";"Não";1;0;1;0;0;0;1;1;"-25.294872";"-54.115097";"SR-PR";"DEL7/5";"UOP01/PR"
191519;2019-02-15;"6";"20:15:00";"PR";376;665,8;"GUARATUBA";"Velocidade Incompatível";"Capotamento";"Com Vítimas Feridas";"Plena Noite";"Crescente";"Garoa/Chuvisco";"Dupla";"Curva";"Não";2;0;1;0;1;0;1;1;"-25.86680695";"-48.94769669";"SR-PR";"DEL7/1";"UOP08/PR"
191520;2019-02-15;"6";"18:50:00";"BA";101;333;"PRESIDENTE TANCREDO NEVES";"Velocidade Incompatível";"Colisão traseira";"Com Vítimas Fatais";"Plena Noite";"Decrescente";"Céu Claro";"Simples";"Reta";"Não";3;2;0;0;0;1;0;2;"-13.4965";"-39.4342";"SR-BA";"DEL10/5";"UOP03/BA"
191521;2019-02-15;"6";"15:20:00";"SC";282;498;"XANXERE";"Ingestão de Álcool";"Colisão lateral";"Com Vítimas Fatais";"Pleno dia";"Decrescente";"Nublado";"Simples";"Não Informado";"Não";5;1;0;2;2;0;2;5;"-26.87978";"-52.353825";"SR-SC";"DEL7";"UOP01/SC"
191522;2019-02-15;"6";"20:20:00";"MG";354;760,9;"ITAMONTE";"Pista Escorregadia";"Colisão frontal";"Com Vítimas Feridas";"Plena Noite";"Decrescente";"Nublado";"Simples";"Curva";"Não";5;0;1;2;2;0;3;2;"-22.32925795";"-44.83615659";"SR-MG";"DEL09";"UOP02/MG"
191523;2019-02-15;"6";"16:30:00";"AC";364;128;"RIO BRANCO";"Ingestão de Álcool";"Colisão transversal";"Sem Vítimas";"Plena Noite";"Decrescente";"Céu Claro";"Simples";"Reta";"Não";4;0;0;0;4;0;0;2;"-10.02642957";"-67.82054007";"SR-AC";"UOP01/AC";""
191524;2019-02-15;"6";"15:15:00";"SC";282;500,9;"XANXERE";"Velocidade Incompatível";"Capotamento";"Com Vítimas Feridas";"Pleno dia";"Decrescente";"Chuva";"Múltipla";"Reta";"Não";2;0;2;0;0;0;2;1;"-26.881372";"-52.37252";"SR-SC";"DEL7";"UOP01/SC"
191525;2019-02-15;"6";"15:00:00";"MT";163;621;"NOVA MUTUM";"Pista Escorregadia";"Saída de leito carroçável";"Sem Vítimas";"Pleno dia";"Crescente";"Chuva";"Simples";"Reta";"Não";1;0;0;0;1;0;0;1;"-13.59393458";"-56.03302002";"SR-MT";"DEL2/4";"UOP01/MT"
191526;2019-02-15;"6";"18:35:00";"RJ";40;85,1;"PETROPOLIS";"Falta de Atenção à Condução";"Colisão lateral";"Sem Vítimas";"Anoitecer";"Decrescente";"Céu Claro";"Dupla";"Reta";"Não";2;0;0;0;2;0;0;2;"-22.559";"-43.2263";"SR-RJ";"DEL5/6";"UOP03/RJ"
191527;2019-02-15;"6";"18:40:00";"SC";101;131;"BALNEARIO CAMBORIU";"Não guardar distância de segurança";"Engavetamento";"Com Vítimas Feridas";"Pleno dia";"Decrescente";"Chuva";"Dupla";"Reta";"Não";3;0;1;0;2;0;1;3;"-26.9965";"-48.6555";"SR-SC";"DEL8/4";"UOP03/SC"
191528;2019-02-15;"6";"19:45:00";"MT";364;448;"VARZEA GRANDE";"Restrição de Visibilidade";"Colisão traseira";"Com Vítimas Feridas";"Plena Noite";"Decrescente";"Chuva";"Simples";"Reta";"Não";3;0;2;0;1;0;2;2;"-15.599837";"-56.208927";"SR-MT";"DEL2/4";"UOP02/MT"
191529;2019-02-15;"6";"20:30:00";"SC";101;163,1;"TIJUCAS";"Desobediência às normas de trânsito pelo pedestre";"Atropelamento de Pedestre";"Com Vítimas Fatais";"Plena Noite";"Crescente";"Nublado";"Dupla";"Reta";"Não";3;1;0;0;1;1;0;1;"-27.2414";"-48.6306";"SR-SC";"DEL8/4";"UOP03/SC"
191530;2019-02-15;"6";"19:00:00";"BA";324;618;"SALVADOR";"Não guardar distância de segurança";"Colisão traseira";"Com Vítimas Feridas";"Plena Noite";"Decrescente";"Céu Claro";"Dupla";"Reta";"Sim";3;0;1;0;1;1;1;2;"-12.907435";"-38.456961";"SR-BA";"DEL10/1";"UOP01/BA"
191531;2019-02-15;"6";"20:50:00";"RS";116;153,7;"CAXIAS DO SUL";"Desobediência às normas de trânsito pelo condutor";"Colisão transversal";"Com Vítimas Feridas";"Plena Noite";"Crescente";"Nublado";"Dupla";"Rotatória";"Sim";3;0;1;0;2;0;1;2;"-29.18785916";"-51.18233269";"SR-RS";"DEL9/5";"UOP01/RS"
191532;2019-02-15;"6";"17:42:00";"SP";116;421;"JUQUIA";"Falta de Atenção à Condução";"Capotamento";"Com Vítimas Feridas";"Anoitecer";"Crescente";"Chuva";"Dupla";"Reta";"Não";2;0;1;0;1;0;1;1;"-24.35969101";"-47.64083862";"SR-SP";"DEL6/5";"UOP01/SP"
191533;2019-02-15;"6";"20:45:00";"RS";290;106,7;"ELDORADO DO SUL";"Falta de Atenção do Pedestre";"Atropelamento de Pedestre";"Com Vítimas Fatais";"Plena Noite";"Crescente";"Nublado";"Dupla";"Reta";"Sim";2;1;0;0;1;0;0;1;"-29.998999";"-51.294563";"SR-RS";"DEL9/2";"UOP01/RS"
191534;2019-02-15;"6";"20:20:00";"SP";116;148,8;"SAO JOSE DOS CAMPOS";"Falta de Atenção à Condução";"Colisão traseira";"Com Vítimas Feridas";"Plena Noite";"Crescente";"Nublado";"Múltipla";"Reta";"Sim";2;0;1;0;1;0;1;2;"-23.2029297";"-45.8825493";"SR-SP";"DEL6/2";"UOP01/SP"
191535;2019-02-15;"6";"18:50:00";"BA";110;396,2;"SAO SEBASTIAO DO PASSE";"Falta de Atenção à Condução";"Colisão frontal";"Sem Vítimas";"Plena Noite";"Decrescente";"Céu Claro";"Simples";"Reta";"Sim";2;0;0;0;1;1;0;2;"-12.52938688";"-38.50167274";"SR-BA";"DEL10/1";"UOP01/BA"
191536;2019-02-15;"6";"21:00:00";"SC";101;208,3;"SAO JOSE";"Falta de Atenção à Condução";"Queda de ocupante de veículo";"Com Vítimas Feridas";"Plena Noite";"Crescente";"Nublado";"Múltipla";"Reta";"Não";1;0;1;0;0;0;1;1;"-27.6101";"-48.6388";"SR-SC";"DEL8/1";"UOP01/SC"
191537;2019-02-15;"6";"20:00:00";"PR";277;33;"MORRETES";"Avarias e/ou desgaste excessivo no pneu";"Saída de leito carroçável";"Com Vítimas Feridas";"Plena Noite";"Decrescente";"Chuva";"Dupla";"Não Informado";"Não";2;0;1;0;1;0;1;1;"-25.56621384";"-48.81088257";"SR-PR";"DEL7/1";"UOP07/PR"
191538;2019-02-15;"6";"19:40:00";"PB";230;56,2;"CRUZ DO ESPIRITO SANTO";"Falta de Atenção à Condução";"Colisão traseira";"Com Vítimas Fatais";"Plena Noite";"Crescente";"Céu Claro";"Dupla";"Reta";"Não";2;1;0;0;1;0;0;2;"-7.2021";"-35.1038";"SR-PB";"DEL14/1";"UOP02/PB"
191539;2019-02-15;"6";"21:40:00";"RJ";101;69,5;"CAMPOS DOS GOYTACAZES";"Ingestão de Álcool";"Colisão transversal";"Com Vítimas Feridas";"Plena Noite";"Crescente";"Céu Claro";"Simples";"Interseção de vias";"Não";16;0;1;0;15;0;1;2;"-21.776251";"-41.365345";"SR-RJ";"DEL5/8";"UOP02/RJ"
191540;2019-02-15;"6";"20:10:00";"PI";343;7,6;"PARNAIBA";"Ingestão de Álcool";"Colisão traseira";"Com Vítimas Feridas";"Plena Noite";"Decrescente";"Nublado";"Simples";"Reta";"Não";2;0;1;0;1;0;1;2;"-2.898051";"-41.714767";"SR-PI";"DEL17/5";"UOP01/PI"
191541;2019-02-15;"6";"20:00:00";"RJ";40;93;"PETROPOLIS";"Pista Escorregadia";"Tombamento";"Com Vítimas Feridas";"Plena Noite";"Crescente";"Céu Claro";"Simples";"Curva";"Não";4;0;1;0;3;0;1;1;"-22.5579034";"-43.26450348";"SR-RJ";"DEL5/6";"UOP03/RJ"
191542;2019-02-15;"6";"18:00:00";"PR";376;525;"PONTA GROSSA";"Avarias e/ou desgaste excessivo no pneu";"Saída de leito carroçável";"Com Vítimas Feridas";"Pleno dia";"Decrescente";"Chuva";"Dupla";"Curva";"Não";2;0;2;0;0;0;2;1;"-25.26489642";"-49.95741427";"SR-PR";"DEL7/3";"UOP03/PR"
191543;2019-02-15;"6";"17:25:00";"MT";364;348;"SANTO ANTONIO DO LEVERGER";"Defeito Mecânico no Veículo";"Colisão traseira";"Com Vítimas Feridas";"Pleno dia";"Crescente";"Céu Claro";"Dupla";"Desvio Temporário";"Não";2;0;1;0;1;0;1;2;"-15.80417";"-55.554317";"SR-MT";"DEL2/1";"UOP01/MT"
191544;2019-02-15;"6";"19:30:00";"SC";101;192,4;"BIGUACU";"Velocidade Incompatível";"Colisão com objeto estático";"Com Vítimas Feridas";"Anoitecer";"Crescente";"Garoa/Chuvisco";"Múltipla";"Curva";"Sim";1;0;1;0;0;0;1;1;"-27.4897";"-48.6559";"SR-SC";"DEL8/1";"UOP01/SC"
191545;2019-02-15;"6";"21:20:00";"SC";101;196,6;"BIGUACU";"Velocidade Incompatível";"Colisão com objeto estático";"Sem Vítimas";"Plena Noite";"Crescente";"Nublado";"Múltipla";"Reta";"Sim";1;0;0;0;0;1;0;1;"-27.5185";"-48.6383";"SR-SC";"DEL8/1";"UOP01/SC"
191546;2019-02-15;"6";"19:00:00";"RS";392;265;"CACAPAVA DO SUL";"Velocidade Incompatível";"Colisão transversal";"Com Vítimas Feridas";"Pleno dia";"Crescente";"Chuva";"Simples";"Curva";"Não";5;0;4;0;1;0;4;2;"-30.434811";"-53.500072";"SR-RS";"DEL9/9";"UOP02/RS"
191549;2019-02-15;"6";"17:50:00";"PE";232;51,3;"VITORIA DE SANTO ANTAO";"Pista Escorregadia";"Colisão lateral";"Com Vítimas Feridas";"Anoitecer";"Decrescente";"Chuva";"Dupla";"Reta";"Não";4;0;2;0;2;0;2;2;"-8.128181";"-35.281677";"SR-PE";"DEL11/1";"UOP04/PE"
191550;2019-02-15;"6";"19:10:00";"MS";163;15,9;"MUNDO NOVO";"Falta de Atenção à Condução";"Colisão transversal";"Com Vítimas Feridas";"Anoitecer";"Crescente";"Céu Claro";"Simples";"Curva";"Sim";2;0;0;2;0;0;2;2;"-23.95624619";"-54.29517899";"SR-MS";"DEL3/09";"UOP02/MS"
191551;2019-02-15;"6";"17:15:00";"SC";282;92;"ALFREDO WAGNER";"Velocidade Incompatível";"Colisão frontal";"Sem Vítimas";"Pleno dia";"Crescente";"Nublado";"Simples";"Curva";"Não";2;0;0;0;2;0;0;2;"-27.697363";"-49.23542";"SR-SC";"DEL8/1";"UOP03/SC"
191552;2019-02-15;"6";"19:19:00";"RJ";101;327;"NITEROI";"Falta de Atenção à Condução";"Colisão lateral";"Com Vítimas Feridas";"Plena Noite";"Decrescente";"Nublado";"Dupla";"Reta";"Não";2;0;1;0;1;0;1;2;"-22.871164";"-43.156063";"SR-RJ";"DEL5/2";"UOP01/RJ"
191553;2019-02-15;"6";"21:20:00";"RS";470;334,8;"TRIUNFO";"Objeto estático sobre o leito carroçável";"Atropelamento de Pedestre";"Com Vítimas Feridas";"Plena Noite";"Decrescente";"Garoa/Chuvisco";"Simples";"Reta";"Não";4;0;4;0;0;0;4;1;"-29.82932676";"-51.68586731";"SR-RS";"DEL9/4";"UOP02/RS"
191554;2019-02-15;"6";"18:10:00";"AC";364;132,5;"RIO BRANCO";"Defeito na Via";"Tombamento";"Com Vítimas Feridas";"Plena Noite";"Decrescente";"Nublado";"Dupla";"Desvio Temporário";"Não";1;0;1;0;0;0;1;1;"-10.010051";"-67.845528";"SR-AC";"UOP01/AC";""
191555;2019-02-15;"6";"22:15:00";"RJ";116;316;"ITATIAIA";"Falta de Atenção do Pedestre";"Atropelamento de Pedestre";"Com Vítimas Fatais";"Plena Noite";"Decrescente";"Nublado";"Dupla";"Reta";"Sim";2;1;0;0;1;0;0;1;"-22.465601";"-44.491028";"SR-RJ";"DEL5/7";"UOP03/RJ"
191556;2019-02-15;"6";"21:00:00";"RS";101;7;"TORRES";"Desobediência às normas de trânsito pelo condutor";"Colisão transversal";"Com Vítimas Feridas";"Plena Noite";"Decrescente";"Céu Claro";"Dupla";"Curva";"Sim";3;0;3;0;0;0;3;2;"-29.354038";"-49.800503";"SR-RS";"DEL9/3";"UOP03/RS"
191557;2019-02-15;"6";"20:50:00";"RJ";101;320;"NITEROI";"Falta de Atenção à Condução";"Colisão traseira";"Com Vítimas Feridas";"Plena Noite";"Crescente";"Céu Claro";"Múltipla";"Reta";"Sim";2;0;1;0;1;0;1;2;"-22.861752";"-43.107143";"SR-RJ";"DEL5/2";"UOP01/RJ"
191558;2019-02-15;"6";"21:55:00";"BA";101;808,6;"ITAMARAJU";"Não guardar distância de segurança";"Colisão traseira";"Com Vítimas Feridas";"Plena Noite";"Crescente";"Céu Claro";"Simples";"Rotatória";"Sim";3;0;1;0;1;1;1;3;"-17.0185";"-39.5418";"SR-BA";"DEL10/9";"UOP01/BA"
191559;2019-02-15;"6";"20:55:00";"SC";480;130,5;"CHAPECO";"Velocidade Incompatível";"Capotamento";"Com Vítimas Feridas";"Plena Noite";"Crescente";"Chuva";"Múltipla";"Reta";"Não";1;0;1;0;0;0;1;1;"-27.05929299";"-52.6362437";"SR-SC";"DEL7";"UOP01/SC"
191560;2019-02-15;"6";"16:30:00";"PR";476;338;"PAULA FREITAS";"Mal Súbito";"Colisão frontal";"Com Vítimas Fatais";"Pleno dia";"Decrescente";"Chuva";"Simples";"Reta";"Não";3;1;0;1;0;1;1;2;"-26.15086";"-50.876347";"SR-PR";"DEL7/2";"UOP02/PR"
191561;2019-02-15;"6";"19:59:00";"PR";376;652;"TIJUCAS DO SUL";"Velocidade Incompatível";"Saída de leito carroçável";"Com Vítimas Feridas";"Plena Noite";"Decrescente";"Chuva";"Dupla";"Curva";"Não";5;0;1;0;4;0;1;1;"-25.84624714";"-49.07867432";"SR-PR";"DEL7/1";"UOP08/PR"
191562;2019-02-15;"6";"22:45:00";"RS";101;7,3;"TORRES";"Velocidade Incompatível";"Colisão traseira";"Com Vítimas Feridas";"Plena Noite";"Decrescente";"Céu Claro";"Dupla";"Reta";"Sim";4;0;2;1;1;0;3;2;"-29.354038";"-49.800503";"SR-RS";"DEL9/3";"UOP03/RS"
191563;2019-02-15;"6";"21:30:00";"RJ";40;124,1;"DUQUE DE CAXIAS";"Ingestão de Álcool";"Tombamento";"Com Vítimas Feridas";"Plena Noite";"Decrescente";"Garoa/Chuvisco";"Múltipla";"Reta";"Sim";1;0;1;0;0;0;1;1;"-22.8147";"-43.2881";"SR-RJ";"DEL5/1";"UOP01/RJ"
191564;2019-02-15;"6";"21:20:00";"MG";40;527;"CONTAGEM";"Falta de Atenção à Condução";"Colisão traseira";"Com Vítimas Feridas";"Plena Noite";"Decrescente";"Nublado";"Dupla";"Não Informado";"Sim";4;0;2;0;2;0;2;3;"-19.9105";"-44.0427";"SR-MG";"DEL4/1";"UOP03/MG"
191565;2019-02-15;"6";"20:25:00";"PE";423;49,8;"CACHOEIRINHA";"Falta de Atenção à Condução";"Colisão traseira";"Com Vítimas Fatais";"Plena Noite";"Decrescente";"Nublado";"Simples";"Não Informado";"Não";2;1;0;0;0;1;0;2;"-8.565607";"-36.279079";"SR-PE";"DEL11/3";"UOP01/PE"
191566;2019-02-15;"6";"23:20:00";"RS";290;59,2;"GRAVATAI";"Condutor Dormindo";"Tombamento";"Com Vítimas Feridas";"Plena Noite";"Crescente";"Nublado";"Dupla";"Reta";"Não";2;0;2;0;0;0;2;1;"-29.922428";"-50.84845";"SR-RS";"DEL9/3";"UOP02/RS"
191567;2019-02-15;"6";"23:20:00";"RS";116;251,9;"SAPUCAIA DO SUL";"Falta de Atenção à Condução";"Colisão com objeto estático";"Com Vítimas Feridas";"Plena Noite";"Crescente";"Nublado";"Dupla";"Reta";"Sim";2;0;0;2;0;0;2;1;"-29.800453";"-51.16552";"SR-RS";"DEL9/1";"UOP02/RS"