"id";"data_inversa";"dia_semana";"horario";"uf";"br";"km";"municipio";"causa_acidente";"tipo_acidente";"classificacao_acidente";"fase_dia";"sentido_via";"condicao_metereologica";"tipo_pista";"tracado_via";"uso_solo";"pessoas";"mortos";"feridos_leves";"feridos_graves";"ilesos";"ignorados";"feridos";"veiculos";"latitude";"longitude";"regional";"delegacia";"uop"
191568;2019-02-15;"6";"21:30:00";"RJ";465;13;"SEROPEDICA";"Falta de Atenção à Condução";"Queda de ocupante de veículo";"Com Vítimas Feridas";"Plena Noite";"Decrescente";"Garoa/Chuvisco";"Simples";"Reta";"Sim";2;0;1;0;1;0;1;1;"-22.79833834";"-43.64524841";"SR-RJ";"DEL5/1";"UOP03/RJ"
191569;2019-02-15;"6";"20:30:00";"PE";232;29;"MORENO";"Falta de Atenção do Pedestre";"Atropelamento de Pedestre";"Com Vítimas Fatais";"Plena Noite";"Crescente";"Nublado";"Dupla";"Reta";"Não";2;1;0;0;0;1;0;1;"-8.111266";"-35.14315";"SR-PE";"DEL11/1";"UOP04/PE"
191570;2019-02-15;"6";"23:40:00";"MG";40;610;"CONGONHAS";"Falta de Atenção à Condução";"Colisão transversal";"Com Vítimas Feridas";"Plena Noite";"Crescente";"Céu Claro";"Simples";"Curva";"Sim";2;0;1;0;1;0;1;2;"-20.5082";"-43.8386";"SR-MG";"DEL5";"UOP02/MG"
191571;2019-02-15;"6";"18:00:00";"PI";316;407;"MARCOLANDIA";"Pista Escorregadia";"Saída de leito carroçável";"Sem Vítimas";"Plena Noite";"Crescente";"Chuva";"Simples";"Reta";"Não";1;0;0;0;1;0;0;1;"-7.4230394";"-40.70709597";"SR-PI";"DEL17/4";"UOP03/PI"
191572;2019-02-16;"7";"00:40:00";"PR";369;153,8;"LONDRINA";"Desobediência às normas de trânsito pelo condutor";"Colisão transversal";"Com Vítimas Feridas";"Plena Noite";"Crescente";"Garoa/Chuvisco";"Dupla";"Retorno Regulamentado";"Sim";2;0;0;1;1;0;1;2;"-23.29786104";"-51.19640708";"SR-PR";"DEL7/7";"UOP01/PR"
191573;2019-02-15;"6";"21:00:00";"RJ";101;487,6;"ANGRA DOS REIS";"Desobediência às normas de trânsito pelo condutor";"Colisão transversal";"Com Vítimas Feridas";"Plena Noite";"Decrescente";"Céu Claro";"Simples";"Reta";"Sim";2;0;1;0;1;0;1;2;"-22.96898318";"-44.2985487";"SR-RJ";"DEL5/3";"UOP02/RJ"
191574;2019-02-15;"6";"23:30:00";"TO";153;749,8;"ALVORADA";"Ultrapassagem Indevida";"Colisão frontal";"Com Vítimas Fatais";"Plena Noite";"Crescente";"Nublado";"Simples";"Curva";"Não";3;1;0;0;2;0;0;3;"-12.40031282";"-49.12934661";"SR-TO";"UOP01/TO";""
191575;2019-02-15;"6";"21:10:00";"PE";423;98;"GARANHUNS";"Falta de Atenção à Condução";"Colisão traseira";"Com Vítimas Fatais";"Plena Noite";"Crescente";"Céu Claro";"Simples";"Viaduto";"Sim";1;1;0;0;0;0;0;1;"-8.8770637";"-36.50811737";"SR-PE";"DEL11/3";"UOP01/PE"
191576;2019-02-16;"7";"00:05:00";"PR";376;677;"GUARATUBA";"Pista Escorregadia";"Saída de leito carroçável";"Com Vítimas Feridas";"Plena Noite";"Decrescente";"Chuva";"Dupla";"Curva";"Não";2;0;1;0;1;0;1;1;"-25.88455435";"-48.93482208";"SR-PR";"DEL7/1";"UOP08/PR"
191577;2019-02-16;"7";"01:20:00";"PR";376;175;"MARINGA";"Falta de Atenção do Pedestre";"Atropelamento de Pedestre";"Com Vítimas Feridas";"Plena Noite";"Decrescente";"Céu Claro";"Dupla";"Reta";"Sim";3;0;0;1;1;1;1;1;"-23.411356";"-51.940777";"SR-PR";"DEL7/7";"UOP04/PR"
191578;2019-02-15;"6";"23:40:00";"MS";262;775,6;"CORUMBA";"Velocidade Incompatível";"Colisão com objeto estático";"Com Vítimas Fatais";"Plena Noite";"Crescente";"Céu Claro";"Simples";"Reta";"Sim";1;1;0;0;0;0;0;1;"-19.02665";"-57.66328";"SR-MS";"DEL3/3";"UOP03/MS"
191579;2019-02-16;"7";"02:00:00";"DF";60;5,1;"BRASILIA";"Falta de Atenção à Condução";"Colisão com objeto estático";"Com Vítimas Feridas";"Plena Noite";"Crescente";"Vento";"Dupla";"Reta";"Sim";1;0;0;1;0;0;1;1;"-15.895438";"-48.104771";"SR-DF";"DF";"UOP03/DF"
191580;2019-02-15;"6";"22:55:00";"AC";364;119;"RIO BRANCO";"Ingestão de Álcool";"Colisão traseira";"Com Vítimas Feridas";"Plena Noite";"Decrescente";"Ignorado";"Simples";"Reta";"Sim";2;0;1;0;1;0;1;2;"-10.012443";"-67.74633";"SR-AC";"UOP01/AC";""
191581;2019-02-16;"7";"02:00:00";"SP";116;148;"SAO JOSE DOS CAMPOS";"Falta de Atenção à Condução";"Colisão traseira";"Com Vítimas Feridas";"Plena Noite";"Crescente";"Nublado";"Dupla";"Reta";"Sim";2;0;1;0;1;0;1;2;"-23.200743";"-45.879574";"SR-SP";"DEL6/2";"UOP01/SP"
191583;2019-02-16;"7";"00:30:00";"MT";70;736;"CACERES";"Animais na Pista";"Atropelamento de Animal";"Sem Vítimas";"Plena Noite";"Crescente";"Nublado";"Simples";"Reta";"Não";1;0;0;0;1;0;0;1;"-16.0572601";"-57.71685384";"SR-MT";"DEL2/3";"UOP01/MT"
191584;2019-02-16;"7";"02:20:00";"GO";70;1;"AGUAS LINDAS DE GOIAS";"Velocidade Incompatível";"Colisão com objeto estático";"Sem Vítimas";"Plena Noite";"Crescente";"Nublado";"Dupla";"Curva";"Não";1;0;0;0;0;1;0;1;"-15.77963934";"-48.23423646";"SR-DF";"GO";"UOP06/DF"
191585;2019-02-16;"7";"03:10:00";"GO";40;2;"VALPARAISO DE GOIAS";"Desobediência às normas de trânsito pelo condutor";"Saída de leito carroçável";"Com Vítimas Feridas";"Plena Noite";"Decrescente";"Céu Claro";"Dupla";"Reta";"Sim";6;0;3;2;1;0;5;2;"-16.067129";"-47.984235";"SR-DF";"GO";"UOP01/DF"
191586;2019-02-16;"7";"03:20:00";"SC";101;319;"PESCARIA BRAVA";"Ingestão de Álcool";"Colisão traseira";"Com Vítimas Feridas";"Plena Noite";"Decrescente";"Céu Claro";"Dupla";"Reta";"Não";2;0;1;0;1;0;1;2;"-28.4292";"-48.8788";"SR-SC";"DEL8/2";"UOP01/SC"
191587;2019-02-16;"7";"04:12:00";"ES";101;415;"CACHOEIRO DE ITAPEMIRIM";"Ingestão de Álcool";"Queda de ocupante de veículo";"Com Vítimas Feridas";"Plena Noite";"Crescente";"Céu Claro";"Simples";"Reta";"Não";1;0;0;1;0;0;1;1;"-20.93294339";"-41.07942581";"SR-ES";"DEL12/3";"UOP02/ES"
191588;2019-02-16;"7";"03:20:00";"BA";407;5,9;"JUAZEIRO";"Animais na Pista";"Saída de leito carroçável";"Com Vítimas Feridas";"Plena Noite";"Crescente";"Chuva";"Dupla";"Reta";"Sim";1;0;1;0;0;0;1;1;"-9.447785";"-40.490437";"SR-PE";"DEL11/6";"UOP01/PE"
191589;2019-02-16;"7";"04:00:00";"MG";381;489;"BETIM";"Ingestão de Álcool";"Colisão com objeto estático";"Sem Vítimas";"Plena Noite";"Crescente";"Nublado";"Dupla";"Reta";"Sim";1;0;0;0;1;0;0;1;"-19.9563";"-44.1428";"SR-MG";"DEL4/1";"UOP03/MG"
191590;2019-02-16;"7";"04:40:00";"GO";153;497,8;"GOIANIA";"Condutor Dormindo";"Queda de ocupante de veículo";"Com Vítimas Feridas";"Plena Noite";"Decrescente";"Céu Claro";"Dupla";"Curva";"Sim";2;0;1;0;0;1;1;1;"-16.6854";"-49.2338";"SR-GO";"DEL1/1";"UOP01/GO"
191591;2019-02-16;"7";"03:40:00";"MG";459;36,4;"SANTA RITA DE CALDAS";"Ingestão de Álcool";"Saída de leito carroçável";"Com Vítimas Feridas";"Plena Noite";"Decrescente";"Chuva";"Simples";"Reta";"Não";1;0;1;0;0;0;1;1;"-21.976718";"-46.331118";"SR-MG";"DEL13";"UOP01/MG"
191592;2019-02-15;"6";"14:40:00";"SC";282;87;"ALFREDO WAGNER";"Ultrapassagem Indevida";"Saída de leito carroçável";"Sem Vítimas";"Pleno dia";"Decrescente";"Chuva";"Simples";"Curva";"Não";1;0;0;0;1;0;0;1;"-27.664766";"-49.20578";"SR-SC";"DEL8/1";"UOP03/SC"
191593;2019-02-16;"7";"04:00:00";"SE";101;93;"NOSSA SENHORA DO SOCORRO";"Falta de Atenção à Condução";"Queda de ocupante de veículo";"Com Vítimas Feridas";"Plena Noite";"Decrescente";"Céu Claro";"Dupla";"Curva";"Sim";1;0;0;1;0;0;1;1;"-10.9116";"-37.1585";"SR-SE";"DEL20/1";"UOP01/SE"
191595;2019-02-16;"7";"03:30:00";"RJ";116;183;"NOVA IGUACU";"Falta de Atenção à Condução";"Colisão traseira";"Com Vítimas Feridas";"Plena Noite";"Crescente";"Céu Claro";"Dupla";"Reta";"Sim";2;0;1;0;1;0;1;2;"-22.751593";"-43.438511";"SR-RJ";"DEL5/1";"UOP02/RJ"
191596;2019-02-16;"7";"05:20:00";"SC";101;225,4;"PALHOCA";"Condutor Dormindo";"Capotamento";"Com Vítimas Feridas";"Plena Noite";"Decrescente";"Garoa/Chuvisco";"Dupla";"Desvio Temporário";"Não";3;0;2;0;1;0;2;3;"-27.7336";"-48.6407";"SR-SC";"DEL8/1";"UOP02/SC"
191597;2019-02-16;"7";"05:00:00";"MG";262;492,2;"MOEMA";"Falta de Atenção à Condução";"Saída de leito carroçável";"Com Vítimas Fatais";"Plena Noite";"Decrescente";"Céu Claro";"Simples";"Interseção de vias";"Não";2;1;0;1;0;0;1;1;"-19.785557";"-45.389137";"SR-MG";"DEL4/8";"UOP03/MG"
191598;2019-02-16;"7";"05:40:00";"MG";381;577,2;"CARMOPOLIS DE MINAS";"Velocidade Incompatível";"Saída de leito carroçável";"Sem Vítimas";"Amanhecer";"Crescente";"Chuva";"Dupla";"Curva";"Não";3;0;0;0;3;0;0;1;"-20.4691";"-44.5827";"SR-MG";"DEL4/4";"UOP03/MG"
191599;2019-02-16;"7";"05:30:00";"MG";40;505,5;"RIBEIRAO DAS NEVES";"Condutor Dormindo";"Capotamento";"Com Vítimas Feridas";"Amanhecer";"Decrescente";"Chuva";"Dupla";"Reta";"Não";1;0;1;0;0;0;1;1;"-19.7504";"-44.1449";"SR-MG";"DEL4/2";"UOP01/MG"
191600;2019-02-16;"7";"06:00:00";"GO";153;520;"HIDROLANDIA";"Falta de Atenção à Condução";"Saída de leito carroçável";"Com Vítimas Feridas";"Plena Noite";"Decrescente";"Nublado";"Dupla";"Desvio Temporário";"Não";1;0;1;0;0;0;1;1;"-16.87547764";"-49.25196648";"SR-GO";"DEL1/1";"UOP03/GO"
191601;2019-02-16;"7";"06:00:00";"MG";381;503,7;"BETIM";"Ingestão de Álcool";"Saída de leito carroçável";"Com Vítimas Feridas";"Amanhecer";"Crescente";"Garoa/Chuvisco";"Dupla";"Reta";"Sim";2;0;1;0;1;0;1;1;"-20.0304";"-44.236";"SR-MG";"DEL4/1";"UOP03/MG"
191602;2019-02-16;"7";"02:00:00";"GO";20;61,6;"FORMOSA";"Defeito Mecânico no Veículo";"Tombamento";"Sem Vítimas";"Plena Noite";"Decrescente";"Céu Claro";"Simples";"Não Informado";"Não";2;0;0;0;2;0;0;1;"-15.238772";"-47.17049";"SR-DF";"GO";"UOP04/DF"
191603;2019-02-16;"7";"06:15:00";"SC";101;48,6;"JOINVILLE";"Falta de Atenção à Condução";"Colisão com objeto estático";"Com Vítimas Feridas";"Amanhecer";"Crescente";"Nublado";"Dupla";"Curva";"Não";2;0;1;0;1;0;1;1;"-26.3829";"-48.851";"SR-SC";"DEL8/3";"UOP01/SC"
191604;2019-02-15;"6";"23:30:00";"SC";470;257,8;"CURITIBANOS";"Ingestão de Álcool";"Colisão frontal";"Com Vítimas Feridas";"Plena Noite";"Crescente";"Nublado";"Simples";"Curva";"Não";3;0;3;0;0;0;3;2;"-27.308815";"-50.641468";"SR-SC";"DEL8/5";"UOP03/SC"
191605;2019-02-16;"7";"06:05:00";"SP";116;269;"TABOAO DA SERRA";"Desobediência às normas de trânsito pelo condutor";"Colisão traseira";"Com Vítimas Feridas";"Amanhecer";"Decrescente";"Chuva";"Dupla";"Reta";"Sim";3;0;1;0;2;0;1;2;"-23.57697524";"-46.71431336";"SR-SP";"DEL6/4";"UOP01/SP"
191606;2019-02-15;"6";"19:00:00";"PI";343;337;"TERESINA";"Falta de Atenção à Condução";"Colisão frontal";"Com Vítimas Feridas";"Plena Noite";"Decrescente";"Céu Claro";"Simples";"Reta";"Não";2;0;0;1;0;1;1;2;"-5.061969";"-42.714039";"SR-PI";"DEL17/1";"UOP01/PI"
191607;2019-02-16;"7";"00:25:00";"SC";470;201,1;"PONTE ALTA";"Desobediência às normas de trânsito pelo condutor";"Colisão transversal";"Com Vítimas Feridas";"Plena Noite";"Crescente";"Chuva";"Simples";"Interseção de vias";"Não";2;0;1;0;1;0;1;2;"-27.30816146";"-50.1337266";"SR-SC";"DEL8/5";"UOP03/SC"
191608;2019-02-16;"7";"05:50:00";"SC";280;57,7;"GUARAMIRIM";"Ingestão de Álcool";"Colisão frontal";"Sem Vítimas";"Plena Noite";"Crescente";"Chuva";"Simples";"Reta";"Sim";3;0;0;0;2;1;0;2;"-26.47413291";"-49.02082081";"SR-SC";"DEL8/3";"UOP03/SC"
191609;2019-02-16;"7";"06:50:00";"RS";386;344,4;"LAJEADO";"Falta de Atenção à Condução";"Colisão traseira";"Com Vítimas Feridas";"Pleno dia";"Crescente";"Céu Claro";"Dupla";"Interseção de vias";"Sim";2;0;1;0;1;0;1;2;"-29.439268";"-51.993633";"SR-RS";"DEL9/4";"UOP01/RS"
191610;2019-02-16;"7";"07:10:00";"SC";101;184;"BIGUACU";"Condutor Dormindo";"Colisão traseira";"Com Vítimas Feridas";"Pleno dia";"Decrescente";"Nublado";"Dupla";"Reta";"Não";2;0;1;0;1;0;1;2;"-27.4254";"-48.6244";"SR-SC";"DEL8/1";"UOP01/SC"
191611;2019-02-16;"7";"06:00:00";"PE";232;125;"CARUARU";"Velocidade Incompatível";"Colisão traseira";"Sem Vítimas";"Pleno dia";"Decrescente";"Céu Claro";"Dupla";"Reta";"Sim";2;0;0;0;1;1;0;2;"-8.3087894";"-35.94842434";"SR-PE";"DEL11/2";"UOP02/PE"
191613;2019-02-16;"7";"07:25:00";"SC";101;337,5;"TUBARAO";"Falta de Atenção à Condução";"Colisão lateral";"Com Vítimas Feridas";"Pleno dia";"Decrescente";"Nublado";"Dupla";"Não Informado";"Não";2;0;1;0;1;0;1;2;"-28.4881";"-49.0386";"SR-SC";"DEL8/2";"UOP01/SC"
191614;2019-02-16;"7";"07:50:00";"SC";101;264,2;"GAROPABA";"Velocidade Incompatível";"Saída de leito carroçável";"Com Vítimas Feridas";"Pleno dia";"Decrescente";"Chuva";"Dupla";"Curva";"Sim";1;0;1;0;0;0;1;1;"-28.0663";"-48.7151";"SR-SC";"DEL8/2";"UOP03/SC"
191615;2019-02-16;"7";"07:50:00";"MG";381;415,5;"NOVA UNIAO";"Desobediência às normas de trânsito pelo condutor";"Colisão frontal";"Com Vítimas Feridas";"Pleno dia";"Crescente";"Chuva";"Simples";"Curva";"Não";3;0;2;0;1;0;2;2;"-19.7235016";"-43.5794946";"SR-MG";"DEL4/1";"UOP01/MG"
191616;2019-02-16;"7";"06:55:00";"PR";277;730;"FOZ DO IGUACU";"Falta de Atenção à Condução";"Atropelamento de Pedestre";"Com Vítimas Feridas";"Amanhecer";"Crescente";"Céu Claro";"Dupla";"Curva";"Sim";2;0;1;0;1;0;1;1;"-25.50929166";"-54.59449768";"SR-PR";"DEL7/5";"UOP03/PR"
191617;2019-02-16;"7";"06:30:00";"MT";163;162;"SORRISO";"Ingestão de álcool e/ou substâncias psicoativas pelo pedestre";"Saída de leito carroçável";"Com Vítimas Feridas";"Pleno dia";"Crescente";"Chuva";"Dupla";"Reta";"Sim";1;0;1;0;0;0;1;1;"-12.55107";"-55.71325";"SR-MT";"DEL2/2";"UOP01/MT"
191619;2019-02-16;"7";"06:00:00";"PR";277;69;"SAO JOSE DOS PINHAIS";"Falta de Atenção à Condução";"Colisão frontal";"Com Vítimas Feridas";"Amanhecer";"Decrescente";"Chuva";"Simples";"Rotatória";"Sim";3;0;1;0;1;1;1;2;"-25.51572626";"-49.11923468";"SR-PR";"DEL7/1";"UOP06/PR"
191620;2019-02-16;"7";"08:03:00";"MG";153;104,1;"PRATA";"Pista Escorregadia";"Colisão frontal";"Com Vítimas Fatais";"Pleno dia";"Crescente";"Chuva";"Simples";"Desvio Temporário";"Não";4;2;0;0;1;1;0;3;"-19.286355";"-48.9125061";"SR-MG";"DEL4/15";"UOP03/MG"
191621;2019-02-16;"7";"06:10:00";"PR";476;122;"COLOMBO";"Pista Escorregadia";"Queda de ocupante de veículo";"Com Vítimas Feridas";"Amanhecer";"Crescente";"Chuva";"Múltipla";"Reta";"Sim";2;0;1;0;1;0;1;2;"-25.38552684";"-49.20318782";"SR-PR";"DEL7/1";"UOP01/PR"
191622;2019-02-16;"7";"07:39:00";"PR";476;117;"COLOMBO";"Ingestão de Álcool";"Colisão lateral";"Sem Vítimas";"Pleno dia";"Crescente";"Chuva";"Múltipla";"Reta";"Sim";2;0;0;0;2;0;0;2;"-25.34896428";"-49.16958685";"SR-PR";"DEL7/1";"UOP01/PR"
191623;2019-02-16;"7";"08:00:00";"GO";70;10;"AGUAS LINDAS DE GOIAS";"Falta de Atenção à Condução";"Colisão lateral";"Com Vítimas Feridas";"Pleno dia";"Decrescente";"Nublado";"Dupla";"Reta";"Sim";2;0;1;0;1;0;1;2;"-15.7372";"-48.2917";"SR-DF";"GO";"UOP06/DF"
191624;2019-02-16;"7";"08:20:00";"ES";101;237;"FUNDAO";"Mal Súbito";"Queda de ocupante de veículo";"Com Vítimas Feridas";"Pleno dia";"Crescente";"Sol";"Simples";"Reta";"Não";1;0;1;0;0;0;1;1;"-20.00578915";"-40.41292369";"SR-ES";"DEL12/2";"UOP01/ES"
191625;2019-02-16;"7";"06:00:00";"RJ";116;15;"SAPUCAIA";"Velocidade Incompatível";"Colisão frontal";"Com Vítimas Feridas";"Amanhecer";"Crescente";"Chuva";"Simples";"Curva";"Não";2;0;1;1;0;0;2;2;"-21.967014";"-42.742409";"SR-RJ";"DEL5/4";"UOP01/RJ"
191626;2019-02-16;"7";"08:20:00";"MG";381;532,1;"ITATIAIUCU";"Velocidade Incompatível";"Colisão com objeto estático";"Com Vítimas Feridas";"Pleno dia";"Decrescente";"Chuva";"Dupla";"Curva";"Não";2;0;2;0;0;0;2;1;"-20.1709";"-44.3729";"SR-MG";"DEL4/4";"UOP03/MG"
191627;2019-02-16;"7";"02:30:00";"RJ";40;119;"DUQUE DE CAXIAS";"Pista Escorregadia";"Colisão lateral";"Com Vítimas Feridas";"Plena Noite";"Decrescente";"Chuva";"Múltipla";"Reta";"Sim";2;0;1;0;1;0;1;2;"-22.7713";"-43.2862";"SR-RJ";"DEL5/1";"UOP01/RJ"
191628;2019-02-16;"7";"07:35:00";"PR";376;1,2;"SAO JOSE DOS PINHAIS";"Falta de Atenção à Condução";"Colisão lateral";"Sem Vítimas";"Pleno dia";"Crescente";"Garoa/Chuvisco";"Múltipla";"Interseção de vias";"Sim";2;0;0;0;2;0;0;2;"-25.55840581";"-49.18526622";"SR-PR";"DEL7/1";"UOP08/PR"
191629;2019-02-16;"7";"07:40:00";"SC";101;257;"PAULO LOPES";"Pista Escorregadia";"Saída de leito carroçável";"Com Vítimas Feridas";"Pleno dia";"Decrescente";"Chuva";"Dupla";"Curva";"Não";1;0;1;0;0;0;1;1;"-28.01";"-48.6942";"SR-SC";"DEL8/2";"UOP03/SC"
191631;2019-02-16;"7";"07:15:00";"MS";163;510;"JARAGUARI";"Avarias e/ou desgaste excessivo no pneu";"Tombamento";"Com Vítimas Feridas";"Pleno dia";"Decrescente";"Nublado";"Dupla";"Reta";"Não";1;0;1;0;0;0;1;1;"-20.242024";"-54.480112";"SR-MS";"DEL3/1";"UOP02/MS"
191632;2019-02-16;"7";"08:35:00";"MG";262;361,3;"BETIM";"Velocidade Incompatível";"Saída de leito carroçável";"Com Vítimas Feridas";"Pleno dia";"Decrescente";"Nublado";"Dupla";"Reta";"Sim";1;0;1;0;0;0;1;1;"-19.971";"-44.2888";"SR-MG";"DEL4/1";"UOP03/MG"
191633;2019-02-16;"7";"08:20:00";"PA";316;57,3;"CASTANHAL";"Falta de Atenção à Condução";"Capotamento";"Com Vítimas Feridas";"Pleno dia";"Crescente";"Céu Claro";"Dupla";"Reta";"Sim";1;0;1;0;0;0;1;1;"-1.30073817";"-47.9724884";"SR-PA";"DEL19/1";"UOP02/PA"
191634;2019-02-16;"7";"09:15:00";"MG";50;174;"UBERABA";"Fenômenos da Natureza";"Colisão com objeto estático";"Com Vítimas Feridas";"Pleno dia";"Decrescente";"Chuva";"Dupla";"Reta";"Não";2;0;1;0;1;0;1;1;"-19.7787";"-47.97";"SR-MG";"DEL13";"UOP01/MG"
191635;2019-02-16;"7";"09:20:00";"MG";381;591;"CARMOPOLIS DE MINAS";"Pista Escorregadia";"Capotamento";"Com Vítimas Feridas";"Pleno dia";"Crescente";"Chuva";"Dupla";"Curva";"Não";3;0;2;1;0;0;3;1;"-20.5571";"-44.6621";"SR-MG";"DEL4/4";"UOP01/MG"
191636;2019-02-11;"2";"15:30:00";"BA";116;576;"BREJOES";"Ultrapassagem Indevida";"Colisão frontal";"Com Vítimas Feridas";"Pleno dia";"Decrescente";"Céu Claro";"Simples";"Curva";"Não";4;0;0;2;2;0;2;3;"-13.05845098";"-39.95703936";"SR-BA";"DEL10/3";"UOP02/BA"
191637;2019-02-16;"7";"09:30:00";"RJ";40;74,9;"PETROPOLIS";"Pista Escorregadia";"Colisão com objeto estático";"Com Vítimas Feridas";"Pleno dia";"Crescente";"Chuva";"Simples";"Curva";"Não";2;0;1;0;1;0;1;1;"-22.4828";"-43.2157";"SR-RJ";"DEL5/6";"UOP03/RJ"
191638;2019-02-16;"7";"10:15:00";"SC";470;49,6;"BLUMENAU";"Falta de Atenção à Condução";"Colisão transversal";"Com Vítimas Feridas";"Pleno dia";"Crescente";"Garoa/Chuvisco";"Simples";"Reta";"Não";2;0;0;1;1;0;1;2;"-26.86143863";"-49.07063305";"SR-SC";"DEL8/4";"UOP01/SC"
191639;2019-02-16;"7";"10:00:00";"RS";293;28,3;"CAPAO DO LEAO";"Falta de Atenção à Condução";"Saída de leito carroçável";"Com Vítimas Fatais";"Pleno dia";"Decrescente";"Céu Claro";"Simples";"Curva";"Não";2;1;1;0;0;0;1;1;"-31.728102";"-52.602894";"SR-RS";"DEL9/7";"UOP01/RS"
191640;2019-02-15;"6";"23:00:00";"CE";20;84;"TAUA";"Falta de Atenção à Condução";"Tombamento";"Com Vítimas Fatais";"Plena Noite";"Crescente";"Céu Claro";"Simples";"Reta";"Sim";2;1;0;1;0;0;1;1;"-6.001245";"-40.280308";"SR-CE";"DEL16/2";"UOP02/CE"
191641;2019-02-16;"7";"09:20:00";"MS";163;843;"SONORA";"Falta de Atenção à Condução";"Tombamento";"Com Vítimas Feridas";"Pleno dia";"Decrescente";"Céu Claro";"Simples";"Reta";"Não";1;0;1;0;0;0;1;1;"-17.55260817";"-54.74150511";"SR-MS";"DEL3/6";"UOP01/MS"
191642;2019-02-16;"7";"09:10:00";"SE";235;4;"NOSSA SENHORA DO SOCORRO";"Falta de Atenção à Condução";"Capotamento";"Com Vítimas Feridas";"Pleno dia";"Decrescente";"Céu Claro";"Simples";"Reta";"Sim";2;0;1;0;1;0;1;1;"-10.9064";"-37.1197";"SR-SE";"DEL20/1";"UOP01/SE"
191643;2019-02-16;"7";"10:00:00";"MG";381;931,5;"EXTREMA";"Objeto estático sobre o leito carroçável";"Colisão traseira";"Com Vítimas Fatais";"Pleno dia";"Decrescente";"Chuva";"Dupla";"Curva";"Não";11;1;2;0;8;0;2;6;"-22.78864022";"-46.24429286";"SR-MG";"DEL09";"UOP03/MG"
191644;2019-02-16;"7";"09:47:00";"PR";376;638;"TIJUCAS DO SUL";"Falta de Atenção à Condução";"Colisão lateral";"Com Vítimas Feridas";"Pleno dia";"Decrescente";"Nublado";"Dupla";"Reta";"Não";2;0;1;0;1;0;1;2;"-25.7677404";"-49.12399292";"SR-PR";"DEL7/1";"UOP08/PR"
191645;2019-02-16;"7";"10:30:00";"SP";116;65;"GUARATINGUETA";"Pista Escorregadia";"Queda de ocupante de veículo";"Com Vítimas Feridas";"Pleno dia";"Crescente";"Nublado";"Dupla";"Curva";"Não";2;0;2;0;0;0;2;1;"-22.823273";"-45.192806";"SR-SP";"DEL6/8";"UOP02/SP"
191646;2019-02-16;"7";"10:00:00";"SP";381;68,5;"MAIRIPORA";"Velocidade Incompatível";"Colisão com objeto estático";"Com Vítimas Feridas";"Pleno dia";"Decrescente";"Chuva";"Dupla";"Curva";"Não";1;0;1;0;0;0;1;1;"-23.34684082";"-46.56186299";"SR-SP";"DEL6/3";"UOP02/SP"
191647;2019-02-16;"7";"09:40:00";"CE";222;31,6;"CAUCAIA";"Desobediência às normas de trânsito pelo condutor";"Colisão transversal";"Com Vítimas Feridas";"Pleno dia";"Crescente";"Nublado";"Dupla";"Interseção de vias";"Não";2;0;1;0;1;0;1;2;"-3.702955";"-38.855762";"SR-CE";"DEL16/1";"UOP01/CE"
191648;2019-02-16;"7";"07:20:00";"RN";101;121,9;"SAO JOSE DE MIPIBU";"Condutor Dormindo";"Tombamento";"Com Vítimas Feridas";"Pleno dia";"Crescente";"Céu Claro";"Dupla";"Reta";"Sim";1;0;1;0;0;0;1;1;"-6.043383";"-35.24622";"SR-RN";"DEL15/1";"UOP01/RN"
191650;2019-02-16;"7";"10:00:00";"MG";381;299;"ANTONIO DIAS";"Não guardar distância de segurança";"Colisão traseira";"Com Vítimas Feridas";"Pleno dia";"Crescente";"Céu Claro";"Simples";"Não Informado";"Não";2;0;0;1;1;0;1;2;"-19.61827426";"-42.8476131";"SR-MG";"DEL4/3";"UOP02/MG"
191651;2019-02-16;"7";"08:06:00";"RO";364;523;"ARIQUEMES";"Falta de Atenção à Condução";"Saída de leito carroçável";"Com Vítimas Feridas";"Pleno dia";"Decrescente";"Céu Claro";"Simples";"Reta";"Não";24;0;20;3;0;1;23;1;"-9.852343";"-63.058838";"SR-RO";"DEL21/3";"UOP01/RO"
191652;2019-02-15;"6";"21:50:00";"BA";410;27;"TUCANO";"Condutor Dormindo";"Capotamento";"Com Vítimas Feridas";"Plena Noite";"Crescente";"Céu Claro";"Simples";"Curva";"Não";1;0;1;0;0;0;1;1;"-10.952253";"-38.734093";"SR-BA";"DEL10/7";"UOP02/BA"
191653;2019-02-16;"7";"11:00:00";"SP";101;47,2;"UBATUBA";"Desobediência às normas de trânsito pelo condutor";"Colisão transversal";"Com Vítimas Feridas";"Pleno dia";"Crescente";"Céu Claro";"Simples";"Reta";"Sim";2;0;0;1;1;0;1;2;"-23.43420019";"-45.08723617";"SR-SP";"DEL6";"UOP03/SP"
191654;2019-02-16;"7";"05:30:00";"RJ";465;2;"SEROPEDICA";"Restrição de Visibilidade";"Colisão transversal";"Com Vítimas Feridas";"Amanhecer";"Decrescente";"Chuva";"Simples";"Reta";"Sim";2;0;0;1;1;0;1;2;"-22.727266";"-43.718712";"SR-RJ";"DEL5/1";"UOP03/RJ"
191655;2019-02-16;"7";"11:30:00";"ES";262;43,9;"MARECHAL FLORIANO";"Falta de Atenção à Condução";"Colisão lateral";"Com Vítimas Feridas";"Pleno dia";"Decrescente";"Céu Claro";"Simples";"Reta";"Não";3;0;0;3;0;0;3;2;"-20.3845";"-40.6635";"SR-ES";"DEL12/1";"UOP01/ES"