"id";"data_inversa";"dia_semana";"horario";"uf";"br";"km";"municipio";"causa_acidente";"tipo_acidente";"classificacao_acidente";"fase_dia";"sentido_via";"condicao_metereologica";"tipo_pista";"tracado_via";"uso_solo";"pessoas";"mortos";"feridos_leves";"feridos_graves";"ilesos";"ignorados";"feridos";"veiculos";"latitude";"longitude";"regional";"delegacia";"uop"
191837;2019-02-16;"7";"23:20:00";"DF";40;0,3;"BRASILIA";"Velocidade Incompatível";"Capotamento";"Com Vítimas Feridas";"Plena Noite";"Crescente";"Garoa/Chuvisco";"Dupla";"Interseção de vias";"Não";4;0;2;0;2;0;2;1;"-15.976897";"-47.990129";"SR-DF";"DF";"UOP01/DF"
191838;2019-02-16;"7";"23:40:00";"MG";50;155;"UBERABA";"Pista Escorregadia";"Saída de leito carroçável";"Com Vítimas Feridas";"Plena Noite";"Crescente";"Chuva";"Dupla";"Curva";"Não";5;0;1;0;4;0;1;1;"-19.6157";"-48.0192";"SR-MG";"DEL13";"UOP01/MG"
191839;2019-02-16;"7";"22:30:00";"PR";376;179;"MARINGA";"Ingestão de Álcool";"Colisão traseira";"Com Vítimas Feridas";"Plena Noite";"Crescente";"Céu Claro";"Dupla";"Reta";"Sim";2;0;1;0;1;0;1;2;"-23.427254";"-51.895123";"SR-PR";"DEL7/7";"UOP04/PR"
191840;2019-02-17;"1";"00:00:00";"RJ";493;6;"ITABORAI";"Ingestão de Álcool";"Capotamento";"Sem Vítimas";"Plena Noite";"Decrescente";"Céu Claro";"Simples";"Não Informado";"Sim";1;0;0;0;1;0;0;1;"-22.731174";"-42.951427";"SR-RJ";"DEL5/4";"UOP02/RJ"
191841;2019-02-17;"1";"00:10:00";"SC";101;193;"BIGUACU";"Avarias e/ou desgaste excessivo no pneu";"Colisão com objeto estático";"Com Vítimas Feridas";"Plena Noite";"Crescente";"Nublado";"Múltipla";"Reta";"Não";1;0;1;0;0;0;1;1;"-27.4982";"-48.6565";"SR-SC";"DEL8/1";"UOP01/SC"
191842;2019-02-16;"7";"23:10:00";"RO";364;238;"CACOAL";"Falta de Atenção à Condução";"Colisão traseira";"Com Vítimas Feridas";"Plena Noite";"Decrescente";"Nublado";"Simples";"Desvio Temporário";"Sim";3;0;1;1;1;0;2;2;"-11.4388796";"-61.45507336";"SR-RO";"DEL21/2";"UOP02/RO"
191843;2019-02-16;"7";"23:20:00";"SC";101;119,6;"ITAJAI";"Falta de Atenção à Condução";"Tombamento";"Com Vítimas Feridas";"Plena Noite";"Decrescente";"Nublado";"Dupla";"Interseção de vias";"Sim";1;0;1;0;0;0;1;1;"-26.9128";"-48.7118";"SR-SC";"DEL8/4";"UOP04/SC"
191845;2019-02-17;"1";"00:50:00";"CE";20;424;"FORTALEZA";"Condutor Dormindo";"Saída de leito carroçável";"Com Vítimas Feridas";"Plena Noite";"Decrescente";"Céu Claro";"Dupla";"Reta";"Sim";1;0;0;1;0;0;1;1;"-3.76999";"-38.670063";"SR-CE";"DEL16/1";"UOP02/CE"
191846;2019-02-17;"1";"00:30:00";"MG";40;552;"NOVA LIMA";"Não guardar distância de segurança";"Colisão traseira";"Sem Vítimas";"Plena Noite";"Crescente";"Chuva";"Dupla";"Não Informado";"Sim";2;0;0;0;1;1;0;2;"-20.07";"-43.9828";"SR-MG";"DEL4/1";"UOP02/MG"
191847;2019-02-17;"1";"01:40:00";"ES";101;394,6;"RIO NOVO DO SUL";"Avarias e/ou desgaste excessivo no pneu";"Saída de leito carroçável";"Com Vítimas Fatais";"Plena Noite";"Decrescente";"Chuva";"Simples";"Reta";"Sim";1;1;0;0;0;0;0;1;"-20.86549971";"-40.92880368";"SR-ES";"DEL12/3";"UOP02/ES"
191848;2019-02-16;"7";"22:00:00";"GO";40;1,7;"VALPARAISO DE GOIAS";"Falta de Atenção à Condução";"Engavetamento";"Sem Vítimas";"Plena Noite";"Crescente";"Chuva";"Dupla";"Reta";"Sim";10;0;0;0;10;0;0;3;"-16.058245";"-47.982825";"SR-DF";"GO";"UOP01/DF"
191849;2019-02-16;"7";"21:00:00";"BA";116;567;"BREJOES";"Falta de Atenção à Condução";"Saída de leito carroçável";"Com Vítimas Feridas";"Plena Noite";"Decrescente";"Céu Claro";"Simples";"Reta";"Não";1;0;1;0;0;0;1;1;"-13.018856";"-39.959461";"SR-BA";"DEL10/3";"UOP02/BA"
191850;2019-02-16;"7";"23:50:00";"BA";116;460;"SANTO ESTEVAO";"Restrição de Visibilidade";"Saída de leito carroçável";"Com Vítimas Feridas";"Plena Noite";"Crescente";"Céu Claro";"Simples";"Reta";"Sim";2;0;2;0;0;0;2;1;"-12.44420835";"-39.23782723";"SR-BA";"DEL10/2";"UOP01/BA"
191852;2019-02-17;"1";"01:10:00";"RS";290;97;"PORTO ALEGRE";"Defeito Mecânico no Veículo";"Incêndio";"Sem Vítimas";"Plena Noite";"Decrescente";"Nublado";"Dupla";"Reta";"Não";1;0;0;0;0;1;0;1;"-29.997789";"-51.20779";"SR-RS";"DEL9/1";"UOP01/RS"
191853;2019-02-16;"7";"21:30:00";"PB";361;110,8;"ITAPORANGA";"Ingestão de Álcool";"Colisão traseira";"Com Vítimas Feridas";"Plena Noite";"Decrescente";"Céu Claro";"Simples";"Reta";"Não";2;0;1;0;1;0;1;2;"-7.30079094";"-38.13036919";"SR-PB";"DEL14/3";"UOP01/PB"
191854;2019-02-17;"1";"00:30:00";"MS";262;366,4;"CAMPO GRANDE";"Falta de Atenção à Condução";"Colisão transversal";"Com Vítimas Feridas";"Plena Noite";"Crescente";"Céu Claro";"Simples";"Curva";"Sim";2;0;1;0;0;1;1;2;"-20.48099428";"-54.74960983";"SR-MS";"DEL3/1";"UOP03/MS"
191855;2019-02-16;"7";"21:30:00";"PR";277;725,7;"FOZ DO IGUACU";"Pista Escorregadia";"Tombamento";"Com Vítimas Feridas";"Plena Noite";"Decrescente";"Nublado";"Simples";"Túnel";"Sim";2;0;2;0;0;0;2;1;"-25.51085706";"-54.55250859";"SR-PR";"DEL7/5";"UOP03/PR"
191857;2019-02-17;"1";"00:30:00";"SC";470;246,2;"CURITIBANOS";"Desobediência às normas de trânsito pelo condutor";"Colisão traseira";"Com Vítimas Feridas";"Plena Noite";"Crescente";"Garoa/Chuvisco";"Simples";"Reta";"Sim";5;0;3;0;2;0;3;2;"-27.315086";"-50.532715";"SR-SC";"DEL8/5";"UOP03/SC"
191858;2019-02-17;"1";"01:50:00";"SC";101;224,7;"PALHOCA";"Pista Escorregadia";"Colisão com objeto estático";"Com Vítimas Fatais";"Plena Noite";"Crescente";"Garoa/Chuvisco";"Dupla";"Reta";"Não";2;1;0;0;1;0;0;2;"-27.7336";"-48.6407";"SR-SC";"DEL8/1";"UOP02/SC"
191859;2019-02-17;"1";"00:45:00";"RS";116;638,9;"JAGUARAO";"Animais na Pista";"Atropelamento de Animal";"Com Vítimas Feridas";"Plena Noite";"Decrescente";"Céu Claro";"Simples";"Reta";"Não";2;0;2;0;0;0;2;1;"-32.41792758";"-53.23688149";"SR-RS";"DEL9/7";"UOP03/RS"
191860;2019-02-16;"7";"10:20:00";"PR";116;42;"CAMPINA GRANDE DO SUL";"Velocidade Incompatível";"Saída de leito carroçável";"Com Vítimas Feridas";"Pleno dia";"Crescente";"Nublado";"Dupla";"Curva";"Não";3;0;1;0;2;0;1;1;"-25.17733033";"-48.87873173";"SR-PR";"DEL7/1";"UOP02/PR"
191861;2019-02-17;"1";"03:10:00";"RS";101;47,2;"TERRA DE AREIA";"Falta de Atenção à Condução";"Colisão transversal";"Sem Vítimas";"Plena Noite";"Decrescente";"Nublado";"Simples";"Reta";"Sim";2;0;0;0;2;0;0;2;"-29.584307";"-50.068924";"SR-RS";"DEL9/3";"UOP03/RS"
191862;2019-02-16;"7";"19:40:00";"RJ";101;88;"CAMPOS DOS GOYTACAZES";"Falta de Atenção à Condução";"Colisão com objeto estático";"Com Vítimas Feridas";"Plena Noite";"Decrescente";"Nublado";"Simples";"Reta";"Não";1;0;0;1;0;0;1;1;"-21.833569";"-41.501934";"SR-RJ";"DEL5/8";"UOP02/RJ"
191863;2019-02-17;"1";"03:15:00";"RS";116;308,4;"GUAIBA";"Animais na Pista";"Atropelamento de Animal";"Com Vítimas Feridas";"Plena Noite";"Crescente";"Céu Claro";"Simples";"Reta";"Não";1;0;1;0;0;0;1;1;"-30.182913";"-51.395557";"SR-RS";"DEL9/2";"UOP01/RS"
191864;2019-02-17;"1";"02:43:00";"PR";376;179;"MARINGA";"Falta de Atenção à Condução";"Colisão lateral";"Com Vítimas Feridas";"Plena Noite";"Decrescente";"Céu Claro";"Múltipla";"Reta";"Sim";3;0;2;0;1;0;2;2;"-23.427254";"-51.895123";"SR-PR";"DEL7/7";"UOP04/PR"
191865;2019-02-17;"1";"03:15:00";"RS";290;103;"PORTO ALEGRE";"Ingestão de Álcool";"Capotamento";"Com Vítimas Feridas";"Plena Noite";"Decrescente";"Céu Claro";"Dupla";"Reta";"Sim";9;0;4;4;1;0;8;5;"-29.99017";"-51.265766";"SR-RS";"DEL9/1";"UOP01/RS"
191866;2019-02-17;"1";"01:35:00";"PE";101;140,8;"RIBEIRAO";"Falta de Atenção à Condução";"Saída de leito carroçável";"Com Vítimas Feridas";"Plena Noite";"Decrescente";"Nublado";"Dupla";"Curva";"Não";1;0;1;0;0;0;1;1;"-8.4394";"-35.3342";"SR-PE";"DEL11/1";"UOP03/PE"
191867;2019-02-16;"7";"23:15:00";"MA";222;673;"ACAILANDIA";"Desobediência às normas de trânsito pelo condutor";"Colisão lateral";"Com Vítimas Feridas";"Plena Noite";"Decrescente";"Garoa/Chuvisco";"Simples";"Não Informado";"Sim";2;0;1;0;1;0;1;2;"-4.91921063";"-47.4212494";"SR-MA";"DEL18/4";"UOP03/MA"
191868;2019-02-17;"1";"03:30:00";"MT";364;173,6;"PEDRA PRETA";"Falta de Atenção à Condução";"Capotamento";"Sem Vítimas";"Plena Noite";"Crescente";"Céu Claro";"Simples";"Não Informado";"Não";1;0;0;0;0;1;0;1;"-16.63159678";"-54.44027066";"SR-MT";"DEL2/2";"UOP01/MT"
191869;2019-02-17;"1";"04:00:00";"SC";282;2,6;"FLORIANOPOLIS";"Ingestão de Álcool";"Saída de leito carroçável";"Com Vítimas Feridas";"Plena Noite";"Decrescente";"Chuva";"Dupla";"Reta";"Não";2;0;1;0;1;0;1;1;"-27.603289";"-48.590416";"SR-SC";"DEL8/1";"UOP01/SC"
191870;2019-02-17;"1";"03:30:00";"MS";163;63;"ELDORADO";"Ingestão de Álcool";"Saída de leito carroçável";"Com Vítimas Feridas";"Plena Noite";"Decrescente";"Nublado";"Simples";"Reta";"Não";1;0;1;0;0;0;1;1;"-23.599466";"-54.219357";"SR-MS";"DEL3/09";"UOP02/MS"
191871;2019-02-17;"1";"01:00:00";"RS";293;124;"PINHEIRO MACHADO";"Ingestão de Álcool";"Colisão transversal";"Sem Vítimas";"Plena Noite";"Crescente";"Céu Claro";"Simples";"Reta";"Não";2;0;0;0;2;0;0;2;"-31.520416";"-53.535934";"SR-RS";"DEL9/11";"UOP03/RS"
191872;2019-02-17;"1";"04:00:00";"BA";410;5;"RIBEIRA DO POMBAL";"Falta de Atenção à Condução";"Saída de leito carroçável";"Com Vítimas Feridas";"Amanhecer";"Decrescente";"Céu Claro";"Simples";"Desvio Temporário";"Não";3;0;1;0;2;0;1;2;"-10.839252";"-38.56847";"SR-BA";"DEL10/7";"UOP02/BA"
191874;2019-02-17;"1";"04:50:00";"SP";381;61;"MAIRIPORA";"Ingestão de Álcool";"Colisão com objeto estático";"Com Vítimas Feridas";"Plena Noite";"Crescente";"Garoa/Chuvisco";"Dupla";"Não Informado";"Não";2;0;1;0;1;0;1;1;"-23.28896077";"-46.58215737";"SR-SP";"DEL6/3";"UOP02/SP"
191875;2019-02-17;"1";"05:35:00";"PR";376;498,1;"PONTA GROSSA";"Falta de Atenção do Pedestre";"Atropelamento de Pedestre";"Com Vítimas Feridas";"Amanhecer";"Decrescente";"Nublado";"Dupla";"Reta";"Sim";2;0;0;1;1;0;1;2;"-25.15155956";"-50.14143024";"SR-PR";"DEL7/3";"UOP03/PR"
191876;2019-02-17;"1";"02:00:00";"GO";153;37,5;"PORANGATU";"Defeito Mecânico no Veículo";"Incêndio";"Sem Vítimas";"Plena Noite";"Decrescente";"Chuva";"Simples";"Reta";"Não";1;0;0;0;1;0;0;1;"-13.144278";"-49.186893";"SR-GO";"DEL1/7";"UOP01/GO"
191877;2019-02-17;"1";"03:50:00";"PB";230;16,2;"JOAO PESSOA";"Ingestão de Álcool";"Saída de leito carroçável";"Sem Vítimas";"Amanhecer";"Crescente";"Céu Claro";"Dupla";"Reta";"Sim";1;0;0;0;1;0;0;1;"-7.1039";"-34.8458";"SR-PB";"DEL14/1";"UOP00/PB"
191878;2019-02-17;"1";"05:25:00";"PB";230;21;"JOAO PESSOA";"Ingestão de álcool e/ou substâncias psicoativas pelo pedestre";"Queda de ocupante de veículo";"Com Vítimas Feridas";"Amanhecer";"Crescente";"Céu Claro";"Dupla";"Reta";"Não";1;0;1;0;0;0;1;1;"-7.1495";"-34.8517";"SR-PB";"DEL14/1";"UOP00/PB"
191880;2019-02-17;"1";"04:50:00";"RS";101;7,5;"TORRES";"Falta de Atenção à Condução";"Saída de leito carroçável";"Sem Vítimas";"Plena Noite";"Crescente";"Céu Claro";"Dupla";"Reta";"Não";1;0;0;0;0;1;0;1;"-29.354038";"-49.800503";"SR-RS";"DEL9/3";"UOP03/RS"
191881;2019-02-17;"1";"06:20:00";"PR";376;491,1;"PONTA GROSSA";"Falta de Atenção do Pedestre";"Atropelamento de Pedestre";"Com Vítimas Fatais";"Amanhecer";"Crescente";"Nublado";"Dupla";"Reta";"Não";2;1;0;1;0;0;1;1;"-25.10987668";"-50.18997881";"SR-PR";"DEL7/3";"UOP03/PR"
191882;2019-02-17;"1";"05:20:00";"SC";101;330;"TUBARAO";"Pista Escorregadia";"Colisão com objeto estático";"Sem Vítimas";"Amanhecer";"Crescente";"Chuva";"Dupla";"Reta";"Sim";3;0;0;0;3;0;0;1;"-28.4561";"-48.9819";"SR-SC";"DEL8/2";"UOP01/SC"
191883;2019-02-17;"1";"06:00:00";"MG";40;824,9;"SIMAO PEREIRA";"Velocidade Incompatível";"Colisão com objeto estático";"Com Vítimas Feridas";"Amanhecer";"Crescente";"Garoa/Chuvisco";"Dupla";"Curva";"Não";4;0;4;0;0;0;4;1;"-21.99454565";"-43.28681946";"SR-MG";"DEL5";"UOP01/MG"
191884;2019-02-17;"1";"04:50:00";"SP";116;223,5;"GUARULHOS";"Ingestão de Álcool";"Saída de leito carroçável";"Com Vítimas Feridas";"Amanhecer";"Crescente";"Chuva";"Múltipla";"Reta";"Sim";3;0;3;0;0;0;3;1;"-23.47871958";"-46.52992022";"SR-SP";"DEL6/1";"UOP01/SP"
191885;2019-02-17;"1";"05:50:00";"MG";381;487,2;"BETIM";"Velocidade Incompatível";"Colisão lateral";"Com Vítimas Feridas";"Amanhecer";"Crescente";"Nublado";"Dupla";"Curva";"Sim";3;0;2;0;1;0;2;2;"-19.9572";"-44.1243";"SR-MG";"DEL4/1";"UOP03/MG"
191886;2019-02-17;"1";"06:45:00";"PE";101;37,5;"IGARASSU";"Desobediência às normas de trânsito pelo condutor";"Colisão transversal";"Com Vítimas Feridas";"Pleno dia";"Decrescente";"Céu Claro";"Dupla";"Não Informado";"Não";3;0;2;0;1;0;2;3;"-7.8061";"-34.925";"SR-PE";"DEL11/1";"UOP02/PE"
191888;2019-02-17;"1";"06:00:00";"PR";376;429,3;"TIBAGI";"Velocidade Incompatível";"Saída de leito carroçável";"Com Vítimas Feridas";"Amanhecer";"Decrescente";"Garoa/Chuvisco";"Simples";"Não Informado";"Não";1;0;1;0;0;0;1;1;"-24.73166";"-50.53719";"SR-PR";"DEL7/3";"UOP05/PR"
191889;2019-02-17;"1";"04:30:00";"BA";324;622;"SALVADOR";"Falta de Atenção do Pedestre";"Atropelamento de Pedestre";"Com Vítimas Feridas";"Amanhecer";"Decrescente";"Céu Claro";"Dupla";"Curva";"Sim";2;0;0;1;1;0;1;1;"-12.928613";"-38.468712";"SR-BA";"DEL10/1";"UOP01/BA"
191890;2019-02-17;"1";"04:40:00";"PR";469;16;"FOZ DO IGUACU";"Falta de Atenção à Condução";"Colisão traseira";"Com Vítimas Feridas";"Plena Noite";"Decrescente";"Ignorado";"Simples";"Reta";"Não";3;0;1;1;1;0;2;3;"-25.5844";"-54.5245";"SR-PR";"DEL7/5";"UOP04/PR"
191891;2019-02-17;"1";"04:00:00";"SC";470;283;"BRUNOPOLIS";"Velocidade Incompatível";"Saída de leito carroçável";"Sem Vítimas";"Plena Noite";"Decrescente";"Céu Claro";"Simples";"Curva";"Não";1;0;0;0;0;1;0;1;"-27.333603";"-50.892273";"SR-SC";"DEL7";"UOP08/SC"
191892;2019-02-17;"1";"05:40:00";"RJ";393;257;"BARRA DO PIRAI";"Condutor Dormindo";"Atropelamento de Pedestre";"Com Vítimas Feridas";"Amanhecer";"Decrescente";"Céu Claro";"Simples";"Reta";"Não";2;0;1;0;1;0;1;1;"-22.453514";"-43.833321";"SR-RJ";"DEL5/5";"UOP02/RJ"
191893;2019-02-17;"1";"06:00:00";"MS";163;486;"CAMPO GRANDE";"Ultrapassagem Indevida";"Tombamento";"Com Vítimas Feridas";"Pleno dia";"Decrescente";"Céu Claro";"Simples";"Não Informado";"Sim";1;0;1;0;0;0;1;1;"-20.432999";"-54.543961";"SR-MS";"DEL3/1";"UOP02/MS"
191894;2019-02-17;"1";"03:20:00";"AC";364;277;"SENA MADUREIRA";"Ingestão de Substâncias Psicoativas";"Colisão frontal";"Com Vítimas Feridas";"Plena Noite";"Crescente";"Céu Claro";"Simples";"Reta";"Não";3;0;1;0;1;1;1;2;"-9.073991";"-68.703995";"SR-AC";"UOP01/AC";""
191896;2019-02-17;"1";"05:00:00";"RS";470;238;"CARLOS BARBOSA";"Falta de Atenção à Condução";"Saída de leito carroçável";"Sem Vítimas";"Plena Noite";"Decrescente";"Nublado";"Simples";"Não Informado";"Não";1;0;0;0;0;1;0;1;"-29.33343462";"-51.50060535";"SR-RS";"DEL9/6";"UOP01/RS"
191897;2019-02-17;"1";"05:40:00";"MT";364;367;"SANTO ANTONIO DO LEVERGER";"Desobediência às normas de trânsito pelo condutor";"Colisão traseira";"Com Vítimas Feridas";"Amanhecer";"Crescente";"Céu Claro";"Dupla";"Reta";"Não";4;0;1;0;2;1;1;2;"-15.742094";"-55.662846";"SR-MT";"DEL2/1";"UOP01/MT"
191898;2019-02-05;"3";"15:30:00";"PI";316;178,2;"VALENCA DO PIAUI";"Fenômenos da Natureza";"Saída de leito carroçável";"Com Vítimas Feridas";"Pleno dia";"Decrescente";"Chuva";"Simples";"Curva";"Não";1;0;0;1;0;0;1;1;"-6.31256862";"-41.85585022";"SR-PI";"DEL17/4";"UOP02/PI"
191899;2019-02-17;"1";"05:45:00";"GO";40;57,2;"LUZIANIA";"Falta de Atenção à Condução";"Saída de leito carroçável";"Com Vítimas Feridas";"Plena Noite";"Crescente";"Nublado";"Dupla";"Reta";"Não";1;0;1;0;0;0;1;1;"-16.49525165";"-47.81280225";"SR-DF";"GO";"UOP02/DF"
191900;2019-02-17;"1";"07:20:00";"MG";381;723;"CARMO DA CACHOEIRA";"Velocidade Incompatível";"Tombamento";"Sem Vítimas";"Pleno dia";"Decrescente";"Garoa/Chuvisco";"Dupla";"Curva";"Não";3;0;0;0;3;0;0;3;"-21.4571";"-45.2109";"SR-MG";"DEL4/4";"UOP02/MG"
191901;2019-02-17;"1";"07:10:00";"RS";470;263,8;"SAO JOSE DO SUL";"Ingestão de Álcool";"Colisão com objeto estático";"Com Vítimas Feridas";"Pleno dia";"Crescente";"Céu Claro";"Simples";"Curva";"Não";1;0;1;0;0;0;1;1;"-29.46354464";"-51.48899615";"SR-RS";"DEL9/4";"UOP02/RS"
191902;2019-02-16;"7";"23:00:00";"PR";369;51;"BANDEIRANTES";"Condutor Dormindo";"Saída de leito carroçável";"Com Vítimas Feridas";"Plena Noite";"Crescente";"Céu Claro";"Simples";"Curva";"Não";1;0;1;0;0;0;1;1;"-23.12056311";"-50.32670081";"SR-PR";"DEL7/7";"UOP06/PR"
191903;2019-02-17;"1";"06:00:00";"RJ";393;241;"VASSOURAS";"Desobediência às normas de trânsito pelo pedestre";"Colisão frontal";"Com Vítimas Feridas";"Pleno dia";"Crescente";"Céu Claro";"Simples";"Reta";"Não";4;0;1;1;1;1;2;2;"-22.425568";"-43.691799";"SR-RJ";"DEL5/5";"UOP01/RJ"
191905;2019-02-17;"1";"06:20:00";"MG";365;371,5;"PATOS DE MINAS";"Velocidade Incompatível";"Saída de leito carroçável";"Sem Vítimas";"Pleno dia";"Decrescente";"Chuva";"Simples";"Curva";"Não";1;0;0;0;1;0;0;1;"-18.546";"-46.208";"SR-MG";"DEL4/10";"UOP01/MG"
191906;2019-02-17;"1";"05:50:00";"GO";364;304;"MINEIROS";"Condutor Dormindo";"Colisão frontal";"Com Vítimas Fatais";"Amanhecer";"Crescente";"Nublado";"Simples";"Reta";"Não";3;1;0;0;1;1;0;3;"-17.524496";"-52.530273";"SR-GO";"DEL1/5";"UOP01/GO"
191907;2019-02-17;"1";"08:10:00";"SC";101;201,5;"SAO JOSE";"Pista Escorregadia";"Tombamento";"Com Vítimas Feridas";"Pleno dia";"Decrescente";"Chuva";"Simples";"Reta";"Sim";1;0;1;0;0;0;1;1;"-27.5572";"-48.6188";"SR-SC";"DEL8/1";"UOP01/SC"
191908;2019-02-17;"1";"08:00:00";"ES";101;81;"SAO MATEUS";"Defeito Mecânico no Veículo";"Tombamento";"Com Vítimas Feridas";"Pleno dia";"Decrescente";"Garoa/Chuvisco";"Simples";"Reta";"Não";1;0;1;0;0;0;1;1;"-18.720545";"-39.865883";"SR-ES";"DEL12/4";"UOP02/ES"
191909;2019-02-17;"1";"08:45:00";"SP";116;47,3;"CANAS";"Objeto estático sobre o leito carroçável";"Colisão com objeto em movimento";"Com Vítimas Feridas";"Pleno dia";"Decrescente";"Nublado";"Dupla";"Reta";"Não";1;0;1;0;0;0;1;1;"-22.71949";"-45.061127";"SR-SP";"DEL6/8";"UOP01/SP"
191911;2019-02-17;"1";"08:30:00";"MG";381;744;"TRES CORACOES";"Velocidade Incompatível";"Saída de leito carroçável";"Com Vítimas Feridas";"Pleno dia";"Decrescente";"Chuva";"Dupla";"Curva";"Não";2;0;1;0;1;0;1;1;"-21.6186";"-45.2531";"SR-MG";"DEL09";"UOP02/MG"
191912;2019-02-17;"1";"03:50:00";"RS";470;232,8;"CARLOS BARBOSA";"Ingestão de Álcool";"Saída de leito carroçável";"Com Vítimas Fatais";"Amanhecer";"Decrescente";"Nublado";"Simples";"Não Informado";"Não";4;1;0;0;0;3;0;1;"-29.29890491";"-51.48061579";"SR-RS";"DEL9/6";"UOP01/RS"
191913;2019-02-17;"1";"08:10:00";"RS";386;182,2;"CARAZINHO";"Falta de Atenção à Condução";"Saída de leito carroçável";"Com Vítimas Feridas";"Pleno dia";"Crescente";"Céu Claro";"Simples";"Reta";"Não";3;0;3;0;0;0;3;1;"-28.315172";"-52.733284";"SR-RS";"DEL08";"UOP01/RS"
191914;2019-02-17;"1";"08:10:00";"PR";116;17;"CAMPINA GRANDE DO SUL";"Falta de Atenção à Condução";"Saída de leito carroçável";"Com Vítimas Feridas";"Plena Noite";"Crescente";"Garoa/Chuvisco";"Dupla";"Curva";"Não";1;0;1;0;0;0;1;1;"-25.103088";"-48.701103";"SR-PR";"DEL7/1";"UOP02/PR"
191915;2019-02-17;"1";"05:10:00";"PB";230;473,9;"SOUSA";"Falta de Atenção à Condução";"Colisão traseira";"Com Vítimas Feridas";"Amanhecer";"Decrescente";"Céu Claro";"Simples";"Reta";"Não";3;0;0;2;0;1;2;2;"-6.805";"-38.3055";"SR-PB";"DEL14/3";"UOP03/PB"
191916;2019-02-13;"4";"23:41:00";"CE";222;151,8;"IRAUCUBA";"Velocidade Incompatível";"Saída de leito carroçável";"Com Vítimas Feridas";"Plena Noite";"Decrescente";"Céu Claro";"Simples";"Curva";"Não";1;0;1;0;0;0;1;1;"-3.73888";"-39.806164";"SR-CE";"DEL16/4";"UOP03/CE"
191918;2019-02-17;"1";"08:30:00";"RJ";101;238;"SILVA JARDIM";"Condutor Dormindo";"Colisão com objeto estático";"Com Vítimas Fatais";"Pleno dia";"Decrescente";"Céu Claro";"Dupla";"Reta";"Sim";5;2;0;3;0;0;3;1;"-22.62105736";"-42.41995633";"SR-RJ";"DEL5/2";"UOP03/RJ"
191919;2019-02-17;"1";"10:25:00";"SC";101;186;"BIGUACU";"Pista Escorregadia";"Colisão com objeto estático";"Com Vítimas Feridas";"Pleno dia";"Decrescente";"Chuva";"Dupla";"Curva";"Sim";4;0;2;0;2;0;2;1;"-27.4432";"-48.6284";"SR-SC";"DEL8/1";"UOP01/SC"
191921;2019-02-17;"1";"09:45:00";"ES";262;65;"MARECHAL FLORIANO";"Falta de Atenção à Condução";"Queda de ocupante de veículo";"Com Vítimas Feridas";"Pleno dia";"Crescente";"Céu Claro";"Simples";"Curva";"Não";2;0;1;0;1;0;1;1;"-20.4162";"-40.8218";"SR-ES";"DEL12/1";"UOP02/ES"
191923;2019-02-17;"1";"10:15:00";"MG";40;530;"CONTAGEM";"Não guardar distância de segurança";"Colisão lateral";"Com Vítimas Feridas";"Pleno dia";"Crescente";"Nublado";"Dupla";"Não Informado";"Sim";2;0;0;1;1;0;1;2;"-19.9214";"-44.023";"SR-MG";"DEL4/1";"UOP03/MG"
191924;2019-02-01;"6";"20:20:00";"SC";282;3,2;"FLORIANOPOLIS";"Fenômenos da Natureza";"Tombamento";"Com Vítimas Feridas";"Plena Noite";"Crescente";"Vento";"Múltipla";"Reta";"Sim";1;0;1;0;0;0;1;1;"-27.600384";"-48.599705";"SR-SC";"DEL8/1";"UOP01/SC"
191925;2019-02-17;"1";"10:50:00";"DF";60;29;"BRASILIA";"Defeito Mecânico no Veículo";"Colisão com objeto estático";"Com Vítimas Feridas";"Pleno dia";"Crescente";"Chuva";"Dupla";"Não Informado";"Não";2;0;2;0;0;0;2;1;"-16.029184";"-48.25354";"SR-DF";"DF";"UOP03/DF"
191926;2019-02-14;"5";"06:15:00";"RJ";40;43;"AREAL";"Carga excessiva e/ou mal acondicionada";"Derramamento de carga";"Sem Vítimas";"Pleno dia";"Decrescente";"Nublado";"Dupla";"Curva";"Não";1;0;0;0;1;0;0;1;"-22.273";"-43.1105";"SR-RJ";"DEL5/6";"UOP01/RJ"
191927;2019-02-17;"1";"11:15:00";"SC";282;204;"LAGES";"Falta de Atenção à Condução";"Colisão traseira";"Sem Vítimas";"Pleno dia";"Crescente";"Chuva";"Simples";"Não Informado";"Não";3;0;0;0;3;0;0;3;"-27.768663";"-50.172195";"SR-SC";"DEL8/5";"UOP01/SC"
191928;2019-02-17;"1";"07:45:00";"SP";381;75;"SAO PAULO";"Velocidade Incompatível";"Capotamento";"Com Vítimas Feridas";"Pleno dia";"Decrescente";"Nublado";"Dupla";"Curva";"Não";3;0;2;0;1;0;2;1;"-23.38732511";"-46.56658173";"SR-SP";"DEL6/3";"UOP02/SP"
191929;2019-02-14;"5";"00:30:00";"MG";40;280,5;"TRES MARIAS";"Defeito na Via";"Tombamento";"Sem Vítimas";"Plena Noite";"Crescente";"Chuva";"Simples";"Reta";"Não";1;0;0;0;1;0;0;1;"-18.23509";"-45.213764";"SR-MG";"DEL4/14";"UOP02/MG"
191931;2019-02-17;"1";"11:40:00";"AL";101;58,6;"FLEXEIRAS";"Falta de Atenção à Condução";"Colisão com objeto estático";"Com Vítimas Feridas";"Pleno dia";"Crescente";"Chuva";"Dupla";"Curva";"Não";2;0;1;0;1;0;1;1;"-9.279366";"-35.798428";"SR-AL";"DEL13/1";"UOP01/AL"