"id";"data_inversa";"dia_semana";"horario";"uf";"br";"km";"municipio";"causa_acidente";"tipo_acidente";"classificacao_acidente";"fase_dia";"sentido_via";"condicao_metereologica";"tipo_pista";"tracado_via";"uso_solo";"pessoas";"mortos";"feridos_leves";"feridos_graves";"ilesos";"ignorados";"feridos";"veiculos";"latitude";"longitude";"regional";"delegacia";"uop"
192022;2019-02-17;"1";"18:50:00";"MA";135;1,5;"SAO LUIS";"Ingestão de Álcool";"Atropelamento de Pedestre";"Com Vítimas Fatais";"Plena Noite";"Decrescente";"Garoa/Chuvisco";"Dupla";"Reta";"Sim";3;1;2;0;0;0;2;1;"-2.59345965";"-44.24492782";"SR-MA";"DEL18/1";"UOP01/MA"
192023;2019-02-17;"1";"18:30:00";"ES";101;145;"LINHARES";"Falta de Atenção à Condução";"Colisão traseira";"Com Vítimas Feridas";"Plena Noite";"Crescente";"Céu Claro";"Dupla";"Reta";"Sim";3;0;0;1;1;1;1;3;"-19.3570961";"-40.06424557";"SR-ES";"DEL12/4";"UOP01/ES"
192024;2019-02-17;"1";"15:00:00";"BA";101;386;"IBIRAPITANGA";"Velocidade Incompatível";"Colisão transversal";"Com Vítimas Feridas";"Pleno dia";"Crescente";"Chuva";"Simples";"Curva";"Não";2;0;1;0;1;0;1;2;"-13.9103";"-39.4816";"SR-BA";"DEL10/5";"UOP03/BA"
192025;2019-02-17;"1";"20:00:00";"BA";407;45;"JUAZEIRO";"Animais na Pista";"Atropelamento de Animal";"Sem Vítimas";"Plena Noite";"Crescente";"Nublado";"Simples";"Reta";"Não";1;0;0;0;1;0;0;1;"-9.772677";"-40.336178";"SR-BA";"DEL10/4";"UOP01/BA"
192026;2019-02-17;"1";"20:33:00";"PR";376;186,9;"MARIALVA";"Ingestão de Álcool";"Colisão com objeto estático";"Com Vítimas Feridas";"Plena Noite";"Crescente";"Céu Claro";"Dupla";"Não Informado";"Não";1;0;1;0;0;0;1;1;"-23.441591";"-51.870674";"SR-PR";"DEL7/7";"UOP04/PR"
192027;2019-02-17;"1";"19:30:00";"MG";381;489;"BETIM";"Não guardar distância de segurança";"Colisão traseira";"Com Vítimas Feridas";"Plena Noite";"Decrescente";"Chuva";"Dupla";"Reta";"Sim";3;0;1;0;2;0;1;2;"-19.9563";"-44.1428";"SR-MG";"DEL4/1";"UOP03/MG"
192028;2019-01-07;"2";"17:10:00";"PB";230;28;"JOAO PESSOA";"Desobediência às normas de trânsito pelo condutor";"Colisão traseira";"Com Vítimas Feridas";"Anoitecer";"Crescente";"Céu Claro";"Dupla";"Curva";"Sim";2;0;1;0;1;0;1;2;"-7.16470363";"-34.89762068";"SR-PB";"DEL14/1";"UOP00/PB"
192029;2019-02-17;"1";"20:15:00";"PR";376;668;"TIJUCAS DO SUL";"Falta de Atenção à Condução";"Tombamento";"Sem Vítimas";"Plena Noite";"Crescente";"Chuva";"Dupla";"Reta";"Não";1;0;0;0;1;0;0;1;"-25.868151";"-48.933743";"SR-PR";"DEL7/1";"UOP08/PR"
192030;2019-02-17;"1";"20:40:00";"MG";40;464,9;"SETE LAGOAS";"Falta de Atenção à Condução";"Colisão traseira";"Com Vítimas Feridas";"Plena Noite";"Decrescente";"Chuva";"Dupla";"Não Informado";"Não";7;0;2;2;3;0;4;2;"-19.43753";"-44.33196";"SR-MG";"DEL4/2";"UOP01/MG"
192031;2019-02-17;"1";"18:55:00";"MT";174;557,6;"COMODORO";"Falta de Atenção à Condução";"Colisão frontal";"Com Vítimas Feridas";"Plena Noite";"Crescente";"Céu Claro";"Simples";"Reta";"Não";3;0;1;0;2;0;1;3;"-13.08217";"-59.893047";"SR-RO";"DEL21/4";"UOP01/RO"
192032;2019-02-17;"1";"19:20:00";"CE";304;45,1;"ARACATI";"Animais na Pista";"Atropelamento de Animal";"Sem Vítimas";"Plena Noite";"Crescente";"Ignorado";"Simples";"Reta";"Não";3;0;0;0;3;0;0;1;"-4.578112";"-37.806664";"SR-CE";"DEL16/3";"UOP03/CE"
192033;2019-02-17;"1";"19:30:00";"SC";101;235;"PALHOCA";"Falta de Atenção à Condução";"Colisão lateral";"Com Vítimas Feridas";"Plena Noite";"Decrescente";"Chuva";"Dupla";"Não Informado";"Não";2;0;1;0;1;0;1;2;"-27.827";"-48.63";"SR-SC";"DEL8/1";"UOP02/SC"
192034;2019-02-17;"1";"20:10:00";"SP";116;511;"CAJATI";"Falta de Atenção à Condução";"Colisão com objeto estático";"Com Vítimas Feridas";"Plena Noite";"Decrescente";"Chuva";"Dupla";"Curva";"Não";4;0;1;0;3;0;1;1;"-24.84744805";"-48.21229935";"SR-SP";"DEL6/5";"UOP02/SP"
192035;2019-02-17;"1";"22:20:00";"ES";101;266;"SERRA";"Ingestão de Álcool";"Colisão transversal";"Sem Vítimas";"Pleno dia";"Decrescente";"Nublado";"Múltipla";"Interseção de vias";"Sim";2;0;0;0;2;0;0;2;"-20.20181103";"-40.26941478";"SR-ES";"DEL12/2";"UOP01/ES"
192036;2019-02-17;"1";"20:35:00";"SC";101;217,5;"PALHOCA";"Ingestão de álcool e/ou substâncias psicoativas pelo pedestre";"Capotamento";"Sem Vítimas";"Plena Noite";"Crescente";"Chuva";"Múltipla";"Reta";"Não";1;0;0;0;1;0;0;1;"-27.6771";"-48.67";"SR-SC";"DEL8/1";"UOP02/SC"
192037;2019-02-17;"1";"17:30:00";"PE";104;12,5;"TAQUARITINGA DO NORTE";"Falta de Atenção à Condução";"Colisão lateral";"Com Vítimas Feridas";"Anoitecer";"Crescente";"Céu Claro";"Simples";"Interseção de vias";"Não";3;0;1;0;2;0;1;2;"-7.888657";"-36.110435";"SR-PE";"DEL11/2";"UOP01/PE"
192038;2019-02-17;"1";"21:47:00";"SC";101;189,5;"BIGUACU";"Falta de Atenção à Condução";"Colisão com objeto estático";"Com Vítimas Feridas";"Plena Noite";"Decrescente";"Chuva";"Múltipla";"Curva";"Sim";2;0;2;0;0;0;2;1;"-27.4683";"-48.6415";"SR-SC";"DEL8/1";"UOP01/SC"
192039;2019-02-17;"1";"20:55:00";"SC";282;389;"JOACABA";"Ingestão de Álcool";"Saída de leito carroçável";"Com Vítimas Feridas";"Plena Noite";"Crescente";"Nublado";"Simples";"Curva";"Não";2;0;2;0;0;0;2;1;"-27.17944695";"-51.53373241";"SR-SC";"DEL7";"UOP07/SC"
192040;2019-02-17;"1";"19:00:00";"RN";101;83,2;"SAO GONCALO DO AMARANTE";"Não guardar distância de segurança";"Colisão traseira";"Sem Vítimas";"Plena Noite";"Crescente";"Céu Claro";"Dupla";"Reta";"Sim";2;0;0;0;2;0;0;2;"-5.771044";"-35.266171";"SR-RN";"DEL15/2";"UOP01/RN"
192041;2019-02-17;"1";"19:00:00";"PI";407;424;"PICOS";"Ingestão de Álcool";"Atropelamento de Pedestre";"Com Vítimas Feridas";"Plena Noite";"Crescente";"Céu Claro";"Simples";"Reta";"Sim";3;0;0;3;0;0;3;1;"-7.086923";"-41.428185";"SR-PI";"DEL17/4";"UOP01/PI"
192042;2019-02-17;"1";"21:10:00";"RJ";116;305;"RESENDE";"Falta de Atenção à Condução";"Colisão lateral";"Sem Vítimas";"Plena Noite";"Decrescente";"Chuva";"Dupla";"Reta";"Sim";2;0;0;0;2;0;0;2;"-22.459236";"-44.434776";"SR-RJ";"DEL5/7";"UOP03/RJ"
192043;2019-02-17;"1";"18:00:00";"RO";364;514;"ARIQUEMES";"Defeito na Via";"Queda de ocupante de veículo";"Com Vítimas Feridas";"Plena Noite";"Crescente";"Céu Claro";"Simples";"Reta";"Não";2;0;2;0;0;0;2;1;"-9.934004";"-63.055233";"SR-RO";"DEL21/3";"UOP01/RO"
192044;2019-02-17;"1";"22:30:00";"PE";101;78;"RECIFE";"Falta de Atenção do Pedestre";"Atropelamento de Pedestre";"Com Vítimas Feridas";"Plena Noite";"Crescente";"Nublado";"Dupla";"Não Informado";"Não";4;0;0;1;3;0;1;1;"-8.1456";"-34.9465";"SR-PE";"DEL11/1";"UOP01/PE"
192045;2019-02-17;"1";"20:30:00";"RJ";40;105;"DUQUE DE CAXIAS";"Pista Escorregadia";"Colisão com objeto estático";"Com Vítimas Feridas";"Plena Noite";"Crescente";"Chuva";"Múltipla";"Curva";"Não";1;0;1;0;0;0;1;1;"-22.6476";"-43.2836";"SR-RJ";"DEL5/1";"UOP01/RJ"
192046;2019-02-17;"1";"22:45:00";"PA";230;116;"MARABA";"Ingestão de Álcool";"Queda de ocupante de veículo";"Com Vítimas Feridas";"Plena Noite";"Crescente";"Céu Claro";"Dupla";"Reta";"Sim";1;0;1;0;0;0;1;1;"-5.359473";"-49.083012";"SR-PA";"DEL19/3";"UOP01/PA"
192047;2019-02-17;"1";"20:30:00";"MT";163;1046;"MATUPA";"Falta de Atenção à Condução";"Colisão frontal";"Com Vítimas Fatais";"Plena Noite";"Crescente";"Chuva";"Simples";"Reta";"Não";3;1;0;0;1;1;0;3;"-10.111531";"-54.930545";"SR-MT";"DEL2/6";"UOP02/MT"
192048;2019-02-17;"1";"22:10:00";"RN";101;96,3;"NATAL";"Falta de Atenção do Pedestre";"Atropelamento de Pedestre";"Com Vítimas Feridas";"Plena Noite";"Crescente";"Céu Claro";"Múltipla";"Reta";"Sim";2;0;0;1;0;1;1;1;"-5.840768";"-35.210358";"SR-RN";"DEL15/1";"UOP01/RN"
192049;2019-02-17;"1";"22:45:00";"RS";285;455;"IJUI";"Desobediência às normas de trânsito pelo condutor";"Saída de leito carroçável";"Com Vítimas Feridas";"Plena Noite";"Decrescente";"Nublado";"Simples";"Não Informado";"Sim";1;0;0;1;0;0;1;1;"-28.380919";"-53.879509";"SR-RS";"DEL9/10";"UOP01/RS"
192050;2019-02-17;"1";"22:30:00";"CE";222;224;"SOBRAL";"Ingestão de Álcool";"Tombamento";"Com Vítimas Feridas";"Plena Noite";"Crescente";"Céu Claro";"Simples";"Reta";"Não";1;0;1;0;0;0;1;1;"-3.71179";"-40.34383";"SR-CE";"DEL16/4";"UOP01/CE"
192052;2019-02-17;"1";"19:00:00";"SC";280;91;"CORUPA";"Pista Escorregadia";"Queda de ocupante de veículo";"Com Vítimas Feridas";"Anoitecer";"Decrescente";"Chuva";"Simples";"Curva";"Não";2;0;2;0;0;0;2;1;"-26.402121";"-49.290306";"SR-SC";"DEL8/6";"UOP03/SC"
192054;2019-02-17;"1";"23:20:00";"SP";116;26,2;"SILVEIRAS";"Pista Escorregadia";"Colisão com objeto estático";"Sem Vítimas";"Plena Noite";"Crescente";"Garoa/Chuvisco";"Dupla";"Curva";"Não";3;0;0;0;3;0;0;1;"-22.614244";"-44.90012";"SR-SP";"DEL6/8";"UOP01/SP"
192056;2019-02-17;"1";"23:00:00";"MS";359;189;"COXIM";"Falta de Atenção à Condução";"Colisão lateral";"Com Vítimas Feridas";"Plena Noite";"Crescente";"Céu Claro";"Simples";"Curva";"Não";2;0;0;1;0;1;1;2;"-18.308664";"-54.243542";"SR-MS";"DEL3/6";"UOP01/MS"
192057;2019-02-17;"1";"23:40:00";"PE";101;49,5;"ABREU E LIMA";"Ingestão de álcool e/ou substâncias psicoativas pelo pedestre";"Colisão lateral";"Com Vítimas Feridas";"Plena Noite";"Decrescente";"Céu Claro";"Múltipla";"Reta";"Sim";3;0;2;0;1;0;2;2;"-7.9068";"-34.9013";"SR-PE";"DEL11/1";"UOP02/PE"
192058;2019-02-17;"1";"22:30:00";"RR";174;508;"BOA VISTA";"Falta de Atenção à Condução";"Colisão lateral";"Com Vítimas Feridas";"Plena Noite";"Crescente";"Céu Claro";"Dupla";"Interseção de vias";"Sim";2;0;1;0;1;0;1;2;"2.830893";"-60.708496";"SR-RR";"UOP01/RR";""
192059;2019-02-17;"1";"22:40:00";"PR";277;200,5;"PALMEIRA";"Falta de Atenção à Condução";"Colisão com objeto estático";"Com Vítimas Feridas";"Plena Noite";"Decrescente";"Céu Claro";"Simples";"Reta";"Não";2;0;1;0;1;0;1;1;"-25.44180925";"-50.17630666";"SR-PR";"DEL7/3";"UOP04/PR"
192060;2019-02-18;"2";"00:10:00";"PI";316;35,6;"DEMERVAL LOBAO";"Velocidade Incompatível";"Saída de leito carroçável";"Com Vítimas Feridas";"Plena Noite";"Decrescente";"Nublado";"Simples";"Curva";"Não";2;0;2;0;0;0;2;1;"-5.34218";"-42.686275";"SR-PI";"DEL17/1";"UOP02/PI"
192061;2019-02-17;"1";"13:50:00";"SP";116;512;"CAJATI";"Defeito Mecânico no Veículo";"Tombamento";"Com Vítimas Feridas";"Pleno dia";"Decrescente";"Céu Claro";"Simples";"Curva";"Não";1;0;0;1;0;0;1;1;"-24.83393421";"-48.2144022";"SR-SP";"DEL6/5";"UOP02/SP"
192062;2019-02-18;"2";"00:00:00";"MT";163;843;"SINOP";"Ingestão de Álcool";"Colisão lateral";"Com Vítimas Fatais";"Plena Noite";"Crescente";"Chuva";"Simples";"Reta";"Sim";2;1;0;1;0;0;1;2;"-11.5240205";"-55.38365453";"SR-MT";"DEL2/6";"UOP02/MT"
192063;2019-02-18;"2";"01:50:00";"PB";101;100;"ALHANDRA";"Ingestão de Álcool";"Saída de leito carroçável";"Sem Vítimas";"Plena Noite";"Crescente";"Céu Claro";"Dupla";"Rotatória";"Não";1;0;0;0;1;0;0;1;"-7.2825";"-34.9393";"SR-PB";"DEL14/1";"UOP01/PB"
192064;2019-02-18;"2";"00:50:00";"SC";470;11,3;"NAVEGANTES";"Defeito na Via";"Saída de leito carroçável";"Sem Vítimas";"Plena Noite";"Crescente";"Chuva";"Simples";"Reta";"Não";1;0;0;0;0;1;0;1;"-26.83441063";"-48.7494278";"SR-SC";"DEL8/4";"UOP04/SC"
192065;2019-02-18;"2";"02:20:00";"PI";316;315;"PICOS";"Desobediência às normas de trânsito pelo condutor";"Colisão frontal";"Com Vítimas Feridas";"Plena Noite";"Crescente";"Céu Claro";"Simples";"Reta";"Sim";2;0;0;1;1;0;1;2;"-7.08017";"-41.42907";"SR-PI";"DEL17/4";"UOP01/PI"
192066;2019-02-18;"2";"02:00:00";"MT";163;768;"SORRISO";"Ingestão de Álcool";"Saída de leito carroçável";"Sem Vítimas";"Plena Noite";"Crescente";"Chuva";"Simples";"Reta";"Não";1;0;0;0;1;0;0;1;"-12.429306";"-55.644477";"SR-MT";"DEL2/6";"UOP01/MT"
192067;2019-02-18;"2";"04:00:00";"SC";470;69;"INDAIAL";"Falta de Atenção à Condução";"Tombamento";"Com Vítimas Feridas";"Plena Noite";"Crescente";"Chuva";"Simples";"Rotatória";"Sim";1;0;1;0;0;0;1;1;"-26.883745";"-49.246704";"SR-SC";"DEL8/4";"UOP01/SC"
192068;2019-02-18;"2";"02:00:00";"SC";470;11,3;"NAVEGANTES";"Defeito na Via";"Saída de leito carroçável";"Com Vítimas Feridas";"Plena Noite";"Crescente";"Chuva";"Simples";"Reta";"Não";1;0;1;0;0;0;1;1;"-26.835169";"-48.757267";"SR-SC";"DEL8/4";"UOP04/SC"
192069;2019-02-18;"2";"04:30:00";"SP";116;200,6;"ARUJA";"Restrição de Visibilidade";"Colisão com objeto estático";"Com Vítimas Feridas";"Amanhecer";"Crescente";"Nublado";"Dupla";"Não Informado";"Não";1;0;0;1;0;0;1;1;"-23.4027526";"-46.3251701";"SR-SP";"DEL6/1";"UOP02/SP"
192070;2019-02-18;"2";"04:35:00";"GO";70;9,3;"AGUAS LINDAS DE GOIAS";"Condutor Dormindo";"Colisão com objeto estático";"Com Vítimas Feridas";"Plena Noite";"Crescente";"Nevoeiro/Neblina";"Dupla";"Reta";"Sim";2;0;1;0;1;0;1;1;"-15.73649699";"-48.28604937";"SR-DF";"GO";"UOP06/DF"
192071;2019-02-18;"2";"04:00:00";"SC";282;504;"XANXERE";"Ingestão de Álcool";"Colisão traseira";"Sem Vítimas";"Plena Noite";"Crescente";"Céu Claro";"Dupla";"Não Informado";"Sim";2;0;0;0;1;1;0;2;"-26.885443";"-52.41375";"SR-SC";"DEL7";"UOP01/SC"
192072;2019-02-17;"1";"16:50:00";"SC";280;25,3;"ARAQUARI";"Desobediência às normas de trânsito pelo condutor";"Colisão traseira";"Com Vítimas Feridas";"Pleno dia";"Crescente";"Chuva";"Simples";"Reta";"Sim";2;0;1;0;1;0;1;2;"-26.383551";"-48.726803";"SR-SC";"DEL8/3";"UOP03/SC"
192073;2019-02-18;"2";"05:57:00";"SC";101;191;"BIGUACU";"Pista Escorregadia";"Saída de leito carroçável";"Com Vítimas Feridas";"Amanhecer";"Decrescente";"Garoa/Chuvisco";"Dupla";"Curva";"Sim";4;0;1;0;3;0;1;1;"-27.4847";"-48.6476";"SR-SC";"DEL8/1";"UOP01/SC"
192074;2019-02-17;"1";"19:30:00";"GO";153;259,7;"SAO LUIZ DO NORTE";"Defeito Mecânico no Veículo";"Incêndio";"Sem Vítimas";"Plena Noite";"Crescente";"Céu Claro";"Simples";"Reta";"Não";1;0;0;0;1;0;0;1;"-14.985942";"-49.401287";"SR-GO";"DEL1/7";"UOP02/GO"
192075;2019-02-18;"2";"06:15:00";"MG";40;740,9;"SANTOS DUMONT";"Desobediência às normas de trânsito pelo condutor";"Tombamento";"Com Vítimas Fatais";"Pleno dia";"Crescente";"Céu Claro";"Simples";"Curva";"Não";1;1;0;0;0;0;0;1;"-21.4301";"-43.5563";"SR-MG";"DEL5";"UOP01/MG"
192076;2019-02-18;"2";"00:15:00";"PA";163;1003;"SANTAREM";"Falta de Atenção à Condução";"Colisão frontal";"Com Vítimas Feridas";"Plena Noite";"Decrescente";"Céu Claro";"Simples";"Reta";"Sim";2;0;1;0;1;0;1;2;"-2.44398576";"-54.73112237";"SR-PA";"DEL19/5";"UOP01/PA"
192077;2019-02-18;"2";"05:10:00";"BA";367;47;"PORTO SEGURO";"Desobediência às normas de trânsito pelo condutor";"Colisão lateral";"Com Vítimas Feridas";"Amanhecer";"Crescente";"Céu Claro";"Simples";"Curva";"Não";5;0;5;0;0;0;5;2;"-16.372652";"-39.27166";"SR-BA";"DEL10/9";"UOP01/BA"
192078;2019-02-18;"2";"06:30:00";"PE";232;18;"MORENO";"Falta de Atenção à Condução";"Capotamento";"Com Vítimas Feridas";"Pleno dia";"Crescente";"Céu Claro";"Simples";"Reta";"Não";1;0;1;0;0;0;1;1;"-8.096965";"-35.054508";"SR-PE";"DEL11/1";"UOP01/PE"
192079;2019-02-18;"2";"05:15:00";"MG";381;533;"ITATIAIUCU";"Pista Escorregadia";"Capotamento";"Com Vítimas Feridas";"Amanhecer";"Decrescente";"Garoa/Chuvisco";"Dupla";"Curva";"Não";1;0;1;0;0;0;1;1;"-20.1781";"-44.3771";"SR-MG";"DEL4/4";"UOP03/MG"
192082;2019-02-18;"2";"07:00:00";"SC";101;89;"BARRA VELHA";"Falta de Atenção à Condução";"Colisão com objeto estático";"Com Vítimas Feridas";"Pleno dia";"Decrescente";"Chuva";"Simples";"Reta";"Sim";1;0;1;0;0;0;1;1;"-26.65934441";"-48.68793547";"SR-SC";"DEL8/3";"UOP02/SC"
192083;2019-02-17;"1";"13:55:00";"SC";282;55,2;"AGUAS MORNAS";"Velocidade Incompatível";"Saída de leito carroçável";"Com Vítimas Feridas";"Pleno dia";"Decrescente";"Chuva";"Simples";"Curva";"Não";4;0;3;1;0;0;4;1;"-27.689514";"-48.982376";"SR-SC";"DEL8/1";"UOP03/SC"
192084;2019-02-18;"2";"07:10:00";"RN";101;83,7;"SAO GONCALO DO AMARANTE";"Não guardar distância de segurança";"Colisão traseira";"Com Vítimas Feridas";"Pleno dia";"Crescente";"Chuva";"Dupla";"Reta";"Sim";2;0;1;0;1;0;1;2;"-5.771044";"-35.266171";"SR-RN";"DEL15/2";"UOP01/RN"
192085;2019-02-18;"2";"06:40:00";"ES";101;2,4;"VITORIA";"Não guardar distância de segurança";"Colisão traseira";"Com Vítimas Feridas";"Pleno dia";"Crescente";"Céu Claro";"Dupla";"Reta";"Sim";2;0;0;1;1;0;1;2;"-20.25397723";"-40.28863192";"SR-ES";"DEL12/2";"UOP01/ES"
192086;2019-02-18;"2";"06:30:00";"BA";110;388;"SAO SEBASTIAO DO PASSE";"Animais na Pista";"Colisão traseira";"Com Vítimas Feridas";"Pleno dia";"Crescente";"Céu Claro";"Simples";"Não Informado";"Não";3;0;2;0;1;0;2;2;"-12.4446";"-38.4744";"SR-BA";"DEL10/1";"UOP04/BA"
192087;2019-02-18;"2";"07:00:00";"RS";116;155;"CAXIAS DO SUL";"Velocidade Incompatível";"Colisão traseira";"Sem Vítimas";"Pleno dia";"Crescente";"Céu Claro";"Simples";"Reta";"Sim";2;0;0;0;2;0;0;2;"-29.198736";"-51.176292";"SR-RS";"DEL9/5";"UOP01/RS"
192088;2019-02-18;"2";"06:30:00";"MG";50;159;"UBERABA";"Falta de Atenção à Condução";"Saída de leito carroçável";"Sem Vítimas";"Amanhecer";"Decrescente";"Nublado";"Dupla";"Reta";"Não";1;0;0;0;1;0;0;1;"-19.6486";"-48.0067";"SR-MG";"DEL13";"UOP01/MG"
192092;2019-02-18;"2";"07:40:00";"GO";60;124;"GOIANAPOLIS";"Condutor Dormindo";"Colisão com objeto estático";"Com Vítimas Feridas";"Pleno dia";"Crescente";"Nublado";"Dupla";"Reta";"Não";2;0;2;0;0;0;2;1;"-16.5243";"-49.1313";"SR-GO";"DEL1/1";"UOP01/GO"
192094;2019-02-18;"2";"07:35:00";"SP";153;61,5;"SAO JOSE DO RIO PRETO";"Não guardar distância de segurança";"Colisão traseira";"Com Vítimas Feridas";"Pleno dia";"Crescente";"Nublado";"Dupla";"Reta";"Não";3;0;1;0;2;0;1;2;"-20.805029";"-49.355747";"SR-SP";"DEL6/9";"UOP01/SP"
192095;2019-02-18;"2";"07:30:00";"SC";101;204,3;"SAO JOSE";"Defeito Mecânico no Veículo";"Colisão com objeto estático";"Com Vítimas Feridas";"Pleno dia";"Crescente";"Chuva";"Múltipla";"Não Informado";"Sim";1;0;1;0;0;0;1;1;"-27.5832";"-48.6151";"SR-SC";"DEL8/1";"UOP01/SC"
192096;2019-02-18;"2";"07:45:00";"PR";277;83;"CURITIBA";"Não guardar distância de segurança";"Colisão lateral";"Com Vítimas Feridas";"Pleno dia";"Crescente";"Nublado";"Dupla";"Reta";"Sim";3;0;1;0;2;0;1;3;"-25.44938866";"-49.22881734";"SR-PR";"DEL7/1";"UOP01/PR"
192097;2019-02-18;"2";"08:00:00";"SC";470;141,4;"RIO DO SUL";"Falta de Atenção à Condução";"Colisão lateral";"Com Vítimas Feridas";"Pleno dia";"Crescente";"Céu Claro";"Simples";"Reta";"Não";2;0;1;0;1;0;1;2;"-27.226065";"-49.666161";"SR-SC";"DEL8/4";"UOP02/SC"
192098;2019-02-18;"2";"07:25:00";"MG";381;428;"CAETE";"Defeito Mecânico no Veículo";"Engavetamento";"Com Vítimas Feridas";"Pleno dia";"Decrescente";"Céu Claro";"Simples";"Desvio Temporário";"Não";4;0;1;0;3;0;1;4;"-19.78636386";"-43.66923545";"SR-MG";"DEL4/1";"UOP01/MG"
192099;2019-02-18;"2";"07:55:00";"PR";369;201,2;"APUCARANA";"Não guardar distância de segurança";"Colisão traseira";"Com Vítimas Feridas";"Pleno dia";"Crescente";"Céu Claro";"Simples";"Reta";"Sim";3;0;1;0;2;0;1;2;"-23.53663091";"-51.45661891";"SR-PR";"DEL7/7";"UOP03/PR"
192101;2019-02-18;"2";"07:45:00";"SC";101;201;"SAO JOSE";"Falta de Atenção à Condução";"Colisão traseira";"Com Vítimas Feridas";"Pleno dia";"Crescente";"Chuva";"Múltipla";"Reta";"Sim";2;0;1;0;1;0;1;2;"-27.5572";"-48.6188";"SR-SC";"DEL8/1";"UOP01/SC"
192102;2019-02-18;"2";"07:15:00";"RS";386;299,4;"POUSO NOVO";"Falta de Atenção à Condução";"Saída de leito carroçável";"Com Vítimas Feridas";"Pleno dia";"Decrescente";"Sol";"Simples";"Reta";"Não";3;0;2;0;1;0;2;1;"-29.155434";"-52.229389";"SR-RS";"DEL9/4";"UOP01/RS"
192103;2019-01-23;"4";"14:50:00";"CE";20;428;"FORTALEZA";"Velocidade Incompatível";"Colisão traseira";"Com Vítimas Fatais";"Pleno dia";"Crescente";"Céu Claro";"Dupla";"Reta";"Sim";2;1;0;0;1;0;0;2;"-3.8681997";"-38.5102362";"SR-CE";"DEL16/1";"UOP02/CE"
192104;2019-02-18;"2";"07:30:00";"ES";101;270;"SERRA";"Falta de Atenção à Condução";"Colisão transversal";"Com Vítimas Feridas";"Pleno dia";"Crescente";"Sol";"Múltipla";"Curva";"Sim";3;0;0;1;2;0;1;3;"-20.2261708";"-40.27069777";"SR-ES";"DEL12/2";"UOP01/ES"
192106;2019-02-17;"1";"23:00:00";"BA";324;363;"CAPIM GROSSO";"Ingestão de Álcool";"Colisão traseira";"Com Vítimas Feridas";"Plena Noite";"Decrescente";"Chuva";"Simples";"Reta";"Não";4;0;0;4;0;0;4;2;"-11.39639958";"-39.97228307";"SR-BA";"DEL10/4";"UOP02/BA"
192107;2019-02-18;"2";"08:00:00";"SP";116;217;"GUARULHOS";"Falta de Atenção à Condução";"Colisão traseira";"Sem Vítimas";"Pleno dia";"Crescente";"Nublado";"Múltipla";"Reta";"Não";2;0;0;0;2;0;0;2;"-23.45568767";"-46.4756012";"SR-SP";"DEL6/1";"UOP01/SP"
192108;2019-02-18;"2";"08:00:00";"PA";230;98,6;"SAO JOAO DO ARAGUAIA";"Velocidade Incompatível";"Colisão transversal";"Com Vítimas Feridas";"Pleno dia";"Decrescente";"Céu Claro";"Simples";"Interseção de vias";"Não";2;0;1;0;1;0;1;2;"-5.419156";"-48.936592";"SR-PA";"DEL19/3";"UOP01/PA"
192109;2019-02-18;"2";"08:30:00";"RS";290;96;"PORTO ALEGRE";"Falta de Atenção à Condução";"Colisão lateral";"Com Vítimas Feridas";"Pleno dia";"Crescente";"Sol";"Dupla";"Reta";"Não";2;0;1;0;1;0;1;2;"-29.99430825";"-51.20567864";"SR-RS";"DEL9/1";"UOP01/RS"
192110;2019-02-17;"1";"19:30:00";"RO";364;426;"JARU";"Ingestão de Álcool";"Atropelamento de Pedestre";"Com Vítimas Feridas";"Plena Noite";"Crescente";"Chuva";"Simples";"Reta";"Sim";2;0;1;1;0;0;2;1;"-10.432428";"-62.479607";"SR-RO";"DEL21/3";"UOP02/RO"
192111;2019-02-18;"2";"07:30:00";"SC";470;51,5;"BLUMENAU";"Desobediência às normas de trânsito pelo condutor";"Atropelamento de Pedestre";"Com Vítimas Feridas";"Pleno dia";"Crescente";"Chuva";"Simples";"Reta";"Não";2;0;1;0;1;0;1;1;"-26.862339";"-49.084038";"SR-SC";"DEL8/4";"UOP01/SC"
192112;2019-02-18;"2";"08:28:00";"SC";101;208;"SAO JOSE";"Falta de Atenção à Condução";"Colisão lateral";"Com Vítimas Feridas";"Pleno dia";"Crescente";"Chuva";"Simples";"Não Informado";"Sim";2;0;1;0;1;0;1;2;"-27.6101";"-48.6388";"SR-SC";"DEL8/1";"UOP01/SC"
192113;2019-02-18;"2";"04:40:00";"SC";470;77,1;"RODEIO";"Avarias e/ou desgaste excessivo no pneu";"Tombamento";"Com Vítimas Feridas";"Amanhecer";"Crescente";"Chuva";"Simples";"Curva";"Não";1;0;1;0;0;0;1;1;"-26.940817";"-49.29287";"SR-SC";"DEL8/4";"UOP01/SC"
192115;2019-02-18;"2";"09:05:00";"PE";232;127;"CARUARU";"Falta de Atenção à Condução";"Colisão traseira";"Sem Vítimas";"Pleno dia";"Crescente";"Céu Claro";"Simples";"Reta";"Sim";4;0;0;0;4;0;0;4;"-8.30295632";"-35.9802735";"SR-PE";"DEL11/2";"UOP02/PE"
192116;2019-02-18;"2";"08:10:00";"MG";262;385;"FLORESTAL";"Mal Súbito";"Saída de leito carroçável";"Com Vítimas Feridas";"Pleno dia";"Crescente";"Chuva";"Dupla";"Curva";"Não";1;0;1;0;0;0;1;1;"-19.9201";"-44.4779";"SR-MG";"DEL4/1";"UOP03/MG"