"id";"data_inversa";"dia_semana";"horario";"uf";"br";"km";"municipio";"causa_acidente";"tipo_acidente";"classificacao_acidente";"fase_dia";"sentido_via";"condicao_metereologica";"tipo_pista";"tracado_via";"uso_solo";"pessoas";"mortos";"feridos_leves";"feridos_graves";"ilesos";"ignorados";"feridos";"veiculos";"latitude";"longitude";"regional";"delegacia";"uop"
192117;2019-02-18;"2";"09:00:00";"SP";116;271;"TABOAO DA SERRA";"Desobediência às normas de trânsito pelo condutor";"Colisão lateral";"Com Vítimas Feridas";"Pleno dia";"Decrescente";"Nublado";"Dupla";"Reta";"Não";2;0;2;0;0;0;2;2;"-23.61590145";"-46.78562164";"SR-SP";"DEL6/4";"UOP01/SP"
192118;2019-02-18;"2";"09:15:00";"SP";153;274,3;"OCAUCU";"Velocidade Incompatível";"Colisão com objeto estático";"Com Vítimas Feridas";"Pleno dia";"Decrescente";"Nublado";"Simples";"Não Informado";"Não";2;0;2;0;0;0;2;1;"-22.36849142";"-49.86447573";"SR-SP";"DEL6/07";"UOP02/SP"
192119;2019-02-18;"2";"09:10:00";"PE";104;63;"CARUARU";"Falta de Atenção à Condução";"Colisão com objeto estático";"Sem Vítimas";"Pleno dia";"Crescente";"Sol";"Dupla";"Reta";"Sim";1;0;0;0;1;0;0;1;"-8.269307";"-35.980312";"SR-PE";"DEL11/2";"UOP01/PE"
192121;2019-02-18;"2";"06:15:00";"MG";267;165,9;"JUIZ DE FORA";"Velocidade Incompatível";"Capotamento";"Com Vítimas Feridas";"Pleno dia";"Crescente";"Nublado";"Simples";"Curva";"Não";1;0;1;0;0;0;1;1;"-21.771578";"-43.29119";"SR-MG";"DEL5";"UOP01/MG"
192122;2019-02-18;"2";"09:20:00";"ES";101;0,7;"SERRA";"Não guardar distância de segurança";"Colisão traseira";"Com Vítimas Feridas";"Pleno dia";"Crescente";"Chuva";"Dupla";"Reta";"Sim";6;0;1;1;4;0;2;3;"-20.24727439";"-40.28380966";"SR-ES";"DEL12/2";"UOP01/ES"
192124;2019-01-28;"2";"16:20:00";"PB";230;16,5;"JOAO PESSOA";"Não guardar distância de segurança";"Engavetamento";"Com Vítimas Feridas";"Pleno dia";"Decrescente";"Céu Claro";"Dupla";"Reta";"Sim";5;0;1;0;4;0;1;5;"-7.1039";"-34.8458";"SR-PB";"DEL14/1";"UOP00/PB"
192125;2019-02-18;"2";"08:25:00";"MG";116;521,3;"CARATINGA";"Defeito Mecânico no Veículo";"Incêndio";"Sem Vítimas";"Pleno dia";"Crescente";"Céu Claro";"Simples";"Reta";"Não";1;0;0;0;1;0;0;1;"-19.72352437";"-42.13201046";"SR-MG";"DEL4/6";"UOP02/MG"
192126;2019-02-18;"2";"08:50:00";"BA";101;422;"IBIRAPITANGA";"Falta de Atenção à Condução";"Tombamento";"Com Vítimas Fatais";"Pleno dia";"Crescente";"Sol";"Simples";"Curva";"Não";2;1;1;0;0;0;1;1;"-14.13557687";"-39.35817719";"SR-BA";"DEL10/5";"UOP03/BA"
192127;2019-02-18;"2";"10:00:00";"CE";116;455,2;"BARRO";"Falta de Atenção à Condução";"Colisão transversal";"Sem Vítimas";"Pleno dia";"Crescente";"Céu Claro";"Simples";"Reta";"Sim";3;0;0;0;3;0;0;2;"-7.169731";"-38.780666";"SR-CE";"DEL16/5";"UOP03/CE"
192128;2019-01-20;"1";"13:50:00";"GO";452;137;"BOM JESUS DE GOIAS";"Ingestão de Álcool";"Colisão transversal";"Com Vítimas Fatais";"Pleno dia";"Crescente";"Céu Claro";"Simples";"Interseção de vias";"Não";6;1;0;0;5;0;0;2;"-18.23921534";"-49.71257687";"SR-GO";"DEL1/3";"UOP02/GO"
192130;2019-01-25;"6";"11:40:00";"MS";419;305,5;"NIOAQUE";"Defeito Mecânico no Veículo";"Capotamento";"Com Vítimas Feridas";"Pleno dia";"Decrescente";"Sol";"Simples";"Reta";"Não";2;0;2;0;0;0;2;1;"-20.951862";"-55.791981";"SR-MS";"DEL3/3";"UOP01/MS"
192131;2019-02-18;"2";"10:28:00";"ES";101;146,7;"LINHARES";"Falta de Atenção à Condução";"Colisão traseira";"Com Vítimas Feridas";"Pleno dia";"Crescente";"Céu Claro";"Dupla";"Reta";"Sim";3;0;1;0;2;0;1;2;"-19.3763025";"-40.06634833";"SR-ES";"DEL12/4";"UOP01/ES"
192132;2019-02-18;"2";"09:00:00";"RO";364;268;"CACOAL";"Defeito na Via";"Capotamento";"Com Vítimas Feridas";"Pleno dia";"Decrescente";"Sol";"Simples";"Não Informado";"Não";1;0;1;0;0;0;1;1;"-11.37735";"-61.695942";"SR-RO";"DEL21/2";"UOP02/RO"
192133;2019-02-18;"2";"10:20:00";"SC";101;120;"ITAJAI";"Não guardar distância de segurança";"Colisão traseira";"Com Vítimas Feridas";"Pleno dia";"Crescente";"Garoa/Chuvisco";"Dupla";"Reta";"Não";1;0;1;0;0;0;1;1;"-26.9211";"-48.7084";"SR-SC";"DEL8/4";"UOP04/SC"
192134;2019-02-18;"2";"10:15:00";"SC";470;47,6;"BLUMENAU";"Desobediência às normas de trânsito pelo condutor";"Colisão traseira";"Com Vítimas Feridas";"Pleno dia";"Crescente";"Nublado";"Simples";"Reta";"Não";6;0;3;0;3;0;3;5;"-26.864044";"-49.046516";"SR-SC";"DEL8/4";"UOP01/SC"
192135;2019-02-18;"2";"08:53:00";"MG";381;941;"EXTREMA";"Falta de Atenção à Condução";"Tombamento";"Com Vítimas Feridas";"Pleno dia";"Decrescente";"Nublado";"Dupla";"Reta";"Não";3;0;2;0;0;1;2;1;"-22.8354";"-46.3196";"SR-MG";"DEL09";"UOP03/MG"
192137;2019-02-18;"2";"10:40:00";"PR";277;344;"GUARAPUAVA";"Desobediência às normas de trânsito pelo condutor";"Tombamento";"Sem Vítimas";"Pleno dia";"Decrescente";"Sol";"Dupla";"Não Informado";"Sim";1;0;0;0;1;0;0;1;"-25.364633";"-51.476668";"SR-PR";"DEL7/3";"UOP02/PR"
192138;2019-02-18;"2";"11:00:00";"SC";282;3,5;"FLORIANOPOLIS";"Falta de Atenção à Condução";"Colisão traseira";"Com Vítimas Feridas";"Pleno dia";"Decrescente";"Céu Claro";"Dupla";"Reta";"Sim";2;0;1;0;1;0;1;2;"-27.600384";"-48.599705";"SR-SC";"DEL8/1";"UOP01/SC"
192139;2019-02-18;"2";"07:45:00";"RS";386;426;"MONTENEGRO";"Falta de Atenção à Condução";"Engavetamento";"Com Vítimas Feridas";"Pleno dia";"Crescente";"Céu Claro";"Dupla";"Reta";"Não";11;0;5;0;6;0;5;6;"-29.819479";"-51.36208";"SR-RS";"DEL9/4";"UOP02/RS"
192140;2019-02-18;"2";"09:15:00";"SP";116;227;"SAO PAULO";"Não guardar distância de segurança";"Colisão lateral";"Com Vítimas Feridas";"Pleno dia";"Crescente";"Sol";"Múltipla";"Reta";"Sim";2;0;1;0;0;1;1;2;"-23.49615297";"-46.55673265";"SR-SP";"DEL6/1";"UOP01/SP"
192141;2019-02-18;"2";"11:45:00";"SC";470;58,4;"BLUMENAU";"Falta de Atenção à Condução";"Colisão traseira";"Com Vítimas Feridas";"Pleno dia";"Crescente";"Céu Claro";"Simples";"Reta";"Não";5;0;2;0;3;0;2;3;"-26.883879";"-49.145622";"SR-SC";"DEL8/4";"UOP01/SC"
192142;2019-02-18;"2";"10:40:00";"RO";364;515;"ARIQUEMES";"Falta de Atenção à Condução";"Colisão traseira";"Com Vítimas Feridas";"Pleno dia";"Decrescente";"Céu Claro";"Simples";"Curva";"Sim";2;0;0;1;1;0;1;1;"-9.924994";"-63.054909";"SR-RO";"DEL21/3";"UOP01/RO"
192143;2019-02-18;"2";"09:00:00";"PR";153;513;"GENERAL CARNEIRO";"Falta de Atenção à Condução";"Colisão lateral";"Com Vítimas Feridas";"Pleno dia";"Decrescente";"Céu Claro";"Simples";"Reta";"Não";3;0;1;0;2;0;1;2;"-26.608736";"-51.476875";"SR-PR";"DEL7/2";"UOP02/PR"
192144;2019-02-18;"2";"11:40:00";"PE";101;70,2;"RECIFE";"Falta de Atenção à Condução";"Colisão lateral";"Com Vítimas Feridas";"Pleno dia";"Crescente";"Céu Claro";"Dupla";"Curva";"Sim";2;0;1;0;1;0;1;2;"-8.07635334";"-34.93581533";"SR-PE";"DEL11/1";"UOP01/PE"
192145;2019-02-18;"2";"09:40:00";"MT";364;453;"VARZEA GRANDE";"Falta de Atenção à Condução";"Colisão traseira";"Com Vítimas Feridas";"Pleno dia";"Decrescente";"Céu Claro";"Simples";"Reta";"Não";3;0;1;0;2;0;1;2;"-15.574688";"-56.242603";"SR-MT";"DEL2/4";"UOP02/MT"
192146;2019-02-18;"2";"11:35:00";"MG";381;759,8;"TRES CORACOES";"Velocidade Incompatível";"Saída de leito carroçável";"Com Vítimas Feridas";"Pleno dia";"Crescente";"Chuva";"Dupla";"Reta";"Não";2;0;1;0;1;0;1;1;"-21.6962";"-45.3613";"SR-MG";"DEL09";"UOP02/MG"
192148;2019-02-18;"2";"06:40:00";"MS";262;327,1;"CAMPO GRANDE";"Falta de Atenção à Condução";"Colisão transversal";"Com Vítimas Feridas";"Pleno dia";"Crescente";"Céu Claro";"Simples";"Reta";"Sim";2;0;1;0;1;0;1;2;"-20.46639";"-54.54440475";"SR-MS";"DEL3/1";"UOP01/MS"
192149;2019-02-18;"2";"10:40:00";"SC";101;411;"ARARANGUA";"Mal Súbito";"Colisão com objeto estático";"Com Vítimas Feridas";"Pleno dia";"Crescente";"Nublado";"Simples";"Ponte";"Sim";1;0;1;0;0;0;1;1;"-28.93650517";"-49.49581146";"SR-SC";"DEL8/2";"UOP02/SC"
192150;2019-02-18;"2";"12:55:00";"RN";304;284;"MACAIBA";"Ultrapassagem Indevida";"Colisão lateral";"Com Vítimas Feridas";"Pleno dia";"Decrescente";"Nublado";"Simples";"Reta";"Sim";3;0;0;1;2;0;1;3;"-5.889564";"-35.489544";"SR-RN";"DEL15/1";"UOP02/RN"
192151;2019-02-18;"2";"13:00:00";"ES";393;0,2;"CACHOEIRO DE ITAPEMIRIM";"Não guardar distância de segurança";"Colisão lateral";"Com Vítimas Feridas";"Pleno dia";"Crescente";"Céu Claro";"Simples";"Reta";"Sim";2;0;1;0;1;0;1;2;"-20.841324";"-41.15929";"SR-ES";"DEL12/3";"UOP02/ES"
192152;2019-02-18;"2";"11:44:00";"PR";277;723,9;"FOZ DO IGUACU";"Falta de Atenção à Condução";"Colisão traseira";"Sem Vítimas";"Pleno dia";"Crescente";"Céu Claro";"Dupla";"Reta";"Sim";2;0;0;0;2;0;0;2;"-25.498783";"-54.529865";"SR-PR";"DEL7/5";"UOP01/PR"
192153;2019-02-18;"2";"12:15:00";"DF";20;17,5;"BRASILIA";"Pista Escorregadia";"Saída de leito carroçável";"Com Vítimas Feridas";"Pleno dia";"Crescente";"Chuva";"Dupla";"Não Informado";"Sim";1;0;1;0;0;0;1;1;"-15.61970459";"-47.71396101";"SR-DF";"DF";"UOP04/DF"
192154;2019-02-18;"2";"03:40:00";"MG";116;164,9;"PADRE PARAISO";"Carga excessiva e/ou mal acondicionada";"Derramamento de carga";"Com Vítimas Feridas";"Plena Noite";"Crescente";"Nublado";"Simples";"Curva";"Não";2;0;1;0;1;0;1;2;"-17.0290441";"-41.44666704";"SR-MG";"DEL4/11";"UOP02/MG"
192155;2019-02-18;"2";"11:20:00";"PR";476;140;"CURITIBA";"Não guardar distância de segurança";"Colisão traseira";"Com Vítimas Feridas";"Pleno dia";"Decrescente";"Nublado";"Múltipla";"Reta";"Sim";2;0;1;0;1;0;1;2;"-25.520693";"-49.294121";"SR-PR";"DEL7/1";"UOP06/PR"
192157;2019-02-18;"2";"11:55:00";"SC";116;257,9;"CAPAO ALTO";"Falta de Atenção à Condução";"Colisão traseira";"Com Vítimas Feridas";"Pleno dia";"Crescente";"Céu Claro";"Simples";"Reta";"Não";3;0;1;0;2;0;1;2;"-27.952471";"-50.47995";"SR-SC";"DEL8/5";"UOP02/SC"
192158;2019-02-18;"2";"12:00:00";"RJ";116;81;"TERESOPOLIS";"Velocidade Incompatível";"Tombamento";"Com Vítimas Feridas";"Pleno dia";"Crescente";"Céu Claro";"Simples";"Reta";"Não";1;0;1;0;0;0;1;1;"-22.398443";"-42.955078";"SR-RJ";"DEL5/4";"UOP01/RJ"
192160;2019-02-18;"2";"12:00:00";"GO";153;50;"PORANGATU";"Desobediência às normas de trânsito pelo condutor";"Saída de leito carroçável";"Com Vítimas Feridas";"Plena Noite";"Crescente";"Chuva";"Simples";"Reta";"Não";1;0;0;1;0;0;1;1;"-13.250633";"-49.138489";"SR-GO";"DEL1/7";"UOP01/GO"
192161;2019-02-18;"2";"14:05:00";"MG";381;654;"SANTO ANTONIO DO AMPARO";"Velocidade Incompatível";"Saída de leito carroçável";"Com Vítimas Feridas";"Pleno dia";"Decrescente";"Chuva";"Dupla";"Não Informado";"Não";1;0;1;0;0;0;1;1;"-20.97512469";"-44.93830919";"SR-MG";"DEL4/4";"UOP02/MG"
192163;2019-02-18;"2";"14:00:00";"MG";40;446;"PARAOPEBA";"Pista Escorregadia";"Saída de leito carroçável";"Com Vítimas Feridas";"Pleno dia";"Crescente";"Chuva";"Dupla";"Reta";"Não";1;0;0;1;0;0;1;1;"-19.301";"-44.3777";"SR-MG";"DEL4/2";"UOP01/MG"
192164;2019-02-18;"2";"14:00:00";"PR";163;196,5;"SANTA TEREZA DO OESTE";"Avarias e/ou desgaste excessivo no pneu";"Saída de leito carroçável";"Com Vítimas Feridas";"Pleno dia";"Decrescente";"Chuva";"Dupla";"Curva";"Não";1;0;1;0;0;0;1;1;"-25.0589";"-53.5621";"SR-PR";"DEL7/4";"UOP06/PR"
192165;2019-02-18;"2";"14:40:00";"MG";40;566,5;"NOVA LIMA";"Condutor Dormindo";"Saída de leito carroçável";"Com Vítimas Feridas";"Pleno dia";"Decrescente";"Chuva";"Simples";"Curva";"Não";4;0;3;0;1;0;3;1;"-20.1863";"-43.9677";"SR-MG";"DEL4/1";"UOP02/MG"
192166;2019-02-18;"2";"13:30:00";"RS";290;260,1;"CACHOEIRA DO SUL";"Falta de Atenção à Condução";"Saída de leito carroçável";"Com Vítimas Feridas";"Pleno dia";"Crescente";"Sol";"Simples";"Reta";"Não";2;0;1;0;1;0;1;1;"-30.259363";"-52.82523";"SR-RS";"DEL9/2";"UOP03/RS"
192167;2019-02-18;"2";"14:30:00";"PI";316;21,6;"TERESINA";"Falta de Atenção à Condução";"Colisão lateral";"Com Vítimas Feridas";"Pleno dia";"Crescente";"Céu Claro";"Simples";"Reta";"Não";2;0;1;0;1;0;1;2;"-5.267487";"-42.727409";"SR-PI";"DEL17/1";"UOP02/PI"
192168;2019-02-18;"2";"13:40:00";"RS";101;58;"TERRA DE AREIA";"Defeito Mecânico no Veículo";"Saída de leito carroçável";"Com Vítimas Feridas";"Pleno dia";"Decrescente";"Céu Claro";"Dupla";"Curva";"Não";4;0;0;3;0;1;3;1;"-29.66539203";"-50.13538957";"SR-RS";"DEL9/3";"UOP01/RS"
192170;2019-02-18;"2";"13:00:00";"PR";376;535;"PALMEIRA";"Pista Escorregadia";"Queda de ocupante de veículo";"Com Vítimas Feridas";"Pleno dia";"Crescente";"Chuva";"Dupla";"Não Informado";"Não";1;0;1;0;0;0;1;1;"-25.41088726";"-49.77956772";"SR-PR";"DEL7/1";"UOP05/PR"
192171;2019-02-18;"2";"13:50:00";"MG";381;432;"SABARA";"Falta de Atenção à Condução";"Colisão frontal";"Com Vítimas Feridas";"Pleno dia";"Decrescente";"Céu Claro";"Simples";"Curva";"Não";5;0;3;2;0;0;5;2;"-19.78633026";"-43.73416901";"SR-MG";"DEL4/1";"UOP01/MG"
192173;2019-02-18;"2";"15:20:00";"PR";277;604;"SANTA TEREZA DO OESTE";"Mal Súbito";"Queda de ocupante de veículo";"Com Vítimas Feridas";"Pleno dia";"Crescente";"Céu Claro";"Simples";"Reta";"Não";1;0;0;1;0;0;1;1;"-25.029057";"-53.569607";"SR-PR";"DEL7/5";"UOP02/PR"
192174;2019-02-18;"2";"14:30:00";"PB";230;112;"INGA";"Pista Escorregadia";"Saída de leito carroçável";"Com Vítimas Feridas";"Pleno dia";"Decrescente";"Chuva";"Dupla";"Curva";"Não";4;0;2;0;2;0;2;1;"-7.2117";"-35.5822";"SR-PB";"DEL14/1";"UOP02/PB"
192175;2019-02-18;"2";"15:00:00";"SC";282;0,3;"FLORIANOPOLIS";"Falta de Atenção à Condução";"Colisão traseira";"Com Vítimas Feridas";"Pleno dia";"Decrescente";"Nublado";"Dupla";"Reta";"Sim";4;0;3;0;1;0;3;2;"-27.59925312";"-48.57486963";"SR-SC";"DEL8/1";"UOP01/SC"
192176;2019-02-18;"2";"01:29:00";"MA";10;171;"PORTO FRANCO";"Defeito Mecânico no Veículo";"Incêndio";"Com Vítimas Feridas";"Plena Noite";"Decrescente";"Céu Claro";"Simples";"Reta";"Não";1;0;1;0;0;0;1;1;"-6.22131";"-47.353931";"SR-MA";"DEL18/4";"UOP02/MA"
192179;2019-02-18;"2";"06:30:00";"MG";262;83,6;"MATIPO";"Falta de Atenção à Condução";"Saída de leito carroçável";"Com Vítimas Feridas";"Pleno dia";"Crescente";"Nevoeiro/Neblina";"Simples";"Reta";"Não";4;0;1;0;3;0;1;1;"-20.337919";"-42.402168";"SR-MG";"DEL4/3";"UOP03/MG"
192180;2019-02-18;"2";"15:05:00";"MT";364;442;"VARZEA GRANDE";"Defeito Mecânico no Veículo";"Colisão com objeto em movimento";"Com Vítimas Feridas";"Pleno dia";"Crescente";"Céu Claro";"Simples";"Reta";"Não";1;0;1;0;0;0;1;1;"-15.647788";"-56.197014";"SR-MT";"DEL2/4";"UOP02/MT"
192181;2019-02-18;"2";"15:20:00";"PE";104;39,9;"CARUARU";"Não guardar distância de segurança";"Colisão traseira";"Com Vítimas Feridas";"Pleno dia";"Crescente";"Céu Claro";"Dupla";"Reta";"Não";7;0;2;0;5;0;2;2;"-8.0861";"-36.0377";"SR-PE";"DEL11/2";"UOP01/PE"
192182;2019-02-18;"2";"16:15:00";"PR";277;116;"CAMPO LARGO";"Não guardar distância de segurança";"Saída de leito carroçável";"Com Vítimas Feridas";"Pleno dia";"Decrescente";"Céu Claro";"Dupla";"Curva";"Sim";3;0;2;0;1;0;2;1;"-25.45247987";"-49.58930985";"SR-PR";"DEL7/1";"UOP05/PR"
192183;2019-02-18;"2";"16:10:00";"CE";116;170;"RUSSAS";"Pista Escorregadia";"Saída de leito carroçável";"Com Vítimas Feridas";"Pleno dia";"Decrescente";"Chuva";"Simples";"Curva";"Não";1;0;1;0;0;0;1;1;"-4.99039766";"-38.03629875";"SR-CE";"DEL16/3";"UOP01/CE"
192184;2019-02-18;"2";"08:00:00";"AM";319;102;"CAREIRO";"Falta de Atenção à Condução";"Capotamento";"Sem Vítimas";"Pleno dia";"Crescente";"Garoa/Chuvisco";"Simples";"Reta";"Não";1;0;0;0;1;0;0;1;"-3.761905";"-60.298912";"SR-AM";"UOP04/AM";""
192185;2019-02-18;"2";"15:50:00";"PR";376;396,2;"IMBAU";"Não guardar distância de segurança";"Colisão traseira";"Com Vítimas Fatais";"Pleno dia";"Decrescente";"Nublado";"Simples";"Não Informado";"Não";5;2;1;0;2;0;1;3;"-24.52063585";"-50.71079515";"SR-PR";"DEL7/3";"UOP05/PR"
192186;2019-02-18;"2";"16:30:00";"PE";101;126;"ESCADA";"Falta de Atenção à Condução";"Colisão traseira";"Com Vítimas Feridas";"Anoitecer";"Crescente";"Céu Claro";"Dupla";"Reta";"Sim";4;0;1;0;3;0;1;2;"-8.373";"-35.2341";"SR-PE";"DEL11/1";"UOP03/PE"
192187;2019-02-18;"2";"16:50:00";"PB";230;17;"JOAO PESSOA";"Velocidade Incompatível";"Colisão transversal";"Com Vítimas Feridas";"Pleno dia";"Decrescente";"Céu Claro";"Dupla";"Curva";"Sim";2;0;0;1;1;0;1;2;"-7.1121";"-34.8426";"SR-PB";"DEL14/1";"UOP00/PB"
192188;2019-02-18;"2";"17:15:00";"GO";40;19;"LUZIANIA";"Falta de Atenção à Condução";"Colisão traseira";"Com Vítimas Feridas";"Pleno dia";"Crescente";"Céu Claro";"Dupla";"Reta";"Sim";2;0;1;0;1;0;1;2;"-16.201556";"-47.921314";"SR-DF";"GO";"UOP01/DF"
192189;2019-02-18;"2";"17:25:00";"DF";70;3,9;"BRASILIA";"Falta de Atenção à Condução";"Colisão traseira";"Com Vítimas Feridas";"Pleno dia";"Decrescente";"Chuva";"Simples";"Reta";"Não";2;0;1;0;1;0;1;2;"-15.802453";"-48.080387";"SR-DF";"DF";"UOP06/DF"
192190;2019-02-18;"2";"17:15:00";"PE";104;65,2;"CARUARU";"Objeto estático sobre o leito carroçável";"Colisão lateral";"Com Vítimas Feridas";"Pleno dia";"Crescente";"Céu Claro";"Dupla";"Reta";"Sim";2;0;1;0;1;0;1;2;"-8.2867";"-35.9838";"SR-PE";"DEL11/2";"UOP01/PE"
192191;2019-02-18;"2";"17:35:00";"RJ";116;95;"GUAPIMIRIM";"Fenômenos da Natureza";"Tombamento";"Com Vítimas Feridas";"Anoitecer";"Crescente";"Chuva";"Simples";"Curva";"Não";1;0;1;0;0;0;1;1;"-22.473751";"-43.001179";"SR-RJ";"DEL5/4";"UOP02/RJ"
192192;2019-02-06;"4";"11:50:00";"MT";70;704,5;"CACERES";"Pista Escorregadia";"Colisão frontal";"Com Vítimas Feridas";"Pleno dia";"Decrescente";"Chuva";"Simples";"Curva";"Não";6;0;0;5;1;0;5;3;"-16.2497294";"-57.51747879";"SR-MT";"DEL2/3";"UOP01/MT"
192194;2019-02-18;"2";"17:20:00";"MG";40;783,4;"JUIZ DE FORA";"Velocidade Incompatível";"Capotamento";"Com Vítimas Feridas";"Pleno dia";"Decrescente";"Chuva";"Dupla";"Curva";"Não";4;0;4;0;0;0;4;1;"-21.7283";"-43.4373";"SR-MG";"DEL5";"UOP01/MG"
192195;2019-02-18;"2";"15:45:00";"PB";230;259,5;"JUNCO DO SERIDO";"Velocidade Incompatível";"Saída de leito carroçável";"Com Vítimas Feridas";"Pleno dia";"Decrescente";"Nublado";"Simples";"Curva";"Não";5;0;1;0;4;0;1;1;"-7.0085";"-36.697";"SR-PB";"DEL14/3";"UOP01/PB"
192196;2019-02-18;"2";"10:00:00";"BA";101;207,9;"GOVERNADOR MANGABEIRA";"Não guardar distância de segurança";"Colisão traseira";"Com Vítimas Feridas";"Pleno dia";"Crescente";"Céu Claro";"Simples";"Reta";"Sim";3;0;1;0;2;0;1;2;"-12.5967";"-39.0355";"SR-BA";"DEL10/1";"UOP03/BA"
192197;2019-02-18;"2";"17:15:00";"PE";101;80,6;"JABOATAO DOS GUARARAPES";"Falta de Atenção à Condução";"Colisão traseira";"Com Vítimas Feridas";"Anoitecer";"Decrescente";"Céu Claro";"Múltipla";"Interseção de vias";"Sim";2;0;1;0;1;0;1;2;"-8.1623";"-34.9394";"SR-PE";"DEL11/1";"UOP03/PE"
192199;2019-02-18;"2";"18:10:00";"ES";101;214;"IBIRACU";"Falta de Atenção à Condução";"Colisão transversal";"Com Vítimas Feridas";"Anoitecer";"Decrescente";"Nublado";"Simples";"Interseção de vias";"Sim";3;0;1;0;2;0;1;2;"-19.83001268";"-40.37319129";"SR-ES";"DEL12/2";"UOP01/ES"
192200;2019-02-18;"2";"17:30:00";"GO";60;180,8;"ABADIA DE GOIAS";"Falta de Atenção à Condução";"Colisão traseira";"Sem Vítimas";"Pleno dia";"Decrescente";"Garoa/Chuvisco";"Dupla";"Reta";"Não";2;0;0;0;2;0;0;2;"-16.7666";"-49.4751";"SR-GO";"DEL1/1";"UOP02/GO"
192202;2019-02-18;"2";"18:15:00";"PR";376;157,8;"MANDAGUACU";"Falta de Atenção do Pedestre";"Atropelamento de Pedestre";"Com Vítimas Feridas";"Anoitecer";"Decrescente";"Nublado";"Dupla";"Reta";"Sim";2;0;1;0;0;1;1;1;"-23.352516";"-52.09127";"SR-PR";"DEL7/7";"UOP04/PR"
192205;2019-02-18;"2";"17:25:00";"GO";364;63,2;"CACHOEIRA ALTA";"Condutor Dormindo";"Colisão traseira";"Com Vítimas Feridas";"Anoitecer";"Decrescente";"Céu Claro";"Simples";"Reta";"Não";2;0;1;0;1;0;1;2;"-18.70801";"-50.96352";"SR-GO";"DEL1/5";"UOP02/GO"
192206;2019-02-18;"2";"18:30:00";"RS";158;326,7;"SANTA MARIA";"Falta de Atenção à Condução";"Colisão transversal";"Sem Vítimas";"Pleno dia";"Crescente";"Céu Claro";"Simples";"Reta";"Sim";3;0;0;0;3;0;0;3;"-29.71456698";"-53.81390344";"SR-RS";"DEL9/9";"UOP01/RS"
192207;2019-02-18;"2";"18:20:00";"PR";373;173,4;"PONTA GROSSA";"Falta de Atenção do Pedestre";"Atropelamento de Pedestre";"Com Vítimas Feridas";"Pleno dia";"Decrescente";"Céu Claro";"Múltipla";"Curva";"Sim";2;0;1;0;1;0;1;1;"-25.07813613";"-50.20374298";"SR-PR";"DEL7/3";"UOP01/PR"
192209;2019-02-18;"2";"17:50:00";"SC";163;68,7;"SAO MIGUEL DO OESTE";"Falta de Atenção à Condução";"Colisão traseira";"Com Vítimas Feridas";"Pleno dia";"Crescente";"Céu Claro";"Dupla";"Curva";"Sim";2;0;1;0;1;0;1;2;"-26.750364";"-53.50087";"SR-SC";"DEL7";"UOP03/SC"
192210;2019-02-18;"2";"17:20:00";"SC";282;526,9;"XAXIM";"Velocidade Incompatível";"Tombamento";"Com Vítimas Feridas";"Pleno dia";"Decrescente";"Chuva";"Simples";"Curva";"Não";1;0;0;1;0;0;1;1;"-26.969427";"-52.57497";"SR-SC";"DEL7";"UOP01/SC"
192211;2019-02-18;"2";"19:00:00";"RS";116;260;"CANOAS";"Falta de Atenção à Condução";"Colisão traseira";"Com Vítimas Feridas";"Pleno dia";"Crescente";"Céu Claro";"Dupla";"Reta";"Sim";2;0;1;0;1;0;1;2;"-29.879332";"-51.180458";"SR-RS";"DEL9/1";"UOP01/RS"
192212;2019-02-18;"2";"18:50:00";"DF";20;15;"BRASILIA";"Ingestão de álcool e/ou substâncias psicoativas pelo pedestre";"Atropelamento de Pedestre";"Com Vítimas Feridas";"Plena Noite";"Crescente";"Chuva";"Dupla";"Reta";"Não";2;0;0;1;1;0;1;1;"-15.6218176";"-47.71772146";"SR-DF";"DF";"UOP04/DF"
192213;2019-02-18;"2";"18:30:00";"AL";316;155;"PALMEIRA DOS INDIOS";"Ingestão de Álcool";"Colisão traseira";"Com Vítimas Feridas";"Plena Noite";"Decrescente";"Nublado";"Simples";"Reta";"Não";2;0;1;0;1;0;1;2;"-9.426232";"-36.633045";"SR-AL";"DEL13/3";"UOP01/AL"
192215;2019-02-18;"2";"18:20:00";"SP";116;157,4;"SAO JOSE DOS CAMPOS";"Não guardar distância de segurança";"Colisão traseira";"Com Vítimas Feridas";"Anoitecer";"Crescente";"Céu Claro";"Dupla";"Reta";"Sim";3;0;2;0;1;0;2;2;"-23.25773705";"-45.94746259";"SR-SP";"DEL6/2";"UOP01/SP"
192216;2019-02-18;"2";"17:50:00";"RJ";116;186;"NOVA IGUACU";"Pista Escorregadia";"Queda de ocupante de veículo";"Com Vítimas Feridas";"Pleno dia";"Crescente";"Garoa/Chuvisco";"Simples";"Reta";"Não";2;0;2;0;0;0;2;1;"-22.739624";"-43.462765";"SR-RJ";"DEL5/1";"UOP03/RJ"
192217;2019-02-18;"2";"06:00:00";"MA";402;137,7;"SANTO AMARO DO MARANHAO";"Falta de Atenção à Condução";"Colisão transversal";"Com Vítimas Fatais";"Amanhecer";"Decrescente";"Céu Claro";"Simples";"Reta";"Não";3;1;0;1;1;0;1;2;"-2.797154";"-43.266563";"SR-MA";"DEL18/1";"UOP01/MA"
192218;2019-02-18;"2";"18:40:00";"MG";40;563,8;"NOVA LIMA";"Velocidade Incompatível";"Saída de leito carroçável";"Com Vítimas Feridas";"Plena Noite";"Crescente";"Chuva";"Simples";"Não Informado";"Não";2;0;1;0;0;1;1;2;"-20.1693";"-43.9655";"SR-MG";"DEL4/1";"UOP02/MG"