"id";"data_inversa";"dia_semana";"horario";"uf";"br";"km";"municipio";"causa_acidente";"tipo_acidente";"classificacao_acidente";"fase_dia";"sentido_via";"condicao_metereologica";"tipo_pista";"tracado_via";"uso_solo";"pessoas";"mortos";"feridos_leves";"feridos_graves";"ilesos";"ignorados";"feridos";"veiculos";"latitude";"longitude";"regional";"delegacia";"uop"
192219;2019-02-18;"2";"14:40:00";"SC";282;378,6;"HERVAL DOESTE";"Carga excessiva e/ou mal acondicionada";"Colisão lateral";"Com Vítimas Feridas";"Pleno dia";"Decrescente";"Nublado";"Simples";"Curva";"Não";3;0;2;0;1;0;2;3;"-27.214546";"-51.47958";"SR-SC";"DEL7";"UOP07/SC"
192220;2019-02-18;"2";"18:00:00";"SC";116;246;"LAGES";"Falta de Atenção à Condução";"Colisão lateral";"Com Vítimas Feridas";"Pleno dia";"Decrescente";"Céu Claro";"Simples";"Reta";"Sim";3;0;1;0;2;0;1;2;"-27.804199";"-50.365093";"SR-SC";"DEL8/5";"UOP02/SC"
192221;2019-02-18;"2";"20:30:00";"BA";242;788;"BARREIRAS";"Ingestão de Álcool";"Colisão traseira";"Com Vítimas Fatais";"Plena Noite";"Crescente";"Nublado";"Simples";"Desvio Temporário";"Não";2;1;0;0;1;0;0;2;"-12.12079";"-44.95161";"SR-BA";"DEL10/10";"UOP01/BA"
192222;2019-02-18;"2";"19:10:00";"RO";364;346,8;"JI-PARANA";"Desobediência às normas de trânsito pelo condutor";"Colisão traseira";"Com Vítimas Feridas";"Plena Noite";"Crescente";"Céu Claro";"Simples";"Não Informado";"Sim";5;0;4;0;1;0;4;3;"-10.865874";"-61.968647";"SR-RO";"DEL21/2";"UOP01/RO"
192223;2019-02-18;"2";"19:55:00";"PE";104;67,2;"CARUARU";"Defeito Mecânico no Veículo";"Colisão frontal";"Sem Vítimas";"Plena Noite";"Crescente";"Céu Claro";"Dupla";"Não Informado";"Sim";7;0;0;0;7;0;0;2;"-8.29561";"-35.98768";"SR-PE";"DEL11/2";"UOP01/PE"
192224;2019-02-18;"2";"19:30:00";"SC";101;194,7;"BIGUACU";"Desobediência às normas de trânsito pelo pedestre";"Atropelamento de Pedestre";"Com Vítimas Fatais";"Plena Noite";"Decrescente";"Nublado";"Múltipla";"Reta";"Sim";5;1;0;0;3;1;0;2;"-27.5055";"-48.6491";"SR-SC";"DEL8/1";"UOP01/SC"
192225;2019-02-18;"2";"20:30:00";"BA";101;164;"CONCEICAO DO JACUIPE";"Desobediência às normas de trânsito pelo condutor";"Colisão transversal";"Com Vítimas Feridas";"Plena Noite";"Crescente";"Céu Claro";"Simples";"Reta";"Não";3;0;1;0;1;1;1;2;"-12.3543";"-38.8057";"SR-BA";"DEL10/1";"UOP03/BA"
192226;2019-02-18;"2";"21:05:00";"GO";40;5;"VALPARAISO DE GOIAS";"Animais na Pista";"Queda de ocupante de veículo";"Com Vítimas Feridas";"Plena Noite";"Crescente";"Ignorado";"Dupla";"Reta";"Sim";1;0;1;0;0;0;1;1;"-16.093134";"-47.982236";"SR-DF";"GO";"UOP01/DF"
192228;2019-02-18;"2";"20:35:00";"PR";476;136;"CURITIBA";"Falta de Atenção à Condução";"Queda de ocupante de veículo";"Com Vítimas Feridas";"Plena Noite";"Decrescente";"Garoa/Chuvisco";"Múltipla";"Reta";"Sim";1;0;1;0;0;0;1;1;"-25.491047";"-49.271679";"SR-PR";"DEL7/1";"UOP06/PR"
192229;2019-02-18;"2";"21:00:00";"RJ";101;65,5;"CAMPOS DOS GOYTACAZES";"Falta de Atenção à Condução";"Colisão transversal";"Com Vítimas Feridas";"Plena Noite";"Crescente";"Chuva";"Simples";"Retorno Regulamentado";"Sim";3;0;2;0;1;0;2;2;"-21.753717";"-41.34436";"SR-RJ";"DEL5/8";"UOP02/RJ"
192230;2019-02-18;"2";"20:13:00";"ES";101;394;"RIO NOVO DO SUL";"Falta de Atenção à Condução";"Tombamento";"Sem Vítimas";"Amanhecer";"Decrescente";"Nublado";"Simples";"Reta";"Não";1;0;0;0;1;0;0;1;"-20.8656564";"-40.9273814";"SR-ES";"DEL12/3";"UOP02/ES"
192231;2019-02-18;"2";"16:15:00";"MG";116;344,2;"CAMPANARIO";"Pista Escorregadia";"Saída de leito carroçável";"Com Vítimas Feridas";"Pleno dia";"Crescente";"Céu Claro";"Simples";"Reta";"Não";1;0;1;0;0;0;1;1;"-18.3532221";"-41.77482605";"SR-MG";"DEL4/11";"UOP01/MG"
192232;2019-02-18;"2";"07:30:00";"PR";153;462;"PORTO VITORIA";"Condutor Dormindo";"Saída de leito carroçável";"Sem Vítimas";"Amanhecer";"Decrescente";"Nublado";"Múltipla";"Reta";"Não";1;0;0;0;0;1;0;1;"-26.224693";"-51.135174";"SR-PR";"DEL7/2";"UOP02/PR"
192233;2019-02-18;"2";"21:00:00";"MG";381;802,4;"SAO GONCALO DO SAPUCAI";"Falta de Atenção à Condução";"Saída de leito carroçável";"Com Vítimas Feridas";"Plena Noite";"Crescente";"Chuva";"Dupla";"Reta";"Não";4;0;3;0;1;0;3;1;"-21.94865812";"-45.62302351";"SR-MG";"DEL09";"UOP02/MG"
192234;2019-02-18;"2";"15:15:00";"PA";163;547;"TRAIRAO";"Velocidade Incompatível";"Saída de leito carroçável";"Sem Vítimas";"Pleno dia";"Crescente";"Chuva";"Simples";"Curva";"Não";2;0;0;0;2;0;0;1;"-5.20004307";"-56.04118395";"SR-PA";"DEL19/5";"UOP01/PA"
192235;2019-02-18;"2";"21:40:00";"ES";101;266,3;"SERRA";"Agressão Externa";"Tombamento";"Com Vítimas Feridas";"Plena Noite";"Decrescente";"Nublado";"Dupla";"Interseção de vias";"Sim";1;0;1;0;0;0;1;1;"-20.19379017";"-40.2685681";"SR-ES";"DEL12/2";"UOP01/ES"
192236;2019-02-18;"2";"21:30:00";"AL";101;71;"MESSIAS";"Desobediência às normas de trânsito pelo condutor";"Colisão traseira";"Com Vítimas Feridas";"Plena Noite";"Crescente";"Céu Claro";"Dupla";"Curva";"Não";4;0;0;2;2;0;2;3;"-9.37787342";"-35.82693838";"SR-AL";"DEL13/1";"UOP01/AL"
192237;2019-02-18;"2";"21:20:00";"RN";226;73,6;"SERRA CAIADA";"Desobediência às normas de trânsito pelo condutor";"Colisão frontal";"Com Vítimas Fatais";"Plena Noite";"Decrescente";"Ignorado";"Simples";"Curva";"Não";2;1;0;0;1;0;0;2;"-6.103733";"-35.705315";"SR-RN";"DEL15/1";"UOP02/RN"
192238;2019-02-18;"2";"22:00:00";"SC";470;70;"INDAIAL";"Desobediência às normas de trânsito pelo condutor";"Colisão transversal";"Com Vítimas Feridas";"Plena Noite";"Crescente";"Nublado";"Simples";"Reta";"Não";3;0;1;0;2;0;1;3;"-26.889374";"-49.254478";"SR-SC";"DEL8/4";"UOP01/SC"
192239;2019-02-18;"2";"21:30:00";"RN";101;102,1;"PARNAMIRIM";"Desobediência às normas de trânsito pelo condutor";"Saída de leito carroçável";"Com Vítimas Feridas";"Plena Noite";"Decrescente";"Céu Claro";"Múltipla";"Reta";"Sim";1;0;1;0;0;0;1;1;"-5.88861";"-35.24033";"SR-RN";"DEL15/1";"UOP01/RN"
192240;2019-02-18;"2";"22:10:00";"PR";467;107,3;"CASCAVEL";"Falta de Atenção à Condução";"Colisão lateral";"Com Vítimas Feridas";"Plena Noite";"Decrescente";"Céu Claro";"Dupla";"Reta";"Não";3;0;1;0;2;0;1;2;"-24.92116283";"-53.47304648";"SR-PR";"DEL7/4";"UOP01/PR"
192241;2019-02-18;"2";"19:00:00";"MS";163;476,9;"CAMPO GRANDE";"Falta de Atenção à Condução";"Queda de ocupante de veículo";"Com Vítimas Feridas";"Plena Noite";"Decrescente";"Céu Claro";"Simples";"Curva";"Sim";1;0;1;0;0;0;1;1;"-20.5028868";"-54.55640361";"SR-MS";"DEL3/1";"UOP01/MS"
192242;2019-02-16;"7";"12:00:00";"SC";282;307,3;"VARGEM";"Condutor Dormindo";"Saída de leito carroçável";"Com Vítimas Fatais";"Pleno dia";"Crescente";"Céu Claro";"Simples";"Não Informado";"Não";2;1;0;0;0;1;0;1;"-27.495266";"-50.962605";"SR-SC";"DEL7";"UOP08/SC"
192243;2019-02-18;"2";"22:30:00";"RJ";101;39;"CAMPOS DOS GOYTACAZES";"Mal Súbito";"Colisão frontal";"Com Vítimas Fatais";"Plena Noite";"Crescente";"Chuva";"Simples";"Reta";"Não";5;1;0;3;1;0;3;2;"-21.543971";"-41.339658";"SR-RJ";"DEL5/8";"UOP01/RJ"
192244;2019-02-18;"2";"20:50:00";"RO";364;1040;"PORTO VELHO";"Falta de Atenção à Condução";"Colisão transversal";"Com Vítimas Feridas";"Plena Noite";"Decrescente";"Nublado";"Simples";"Reta";"Sim";2;0;0;1;1;0;1;2;"-9.674507";"-65.44786";"SR-RO";"DEL21/1";"UOP02/RO"
192245;2019-02-18;"2";"19:20:00";"RJ";465;14;"SEROPEDICA";"Não guardar distância de segurança";"Colisão lateral";"Com Vítimas Feridas";"Plena Noite";"Decrescente";"Chuva";"Simples";"Reta";"Sim";2;0;1;0;1;0;1;2;"-22.804979";"-43.638828";"SR-RJ";"DEL5/1";"UOP03/RJ"
192246;2019-02-18;"2";"22:20:00";"RO";364;197,1;"PIMENTA BUENO";"Falta de Atenção à Condução";"Tombamento";"Com Vítimas Feridas";"Plena Noite";"Crescente";"Nublado";"Simples";"Reta";"Sim";2;0;0;1;1;0;1;2;"-11.677914";"-61.188048";"SR-RO";"DEL21/2";"UOP02/RO"
192247;2019-02-18;"2";"22:30:00";"PR";277;593,1;"CASCAVEL";"Falta de Atenção à Condução";"Saída de leito carroçável";"Com Vítimas Feridas";"Plena Noite";"Decrescente";"Céu Claro";"Simples";"Reta";"Não";1;0;1;0;0;0;1;1;"-25.02817";"-53.55983";"SR-PR";"DEL7/4";"UOP01/PR"
192248;2019-02-18;"2";"22:00:00";"RO";174;15,8;"VILHENA";"Desobediência às normas de trânsito pelo condutor";"Colisão lateral";"Com Vítimas Feridas";"Plena Noite";"Crescente";"Céu Claro";"Simples";"Reta";"Sim";2;0;1;1;0;0;2;2;"-12.723321";"-60.12801";"SR-RO";"DEL21/4";"UOP01/RO"
192249;2019-02-19;"3";"00:00:00";"SP";116;214;"GUARULHOS";"Falta de Atenção à Condução";"Colisão com objeto estático";"Com Vítimas Feridas";"Plena Noite";"Decrescente";"Céu Claro";"Múltipla";"Reta";"Sim";2;0;1;0;0;1;1;2;"-23.44915855";"-46.45908594";"SR-SP";"DEL6/1";"UOP01/SP"
192250;2019-02-19;"3";"00:10:00";"SP";116;544,5;"BARRA DO TURVO";"Velocidade Incompatível";"Tombamento";"Com Vítimas Feridas";"Plena Noite";"Decrescente";"Céu Claro";"Dupla";"Curva";"Não";2;0;0;2;0;0;2;1;"-24.96350917";"-48.42927933";"SR-SP";"DEL6/5";"UOP03/SP"
192251;2019-02-18;"2";"23:10:00";"BA";116;807,3;"VITORIA DA CONQUISTA";"Ingestão de Álcool";"Saída de leito carroçável";"Sem Vítimas";"Plena Noite";"Decrescente";"Céu Claro";"Simples";"Reta";"Não";1;0;0;0;1;0;0;1;"-14.77802";"-40.73129";"SR-BA";"DEL10/8";"UOP01/BA"
192252;2019-02-18;"2";"19:30:00";"RJ";116;196,4;"QUEIMADOS";"Defeito Mecânico no Veículo";"Incêndio";"Sem Vítimas";"Plena Noite";"Decrescente";"Chuva";"Dupla";"Reta";"Não";2;0;0;0;2;0;0;1;"-22.733366";"-43.556595";"SR-RJ";"DEL5/1";"UOP03/RJ"
192253;2019-02-18;"2";"20:10:00";"RS";290;175;"BUTIA";"Desobediência às normas de trânsito pelo condutor";"Colisão transversal";"Com Vítimas Feridas";"Plena Noite";"Crescente";"Céu Claro";"Simples";"Reta";"Sim";2;0;1;0;1;0;1;2;"-30.129343";"-51.961823";"SR-RS";"DEL9/2";"UOP03/RS"
192255;2019-02-18;"2";"19:10:00";"PE";104;27;"CARUARU";"Desobediência às normas de trânsito pelo condutor";"Colisão traseira";"Com Vítimas Feridas";"Plena Noite";"Decrescente";"Céu Claro";"Simples";"Não Informado";"Não";3;0;0;2;0;1;2;2;"-8.004665";"-36.08344";"SR-PE";"DEL11/2";"UOP01/PE"
192256;2019-02-19;"3";"00:20:00";"RJ";101;271;"RIO BONITO";"Pista Escorregadia";"Queda de ocupante de veículo";"Com Vítimas Feridas";"Plena Noite";"Decrescente";"Garoa/Chuvisco";"Dupla";"Curva";"Não";1;0;1;0;0;0;1;1;"-22.724432";"-42.69368";"SR-RJ";"DEL5/2";"UOP03/RJ"
192257;2019-02-18;"2";"23:50:00";"RJ";101;256,8;"RIO BONITO";"Deficiência ou não Acionamento do Sistema de Iluminação/Sinalização do Veículo";"Colisão traseira";"Com Vítimas Fatais";"Plena Noite";"Decrescente";"Nublado";"Dupla";"Reta";"Não";3;1;0;0;2;0;0;2;"-22.696228";"-42.568623";"SR-RJ";"DEL5/2";"UOP03/RJ"
192258;2019-02-19;"3";"00:30:00";"BA";101;908,5;"IBIRAPUA";"Falta de Atenção à Condução";"Queda de ocupante de veículo";"Com Vítimas Feridas";"Plena Noite";"Crescente";"Céu Claro";"Simples";"Reta";"Não";2;0;1;1;0;0;2;2;"-17.7905";"-39.7796";"SR-BA";"DEL10/9";"UOP03/BA"
192259;2019-02-19;"3";"02:00:00";"DF";60;8,2;"BRASILIA";"Condutor Dormindo";"Colisão traseira";"Com Vítimas Fatais";"Plena Noite";"Decrescente";"Céu Claro";"Simples";"Reta";"Sim";2;1;0;0;1;0;0;2;"-15.90324";"-48.130695";"SR-DF";"DF";"UOP03/DF"
192261;2019-01-13;"1";"20:05:00";"BA";367;82,8;"EUNAPOLIS";"Falta de Atenção à Condução";"Colisão transversal";"Com Vítimas Feridas";"Plena Noite";"Crescente";"Céu Claro";"Simples";"Reta";"Não";2;0;0;1;1;0;1;2;"-16.372061";"-39.561646";"SR-BA";"DEL10/9";"UOP01/BA"
192262;2019-02-19;"3";"03:20:00";"CE";20;279;"CANINDE";"Falta de Atenção à Condução";"Colisão frontal";"Sem Vítimas";"Plena Noite";"Decrescente";"Céu Claro";"Simples";"Reta";"Não";2;0;0;0;2;0;0;2;"-4.588733";"-39.363049";"SR-CE";"DEL16/2";"UOP01/CE"
192263;2019-02-19;"3";"01:15:00";"PR";369;419,8;"JURANDA";"Não guardar distância de segurança";"Colisão lateral";"Com Vítimas Feridas";"Plena Noite";"Decrescente";"Céu Claro";"Simples";"Reta";"Não";3;0;0;2;1;0;2;2;"-24.3795";"-52.7818";"SR-PR";"DEL7/4";"UOP04/PR"
192264;2019-02-19;"3";"03:00:00";"AL";316;242;"ATALAIA";"Condutor Dormindo";"Colisão frontal";"Com Vítimas Fatais";"Plena Noite";"Decrescente";"Nublado";"Simples";"Curva";"Não";1;1;0;0;0;0;0;1;"-9.50860011";"-36.01679586";"SR-AL";"DEL13/1";"UOP01/AL"
192266;2019-02-19;"3";"05:30:00";"RJ";493;22;"MAGE";"Animais na Pista";"Queda de ocupante de veículo";"Com Vítimas Feridas";"Amanhecer";"Crescente";"Céu Claro";"Simples";"Reta";"Não";1;0;1;0;0;0;1;1;"-22.659311";"-43.053299";"SR-RJ";"DEL5/4";"UOP02/RJ"
192267;2019-02-19;"3";"06:00:00";"PE";232;5;"RECIFE";"Não guardar distância de segurança";"Colisão traseira";"Sem Vítimas";"Pleno dia";"Decrescente";"Garoa/Chuvisco";"Dupla";"Reta";"Sim";5;0;0;0;5;0;0;5;"-8.067958";"-34.945354";"SR-PE";"DEL11/1";"UOP01/PE"
192269;2019-02-19;"3";"05:00:00";"PR";116;74;"QUATRO BARRAS";"Não guardar distância de segurança";"Colisão traseira";"Com Vítimas Feridas";"Plena Noite";"Crescente";"Nublado";"Dupla";"Reta";"Não";3;0;1;1;1;0;2;2;"-25.365171";"-49.042229";"SR-PR";"DEL7/1";"UOP01/PR"
192270;2019-02-19;"3";"06:10:00";"SC";101;132;"BALNEARIO CAMBORIU";"Desobediência às normas de trânsito pelo pedestre";"Atropelamento de Pedestre";"Com Vítimas Feridas";"Amanhecer";"Crescente";"Céu Claro";"Dupla";"Reta";"Sim";2;0;1;0;1;0;1;1;"-26.9992";"-48.646";"SR-SC";"DEL8/4";"UOP03/SC"
192271;2019-02-19;"3";"06:20:00";"DF";70;6,5;"BRASILIA";"Falta de Atenção à Condução";"Colisão lateral";"Com Vítimas Feridas";"Pleno dia";"Decrescente";"Céu Claro";"Dupla";"Reta";"Sim";3;0;1;0;2;0;1;2;"-15.791242";"-48.105759";"SR-DF";"DF";"UOP06/DF"
192272;2019-02-19;"3";"06:15:00";"RN";304;63,9;"MOSSORO";"Animais na Pista";"Atropelamento de Animal";"Com Vítimas Feridas";"Amanhecer";"Crescente";"Nevoeiro/Neblina";"Simples";"Reta";"Não";1;0;1;0;0;0;1;1;"-5.347065";"-37.256435";"SR-RN";"DEL15/4";"UOP01/RN"
192273;2019-02-19;"3";"06:50:00";"PR";369;148,1;"LONDRINA";"Desobediência às normas de trânsito pelo condutor";"Colisão traseira";"Com Vítimas Feridas";"Pleno dia";"Decrescente";"Céu Claro";"Dupla";"Reta";"Sim";2;0;1;0;1;0;1;2;"-23.29305712";"-51.14350855";"SR-PR";"DEL7/7";"UOP01/PR"
192274;2019-02-19;"3";"06:50:00";"PR";116;184,2;"CAMPO DO TENENTE";"Sinalização da via insuficiente ou inadequada";"Tombamento";"Com Vítimas Feridas";"Pleno dia";"Crescente";"Céu Claro";"Simples";"Curva";"Não";6;0;1;1;4;0;2;5;"-25.9361044";"-49.63811967";"SR-PR";"DEL7/1";"UOP03/PR"
192275;2019-02-19;"3";"05:40:00";"PR";116;74;"QUATRO BARRAS";"Velocidade Incompatível";"Colisão traseira";"Com Vítimas Feridas";"Amanhecer";"Crescente";"Nublado";"Dupla";"Reta";"Não";2;0;1;0;1;0;1;2;"-25.365171";"-49.042229";"SR-PR";"DEL7/1";"UOP01/PR"
192276;2019-02-19;"3";"06:40:00";"TO";153;152;"ARAGUAINA";"Desobediência às normas de trânsito pelo condutor";"Colisão transversal";"Com Vítimas Feridas";"Pleno dia";"Crescente";"Nublado";"Simples";"Retorno Regulamentado";"Não";2;0;1;0;1;0;1;2;"-7.264632";"-48.262615";"SR-TO";"UOP04/TO";""
192277;2019-02-19;"3";"06:50:00";"PR";163;350;"GUAIRA";"Defeito Mecânico no Veículo";"Incêndio";"Sem Vítimas";"Pleno dia";"Crescente";"Céu Claro";"Simples";"Rotatória";"Sim";1;0;0;0;1;0;0;1;"-24.0742";"-54.2446";"SR-PR";"DEL7/6";"UOP01/PR"
192278;2019-02-19;"3";"07:15:00";"GO";153;494,3;"GOIANIA";"Falta de Atenção à Condução";"Tombamento";"Com Vítimas Feridas";"Pleno dia";"Crescente";"Céu Claro";"Dupla";"Reta";"Não";2;0;2;0;0;0;2;1;"-16.6614";"-49.2218";"SR-GO";"DEL1/1";"UOP01/GO"
192279;2019-02-19;"3";"07:30:00";"GO";60;138;"GOIANIA";"Falta de Atenção à Condução";"Colisão transversal";"Com Vítimas Feridas";"Pleno dia";"Decrescente";"Céu Claro";"Dupla";"Reta";"Sim";2;0;0;1;1;0;1;2;"-16.6117";"-49.2053";"SR-GO";"DEL1/1";"UOP01/GO"
192280;2019-02-19;"3";"07:00:00";"SP";153;112,9;"JOSE BONIFACIO";"Não guardar distância de segurança";"Colisão com objeto estático";"Com Vítimas Feridas";"Amanhecer";"Crescente";"Céu Claro";"Simples";"Não Informado";"Não";1;0;1;0;0;0;1;1;"-21.104811";"-49.682751";"SR-SP";"DEL6/9";"UOP01/SP"
192281;2019-02-19;"3";"07:40:00";"RN";101;99;"NATAL";"Falta de Atenção à Condução";"Engavetamento";"Sem Vítimas";"Pleno dia";"Crescente";"Céu Claro";"Dupla";"Não Informado";"Sim";3;0;0;0;3;0;0;3;"-5.87365";"-35.220673";"SR-RN";"DEL15/1";"UOP01/RN"
192282;2019-02-19;"3";"06:30:00";"RJ";116;103;"GUAPIMIRIM";"Condutor Dormindo";"Saída de leito carroçável";"Com Vítimas Feridas";"Pleno dia";"Decrescente";"Céu Claro";"Simples";"Curva";"Não";3;0;2;0;1;0;2;1;"-22.503155";"-42.999081";"SR-RJ";"DEL5/4";"UOP02/RJ"
192283;2019-01-14;"2";"08:00:00";"BA";242;7;"SAPEACU";"Falta de Atenção à Condução";"Saída de leito carroçável";"Com Vítimas Feridas";"Pleno dia";"Crescente";"Céu Claro";"Simples";"Reta";"Não";1;0;0;1;0;0;1;1;"-12.73088432";"-39.18421032";"SR-BA";"DEL10/1";"UOP02/BA"
192284;2019-02-19;"3";"07:55:00";"RS";285;457,6;"IJUI";"Não guardar distância de segurança";"Engavetamento";"Sem Vítimas";"Pleno dia";"Crescente";"Sol";"Simples";"Reta";"Não";4;0;0;0;4;0;0;4;"-28.400869";"-53.898464";"SR-RS";"DEL9/10";"UOP01/RS"
192285;2019-01-14;"2";"09:00:00";"MG";365;616;"UBERLANDIA";"Não guardar distância de segurança";"Colisão traseira";"Com Vítimas Feridas";"Pleno dia";"Crescente";"Céu Claro";"Dupla";"Reta";"Sim";4;0;1;0;2;1;1;4;"-18.8974";"-48.2715";"SR-MG";"DEL4/15";"UOP01/MG"
192287;2019-02-19;"3";"08:10:00";"MG";40;603;"CONGONHAS";"Defeito Mecânico no Veículo";"Colisão traseira";"Com Vítimas Feridas";"Pleno dia";"Crescente";"Céu Claro";"Simples";"Reta";"Sim";2;0;1;0;1;0;1;2;"-20.4505";"-43.8408";"SR-MG";"DEL5";"UOP02/MG"
192288;2019-02-19;"3";"08:50:00";"SC";101;216;"PALHOCA";"Não guardar distância de segurança";"Colisão traseira";"Com Vítimas Feridas";"Pleno dia";"Crescente";"Céu Claro";"Múltipla";"Desvio Temporário";"Sim";3;0;1;0;2;0;1;2;"-27.659815";"-48.677479";"SR-SC";"DEL8/1";"UOP02/SC"
192289;2019-02-19;"3";"08:30:00";"AL";101;44,1;"FLEXEIRAS";"Velocidade Incompatível";"Tombamento";"Com Vítimas Feridas";"Pleno dia";"Decrescente";"Céu Claro";"Dupla";"Curva";"Não";1;0;1;0;0;0;1;1;"-9.19907981";"-35.78871489";"SR-AL";"DEL13/1";"UOP01/AL"
192290;2019-02-19;"3";"06:10:00";"AL";101;121;"SAO MIGUEL DOS CAMPOS";"Falta de Atenção à Condução";"Tombamento";"Sem Vítimas";"Amanhecer";"Crescente";"Céu Claro";"Simples";"Curva";"Não";1;0;0;0;1;0;0;1;"-9.680881";"-36.037369";"SR-AL";"DEL13/2";"UOP01/AL"
192291;2019-02-19;"3";"07:25:00";"PR";153;24,4;"JACAREZINHO";"Desobediência às normas de trânsito pelo condutor";"Colisão transversal";"Com Vítimas Feridas";"Pleno dia";"Crescente";"Nublado";"Simples";"Interseção de vias";"Não";2;0;1;0;1;0;1;2;"-23.183662";"-49.982449";"SR-PR";"DEL7/7";"UOP07/PR"
192292;2019-02-19;"3";"07:50:00";"MS";163;37,2;"ELDORADO";"Falta de Atenção à Condução";"Colisão transversal";"Com Vítimas Feridas";"Pleno dia";"Decrescente";"Sol";"Simples";"Reta";"Não";3;0;0;1;2;0;1;2;"-23.803158";"-54.303833";"SR-MS";"DEL3/09";"UOP02/MS"
192293;2019-02-19;"3";"09:00:00";"RN";101;95,1;"NATAL";"Não guardar distância de segurança";"Colisão traseira";"Com Vítimas Feridas";"Pleno dia";"Decrescente";"Céu Claro";"Múltipla";"Reta";"Sim";2;0;1;0;1;0;1;2;"-5.840768";"-35.210358";"SR-RN";"DEL15/1";"UOP01/RN"
192294;2019-01-19;"7";"07:00:00";"PB";104;110,9;"LAGOA SECA";"Desobediência às normas de trânsito pelo condutor";"Colisão transversal";"Com Vítimas Fatais";"Pleno dia";"Decrescente";"Sol";"Simples";"Reta";"Não";2;1;0;0;1;0;0;2;"-7.13504552";"-35.86066246";"SR-PB";"DEL14/2";"UOP04/PB"
192295;2019-02-19;"3";"07:15:00";"PR";277;74,9;"SAO JOSE DOS PINHAIS";"Falta de Atenção à Condução";"Colisão traseira";"Com Vítimas Feridas";"Pleno dia";"Crescente";"Céu Claro";"Dupla";"Reta";"Sim";2;0;1;0;1;0;1;2;"-25.49359988";"-49.16817963";"SR-PR";"DEL7/1";"UOP01/PR"
192296;2019-02-19;"3";"08:30:00";"CE";222;5;"CAUCAIA";"Falta de Atenção à Condução";"Colisão traseira";"Com Vítimas Feridas";"Pleno dia";"Crescente";"Nublado";"Múltipla";"Reta";"Sim";2;0;1;0;1;0;1;2;"-3.74297";"-38.613312";"SR-CE";"DEL16/1";"UOP01/CE"
192297;2019-02-19;"3";"07:00:00";"ES";101;299;"VIANA";"Falta de Atenção à Condução";"Tombamento";"Com Vítimas Feridas";"Pleno dia";"Decrescente";"Sol";"Simples";"Reta";"Não";1;0;1;0;0;0;1;1;"-20.35843295";"-40.42531724";"SR-ES";"DEL12/1";"UOP01/ES"
192299;2019-02-19;"3";"07:50:00";"MT";70;683,8;"CACERES";"Pista Escorregadia";"Saída de leito carroçável";"Com Vítimas Feridas";"Pleno dia";"Decrescente";"Chuva";"Simples";"Curva";"Não";4;0;2;0;2;0;2;1;"-16.20227848";"-57.3858628";"SR-MT";"DEL2/3";"UOP02/MT"
192300;2019-02-19;"3";"08:00:00";"BA";407;48;"JUAZEIRO";"Condutor Dormindo";"Saída de leito carroçável";"Com Vítimas Feridas";"Pleno dia";"Decrescente";"Céu Claro";"Simples";"Reta";"Não";1;0;1;0;0;0;1;1;"-9.797586";"-40.32394";"SR-BA";"DEL10/4";"UOP01/BA"
192301;2019-02-19;"3";"07:20:00";"SC";470;75;"INDAIAL";"Mal Súbito";"Saída de leito carroçável";"Com Vítimas Feridas";"Pleno dia";"Crescente";"Nublado";"Simples";"Reta";"Não";1;0;1;0;0;0;1;1;"-26.924833";"-49.284004";"SR-SC";"DEL8/4";"UOP01/SC"
192302;2019-02-19;"3";"08:20:00";"PR";476;144,1;"CURITIBA";"Falta de Atenção à Condução";"Colisão lateral";"Com Vítimas Feridas";"Pleno dia";"Decrescente";"Sol";"Dupla";"Não Informado";"Sim";3;0;1;1;1;0;2;2;"-25.542501";"-49.313011";"SR-PR";"DEL7/1";"UOP04/PR"
192304;2019-02-19;"3";"10:00:00";"BA";324;626;"SALVADOR";"Defeito Mecânico no Veículo";"Atropelamento de Pedestre";"Com Vítimas Feridas";"Pleno dia";"Decrescente";"Céu Claro";"Dupla";"Interseção de vias";"Sim";2;0;0;1;1;0;1;2;"-12.96403996";"-38.47671077";"SR-BA";"DEL10/1";"UOP01/BA"
192305;2019-02-19;"3";"09:10:00";"PA";230;612;"VITORIA DO XINGU";"Pista Escorregadia";"Queda de ocupante de veículo";"Com Vítimas Feridas";"Pleno dia";"Decrescente";"Garoa/Chuvisco";"Simples";"Reta";"Não";1;0;1;0;0;0;1;1;"-3.1788869";"-52.175543";"SR-PA";"DEL19/4";"UOP01/PA"
192306;2019-02-19;"3";"09:55:00";"SP";116;210;"GUARULHOS";"Defeito Mecânico no Veículo";"Queda de ocupante de veículo";"Com Vítimas Feridas";"Pleno dia";"Crescente";"Céu Claro";"Múltipla";"Não Informado";"Sim";1;0;1;0;0;0;1;1;"-23.42822482";"-46.41017675";"SR-SP";"DEL6/1";"UOP01/SP"
192307;2019-02-19;"3";"10:20:00";"DF";60;8,5;"BRASILIA";"Falta de Atenção à Condução";"Colisão traseira";"Sem Vítimas";"Pleno dia";"Decrescente";"Céu Claro";"Dupla";"Reta";"Não";2;0;0;0;2;0;0;2;"-15.90324";"-48.130695";"SR-DF";"DF";"UOP03/DF"