"id";"data_inversa";"dia_semana";"horario";"uf";"br";"km";"municipio";"causa_acidente";"tipo_acidente";"classificacao_acidente";"fase_dia";"sentido_via";"condicao_metereologica";"tipo_pista";"tracado_via";"uso_solo";"pessoas";"mortos";"feridos_leves";"feridos_graves";"ilesos";"ignorados";"feridos";"veiculos";"latitude";"longitude";"regional";"delegacia";"uop"
192405;2019-02-19;"3";"21:00:00";"MG";40;522,8;"CONTAGEM";"Falta de Atenção à Condução";"Saída de leito carroçável";"Com Vítimas Feridas";"Plena Noite";"Decrescente";"Nublado";"Dupla";"Reta";"Sim";1;0;1;0;0;0;1;1;"-19.8714";"-44.0566";"SR-MG";"DEL4/1";"UOP03/MG"
192406;2019-02-19;"3";"19:00:00";"RN";427;97,3;"CAICO";"Ingestão de Álcool";"Colisão traseira";"Com Vítimas Feridas";"Pleno dia";"Decrescente";"Nublado";"Simples";"Reta";"Sim";2;0;1;0;1;0;1;2;"-6.470299";"-37.08559";"SR-RN";"DEL15/3";"UOP01/RN"
192408;2019-02-19;"3";"20:00:00";"PR";476;30,1;"ADRIANOPOLIS";"Falta de Atenção à Condução";"Colisão traseira";"Com Vítimas Fatais";"Plena Noite";"Crescente";"Céu Claro";"Simples";"Reta";"Não";2;1;0;0;1;0;0;2;"-24.81547";"-49.040592";"SR-PR";"DEL7/1";"UOP01/PR"
192409;2019-02-19;"3";"20:30:00";"MT";163;930;"ITAUBA";"Pista Escorregadia";"Saída de leito carroçável";"Sem Vítimas";"Plena Noite";"Decrescente";"Chuva";"Simples";"Desvio Temporário";"Não";1;0;0;0;1;0;0;1;"-11.05508888";"-55.27230109";"SR-MT";"DEL2/6";"UOP02/MT"
192410;2019-02-19;"3";"19:00:00";"BA";242;657;"MUQUEM DE SAO FRANCISCO";"Velocidade Incompatível";"Colisão traseira";"Com Vítimas Feridas";"Plena Noite";"Decrescente";"Nublado";"Simples";"Reta";"Não";3;0;2;0;1;0;2;2;"-12.219813";"-43.820428";"SR-BA";"DEL 10/10";"UOP02/BA"
192411;2019-02-19;"3";"20:30:00";"RS";287;403;"SANTIAGO";"Animais na Pista";"Atropelamento de Animal";"Sem Vítimas";"Plena Noite";"Decrescente";"Céu Claro";"Simples";"Reta";"Não";2;0;0;0;2;0;0;2;"-29.140469";"-54.890419";"SR-RS";"DEL9/12";"UOP02/RS"
192412;2019-02-19;"3";"22:00:00";"RJ";116;300,7;"RESENDE";"Condutor Dormindo";"Capotamento";"Com Vítimas Feridas";"Plena Noite";"Decrescente";"Nublado";"Dupla";"Reta";"Não";1;0;0;1;0;0;1;1;"-22.45747908";"-44.40768242";"SR-RJ";"DEL5/7";"UOP03/RJ"
192413;2019-02-19;"3";"21:55:00";"RS";386;343,9;"LAJEADO";"Restrição de Visibilidade";"Tombamento";"Com Vítimas Feridas";"Plena Noite";"Decrescente";"Céu Claro";"Simples";"Reta";"Sim";1;0;0;1;0;0;1;1;"-29.434835";"-52.002365";"SR-RS";"DEL9/4";"UOP01/RS"
192414;2019-02-19;"3";"20:15:00";"ES";259;26,5;"COLATINA";"Falta de Atenção à Condução";"Queda de ocupante de veículo";"Com Vítimas Feridas";"Plena Noite";"Crescente";"Nublado";"Simples";"Reta";"Não";2;0;2;0;0;0;2;1;"-19.618679";"-40.486324";"SR-ES";"DEL12/2";"UOP01/ES"
192415;2019-02-19;"3";"22:20:00";"GO";40;4;"VALPARAISO DE GOIAS";"Falta de Atenção à Condução";"Saída de leito carroçável";"Sem Vítimas";"Plena Noite";"Crescente";"Nublado";"Dupla";"Reta";"Sim";1;0;0;0;1;0;0;1;"-16.085241";"-47.986752";"SR-DF";"GO";"UOP01/DF"
192416;2019-02-19;"3";"22:15:00";"RS";116;249;"SAO LEOPOLDO";"Desobediência às normas de trânsito pelo condutor";"Colisão transversal";"Com Vítimas Feridas";"Plena Noite";"Decrescente";"Céu Claro";"Múltipla";"Reta";"Sim";4;0;2;0;2;0;2;2;"-29.783234";"-51.161049";"SR-RS";"DEL9/1";"UOP02/RS"
192417;2019-02-19;"3";"19:00:00";"RS";392;15,9;"RIO GRANDE";"Defeito Mecânico no Veículo";"Tombamento";"Com Vítimas Feridas";"Anoitecer";"Crescente";"Céu Claro";"Simples";"Interseção de vias";"Sim";1;0;1;0;0;0;1;1;"-32.110714";"-52.15937";"SR-RS";"DEL9/7";"UOP02/RS"
192418;2019-02-19;"3";"21:10:00";"MT";163;757;"SORRISO";"Falta de Atenção à Condução";"Saída de leito carroçável";"Sem Vítimas";"Plena Noite";"Crescente";"Nublado";"Dupla";"Não Informado";"Não";1;0;0;0;1;0;0;1;"-12.5175";"-55.69811";"SR-MT";"DEL2/6";"UOP01/MT"
192420;2019-02-19;"3";"22:50:00";"SE";101;148;"ESTANCIA";"Condutor Dormindo";"Colisão com objeto estático";"Com Vítimas Feridas";"Plena Noite";"Crescente";"Céu Claro";"Dupla";"Não Informado";"Sim";1;0;0;1;0;0;1;1;"-11.23767425";"-37.42973328";"SR-SE";"DEL20/2";"UOP01/SE"
192421;2019-02-19;"3";"21:45:00";"RJ";116;227;"PIRAI";"Falta de Atenção à Condução";"Atropelamento de Pedestre";"Com Vítimas Feridas";"Plena Noite";"Crescente";"Céu Claro";"Simples";"Rotatória";"Sim";3;0;0;2;0;1;2;1;"-22.672081";"-43.817894";"SR-RJ";"DEL5/7";"UOP01/RJ"
192423;2019-02-19;"3";"22:30:00";"MG";381;385,9;"SAO GONCALO DO RIO ABAIXO";"Falta de Atenção do Pedestre";"Atropelamento de Pedestre";"Com Vítimas Fatais";"Plena Noite";"Crescente";"Nublado";"Simples";"Reta";"Sim";2;1;0;0;1;0;0;2;"-19.83410472";"-43.37360501";"SR-MG";"DEL4/1";"UOP01/MG"
192424;2019-02-19;"3";"23:40:00";"SP";116;270;"TABOAO DA SERRA";"Falta de Atenção à Condução";"Colisão traseira";"Com Vítimas Feridas";"Plena Noite";"Crescente";"Nublado";"Dupla";"Reta";"Sim";2;0;1;0;1;0;1;2;"-23.60766524";"-46.7651584";"SR-SP";"DEL6/4";"UOP01/SP"
192425;2019-02-19;"3";"22:40:00";"SC";282;549,9;"NOVA ITABERABA";"Ingestão de Álcool";"Colisão lateral";"Sem Vítimas";"Plena Noite";"Decrescente";"Céu Claro";"Simples";"Reta";"Não";2;0;0;0;2;0;0;2;"-26.962664";"-52.762272";"SR-SC";"DEL7";"UOP01/SC"
192426;2019-02-19;"3";"22:25:00";"MG";116;776,8;"LEOPOLDINA";"Condutor Dormindo";"Capotamento";"Com Vítimas Feridas";"Plena Noite";"Decrescente";"Nublado";"Simples";"Curva";"Não";1;0;1;0;0;0;1;1;"-21.59548766";"-42.68857419";"SR-MG";"DEL4/7";"UOP01/MG"
192427;2019-02-19;"3";"22:20:00";"MG";50;84;"UBERLANDIA";"Falta de Atenção à Condução";"Colisão traseira";"Com Vítimas Feridas";"Pleno dia";"Crescente";"Nublado";"Dupla";"Reta";"Não";2;0;0;1;1;0;1;2;"-19.0074";"-48.2087";"SR-MG";"DEL4/15";"UOP01/MG"
192428;2019-02-20;"4";"01:00:00";"MS";262;248;"RIBAS DO RIO PARDO";"Falta de Atenção à Condução";"Saída de leito carroçável";"Com Vítimas Feridas";"Plena Noite";"Decrescente";"Nublado";"Simples";"Reta";"Não";1;0;1;0;0;0;1;1;"-20.430699";"-53.83848";"SR-MS";"DEL3/1";"UOP01/MS"
192429;2019-02-20;"4";"02:00:00";"SC";101;41,7;"JOINVILLE";"Falta de Atenção à Condução";"Atropelamento de Pedestre";"Com Vítimas Feridas";"Plena Noite";"Decrescente";"Céu Claro";"Dupla";"Reta";"Sim";2;0;1;0;0;1;1;1;"-26.324";"-48.8672";"SR-SC";"DEL8/3";"UOP01/SC"
192430;2019-02-20;"4";"01:00:00";"SC";101;303;"LAGUNA";"Condutor Dormindo";"Colisão traseira";"Sem Vítimas";"Plena Noite";"Crescente";"Céu Claro";"Dupla";"Reta";"Não";2;0;0;0;2;0;0;2;"-28.3728";"-48.7601";"SR-SC";"DEL8/2";"UOP03/SC"
192431;2019-02-20;"4";"01:50:00";"RO";364;202;"PIMENTA BUENO";"Falta de Atenção à Condução";"Colisão traseira";"Com Vítimas Feridas";"Plena Noite";"Crescente";"Garoa/Chuvisco";"Dupla";"Não Informado";"Não";2;0;0;1;1;0;1;2;"-11.62978573";"-61.20556355";"SR-RO";"DEL21/2";"UOP02/RO"
192432;2019-02-19;"3";"23:00:00";"PR";369;392;"MAMBORE";"Ingestão de Álcool";"Saída de leito carroçável";"Sem Vítimas";"Plena Noite";"Crescente";"Nublado";"Simples";"Reta";"Não";1;0;0;0;1;0;0;1;"-24.2828";"-52.5483";"SR-PR";"DEL7/4";"UOP04/PR"
192433;2019-02-20;"4";"02:00:00";"RJ";40;96;"DUQUE DE CAXIAS";"Velocidade Incompatível";"Colisão com objeto estático";"Sem Vítimas";"Plena Noite";"Decrescente";"Céu Claro";"Simples";"Curva";"Não";1;0;0;0;1;0;0;1;"-22.5862";"-43.2622";"SR-RJ";"DEL5/6";"UOP03/RJ"
192435;2019-02-20;"4";"04:20:00";"PR";376;666,9;"GUARATUBA";"Defeito Mecânico no Veículo";"Tombamento";"Sem Vítimas";"Plena Noite";"Crescente";"Céu Claro";"Dupla";"Curva";"Não";1;0;0;0;1;0;0;1;"-25.86711588";"-48.93293381";"SR-PR";"DEL7/1";"UOP08/PR"
192436;2019-02-20;"4";"04:20:00";"RS";470;219;"BENTO GONCALVES";"Ingestão de Álcool";"Saída de leito carroçável";"Sem Vítimas";"Plena Noite";"Decrescente";"Céu Claro";"Simples";"Curva";"Não";1;0;0;0;1;0;0;1;"-29.18757655";"-51.52065799";"SR-RS";"DEL9/6";"UOP01/RS"
192437;2019-02-20;"4";"05:10:00";"SP";116;23,6;"LAVRINHAS";"Falta de Atenção à Condução";"Tombamento";"Com Vítimas Fatais";"Amanhecer";"Decrescente";"Céu Claro";"Dupla";"Reta";"Não";1;1;0;0;0;0;0;1;"-22.589794";"-44.885368";"SR-SP";"DEL6/8";"UOP01/SP"
192438;2019-01-06;"1";"22:45:00";"RS";290;56,5;"GLORINHA";"Condutor Dormindo";"Colisão traseira";"Sem Vítimas";"Plena Noite";"Crescente";"Céu Claro";"Dupla";"Reta";"Não";8;0;0;0;7;1;0;8;"-29.915447";"-50.818508";"SR-RS";"DEL9/3";"UOP02/RS"
192439;2019-02-20;"4";"04:30:00";"RN";101;148;"GOIANINHA";"Condutor Dormindo";"Colisão com objeto estático";"Sem Vítimas";"Amanhecer";"Crescente";"Céu Claro";"Dupla";"Reta";"Sim";1;0;0;0;1;0;0;1;"-6.279491";"-35.204899";"SR-RN";"DEL15/1";"UOP01/RN"
192440;2019-02-20;"4";"04:00:00";"BA";116;28;"VITORIA DA CONQUISTA";"Animais na Pista";"Atropelamento de Animal";"Sem Vítimas";"Amanhecer";"Decrescente";"Nublado";"Simples";"Reta";"Sim";1;0;0;0;1;0;0;1;"-14.83935827";"-40.81905842";"SR-BA";"DEL10/8";"UOP01/BA"
192441;2019-02-19;"3";"19:00:00";"MG";40;675;"CARANDAI";"Restrição de Visibilidade";"Colisão lateral";"Com Vítimas Feridas";"Plena Noite";"Crescente";"Céu Claro";"Simples";"Reta";"Não";2;0;0;1;0;1;1;2;"-21.01629258";"-43.78347874";"SR-MG";"DEL5";"UOP02/MG"
192442;2019-02-20;"4";"06:30:00";"GO";153;536,3;"HIDROLANDIA";"Falta de Atenção à Condução";"Saída de leito carroçável";"Com Vítimas Feridas";"Amanhecer";"Crescente";"Céu Claro";"Dupla";"Reta";"Não";3;0;2;0;1;0;2;1;"-17.0193";"-49.2217";"SR-GO";"DEL1/1";"UOP03/GO"
192443;2019-02-20;"4";"05:15:00";"SP";116;23,6;"LAVRINHAS";"Objeto estático sobre o leito carroçável";"Colisão com objeto estático";"Sem Vítimas";"Amanhecer";"Decrescente";"Céu Claro";"Dupla";"Reta";"Não";2;0;0;0;2;0;0;2;"-22.594556";"-44.88668";"SR-SP";"DEL6/8";"UOP01/SP"
192444;2019-02-20;"4";"06:00:00";"PE";101;81;"JABOATAO DOS GUARARAPES";"Velocidade Incompatível";"Colisão traseira";"Com Vítimas Feridas";"Pleno dia";"Decrescente";"Céu Claro";"Múltipla";"Reta";"Sim";2;0;1;0;1;0;1;2;"-8.1711";"-34.9379";"SR-PE";"DEL11/1";"UOP03/PE"
192445;2019-02-19;"3";"21:10:00";"BA";116;427;"FEIRA DE SANTANA";"Defeito na Via";"Tombamento";"Sem Vítimas";"Plena Noite";"Decrescente";"Céu Claro";"Dupla";"Reta";"Não";1;0;0;0;1;0;0;1;"-12.27501755";"-38.9955551";"SR-BA";"DEL10/2";"UOP01/BA"
192446;2019-02-20;"4";"06:50:00";"PE";101;56,2;"ABREU E LIMA";"Falta de Atenção à Condução";"Colisão lateral";"Com Vítimas Feridas";"Pleno dia";"Decrescente";"Céu Claro";"Dupla";"Reta";"Sim";4;0;0;1;3;0;1;2;"-7.9641";"-34.9158";"SR-PE";"DEL11/1";"UOP02/PE"
192447;2019-02-20;"4";"06:30:00";"GO";40;6,4;"VALPARAISO DE GOIAS";"Falta de Atenção à Condução";"Colisão lateral";"Com Vítimas Feridas";"Amanhecer";"Decrescente";"Céu Claro";"Dupla";"Reta";"Sim";3;0;1;1;1;0;2;2;"-16.100814";"-47.977351";"SR-DF";"GO";"UOP01/DF"
192448;2019-02-20;"4";"05:25:00";"RO";364;440,5;"JARU";"Condutor Dormindo";"Colisão lateral";"Com Vítimas Feridas";"Plena Noite";"Decrescente";"Nublado";"Simples";"Reta";"Não";7;0;3;0;4;0;3;2;"-10.354854";"-62.581497";"SR-RO";"DEL21/3";"UOP02/RO"
192449;2019-02-20;"4";"07:15:00";"PB";101;89,9;"JOAO PESSOA";"Pista Escorregadia";"Tombamento";"Com Vítimas Feridas";"Pleno dia";"Crescente";"Céu Claro";"Dupla";"Reta";"Sim";1;0;1;0;0;0;1;1;"-7.1896";"-34.9035";"SR-PB";"DEL14/1";"UOP01/PB"
192450;2019-02-20;"4";"05:30:00";"MT";163;811,3;"SINOP";"Ingestão de Álcool";"Saída de leito carroçável";"Sem Vítimas";"Amanhecer";"Decrescente";"Nublado";"Simples";"Reta";"Não";1;0;0;0;1;0;0;1;"-12.0799917";"-55.51770732";"SR-MT";"DEL2/6";"UOP01/MT"
192451;2019-02-20;"4";"07:30:00";"PR";376;182;"MARINGA";"Falta de Atenção à Condução";"Colisão traseira";"Com Vítimas Feridas";"Pleno dia";"Decrescente";"Céu Claro";"Dupla";"Reta";"Sim";2;0;0;1;1;0;1;2;"-23.43684";"-51.878807";"SR-PR";"DEL7/7";"UOP04/PR"
192452;2019-02-20;"4";"07:40:00";"RS";290;80,8;"GRAVATAI";"Falta de Atenção à Condução";"Tombamento";"Com Vítimas Feridas";"Pleno dia";"Crescente";"Céu Claro";"Dupla";"Reta";"Não";1;0;1;0;0;0;1;1;"-29.95343";"-51.058449";"SR-RS";"DEL9/1";"UOP01/RS"
192454;2019-02-06;"4";"18:30:00";"MT";70;240;"PRIMAVERA DO LESTE";"Velocidade Incompatível";"Colisão frontal";"Com Vítimas Fatais";"Plena Noite";"Crescente";"Nublado";"Simples";"Curva";"Não";3;1;0;1;1;0;1;2;"-15.622176";"-54.028831";"SR-MT";"DEL2/5";"UOP01/MT"
192455;2019-02-20;"4";"07:35:00";"ES";101;151,6;"LINHARES";"Falta de Atenção à Condução";"Colisão transversal";"Com Vítimas Feridas";"Pleno dia";"Crescente";"Céu Claro";"Simples";"Reta";"Não";2;0;1;0;1;0;1;2;"-19.41728163";"-40.06836176";"SR-ES";"DEL12/4";"UOP01/ES"
192456;2019-02-13;"4";"18:30:00";"MT";364;248;"JUSCIMEIRA";"Sinalização da via insuficiente ou inadequada";"Colisão traseira";"Com Vítimas Feridas";"Anoitecer";"Decrescente";"Nublado";"Dupla";"Reta";"Sim";2;0;1;0;1;0;1;2;"-16.130329";"-54.838242";"SR-MT";"DEL2/2";"UOP01/MT"
192457;2019-02-03;"1";"20:35:00";"GO";153;665,1;"GOIATUBA";"Falta de Atenção à Condução";"Colisão lateral";"Com Vítimas Fatais";"Plena Noite";"Decrescente";"Céu Claro";"Dupla";"Reta";"Não";2;1;0;0;1;0;0;2;"-18.0987";"-49.2738";"SR-GO";"DEL1/3";"UOP02/GO"
192458;2019-02-20;"4";"06:00:00";"PB";101;5;"MATARACA";"Defeito Mecânico no Veículo";"Incêndio";"Sem Vítimas";"Pleno dia";"Decrescente";"Sol";"Dupla";"Reta";"Não";1;0;0;0;1;0;0;1;"-6.5566";"-35.132";"SR-PB";"DEL14/1";"UOP03/PB"
192459;2019-02-20;"4";"08:20:00";"RS";386;343,2;"LAJEADO";"Desobediência às normas de trânsito pelo condutor";"Colisão transversal";"Com Vítimas Feridas";"Pleno dia";"Crescente";"Sol";"Simples";"Reta";"Não";2;0;1;0;1;0;1;2;"-29.44247531";"-51.98592067";"SR-RS";"DEL9/4";"UOP01/RS"
192460;2019-02-20;"4";"08:00:00";"PR";277;722,4;"FOZ DO IGUACU";"Falta de Atenção à Condução";"Colisão lateral";"Com Vítimas Feridas";"Pleno dia";"Crescente";"Céu Claro";"Dupla";"Reta";"Sim";2;0;1;0;0;1;1;2;"-25.495068";"-54.52095";"SR-PR";"DEL7/5";"UOP01/PR"
192461;2019-02-20;"4";"08:40:00";"PE";408;99,8;"SAO LOURENCO DA MATA";"Defeito Mecânico no Veículo";"Capotamento";"Com Vítimas Feridas";"Pleno dia";"Crescente";"Céu Claro";"Dupla";"Reta";"Não";1;0;1;0;0;0;1;1;"-8.043862";"-35.016523";"SR-PE";"DEL11/1";"UOP01/PE"
192462;2019-02-20;"4";"08:30:00";"PE";101;72,9;"RECIFE";"Falta de Atenção à Condução";"Colisão transversal";"Com Vítimas Feridas";"Pleno dia";"Decrescente";"Céu Claro";"Simples";"Não Informado";"Sim";4;0;1;0;3;0;1;2;"-8.094095";"-34.94787";"SR-PE";"DEL11/1";"UOP01/PE"
192463;2019-02-20;"4";"06:20:00";"RJ";116;169;"SAO JOAO DE MERITI";"Falta de Atenção à Condução";"Colisão traseira";"Com Vítimas Feridas";"Pleno dia";"Decrescente";"Céu Claro";"Dupla";"Reta";"Não";2;0;1;0;1;0;1;2;"-22.816206";"-43.324463";"SR-RJ";"DEL5/1";"UOP02/RJ"
192464;2019-02-20;"4";"08:15:00";"RS";285;246;"CIRIACO";"Defeito Mecânico no Veículo";"Incêndio";"Sem Vítimas";"Pleno dia";"Crescente";"Céu Claro";"Simples";"Reta";"Não";2;0;0;0;2;0;0;1;"-28.273693";"-51.937973";"SR-RS";"DEL08";"UOP03/RS"
192465;2019-02-20;"4";"08:20:00";"BA";116;423;"FEIRA DE SANTANA";"Desobediência às normas de trânsito pelo condutor";"Colisão transversal";"Com Vítimas Feridas";"Pleno dia";"Decrescente";"Céu Claro";"Simples";"Reta";"Sim";2;0;1;0;1;0;1;2;"-12.23547011";"-38.97742152";"SR-BA";"DEL10/2";"UOP01/BA"
192466;2019-02-20;"4";"08:40:00";"GO";40;11,1;"LUZIANIA";"Falta de Atenção à Condução";"Colisão transversal";"Com Vítimas Feridas";"Pleno dia";"Crescente";"Céu Claro";"Dupla";"Reta";"Sim";3;0;3;0;0;0;3;2;"-16.138336";"-47.951644";"SR-DF";"GO";"UOP01/DF"
192467;2019-02-20;"4";"07:30:00";"MA";135;13,2;"SAO LUIS";"Falta de Atenção à Condução";"Colisão transversal";"Com Vítimas Feridas";"Pleno dia";"Decrescente";"Sol";"Dupla";"Não Informado";"Sim";3;0;2;0;1;0;2;2;"-2.680535";"-44.295124";"SR-MA";"DEL18/1";"UOP01/MA"
192468;2019-02-20;"4";"08:20:00";"SP";116;217,5;"GUARULHOS";"Desobediência às normas de trânsito pelo condutor";"Colisão lateral";"Com Vítimas Feridas";"Pleno dia";"Crescente";"Céu Claro";"Múltipla";"Reta";"Sim";4;0;1;1;2;0;2;2;"-23.45680203";"-46.48064733";"SR-SP";"DEL6/1";"UOP01/SP"
192470;2019-02-20;"4";"07:30:00";"MG";40;750;"SANTOS DUMONT";"Velocidade Incompatível";"Tombamento";"Com Vítimas Feridas";"Pleno dia";"Decrescente";"Céu Claro";"Dupla";"Curva";"Não";1;0;0;1;0;0;1;1;"-21.4903";"-43.535";"SR-MG";"DEL5";"UOP01/MG"
192472;2019-02-20;"4";"08:30:00";"RS";285;415,7;"PANAMBI";"Falta de Atenção à Condução";"Saída de leito carroçável";"Com Vítimas Feridas";"Pleno dia";"Crescente";"Sol";"Simples";"Reta";"Não";1;0;1;0;0;0;1;1;"-28.34839044";"-53.51423264";"SR-RS";"DEL9/10";"UOP01/RS"
192473;2019-02-20;"4";"08:05:00";"SP";116;272;"TABOAO DA SERRA";"Falta de Atenção à Condução";"Colisão traseira";"Com Vítimas Feridas";"Pleno dia";"Decrescente";"Céu Claro";"Dupla";"Reta";"Sim";2;0;1;0;1;0;1;2;"-23.61293804";"-46.77958315";"SR-SP";"DEL6/4";"UOP01/SP"
192474;2019-02-04;"2";"19:00:00";"CE";116;3,7;"FORTALEZA";"Falta de Atenção à Condução";"Colisão lateral";"Com Vítimas Feridas";"Plena Noite";"Decrescente";"Céu Claro";"Múltipla";"Reta";"Sim";3;0;0;2;1;0;2;2;"-3.7874";"-38.5109";"SR-CE";"DEL16/1";"UOP02/CE"
192475;2019-02-20;"4";"08:15:00";"SP";116;272,5;"TABOAO DA SERRA";"Não guardar distância de segurança";"Colisão traseira";"Com Vítimas Feridas";"Pleno dia";"Decrescente";"Céu Claro";"Dupla";"Reta";"Sim";2;0;0;1;1;0;1;2;"-23.61446177";"-46.78356355";"SR-SP";"DEL6/4";"UOP01/SP"
192476;2019-02-20;"4";"07:00:00";"MA";316;393,9;"BACABAL";"Desobediência às normas de trânsito pelo condutor";"Colisão lateral";"Com Vítimas Fatais";"Amanhecer";"Decrescente";"Céu Claro";"Simples";"Reta";"Não";2;1;0;0;0;1;0;2;"-4.176689";"-44.514091";"SR-MA";"DEL18/2";"UOP01/MA"
192477;2019-02-15;"6";"10:50:00";"DF";70;10,2;"BRASILIA";"Desobediência às normas de trânsito pelo condutor";"Colisão traseira";"Com Vítimas Feridas";"Pleno dia";"Decrescente";"Nublado";"Dupla";"Reta";"Sim";4;0;1;0;1;2;1;2;"-15.787066";"-48.140709";"SR-DF";"DF";"UOP06/DF"
192478;2019-02-20;"4";"08:15:00";"RS";392;19,2;"RIO GRANDE";"Desobediência às normas de trânsito pelo condutor";"Colisão frontal";"Com Vítimas Feridas";"Pleno dia";"Crescente";"Sol";"Dupla";"Reta";"Não";2;0;2;0;0;0;2;2;"-32.087925";"-52.186695";"SR-RS";"DEL9/7";"UOP02/RS"
192479;2019-02-16;"7";"15:00:00";"PA";10;351,4;"SANTA MARIA DO PARA";"Não guardar distância de segurança";"Colisão traseira";"Com Vítimas Feridas";"Pleno dia";"Crescente";"Céu Claro";"Simples";"Não Informado";"Sim";3;0;2;0;1;0;2;2;"-1.37030273";"-47.56933246";"SR-PA";"DEL19/1";"UOP03/PA"
192481;2019-02-20;"4";"07:15:00";"BA";242;778;"BARREIRAS";"Pista Escorregadia";"Tombamento";"Com Vítimas Feridas";"Pleno dia";"Crescente";"Chuva";"Simples";"Curva";"Não";1;0;1;0;0;0;1;1;"-12.15170788";"-44.88677155";"SR-BA";"DEL10/10";"UOP01/BA"
192482;2019-02-20;"4";"10:00:00";"CE";116;13;"FORTALEZA";"Falta de Atenção à Condução";"Colisão lateral";"Sem Vítimas";"Pleno dia";"Crescente";"Céu Claro";"Múltipla";"Reta";"Sim";2;0;0;0;2;0;0;2;"-3.8732";"-38.499";"SR-CE";"DEL16/1";"UOP02/CE"
192484;2019-02-17;"1";"18:00:00";"MT";364;405;"CUIABA";"Desobediência às normas de trânsito pelo condutor";"Colisão transversal";"Com Vítimas Feridas";"Plena Noite";"Decrescente";"Céu Claro";"Múltipla";"Interseção de vias";"Sim";2;0;0;1;1;0;1;2;"-15.658054";"-55.979832";"SR-MT";"DEL2/1";"UOP01/MT"
192485;2019-02-15;"6";"16:30:00";"RO";364;17;"VILHENA";"Ingestão de Álcool";"Colisão traseira";"Com Vítimas Fatais";"Pleno dia";"Decrescente";"Céu Claro";"Simples";"Desvio Temporário";"Sim";3;1;0;0;2;0;0;2;"-12.73208";"-60.165894";"SR-RO";"DEL21/4";"UOP01/RO"
192486;2019-02-20;"4";"10:15:00";"MG";116;807,6;"ALEM PARAIBA";"Velocidade Incompatível";"Saída de leito carroçável";"Com Vítimas Feridas";"Pleno dia";"Crescente";"Céu Claro";"Simples";"Reta";"Não";3;0;2;0;1;0;2;1;"-21.84827484";"-42.66763687";"SR-MG";"DEL4/7";"UOP01/MG"
192487;2019-02-20;"4";"07:35:00";"SC";101;216,5;"PALHOCA";"Falta de Atenção à Condução";"Colisão lateral";"Com Vítimas Feridas";"Pleno dia";"Decrescente";"Céu Claro";"Simples";"Reta";"Não";2;0;1;0;1;0;1;2;"-27.659815";"-48.677479";"SR-SC";"DEL8/1";"UOP02/SC"
192488;2019-02-20;"4";"05:50:00";"MG";251;319,4;"SALINAS";"Velocidade Incompatível";"Tombamento";"Sem Vítimas";"Amanhecer";"Decrescente";"Céu Claro";"Simples";"Não Informado";"Não";1;0;0;0;1;0;0;1;"-16.1778";"-42.3327";"SR-MG";"DEL4/12";"UOP01/MG"
192489;2019-02-20;"4";"05:45:00";"PE";407;23,8;"AFRANIO";"Não guardar distância de segurança";"Tombamento";"Sem Vítimas";"Amanhecer";"Crescente";"Céu Claro";"Simples";"Curva";"Não";1;0;0;0;1;0;0;1;"-8.509351";"-41.008175";"SR-PE";"DEL11/6";"UOP02/PE"
192490;2019-02-20;"4";"11:00:00";"RS";158;324,3;"SANTA MARIA";"Defeito na Via";"Tombamento";"Com Vítimas Feridas";"Pleno dia";"Crescente";"Céu Claro";"Dupla";"Reta";"Sim";1;0;1;0;0;0;1;1;"-29.697626";"-53.788464";"SR-RS";"DEL9/9";"UOP01/RS"
192491;2019-02-20;"4";"10:40:00";"ES";101;292,4;"CARIACICA";"Ingestão de Álcool";"Colisão traseira";"Sem Vítimas";"Pleno dia";"Crescente";"Céu Claro";"Dupla";"Reta";"Sim";2;0;0;0;2;0;0;2;"-20.30373951";"-40.39604187";"SR-ES";"DEL12/1";"UOP01/ES"
192492;2019-02-20;"4";"11:00:00";"PR";277;108;"CAMPO LARGO";"Falta de Atenção à Condução";"Colisão traseira";"Com Vítimas Feridas";"Pleno dia";"Decrescente";"Garoa/Chuvisco";"Dupla";"Reta";"Sim";2;0;1;0;1;0;1;2;"-25.44079439";"-49.5401001";"SR-PR";"DEL7/1";"UOP04/PR"
192493;2019-02-20;"4";"12:00:00";"PR";376;220,3;"CAMBIRA";"Defeito Mecânico no Veículo";"Saída de leito carroçável";"Sem Vítimas";"Pleno dia";"Crescente";"Céu Claro";"Simples";"Reta";"Não";2;0;0;0;2;0;0;2;"-23.58503432";"-51.5591383";"SR-PR";"DEL7/7";"UOP03/PR"
192494;2019-02-20;"4";"10:39:00";"RO";174;13,7;"VILHENA";"Falta de Atenção à Condução";"Colisão transversal";"Com Vítimas Feridas";"Pleno dia";"Decrescente";"Céu Claro";"Dupla";"Interseção de vias";"Não";4;0;2;0;2;0;2;3;"-12.73610983";"-60.13083458";"SR-RO";"DEL21/4";"UOP01/RO"
192495;2019-02-20;"4";"12:05:00";"GO";153;639,5;"MORRINHOS";"Falta de Atenção à Condução";"Saída de leito carroçável";"Com Vítimas Feridas";"Pleno dia";"Crescente";"Nublado";"Dupla";"Reta";"Não";1;0;0;1;0;0;1;1;"-17.8714";"-49.2268";"SR-GO";"DEL1/3";"UOP01/GO"
192496;2019-02-20;"4";"10:30:00";"SP";116;315;"JUQUITIBA";"Defeito Mecânico no Veículo";"Incêndio";"Sem Vítimas";"Pleno dia";"Crescente";"Céu Claro";"Dupla";"Reta";"Sim";1;0;0;0;1;0;0;1;"-23.906052";"-46.99201";"SR-SP";"DEL6/4";"UOP02/SP"