"id";"data_inversa";"dia_semana";"horario";"uf";"br";"km";"municipio";"causa_acidente";"tipo_acidente";"classificacao_acidente";"fase_dia";"sentido_via";"condicao_metereologica";"tipo_pista";"tracado_via";"uso_solo";"pessoas";"mortos";"feridos_leves";"feridos_graves";"ilesos";"ignorados";"feridos";"veiculos";"latitude";"longitude";"regional";"delegacia";"uop"
192589;2019-02-20;"4";"23:30:00";"MG";365;470;"PATROCINIO";"Falta de Atenção à Condução";"Colisão transversal";"Com Vítimas Feridas";"Plena Noite";"Crescente";"Chuva";"Simples";"Reta";"Sim";9;0;5;0;4;0;5;2;"-18.91668";"-46.97599";"SR-MG";"DEL4/10";"UOP01/MG"
192590;2019-02-20;"4";"22:40:00";"MG";381;445;"SANTA LUZIA";"Defeito Mecânico no Veículo";"Incêndio";"Sem Vítimas";"Plena Noite";"Decrescente";"Nublado";"Simples";"Curva";"Não";1;0;0;0;1;0;0;1;"-19.80934616";"-43.78764153";"SR-MG";"DEL4/1";"UOP01/MG"
192591;2019-02-21;"5";"00:15:00";"MG";381;502,2;"BETIM";"Falta de Atenção à Condução";"Tombamento";"Com Vítimas Feridas";"Plena Noite";"Decrescente";"Nublado";"Dupla";"Curva";"Sim";1;0;1;0;0;0;1;1;"-20.0236";"-44.2299";"SR-MG";"DEL4/1";"UOP03/MG"
192592;2019-02-21;"5";"00:05:00";"PR";376;593;"CURITIBA";"Falta de Atenção do Pedestre";"Atropelamento de Pedestre";"Com Vítimas Fatais";"Plena Noite";"Crescente";"Nublado";"Dupla";"Reta";"Sim";2;1;0;0;1;0;0;1;"-25.47334321";"-49.3529892";"SR-PR";"DEL7/1";"UOP04/PR"
192593;2019-02-21;"5";"00:20:00";"PE";101;35,7;"ITAPISSUMA";"Condutor Dormindo";"Colisão traseira";"Com Vítimas Feridas";"Plena Noite";"Crescente";"Céu Claro";"Dupla";"Reta";"Não";3;0;0;2;0;1;2;2;"-7.7889";"-34.9295";"SR-PE";"DEL11/1";"UOP02/PE"
192594;2019-02-21;"5";"00:30:00";"CE";116;33;"HORIZONTE";"Defeito Mecânico no Veículo";"Capotamento";"Com Vítimas Feridas";"Plena Noite";"Decrescente";"Céu Claro";"Dupla";"Reta";"Sim";2;0;2;0;0;0;2;1;"-4.0483";"-38.5068";"SR-CE";"DEL16/1";"UOP02/CE"
192595;2019-02-21;"5";"01:25:00";"TO";153;560,3;"FATIMA";"Ingestão de Substâncias Psicoativas";"Atropelamento de Pedestre";"Com Vítimas Fatais";"Plena Noite";"Crescente";"Ignorado";"Simples";"Reta";"Não";2;1;0;0;0;1;0;1;"-10.742459";"-48.90321";"SR-TO";"UOP02/TO";""
192596;2019-02-20;"4";"17:00:00";"RS";116;652,9;"JAGUARAO";"Desobediência às normas de trânsito pelo condutor";"Colisão lateral";"Com Vítimas Feridas";"Pleno dia";"Decrescente";"Céu Claro";"Simples";"Reta";"Não";3;0;2;0;0;1;2;2;"-32.54594496";"-53.37295532";"SR-RS";"DEL9/7";"UOP03/RS"
192597;2019-02-21;"5";"02:20:00";"SP";153;61;"SAO JOSE DO RIO PRETO";"Ingestão de Álcool";"Saída de leito carroçável";"Sem Vítimas";"Plena Noite";"Crescente";"Nublado";"Dupla";"Reta";"Não";1;0;0;0;1;0;0;1;"-20.805029";"-49.355747";"SR-SP";"DEL6/9";"UOP01/SP"
192598;2019-02-21;"5";"01:10:00";"RJ";465;4;"SEROPEDICA";"Falta de Atenção à Condução";"Saída de leito carroçável";"Com Vítimas Feridas";"Plena Noite";"Crescente";"Ignorado";"Simples";"Rotatória";"Não";1;0;1;0;0;0;1;1;"-22.740971";"-43.705597";"SR-RJ";"DEL5/1";"UOP03/RJ"
192599;2019-02-20;"4";"23:10:00";"MG";40;2,4;"PARACATU";"Condutor Dormindo";"Colisão com objeto estático";"Com Vítimas Feridas";"Plena Noite";"Crescente";"Chuva";"Simples";"Não Informado";"Não";3;0;0;3;0;0;3;1;"-17.043858";"-47.14254";"SR-MG";"DEL4/14";"UOP01/MG"
192600;2019-02-21;"5";"01:25:00";"RS";101;47;"TERRA DE AREIA";"Falta de Atenção à Condução";"Colisão com objeto estático";"Sem Vítimas";"Plena Noite";"Decrescente";"Céu Claro";"Dupla";"Reta";"Sim";1;0;0;0;1;0;0;1;"-29.584307";"-50.068924";"SR-RS";"DEL9/3";"UOP03/RS"
192601;2019-02-21;"5";"02:10:00";"PB";101;37;"MAMANGUAPE";"Condutor Dormindo";"Queda de ocupante de veículo";"Com Vítimas Feridas";"Plena Noite";"Crescente";"Céu Claro";"Dupla";"Reta";"Não";1;0;1;0;0;0;1;1;"-6.8221";"-35.1384";"SR-PB";"DEL14/1";"UOP03/PB"
192602;2019-02-21;"5";"03:00:00";"MG";50;191;"UBERABA";"Condutor Dormindo";"Colisão traseira";"Com Vítimas Feridas";"Plena Noite";"Decrescente";"Nublado";"Dupla";"Reta";"Não";2;0;1;0;1;0;1;2;"-19.8694";"-47.8606";"SR-MG";"DEL13";"UOP01/MG"
192603;2019-02-21;"5";"03:30:00";"RS";290;363,1;"VILA NOVA DO SUL";"Desobediência às normas de trânsito pelo condutor";"Colisão transversal";"Com Vítimas Feridas";"Plena Noite";"Decrescente";"Céu Claro";"Simples";"Reta";"Não";4;0;2;0;2;0;2;2;"-30.373426";"-53.80323";"SR-RS";"DEL9/9";"UOP02/RS"
192604;2019-02-21;"5";"01:30:00";"RJ";116;249,9;"PIRAI";"Condutor Dormindo";"Colisão traseira";"Com Vítimas Fatais";"Plena Noite";"Decrescente";"Nublado";"Dupla";"Reta";"Não";2;1;0;0;1;0;0;2;"-22.58397878";"-44.00256157";"SR-RJ";"DEL5/7";"UOP01/RJ"
192605;2019-02-21;"5";"04:10:00";"TO";153;340;"GUARAI";"Desobediência às normas de trânsito pelo condutor";"Colisão frontal";"Com Vítimas Fatais";"Plena Noite";"Crescente";"Nublado";"Simples";"Reta";"Não";3;2;1;0;0;0;1;2;"-8.890424";"-48.508896";"SR-TO";"UOP03/TO";""
192606;2019-02-20;"4";"23:00:00";"BA";101;739,6;"ITABELA";"Velocidade Incompatível";"Capotamento";"Com Vítimas Feridas";"Plena Noite";"Decrescente";"Céu Claro";"Simples";"Não Informado";"Não";2;0;2;0;0;0;2;1;"-16.5271";"-39.5673";"SR-BA";"DEL10/9";"UOP01/BA"
192607;2019-02-21;"5";"04:30:00";"PE";101;63,2;"RECIFE";"Condutor Dormindo";"Colisão com objeto estático";"Com Vítimas Feridas";"Amanhecer";"Crescente";"Nublado";"Múltipla";"Não Informado";"Sim";1;0;1;0;0;0;1;1;"-8.015813";"-34.94039";"SR-PE";"DEL11/1";"UOP01/PE"
192608;2019-02-21;"5";"03:30:00";"MG";40;216;"JOAO PINHEIRO";"Condutor Dormindo";"Saída de leito carroçável";"Com Vítimas Feridas";"Plena Noite";"Crescente";"Céu Claro";"Simples";"Reta";"Não";1;0;1;0;0;0;1;1;"-17.959318";"-45.686401";"SR-MG";"DEL4/14";"UOP02/MG"
192609;2019-02-21;"5";"05:50:00";"TO";153;342;"GUARAI";"Falta de Atenção à Condução";"Colisão traseira";"Com Vítimas Feridas";"Amanhecer";"Decrescente";"Céu Claro";"Simples";"Reta";"Não";2;0;0;1;1;0;1;2;"-8.908701";"-48.509258";"SR-TO";"UOP03/TO";""
192610;2019-02-21;"5";"04:10:00";"GO";414;381,9;"CORUMBA DE GOIAS";"Defeito Mecânico no Veículo";"Saída de leito carroçável";"Com Vítimas Feridas";"Plena Noite";"Crescente";"Céu Claro";"Simples";"Não Informado";"Não";2;0;1;0;1;0;1;1;"-15.84782007";"-48.76865998";"SR-GO";"DEL1/2";"UOP01/GO"
192611;2019-02-21;"5";"05:25:00";"TO";153;341;"GUARAI";"Falta de Atenção à Condução";"Colisão traseira";"Sem Vítimas";"Pleno dia";"Decrescente";"Céu Claro";"Simples";"Reta";"Não";2;0;0;0;2;0;0;2;"-8.899562";"-48.509075";"SR-TO";"UOP03/TO";""
192615;2019-02-21;"5";"05:05:00";"MS";60;574,3;"GUIA LOPES DA LAGUNA";"Falta de Atenção à Condução";"Saída de leito carroçável";"Com Vítimas Feridas";"Amanhecer";"Decrescente";"Céu Claro";"Simples";"Reta";"Não";4;0;3;1;0;0;4;1;"-21.414553";"-56.052956";"SR-MS";"DEL3/5";"UOP01/MS"
192616;2019-02-20;"4";"23:30:00";"PI";343;202,8;"PIRIPIRI";"Animais na Pista";"Atropelamento de Animal";"Sem Vítimas";"Plena Noite";"Crescente";"Céu Claro";"Simples";"Desvio Temporário";"Não";1;0;0;0;1;0;0;1;"-4.395802";"-41.859032";"SR-PI";"DEL17/2";"UOP01/PI"
192617;2019-02-17;"1";"10:00:00";"PB";230;32;"BAYEUX";"Não guardar distância de segurança";"Engavetamento";"Sem Vítimas";"Pleno dia";"Decrescente";"Garoa/Chuvisco";"Dupla";"Reta";"Sim";4;0;0;0;4;0;0;4;"-7.143";"-34.9192";"SR-PB";"DEL14/1";"UOP00/PB"
192618;2019-02-21;"5";"07:20:00";"RS";116;240,2;"NOVO HAMBURGO";"Desobediência às normas de trânsito pelo condutor";"Colisão traseira";"Com Vítimas Feridas";"Pleno dia";"Decrescente";"Céu Claro";"Dupla";"Reta";"Sim";2;0;1;0;1;0;1;2;"-29.705002";"-51.14677";"SR-RS";"DEL9/1";"UOP02/RS"
192619;2019-02-21;"5";"04:15:00";"SC";282;507,1;"XANXERE";"Ingestão de álcool e/ou substâncias psicoativas pelo pedestre";"Capotamento";"Sem Vítimas";"Plena Noite";"Decrescente";"Céu Claro";"Simples";"Reta";"Sim";1;0;0;0;1;0;0;1;"-26.88591391";"-52.43662834";"SR-SC";"DEL7";"UOP01/SC"
192620;2019-02-21;"5";"06:20:00";"RJ";495;30;"PETROPOLIS";"Falta de Atenção à Condução";"Colisão traseira";"Com Vítimas Feridas";"Pleno dia";"Decrescente";"Céu Claro";"Simples";"Curva";"Sim";2;0;1;0;1;0;1;2;"-22.385458";"-43.129604";"SR-RJ";"DEL5/6";"UOP01/RJ"
192622;2019-02-21;"5";"06:55:00";"SC";101;45,8;"JOINVILLE";"Não guardar distância de segurança";"Colisão traseira";"Com Vítimas Feridas";"Pleno dia";"Decrescente";"Nublado";"Dupla";"Reta";"Sim";3;0;2;0;1;0;2;2;"-26.3578";"-48.8588";"SR-SC";"DEL8/3";"UOP01/SC"
192623;2019-02-21;"5";"06:40:00";"MT";163;118;"RONDONOPOLIS";"Desobediência às normas de trânsito pelo condutor";"Colisão transversal";"Com Vítimas Feridas";"Pleno dia";"Crescente";"Céu Claro";"Simples";"Reta";"Sim";2;0;1;0;1;0;1;2;"-16.513552";"-54.655167";"SR-MT";"DEL2/2";"UOP01/MT"
192624;2019-02-21;"5";"07:15:00";"MG";50;73;"UBERLANDIA";"Falta de Atenção à Condução";"Engavetamento";"Com Vítimas Feridas";"Pleno dia";"Decrescente";"Céu Claro";"Dupla";"Reta";"Não";5;0;2;0;3;0;2;5;"-18.9101";"-48.2239";"SR-MG";"DEL4/15";"UOP01/MG"
192625;2019-02-21;"5";"06:40:00";"PR";116;118,8;"CURITIBA";"Falta de Atenção à Condução";"Queda de ocupante de veículo";"Com Vítimas Feridas";"Pleno dia";"Decrescente";"Céu Claro";"Dupla";"Reta";"Não";1;0;1;0;0;0;1;1;"-25.544559";"-49.30146";"SR-PR";"DEL7/1";"UOP06/PR"
192626;2019-02-21;"5";"07:10:00";"PE";101;91;"CABO DE SANTO AGOSTINHO";"Falta de Atenção do Pedestre";"Atropelamento de Pedestre";"Com Vítimas Feridas";"Pleno dia";"Crescente";"Céu Claro";"Simples";"Reta";"Sim";2;0;1;0;1;0;1;1;"-8.2308";"-34.9969";"SR-PE";"DEL11/1";"UOP03/PE"
192627;2019-02-21;"5";"07:20:00";"RJ";101;60;"CAMPOS DOS GOYTACAZES";"Falta de Atenção do Pedestre";"Atropelamento de Pedestre";"Com Vítimas Feridas";"Pleno dia";"Decrescente";"Céu Claro";"Simples";"Reta";"Sim";2;0;1;0;1;0;1;1;"-21.720467";"-41.314461";"SR-RJ";"DEL5/8";"UOP01/RJ"
192628;2019-02-21;"5";"07:30:00";"MG";40;489,3;"ESMERALDAS";"Velocidade Incompatível";"Saída de leito carroçável";"Com Vítimas Feridas";"Pleno dia";"Decrescente";"Chuva";"Dupla";"Não Informado";"Não";1;0;0;1;0;0;1;1;"-19.6242";"-44.2049";"SR-MG";"DEL4/2";"UOP01/MG"
192629;2019-02-17;"1";"16:00:00";"PE";232;82,9;"GRAVATA";"Pista Escorregadia";"Saída de leito carroçável";"Sem Vítimas";"Pleno dia";"Decrescente";"Chuva";"Dupla";"Reta";"Sim";1;0;0;0;1;0;0;1;"-8.193437";"-35.551865";"SR-PE";"DEL11/1";"UOP04/PE"
192630;2019-02-21;"5";"05:50:00";"PR";277;241,1;"IRATI";"Velocidade Incompatível";"Tombamento";"Com Vítimas Feridas";"Amanhecer";"Decrescente";"Nublado";"Simples";"Curva";"Sim";1;0;1;0;0;0;1;1;"-25.44881178";"-50.63903516";"SR-PR";"DEL7/3";"UOP04/PR"
192631;2019-02-21;"5";"07:40:00";"BA";110;389,7;"SAO SEBASTIAO DO PASSE";"Falta de Atenção à Condução";"Colisão lateral";"Com Vítimas Feridas";"Pleno dia";"Crescente";"Sol";"Simples";"Reta";"Não";2;0;1;0;1;0;1;2;"-12.4954";"-38.4887";"SR-BA";"DEL10/1";"UOP04/BA"
192632;2019-02-21;"5";"05:40:00";"BA";116;579;"NOVA ITARANA";"Condutor Dormindo";"Colisão traseira";"Com Vítimas Feridas";"Pleno dia";"Crescente";"Céu Claro";"Simples";"Curva";"Não";2;0;1;0;1;0;1;2;"-13.107692";"-39.975099";"SR-BA";"DEL10/3";"UOP02/BA"
192633;2019-02-21;"5";"06:30:00";"MG";251;430;"GRAO MOGOL";"Ultrapassagem Indevida";"Queda de ocupante de veículo";"Com Vítimas Feridas";"Pleno dia";"Crescente";"Céu Claro";"Simples";"Reta";"Não";1;0;1;0;0;0;1;1;"-16.3438";"-43.1457";"SR-MG";"DEL4/12";"UOP01/MG"
192634;2019-02-21;"5";"07:50:00";"RN";101;97,2;"NATAL";"Não guardar distância de segurança";"Colisão traseira";"Com Vítimas Feridas";"Pleno dia";"Decrescente";"Céu Claro";"Dupla";"Reta";"Sim";4;0;1;0;3;0;1;3;"-5.857612";"-35.212723";"SR-RN";"DEL15/1";"UOP01/RN"
192635;2019-02-21;"5";"04:30:00";"BA";407;22;"JUAZEIRO";"Animais na Pista";"Atropelamento de Animal";"Sem Vítimas";"Pleno dia";"Decrescente";"Céu Claro";"Simples";"Reta";"Não";2;0;0;0;2;0;0;2;"-9.660538";"-40.38845";"SR-BA";"DEL10/4";"UOP01/BA"
192637;2019-02-03;"1";"14:40:00";"PI";407;529,8;"JACOBINA DO PIAUI";"Defeito na Via";"Tombamento";"Sem Vítimas";"Pleno dia";"Decrescente";"Sol";"Simples";"Reta";"Não";1;0;0;0;1;0;0;1;"-7.767051";"-41.261444";"SR-PI";"DEL17/4";"UOP01/PI"
192638;2019-02-21;"5";"08:15:00";"RJ";40;121;"DUQUE DE CAXIAS";"Falta de Atenção à Condução";"Colisão lateral";"Sem Vítimas";"Pleno dia";"Crescente";"Nublado";"Múltipla";"Curva";"Sim";2;0;0;0;2;0;0;2;"-22.7884";"-43.2853";"SR-RJ";"DEL5/1";"UOP01/RJ"
192641;2019-02-21;"5";"08:45:00";"RS";116;148;"CAXIAS DO SUL";"Não guardar distância de segurança";"Colisão traseira";"Com Vítimas Feridas";"Pleno dia";"Crescente";"Céu Claro";"Dupla";"Reta";"Sim";3;0;1;0;2;0;1;3;"-29.15444";"-51.151005";"SR-RS";"DEL9/5";"UOP01/RS"
192642;2019-02-21;"5";"08:10:00";"SC";101;330,8;"TUBARAO";"Não guardar distância de segurança";"Colisão traseira";"Com Vítimas Feridas";"Pleno dia";"Crescente";"Céu Claro";"Dupla";"Reta";"Não";2;0;1;0;0;1;1;2;"-28.4561";"-48.9819";"SR-SC";"DEL8/2";"UOP01/SC"
192644;2019-02-21;"5";"09:00:00";"ES";101;267,9;"SERRA";"Desobediência às normas de trânsito pelo condutor";"Colisão transversal";"Com Vítimas Feridas";"Pleno dia";"Crescente";"Céu Claro";"Simples";"Interseção de vias";"Sim";2;0;1;0;1;0;1;2;"-20.20661425";"-40.26967948";"SR-ES";"DEL12/2";"UOP01/ES"
192645;2019-02-21;"5";"07:00:00";"RJ";101;318;"SAO GONCALO";"Não guardar distância de segurança";"Colisão traseira";"Com Vítimas Feridas";"Pleno dia";"Crescente";"Nublado";"Dupla";"Reta";"Não";3;0;1;0;2;0;1;2;"-22.845663";"-43.098431";"SR-RJ";"DEL5/2";"UOP02/RJ"
192646;2019-02-21;"5";"08:25:00";"MG";153;120,5;"MONTE ALEGRE DE MINAS";"Não guardar distância de segurança";"Colisão lateral";"Com Vítimas Feridas";"Pleno dia";"Decrescente";"Céu Claro";"Simples";"Reta";"Não";3;0;2;0;1;0;2;3;"-18.8878";"-49.051";"SR-MG";"DEL4/15";"UOP03/MG"
192647;2019-02-21;"5";"08:20:00";"MG";381;686,9;"LAVRAS";"Velocidade Incompatível";"Colisão com objeto estático";"Com Vítimas Feridas";"Pleno dia";"Crescente";"Chuva";"Dupla";"Curva";"Não";1;0;1;0;0;0;1;1;"-21.179";"-45.1221";"SR-MG";"DEL4/4";"UOP02/MG"
192648;2019-02-21;"5";"07:40:00";"MT";163;841;"SINOP";"Desobediência às normas de trânsito pelo condutor";"Colisão transversal";"Com Vítimas Feridas";"Pleno dia";"Decrescente";"Nublado";"Simples";"Reta";"Não";2;0;1;0;1;0;1;2;"-11.805248";"-55.480662";"SR-MT";"DEL2/6";"UOP02/MT"
192650;2019-01-09;"4";"05:25:00";"MG";381;484,5;"BETIM";"Desobediência às normas de trânsito pelo condutor";"Colisão traseira";"Com Vítimas Fatais";"Amanhecer";"Crescente";"Céu Claro";"Dupla";"Reta";"Não";18;1;13;3;1;0;16;2;"-19.9557";"-44.0964";"SR-MG";"DEL4/1";"UOP03/MG"
192651;2019-02-21;"5";"06:40:00";"PI";343;4,9;"PARNAIBA";"Velocidade Incompatível";"Saída de leito carroçável";"Sem Vítimas";"Pleno dia";"Decrescente";"Nublado";"Simples";"Curva";"Não";1;0;0;0;1;0;0;1;"-2.900253";"-41.689171";"SR-PI";"DEL17/5";"UOP01/PI"
192655;2019-02-21;"5";"08:40:00";"MG";40;588;"ITABIRITO";"Velocidade Incompatível";"Tombamento";"Com Vítimas Feridas";"Pleno dia";"Decrescente";"Chuva";"Simples";"Reta";"Não";4;0;4;0;0;0;4;2;"-20.3578";"-43.9098";"SR-MG";"DEL4/1";"UOP02/MG"
192658;2019-02-21;"5";"06:30:00";"MG";40;178;"JOAO PINHEIRO";"Condutor Dormindo";"Colisão lateral";"Com Vítimas Feridas";"Pleno dia";"Crescente";"Chuva";"Simples";"Reta";"Não";4;0;1;0;3;0;1;4;"-17.969053";"-45.998695";"SR-MG";"DEL4/14";"UOP02/MG"
192659;2019-02-21;"5";"07:35:00";"SP";153;57,1;"SAO JOSE DO RIO PRETO";"Falta de Atenção à Condução";"Colisão frontal";"Com Vítimas Feridas";"Pleno dia";"Decrescente";"Céu Claro";"Simples";"Não Informado";"Não";3;0;1;0;2;0;1;2;"-20.769854";"-49.349796";"SR-SP";"DEL6/9";"UOP01/SP"
192660;2019-02-21;"5";"09:10:00";"BA";407;69,5;"JAGUARARI";"Falta de Atenção à Condução";"Colisão lateral";"Com Vítimas Feridas";"Pleno dia";"Crescente";"Céu Claro";"Simples";"Reta";"Não";2;0;1;0;1;0;1;2;"-9.967299";"-40.248745";"SR-BA";"DEL10/4";"UOP01/BA"
192661;2019-01-23;"4";"11:50:00";"PR";369;35,6;"ANDIRA";"Falta de Atenção à Condução";"Colisão traseira";"Com Vítimas Feridas";"Pleno dia";"Decrescente";"Céu Claro";"Simples";"Reta";"Não";2;0;0;1;1;0;1;2;"-23.03985625";"-50.22652318";"SR-PR";"DEL7/7";"UOP06/PR"
192663;2019-02-21;"5";"10:10:00";"MG";40;557,7;"NOVA LIMA";"Velocidade Incompatível";"Capotamento";"Com Vítimas Feridas";"Pleno dia";"Crescente";"Chuva";"Dupla";"Curva";"Sim";1;0;1;0;0;0;1;1;"-20.1116";"-43.9714";"SR-MG";"DEL4/1";"UOP02/MG"
192664;2019-02-21;"5";"11:00:00";"MG";356;264,6;"MURIAE";"Falta de Atenção à Condução";"Colisão traseira";"Com Vítimas Feridas";"Pleno dia";"Decrescente";"Nublado";"Simples";"Reta";"Sim";2;0;1;0;1;0;1;2;"-21.12461468";"-42.37923947";"SR-MG";"DEL4/7";"UOP02/MG"
192665;2019-02-21;"5";"10:20:00";"MG";381;944,2;"EXTREMA";"Falta de Atenção do Pedestre";"Atropelamento de Pedestre";"Com Vítimas Fatais";"Pleno dia";"Crescente";"Nublado";"Dupla";"Não Informado";"Não";2;1;0;0;1;0;0;1;"-22.8532";"-46.3374";"SR-MG";"DEL09";"UOP03/MG"
192666;2019-02-21;"5";"10:30:00";"RJ";40;85;"PETROPOLIS";"Pista Escorregadia";"Colisão com objeto estático";"Com Vítimas Feridas";"Pleno dia";"Crescente";"Chuva";"Simples";"Curva";"Não";1;0;1;0;0;0;1;1;"-22.559";"-43.2263";"SR-RJ";"DEL5/6";"UOP03/RJ"
192667;2019-02-21;"5";"10:30:00";"SP";116;71,4;"APARECIDA";"Pista Escorregadia";"Queda de ocupante de veículo";"Com Vítimas Feridas";"Pleno dia";"Decrescente";"Garoa/Chuvisco";"Simples";"Interseção de vias";"Sim";1;0;1;0;0;0;1;1;"-22.856516";"-45.231144";"SR-SP";"DEL6/8";"UOP02/SP"
192668;2019-02-21;"5";"08:45:00";"PR";153;461,5;"PORTO VITORIA";"Falta de Atenção à Condução";"Saída de leito carroçável";"Sem Vítimas";"Pleno dia";"Crescente";"Céu Claro";"Simples";"Curva";"Não";1;0;0;0;1;0;0;1;"-26.224693";"-51.135174";"SR-PR";"DEL7/2";"UOP02/PR"
192672;2019-02-21;"5";"07:15:00";"SP";116;218,5;"GUARULHOS";"Falta de Atenção à Condução";"Colisão traseira";"Com Vítimas Feridas";"Pleno dia";"Crescente";"Céu Claro";"Múltipla";"Reta";"Sim";3;0;2;0;1;0;2;2;"-23.45996";"-46.48634";"SR-SP";"DEL6/1";"UOP01/SP"
192673;2019-02-21;"5";"10:00:00";"SP";116;211;"GUARULHOS";"Falta de Atenção à Condução";"Colisão lateral";"Sem Vítimas";"Pleno dia";"Crescente";"Céu Claro";"Dupla";"Reta";"Sim";2;0;0;0;2;0;0;2;"-23.43190382";"-46.41866383";"SR-SP";"DEL6/1";"UOP01/SP"
192674;2019-02-21;"5";"11:50:00";"SP";116;126;"CACAPAVA";"Defeito Mecânico no Veículo";"Queda de ocupante de veículo";"Com Vítimas Feridas";"Pleno dia";"Decrescente";"Céu Claro";"Dupla";"Reta";"Não";2;0;1;0;0;1;1;1;"-23.104395";"-45.694351";"SR-SP";"DEL6";"UOP02/SP"
192676;2019-02-21;"5";"09:39:00";"RJ";116;176;"NOVA IGUACU";"Falta de Atenção à Condução";"Colisão transversal";"Com Vítimas Feridas";"Pleno dia";"Crescente";"Garoa/Chuvisco";"Múltipla";"Reta";"Sim";4;0;1;0;2;1;1;4;"-22.783915";"-43.382023";"SR-RJ";"DEL5/1";"UOP02/RJ"
192678;2019-02-21;"5";"11:30:00";"MG";381;489;"BETIM";"Defeito Mecânico no Veículo";"Colisão traseira";"Com Vítimas Feridas";"Pleno dia";"Crescente";"Céu Claro";"Dupla";"Reta";"Sim";3;0;1;0;2;0;1;2;"-19.9563";"-44.1428";"SR-MG";"DEL4/1";"UOP03/MG"
192679;2019-02-21;"5";"12:15:00";"PR";277;637,9;"CEU AZUL";"Desobediência às normas de trânsito pelo condutor";"Colisão transversal";"Com Vítimas Feridas";"Pleno dia";"Decrescente";"Céu Claro";"Simples";"Reta";"Sim";2;0;1;0;1;0;1;2;"-25.151279";"-53.844353";"SR-PR";"DEL7/5";"UOP02/PR"
192681;2019-02-21;"5";"12:05:00";"SC";470;249,1;"CURITIBANOS";"Desobediência às normas de trânsito pelo condutor";"Colisão transversal";"Com Vítimas Feridas";"Pleno dia";"Crescente";"Céu Claro";"Simples";"Rotatória";"Sim";2;0;1;0;1;0;1;2;"-27.312902";"-50.559643";"SR-SC";"DEL8/5";"UOP03/SC"
192682;2019-02-21;"5";"10:40:00";"CE";222;99;"UMIRIM";"Pista Escorregadia";"Saída de leito carroçável";"Com Vítimas Feridas";"Pleno dia";"Decrescente";"Céu Claro";"Simples";"Curva";"Não";2;0;1;0;1;0;1;1;"-3.721737";"-39.412823";"SR-CE";"DEL16/4";"UOP03/CE"
192683;2019-02-21;"5";"12:00:00";"SC";470;139,9;"RIO DO SUL";"Desobediência às normas de trânsito pelo condutor";"Colisão lateral";"Com Vítimas Feridas";"Pleno dia";"Crescente";"Céu Claro";"Simples";"Reta";"Sim";2;0;1;0;1;0;1;2;"-27.217564";"-49.65461";"SR-SC";"DEL8/4";"UOP02/SC"
192684;2019-01-28;"2";"08:32:00";"SC";282;505,3;"XANXERE";"Falta de Atenção à Condução";"Colisão transversal";"Com Vítimas Feridas";"Pleno dia";"Decrescente";"Ignorado";"Dupla";"Interseção de vias";"Sim";2;0;1;0;1;0;1;2;"-26.88566601";"-52.41845738";"SR-SC";"DEL7";"UOP01/SC"
192685;2019-02-21;"5";"13:05:00";"RS";480;72,4;"ERECHIM";"Velocidade Incompatível";"Colisão traseira";"Com Vítimas Feridas";"Pleno dia";"Crescente";"Céu Claro";"Simples";"Reta";"Não";2;0;1;0;1;0;1;2;"-27.634935";"-52.335625";"SR-RS";"DEL08";"UOP04/RS"
192686;2019-02-21;"5";"12:00:00";"ES";262;1;"CARIACICA";"Mal Súbito";"Colisão lateral";"Com Vítimas Fatais";"Pleno dia";"Crescente";"Céu Claro";"Dupla";"Reta";"Sim";5;1;0;1;3;0;1;5;"-20.3286";"-40.355";"SR-ES";"DEL12/1";"UOP01/ES"
192687;2019-02-21;"5";"11:00:00";"RJ";40;38,9;"AREAL";"Velocidade Incompatível";"Capotamento";"Com Vítimas Feridas";"Pleno dia";"Crescente";"Chuva";"Dupla";"Curva";"Não";1;0;1;0;0;0;1;1;"-22.23297214";"-43.11635083";"SR-RJ";"DEL5/6";"UOP01/RJ"
192688;2019-02-21;"5";"13:00:00";"MG";116;722;"MURIAE";"Falta de Atenção à Condução";"Queda de ocupante de veículo";"Com Vítimas Feridas";"Pleno dia";"Decrescente";"Nublado";"Simples";"Reta";"Não";1;0;0;1;0;0;1;1;"-21.24587008";"-42.39434031";"SR-MG";"DEL4/7";"UOP02/MG"
192689;2019-02-21;"5";"12:00:00";"PE";424;100;"GARANHUNS";"Condutor Dormindo";"Colisão frontal";"Com Vítimas Feridas";"Pleno dia";"Crescente";"Céu Claro";"Simples";"Reta";"Não";2;0;1;1;0;0;2;2;"-8.958925";"-36.510803";"SR-PE";"DEL11/3";"UOP01/PE"
192690;2019-02-21;"5";"10:46:00";"SP";116;225;"SAO JOSE DOS CAMPOS";"Falta de Atenção à Condução";"Colisão traseira";"Com Vítimas Feridas";"Pleno dia";"Crescente";"Nublado";"Múltipla";"Reta";"Sim";3;0;2;0;0;1;2;2;"-23.0";"-46.0";"SR-SP";"DEL6/1";"UOP01/SP"
192691;2019-02-21;"5";"13:10:00";"PR";277;622,8;"CEU AZUL";"Falta de Atenção à Condução";"Saída de leito carroçável";"Com Vítimas Feridas";"Pleno dia";"Crescente";"Sol";"Simples";"Reta";"Não";3;0;1;0;2;0;1;1;"-25.090425";"-53.728573";"SR-PR";"DEL7/5";"UOP02/PR"