"id";"data_inversa";"dia_semana";"horario";"uf";"br";"km";"municipio";"causa_acidente";"tipo_acidente";"classificacao_acidente";"fase_dia";"sentido_via";"condicao_metereologica";"tipo_pista";"tracado_via";"uso_solo";"pessoas";"mortos";"feridos_leves";"feridos_graves";"ilesos";"ignorados";"feridos";"veiculos";"latitude";"longitude";"regional";"delegacia";"uop"
192692;2019-02-21;"5";"13:45:00";"MG";40;763;"JUIZ DE FORA";"Velocidade Incompatível";"Colisão lateral";"Com Vítimas Feridas";"Pleno dia";"Decrescente";"Chuva";"Simples";"Não Informado";"Não";2;0;1;0;1;0;1;2;"-21.5779";"-43.4749";"SR-MG";"DEL5";"UOP01/MG"
192693;2019-02-21;"5";"11:30:00";"MG";381;814,8;"CAREACU";"Velocidade Incompatível";"Saída de leito carroçável";"Com Vítimas Feridas";"Pleno dia";"Decrescente";"Nublado";"Dupla";"Curva";"Não";1;0;1;0;0;0;1;1;"-22.03042893";"-45.67618674";"SR-MG";"DEL09";"UOP02/MG"
192694;2019-02-21;"5";"08:15:00";"TO";226;38;"DARCINOPOLIS";"Falta de Atenção à Condução";"Tombamento";"Sem Vítimas";"Pleno dia";"Decrescente";"Nublado";"Simples";"Reta";"Não";1;0;0;0;1;0;0;1;"-6.69788";"-47.748554";"SR-TO";"UOP05/TO";""
192695;2019-02-21;"5";"11:30:00";"MG";116;528,8;"CARATINGA";"Velocidade Incompatível";"Colisão traseira";"Com Vítimas Feridas";"Pleno dia";"Crescente";"Nublado";"Dupla";"Reta";"Sim";2;0;0;1;1;0;1;2;"-19.787155";"-42.135447";"SR-MG";"DEL4/6";"UOP02/MG"
192696;2019-02-21;"5";"11:40:00";"BA";116;410;"FEIRA DE SANTANA";"Falta de Atenção à Condução";"Colisão com objeto estático";"Sem Vítimas";"Pleno dia";"Decrescente";"Céu Claro";"Múltipla";"Reta";"Não";2;0;0;0;2;0;0;2;"-12.12173211";"-38.96808475";"SR-BA";"DEL10/2";"UOP01/BA"
192697;2019-02-21;"5";"12:30:00";"PB";230;88,5;"GURINHEM";"Falta de Atenção à Condução";"Colisão lateral";"Com Vítimas Feridas";"Pleno dia";"Decrescente";"Céu Claro";"Dupla";"Reta";"Sim";3;0;0;1;2;0;1;2;"-7.1689";"-35.3743";"SR-PB";"DEL14/1";"UOP02/PB"
192698;2019-02-21;"5";"14:15:00";"SC";470;57,3;"BLUMENAU";"Falta de Atenção à Condução";"Colisão transversal";"Com Vítimas Feridas";"Pleno dia";"Decrescente";"Céu Claro";"Simples";"Reta";"Não";3;0;2;0;1;0;2;2;"-26.880428";"-49.136532";"SR-SC";"DEL8/4";"UOP01/SC"
192699;2019-02-21;"5";"13:00:00";"PE";101;123;"ESCADA";"Falta de Atenção à Condução";"Colisão traseira";"Com Vítimas Feridas";"Pleno dia";"Crescente";"Céu Claro";"Dupla";"Reta";"Não";4;0;3;1;0;0;4;2;"-8.3607";"-35.2105";"SR-PE";"DEL11/1";"UOP03/PE"
192700;2019-02-21;"5";"13:59:00";"RO";174;15;"VILHENA";"Falta de Atenção à Condução";"Colisão traseira";"Com Vítimas Feridas";"Pleno dia";"Decrescente";"Céu Claro";"Simples";"Interseção de vias";"Não";2;0;1;0;1;0;1;2;"-12.723321";"-60.12801";"SR-RO";"DEL21/4";"UOP01/RO"
192701;2019-02-21;"5";"14:50:00";"CE";116;0,2;"FORTALEZA";"Defeito Mecânico no Veículo";"Engavetamento";"Com Vítimas Feridas";"Pleno dia";"Decrescente";"Céu Claro";"Dupla";"Reta";"Sim";4;0;1;0;3;0;1;3;"-3.7614";"-38.5188";"SR-CE";"DEL16/1";"UOP02/CE"
192702;2019-02-21;"5";"14:20:00";"MS";163;542,2;"BANDEIRANTES";"Falta de Atenção à Condução";"Tombamento";"Sem Vítimas";"Pleno dia";"Decrescente";"Céu Claro";"Simples";"Reta";"Não";1;0;0;0;0;1;0;1;"-19.970965";"-54.382083";"SR-MS";"DEL3/1";"UOP02/MS"
192703;2019-02-21;"5";"14:40:00";"GO";80;12,1;"PADRE BERNARDO";"Falta de Atenção à Condução";"Saída de leito carroçável";"Com Vítimas Feridas";"Pleno dia";"Decrescente";"Céu Claro";"Simples";"Reta";"Não";2;0;2;0;0;0;2;1;"-15.441895";"-48.197696";"SR-DF";"GO";"UOP06/DF"
192704;2019-02-02;"7";"19:45:00";"RR";432;202;"CANTA";"Falta de Atenção à Condução";"Saída de leito carroçável";"Com Vítimas Feridas";"Plena Noite";"Crescente";"Céu Claro";"Simples";"Reta";"Não";3;0;3;0;0;0;3;1;"2.700691";"-60.608253";"SR-RR";"UOP01/RR";""
192705;2019-02-21;"5";"14:51:00";"MS";60;393,3;"SIDROLANDIA";"Falta de Atenção à Condução";"Saída de leito carroçável";"Com Vítimas Feridas";"Pleno dia";"Crescente";"Sol";"Simples";"Reta";"Não";2;0;2;0;0;0;2;1;"-20.89555";"-54.865681";"SR-MS";"DEL3/1";"UOP04/MS"
192706;2019-02-21;"5";"15:15:00";"RJ";101;405;"ITAGUAI";"Falta de Atenção à Condução";"Colisão lateral";"Com Vítimas Feridas";"Pleno dia";"Crescente";"Céu Claro";"Dupla";"Reta";"Sim";3;0;1;0;2;0;1;2;"-22.867615";"-43.802757";"SR-RJ";"DEL5/3";"UOP01/RJ"
192707;2019-02-21;"5";"14:35:00";"SP";116;359,6;"MIRACATU";"Velocidade Incompatível";"Colisão com objeto estático";"Com Vítimas Feridas";"Pleno dia";"Decrescente";"Chuva";"Dupla";"Curva";"Não";1;0;1;0;0;0;1;1;"-24.10958509";"-47.26905763";"SR-SP";"DEL6/4";"UOP02/SP"
192708;2019-02-21;"5";"16:00:00";"RS";290;52;"GLORINHA";"Condutor Dormindo";"Saída de leito carroçável";"Com Vítimas Feridas";"Pleno dia";"Crescente";"Sol";"Dupla";"Reta";"Não";2;0;2;0;0;0;2;1;"-29.911516";"-50.777485";"SR-RS";"DEL9/3";"UOP02/RS"
192709;2019-02-21;"5";"16:10:00";"SC";470;54,5;"BLUMENAU";"Falta de Atenção à Condução";"Colisão transversal";"Com Vítimas Feridas";"Pleno dia";"Crescente";"Nublado";"Simples";"Interseção de vias";"Sim";2;0;1;0;1;0;1;2;"-26.871065";"-49.110374";"SR-SC";"DEL8/4";"UOP01/SC"
192710;2019-02-21;"5";"15:40:00";"RJ";101;473;"ANGRA DOS REIS";"Ingestão de Álcool";"Colisão transversal";"Com Vítimas Feridas";"Pleno dia";"Decrescente";"Chuva";"Múltipla";"Reta";"Não";2;0;1;0;1;0;1;2;"-22.99043695";"-44.24331665";"SR-RJ";"DEL5/3";"UOP02/RJ"
192711;2019-02-21;"5";"15:50:00";"RJ";101;117,1;"CAMPOS DOS GOYTACAZES";"Condutor Dormindo";"Tombamento";"Com Vítimas Feridas";"Pleno dia";"Crescente";"Chuva";"Dupla";"Não Informado";"Não";1;0;1;0;0;0;1;1;"-22.010393";"-41.668556";"SR-RJ";"DEL5/8";"UOP02/RJ"
192712;2019-02-13;"4";"14:30:00";"ES";482;87,9;"ALEGRE";"Desobediência às normas de trânsito pelo condutor";"Colisão frontal";"Com Vítimas Feridas";"Pleno dia";"Crescente";"Chuva";"Simples";"Curva";"Não";5;0;1;2;2;0;3;3;"-20.756855";"-41.555462";"SR-ES";"DEL12/3";"UOP02/ES"
192713;2019-02-21;"5";"15:45:00";"SP";116;449,9;"REGISTRO";"Falta de Atenção à Condução";"Engavetamento";"Com Vítimas Fatais";"Pleno dia";"Crescente";"Céu Claro";"Dupla";"Reta";"Sim";6;1;2;0;3;0;2;5;"-24.5355678";"-47.85850525";"SR-SP";"DEL6/5";"UOP01/SP"
192715;2019-02-21;"5";"16:20:00";"ES";262;5,2;"CARIACICA";"Falta de Atenção à Condução";"Colisão transversal";"Com Vítimas Feridas";"Pleno dia";"Decrescente";"Céu Claro";"Múltipla";"Reta";"Sim";3;0;1;0;1;1;1;2;"-20.3374";"-40.3859";"SR-ES";"DEL12/1";"UOP01/ES"
192716;2019-02-21;"5";"15:20:00";"PR";277;157,4;"PORTO AMAZONAS";"Falta de Atenção à Condução";"Saída de leito carroçável";"Com Vítimas Feridas";"Pleno dia";"Crescente";"Nublado";"Dupla";"Rotatória";"Não";2;0;1;1;0;0;2;1;"-25.47300685";"-49.89561349";"SR-PR";"DEL7/1";"UOP05/PR"
192717;2019-02-21;"5";"15:00:00";"RR";401;40;"BONFIM";"Falta de Atenção à Condução";"Capotamento";"Com Vítimas Feridas";"Pleno dia";"Decrescente";"Céu Claro";"Simples";"Reta";"Não";1;0;1;0;0;0;1;1;"3.03964028";"-60.38463593";"SR-RR";"UOP03/RR";""
192718;2019-02-21;"5";"15:40:00";"MG";251;328,8;"FRUTA DE LEITE";"Velocidade Incompatível";"Saída de leito carroçável";"Com Vítimas Feridas";"Pleno dia";"Decrescente";"Céu Claro";"Simples";"Curva";"Não";1;0;1;0;0;0;1;1;"-16.2362";"-42.3809";"SR-MG";"DEL4/12";"UOP01/MG"
192719;2019-02-21;"5";"16:30:00";"TO";153;522,6;"PUGMIL";"Pista Escorregadia";"Saída de leito carroçável";"Com Vítimas Feridas";"Pleno dia";"Decrescente";"Nublado";"Simples";"Reta";"Não";1;0;1;0;0;0;1;1;"-10.398239";"-48.895103";"SR-TO";"UOP02/TO";""
192720;2019-02-21;"5";"16:20:00";"SP";116;99;"PINDAMONHANGABA";"Desobediência às normas de trânsito pelo condutor";"Colisão lateral";"Com Vítimas Feridas";"Pleno dia";"Crescente";"Nublado";"Dupla";"Curva";"Não";2;0;0;1;1;0;1;2;"-22.981972";"-45.463547";"SR-SP";"DEL6";"UOP01/SP"
192721;2019-02-21;"5";"16:30:00";"RS";386;47;"SEBERI";"Falta de Atenção do Pedestre";"Atropelamento de Pedestre";"Com Vítimas Feridas";"Pleno dia";"Crescente";"Sol";"Simples";"Reta";"Sim";2;0;0;1;1;0;1;1;"-27.466236";"-53.404499";"SR-RS";"DEL08";"UOP02/RS"
192722;2019-02-21;"5";"16:20:00";"RS";116;131,9;"SAO MARCOS";"Velocidade Incompatível";"Tombamento";"Com Vítimas Feridas";"Pleno dia";"Crescente";"Céu Claro";"Simples";"Curva";"Não";1;0;1;0;0;0;1;1;"-29.050568";"-51.091534";"SR-RS";"DEL9/5";"UOP01/RS"
192723;2019-02-21;"5";"15:00:00";"AC";364;133;"RIO BRANCO";"Velocidade Incompatível";"Capotamento";"Com Vítimas Feridas";"Pleno dia";"Decrescente";"Céu Claro";"Dupla";"Rotatória";"Não";1;0;1;0;0;0;1;1;"-10.002488";"-67.849541";"SR-AC";"UOP01/AC";""
192724;2019-02-21;"5";"15:45:00";"SP";381;69;"MAIRIPORA";"Velocidade Incompatível";"Tombamento";"Com Vítimas Feridas";"Pleno dia";"Decrescente";"Sol";"Dupla";"Curva";"Não";1;0;1;0;0;0;1;1;"-23.34887536";"-46.56143188";"SR-SP";"DEL6/3";"UOP02/SP"
192725;2019-02-21;"5";"12:20:00";"MS";267;368;"MARACAJU";"Falta de Atenção à Condução";"Tombamento";"Com Vítimas Feridas";"Pleno dia";"Crescente";"Ignorado";"Simples";"Rotatória";"Não";2;0;1;0;1;0;1;2;"-21.64496879";"-55.18782562";"SR-MS";"DEL3/5";"UOP01/MS"
192726;2019-02-21;"5";"16:00:00";"MG";381;480,7;"BETIM";"Animais na Pista";"Tombamento";"Com Vítimas Feridas";"Pleno dia";"Crescente";"Céu Claro";"Dupla";"Reta";"Sim";1;0;1;0;0;0;1;1;"-19.95796059";"-44.05622721";"SR-MG";"DEL4/1";"UOP03/MG"
192727;2019-02-21;"5";"17:05:00";"BA";101;675;"ITAGIMIRIM";"Falta de Atenção à Condução";"Saída de leito carroçável";"Com Vítimas Feridas";"Pleno dia";"Crescente";"Céu Claro";"Simples";"Reta";"Não";1;0;0;1;0;0;1;1;"-16.0255";"-39.609";"SR-BA";"DEL10/9";"UOP01/BA"
192729;2019-02-21;"5";"15:20:00";"PR";376;0;"MANDAGUARI";"Fenômenos da Natureza";"Saída de leito carroçável";"Com Vítimas Fatais";"Pleno dia";"Decrescente";"Chuva";"Dupla";"Viaduto";"Não";2;1;0;0;1;0;0;2;"-23.51036934";"-51.71728201";"SR-PR";"DEL7/7";"UOP04/PR"
192730;2019-02-21;"5";"13:30:00";"MG";116;412,8;"GOVERNADOR VALADARES";"Falta de Atenção à Condução";"Colisão transversal";"Com Vítimas Feridas";"Pleno dia";"Decrescente";"Céu Claro";"Dupla";"Reta";"Sim";2;0;2;0;0;0;2;2;"-18.8718089";"-41.96847266";"SR-MG";"DEL4/6";"UOP01/MG"
192731;2019-02-21;"5";"17:40:00";"PR";277;234;"FERNANDES PINHEIRO";"Falta de Atenção à Condução";"Colisão transversal";"Com Vítimas Feridas";"Pleno dia";"Crescente";"Nublado";"Simples";"Reta";"Não";6;0;2;0;4;0;2;2;"-25.46471547";"-50.57478997";"SR-PR";"DEL7/3";"UOP04/PR"
192732;2019-02-21;"5";"16:40:00";"RS";290;141,9;"ELDORADO DO SUL";"Não guardar distância de segurança";"Colisão traseira";"Com Vítimas Feridas";"Pleno dia";"Crescente";"Sol";"Simples";"Reta";"Não";2;0;1;0;1;0;1;2;"-30.086048";"-51.61882";"SR-RS";"DEL9/2";"UOP01/RS"
192733;2019-02-21;"5";"17:45:00";"DF";20;18;"BRASILIA";"Falta de Atenção do Pedestre";"Atropelamento de Pedestre";"Com Vítimas Feridas";"Anoitecer";"Decrescente";"Nublado";"Dupla";"Desvio Temporário";"Sim";3;0;0;1;1;1;1;1;"-15.616901";"-47.708927";"SR-DF";"DF";"UOP04/DF"
192734;2019-02-21;"5";"17:10:00";"PR";277;678;"MEDIANEIRA";"Falta de Atenção à Condução";"Saída de leito carroçável";"Com Vítimas Feridas";"Pleno dia";"Crescente";"Céu Claro";"Dupla";"Reta";"Não";1;0;1;0;0;0;1;1;"-25.32075285";"-54.16088104";"SR-PR";"DEL7/5";"UOP01/PR"
192735;2019-02-21;"5";"17:20:00";"SC";101;157,3;"PORTO BELO";"Velocidade Incompatível";"Colisão com objeto estático";"Sem Vítimas";"Pleno dia";"Crescente";"Nublado";"Dupla";"Reta";"Sim";1;0;0;0;1;0;0;1;"-27.1901";"-48.6123";"SR-SC";"DEL8/4";"UOP03/SC"
192736;2019-02-21;"5";"17:50:00";"PE";232;9,5;"JABOATAO DOS GUARARAPES";"Não guardar distância de segurança";"Colisão traseira";"Com Vítimas Feridas";"Plena Noite";"Crescente";"Céu Claro";"Dupla";"Reta";"Sim";2;0;1;0;1;0;1;2;"-8.077656";"-34.978714";"SR-PE";"DEL11/1";"UOP01/PE"
192738;2019-02-21;"5";"12:30:00";"MG";381;250,8;"SANTANA DO PARAISO";"Desobediência às normas de trânsito pelo condutor";"Colisão transversal";"Com Vítimas Feridas";"Pleno dia";"Crescente";"Sol";"Simples";"Não Informado";"Sim";3;0;2;0;1;0;2;2;"-19.45896494";"-42.52541006";"SR-MG";"DEL4/6";"UOP01/MG"
192739;2019-02-21;"5";"17:55:00";"SC";470;71;"INDAIAL";"Desobediência às normas de trânsito pelo condutor";"Colisão transversal";"Sem Vítimas";"Pleno dia";"Decrescente";"Chuva";"Simples";"Reta";"Sim";2;0;0;0;1;1;0;2;"-26.895243";"-49.262104";"SR-SC";"DEL8/4";"UOP01/SC"
192740;2019-02-21;"5";"18:20:00";"GO";158;271;"JATAI";"Desobediência às normas de trânsito pelo condutor";"Colisão com objeto estático";"Com Vítimas Feridas";"Anoitecer";"Decrescente";"Nublado";"Simples";"Interseção de vias";"Sim";1;0;1;0;0;0;1;1;"-17.9276858";"-51.7090094";"SR-GO";"DEL1/5";"UOP01/GO"
192741;2019-02-21;"5";"18:00:00";"PR";476;119;"COLOMBO";"Ingestão de Álcool";"Queda de ocupante de veículo";"Com Vítimas Feridas";"Anoitecer";"Decrescente";"Nublado";"Dupla";"Reta";"Sim";2;0;2;0;0;0;2;1;"-25.364202";"-49.185825";"SR-PR";"DEL7/1";"UOP01/PR"
192742;2019-02-21;"5";"17:30:00";"GO";153;533,4;"HIDROLANDIA";"Pista Escorregadia";"Saída de leito carroçável";"Sem Vítimas";"Anoitecer";"Decrescente";"Chuva";"Dupla";"Reta";"Sim";2;0;0;0;2;0;0;1;"-16.9941";"-49.2281";"SR-GO";"DEL1/1";"UOP03/GO"
192743;2019-02-21;"5";"18:20:00";"GO";60;96;"ANAPOLIS";"Defeito Mecânico no Veículo";"Tombamento";"Com Vítimas Feridas";"Anoitecer";"Crescente";"Nublado";"Dupla";"Reta";"Sim";2;0;2;0;0;0;2;1;"-16.371";"-48.9422";"SR-GO";"DEL1/2";"UOP01/GO"
192744;2019-02-21;"5";"17:40:00";"SE";235;4;"NOSSA SENHORA DO SOCORRO";"Não guardar distância de segurança";"Colisão traseira";"Sem Vítimas";"Anoitecer";"Crescente";"Céu Claro";"Dupla";"Reta";"Sim";2;0;0;0;2;0;0;2;"-10.9064";"-37.1197";"SR-SE";"DEL20/1";"UOP01/SE"
192745;2019-02-21;"5";"15:30:00";"MG";153;21,8;"CENTRALINA";"Ingestão de Álcool";"Saída de leito carroçável";"Com Vítimas Feridas";"Pleno dia";"Crescente";"Céu Claro";"Dupla";"Reta";"Não";2;0;2;0;0;0;2;1;"-18.6138";"-49.1915";"SR-MG";"DEL4/15";"UOP03/MG"
192748;2019-02-21;"5";"16:30:00";"MT";364;152;"PEDRA PRETA";"Falta de Atenção à Condução";"Saída de leito carroçável";"Sem Vítimas";"Pleno dia";"Decrescente";"Chuva";"Simples";"Curva";"Não";1;0;0;0;1;0;0;1;"-16.76182121";"-54.26153184";"SR-MT";"DEL2/2";"UOP01/MT"
192749;2019-02-21;"5";"17:15:00";"RJ";356;148;"CAMPOS DOS GOYTACAZES";"Falta de Atenção à Condução";"Colisão transversal";"Com Vítimas Feridas";"Pleno dia";"Crescente";"Nublado";"Simples";"Reta";"Sim";3;0;1;2;0;0;3;2;"-21.777777";"-41.306713";"SR-RJ";"DEL5/8";"UOP02/RJ"
192750;2019-02-21;"5";"16:00:00";"RJ";40;60;"PETROPOLIS";"Pista Escorregadia";"Colisão com objeto estático";"Com Vítimas Feridas";"Pleno dia";"Crescente";"Chuva";"Dupla";"Curva";"Sim";2;0;1;0;1;0;1;1;"-22.40678333";"-43.14777374";"SR-RJ";"DEL5/6";"UOP03/RJ"
192752;2019-02-21;"5";"14:20:00";"MG";153;70,5;"MONTE ALEGRE DE MINAS";"Falta de Atenção à Condução";"Tombamento";"Sem Vítimas";"Pleno dia";"Decrescente";"Céu Claro";"Simples";"Reta";"Não";1;0;0;0;1;0;0;1;"-18.8878";"-49.051";"SR-MG";"DEL4/15";"UOP03/MG"
192753;2019-02-21;"5";"18:35:00";"PI";343;344,5;"TERESINA";"Ingestão de Álcool";"Colisão lateral";"Sem Vítimas";"Anoitecer";"Crescente";"Garoa/Chuvisco";"Simples";"Reta";"Não";2;0;0;0;2;0;0;2;"-5.094729";"-42.762775";"SR-PI";"DEL17/1";"UOP01/PI"
192754;2019-02-21;"5";"17:45:00";"RJ";101;321;"NITEROI";"Falta de Atenção à Condução";"Colisão lateral";"Com Vítimas Feridas";"Anoitecer";"Decrescente";"Céu Claro";"Múltipla";"Reta";"Sim";2;0;1;0;1;0;1;2;"-22.869852";"-43.110458";"SR-RJ";"DEL5/2";"UOP01/RJ"
192755;2019-02-21;"5";"19:00:00";"SC";470;40,5;"GASPAR";"Falta de Atenção à Condução";"Colisão transversal";"Com Vítimas Feridas";"Plena Noite";"Crescente";"Céu Claro";"Simples";"Reta";"Não";2;0;1;0;1;0;1;2;"-26.889574";"-48.99094";"SR-SC";"DEL8/4";"UOP01/SC"
192756;2019-02-21;"5";"16:55:00";"MS";262;305,7;"CAMPO GRANDE";"Condutor Dormindo";"Colisão frontal";"Com Vítimas Feridas";"Pleno dia";"Crescente";"Céu Claro";"Simples";"Curva";"Não";2;0;1;0;1;0;1;2;"-20.4803668";"-54.34028234";"SR-MS";"DEL3/1";"UOP01/MS"
192757;2019-02-21;"5";"19:35:00";"DF";20;52;"BRASILIA";"Ingestão de Álcool";"Saída de leito carroçável";"Com Vítimas Feridas";"Plena Noite";"Crescente";"Garoa/Chuvisco";"Dupla";"Reta";"Não";2;0;2;0;0;0;2;1;"-15.580098";"-47.403366";"SR-DF";"DF";"UOP04/DF"
192758;2019-02-21;"5";"19:30:00";"SC";101;289,4;"IMBITUBA";"Falta de Atenção à Condução";"Saída de leito carroçável";"Com Vítimas Feridas";"Plena Noite";"Crescente";"Céu Claro";"Dupla";"Reta";"Não";2;0;2;0;0;0;2;1;"-28.2869";"-48.7051";"SR-SC";"DEL8/2";"UOP03/SC"
192760;2019-02-21;"5";"20:10:00";"BA";116;411,5;"FEIRA DE SANTANA";"Não guardar distância de segurança";"Colisão traseira";"Com Vítimas Feridas";"Plena Noite";"Crescente";"Céu Claro";"Simples";"Reta";"Não";2;0;1;0;1;0;1;2;"-12.133477";"-38.968003";"SR-BA";"DEL10/2";"UOP01/BA"
192761;2019-02-21;"5";"17:30:00";"MT";70;713,4;"CACERES";"Pista Escorregadia";"Saída de leito carroçável";"Sem Vítimas";"Pleno dia";"Crescente";"Chuva";"Simples";"Curva";"Não";1;0;0;0;1;0;0;1;"-16.19503787";"-57.58819699";"SR-MT";"DEL2/3";"UOP01/MT"
192762;2019-02-21;"5";"20:30:00";"PB";101;28,7;"MAMANGUAPE";"Desobediência às normas de trânsito pelo condutor";"Colisão transversal";"Com Vítimas Feridas";"Plena Noite";"Crescente";"Céu Claro";"Dupla";"Curva";"Não";3;0;1;0;2;0;1;3;"-6.7437";"-35.1331";"SR-PB";"DEL14/1";"UOP03/PB"
192763;2019-02-21;"5";"19:00:00";"MG";116;282;"TEOFILO OTONI";"Não guardar distância de segurança";"Colisão lateral";"Com Vítimas Feridas";"Plena Noite";"Decrescente";"Céu Claro";"Simples";"Não Informado";"Não";2;0;1;0;0;1;1;2;"-17.92092275";"-41.52763367";"SR-MG";"DEL4/11";"UOP01/MG"
192764;2019-02-21;"5";"20:20:00";"RJ";116;66;"TERESOPOLIS";"Falta de Atenção à Condução";"Colisão frontal";"Com Vítimas Feridas";"Plena Noite";"Decrescente";"Nublado";"Simples";"Reta";"Não";2;0;1;0;1;0;1;2;"-22.285294";"-42.930599";"SR-RJ";"DEL5/4";"UOP01/RJ"
192765;2019-02-21;"5";"20:15:00";"GO";153;703;"ITUMBIARA";"Sinalização da via insuficiente ou inadequada";"Colisão frontal";"Com Vítimas Fatais";"Anoitecer";"Crescente";"Chuva";"Dupla";"Reta";"Sim";2;1;0;1;0;0;1;2;"-18.411018";"-49.195927";"SR-GO";"DEL1/3";"UOP02/GO"
192766;2019-02-21;"5";"21:15:00";"PE";232;412,8;"SERRA TALHADA";"Ingestão de Álcool";"Saída de leito carroçável";"Com Vítimas Feridas";"Plena Noite";"Decrescente";"Céu Claro";"Simples";"Reta";"Não";1;0;0;1;0;0;1;1;"-7.983779";"-38.320877";"SR-PE";"DEL11/4";"UOP01/PE"
192767;2019-02-21;"5";"09:15:00";"SC";101;415;"ARARANGUA";"Falta de Atenção à Condução";"Colisão frontal";"Com Vítimas Feridas";"Pleno dia";"Crescente";"Céu Claro";"Simples";"Reta";"Sim";2;0;1;0;1;0;1;2;"-28.9651";"-49.5212";"SR-SC";"DEL8/2";"UOP02/SC"
192768;2019-02-21;"5";"21:55:00";"PR";369;192,2;"ARAPONGAS";"Animais na Pista";"Atropelamento de Animal";"Com Vítimas Feridas";"Plena Noite";"Decrescente";"Céu Claro";"Dupla";"Reta";"Não";1;0;1;0;0;0;1;1;"-23.47280323";"-51.42366529";"SR-PR";"DEL7/7";"UOP03/PR"
192769;2019-02-21;"5";"19:00:00";"MA";222;199;"ITAPECURU MIRIM";"Animais na Pista";"Atropelamento de Animal";"Sem Vítimas";"Plena Noite";"Decrescente";"Chuva";"Simples";"Reta";"Não";1;0;0;0;1;0;0;1;"-3.46423412";"-44.28842783";"SR-MA";"DEL18/1";"UOP03/MA"
192770;2019-02-09;"7";"06:20:00";"PA";230;1102,4;"ITAITUBA";"Falta de Atenção à Condução";"Colisão com objeto estático";"Sem Vítimas";"Amanhecer";"Crescente";"Chuva";"Simples";"Ponte";"Não";1;0;0;0;1;0;0;1;"-4.370016";"-55.837233";"SR-PA";"DEL19/5";"UOP01/PA"
192771;2019-02-21;"5";"22:00:00";"PR";116;83,7;"PIRAQUARA";"Condutor Dormindo";"Saída de leito carroçável";"Com Vítimas Feridas";"Plena Noite";"Decrescente";"Nublado";"Dupla";"Curva";"Não";1;0;1;0;0;0;1;1;"-25.420872";"-49.072365";"SR-PR";"DEL7/1";"UOP01/PR"
192772;2019-02-21;"5";"21:35:00";"SC";101;412;"ARARANGUA";"Falta de Atenção à Condução";"Colisão transversal";"Sem Vítimas";"Plena Noite";"Decrescente";"Céu Claro";"Simples";"Reta";"Sim";2;0;0;0;2;0;0;2;"-28.944";"-49.502";"SR-SC";"DEL8/2";"UOP02/SC"
192774;2019-02-21;"5";"22:15:00";"PR";116;135;"FAZENDA RIO GRANDE";"Carga excessiva e/ou mal acondicionada";"Derramamento de carga";"Com Vítimas Feridas";"Plena Noite";"Decrescente";"Nublado";"Simples";"Reta";"Não";3;0;1;0;2;0;1;3;"-25.72355533";"-49.31788";"SR-PR";"DEL7/1";"UOP03/PR"
192776;2019-02-21;"5";"15:30:00";"SC";116;299,5;"CAPAO ALTO";"Desobediência às normas de trânsito pelo condutor";"Colisão lateral";"Com Vítimas Feridas";"Pleno dia";"Decrescente";"Céu Claro";"Simples";"Não Informado";"Não";3;0;1;0;2;0;1;2;"-28.17142949";"-50.68089221";"SR-SC";"DEL8/5";"UOP02/SC"
192777;2019-02-21;"5";"23:15:00";"PE";232;140;"SAO CAITANO";"Ingestão de Álcool";"Queda de ocupante de veículo";"Com Vítimas Feridas";"Plena Noite";"Crescente";"Céu Claro";"Dupla";"Reta";"Não";1;0;0;1;0;0;1;1;"-8.329969";"-36.145531";"SR-PE";"DEL11/2";"UOP02/PE"
192778;2019-02-21;"5";"15:20:00";"MG";116;810,3;"ALEM PARAIBA";"Velocidade Incompatível";"Saída de leito carroçável";"Com Vítimas Feridas";"Pleno dia";"Crescente";"Nublado";"Simples";"Não Informado";"Não";5;0;5;0;0;0;5;1;"-21.83424397";"-42.67726064";"SR-MG";"DEL4/7";"UOP01/MG"
192779;2019-02-21;"5";"21:30:00";"RS";386;208,8;"TIO HUGO";"Desobediência às normas de trânsito pelo condutor";"Colisão frontal";"Com Vítimas Fatais";"Plena Noite";"Crescente";"Céu Claro";"Simples";"Reta";"Não";2;1;0;1;0;0;1;2;"-28.522545";"-52.629288";"SR-RS";"DEL9/4";"UOP04/RS"
192780;2019-02-22;"6";"00:10:00";"DF";80;14,9;"BRASILIA";"Desobediência às normas de trânsito pelo condutor";"Colisão frontal";"Com Vítimas Feridas";"Plena Noite";"Crescente";"Céu Claro";"Simples";"Desvio Temporário";"Não";6;0;1;4;0;1;5;2;"-15.719034";"-48.196686";"SR-DF";"DF";"UOP06/DF"
192781;2019-02-21;"5";"23:35:00";"MG";381;775,2;"CAMPANHA";"Falta de Atenção à Condução";"Colisão traseira";"Com Vítimas Feridas";"Plena Noite";"Decrescente";"Nublado";"Dupla";"Não Informado";"Não";2;0;0;1;1;0;1;2;"-21.7953";"-45.453";"SR-MG";"DEL09";"UOP02/MG"
192782;2019-02-22;"6";"00:05:00";"SC";101;184,5;"BIGUACU";"Ingestão de Álcool";"Colisão com objeto estático";"Com Vítimas Feridas";"Plena Noite";"Crescente";"Céu Claro";"Dupla";"Reta";"Sim";1;0;1;0;0;0;1;1;"-27.4254";"-48.6244";"SR-SC";"DEL8/1";"UOP01/SC"
192783;2019-02-21;"5";"18:20:00";"GO";40;1;"VALPARAISO DE GOIAS";"Falta de Atenção à Condução";"Atropelamento de Pedestre";"Com Vítimas Feridas";"Anoitecer";"Crescente";"Céu Claro";"Dupla";"Reta";"Sim";2;0;1;0;0;1;1;1;"-16.058245";"-47.982825";"SR-DF";"GO";"UOP01/DF"