"id";"data_inversa";"dia_semana";"horario";"uf";"br";"km";"municipio";"causa_acidente";"tipo_acidente";"classificacao_acidente";"fase_dia";"sentido_via";"condicao_metereologica";"tipo_pista";"tracado_via";"uso_solo";"pessoas";"mortos";"feridos_leves";"feridos_graves";"ilesos";"ignorados";"feridos";"veiculos";"latitude";"longitude";"regional";"delegacia";"uop"
192878;2019-02-22;"6";"13:30:00";"RS";153;48,9;"ERECHIM";"Não guardar distância de segurança";"Colisão traseira";"Com Vítimas Feridas";"Pleno dia";"Decrescente";"Céu Claro";"Simples";"Não Informado";"Não";2;0;1;0;1;0;1;2;"-27.6530056";"-52.25969173";"SR-RS";"DEL08";"UOP04/RS"
192880;2019-02-22;"6";"13:45:00";"RS";116;201;"PICADA CAFE";"Não guardar distância de segurança";"Colisão traseira";"Com Vítimas Feridas";"Pleno dia";"Crescente";"Céu Claro";"Simples";"Reta";"Não";3;0;0;1;2;0;1;2;"-29.485033";"-51.151939";"SR-RS";"DEL9/5";"UOP02/RS"
192882;2019-02-22;"6";"14:00:00";"RS";116;142;"CAXIAS DO SUL";"Desobediência às normas de trânsito pelo condutor";"Colisão transversal";"Com Vítimas Feridas";"Pleno dia";"Crescente";"Céu Claro";"Dupla";"Reta";"Sim";5;0;2;0;3;0;2;2;"-29.11727";"-51.115208";"SR-RS";"DEL9/5";"UOP01/RS"
192883;2019-02-22;"6";"13:10:00";"CE";20;419,1;"MARACANAU";"Desobediência às normas de trânsito pelo condutor";"Colisão transversal";"Com Vítimas Feridas";"Pleno dia";"Crescente";"Nublado";"Dupla";"Não Informado";"Sim";2;0;1;0;1;0;1;2;"-3.76999";"-38.670063";"SR-CE";"DEL16/1";"UOP02/CE"
192884;2019-01-26;"7";"01:00:00";"GO";60;136;"GOIANIA";"Animais na Pista";"Atropelamento de Animal";"Sem Vítimas";"Plena Noite";"Crescente";"Céu Claro";"Dupla";"Desvio Temporário";"Sim";1;0;0;0;1;0;0;1;"-16.586803";"-49.1807726";"SR-GO";"DEL1/1";"UOP01/GO"
192885;2019-02-22;"6";"13:30:00";"RO";319;62,3;"PORTO VELHO";"Falta de Atenção à Condução";"Colisão lateral";"Com Vítimas Feridas";"Pleno dia";"Crescente";"Céu Claro";"Dupla";"Interseção de vias";"Sim";3;0;2;0;1;0;2;2;"-8.746046";"-63.888527";"SR-RO";"DEL21/1";"UOP01/RO"
192886;2019-02-22;"6";"13:10:00";"RS";386;3,8;"IRAI";"Desobediência às normas de trânsito pelo condutor";"Colisão transversal";"Com Vítimas Feridas";"Pleno dia";"Crescente";"Céu Claro";"Simples";"Curva";"Não";2;0;1;0;1;0;1;2;"-27.182261";"-53.249657";"SR-RS";"DEL08";"UOP02/RS"
192887;2019-02-22;"6";"12:50:00";"PR";476;246,5;"LAPA";"Defeito Mecânico no Veículo";"Colisão frontal";"Com Vítimas Feridas";"Pleno dia";"Crescente";"Sol";"Simples";"Reta";"Não";2;0;0;1;1;0;1;2;"-25.865164";"-50.123096";"SR-PR";"DEL7/2";"UOP03/PR"
192888;2019-02-22;"6";"14:45:00";"ES";101;137;"LINHARES";"Não guardar distância de segurança";"Colisão traseira";"Com Vítimas Feridas";"Pleno dia";"Crescente";"Sol";"Simples";"Reta";"Não";2;0;0;1;1;0;1;2;"-19.30053181";"-40.08436918";"SR-ES";"DEL12/4";"UOP01/ES"
192890;2019-02-22;"6";"15:05:00";"RN";110;45;"MOSSORO";"Falta de Atenção à Condução";"Colisão traseira";"Com Vítimas Feridas";"Pleno dia";"Decrescente";"Chuva";"Simples";"Reta";"Sim";3;0;0;1;2;0;1;2;"-5.197978";"-37.318398";"SR-RN";"DEL15/4";"UOP01/RN"
192891;2019-02-22;"6";"15:35:00";"RN";304;40,1;"MOSSORO";"Não guardar distância de segurança";"Colisão traseira";"Com Vítimas Feridas";"Pleno dia";"Decrescente";"Chuva";"Dupla";"Reta";"Não";3;0;1;0;2;0;1;2;"-5.196199";"-37.378502";"SR-RN";"DEL15/4";"UOP01/RN"
192892;2019-02-22;"6";"14:50:00";"RJ";493;14;"MAGE";"Ingestão de Álcool";"Colisão lateral";"Sem Vítimas";"Pleno dia";"Decrescente";"Céu Claro";"Simples";"Reta";"Não";2;0;0;0;2;0;0;2;"-22.670427";"-42.982414";"SR-RJ";"DEL5/4";"UOP02/RJ"
192893;2019-02-22;"6";"12:45:00";"MA";135;9,4;"SAO LUIS";"Defeito Mecânico no Veículo";"Colisão com objeto estático";"Com Vítimas Feridas";"Pleno dia";"Decrescente";"Céu Claro";"Dupla";"Reta";"Sim";1;0;1;0;0;0;1;1;"-2.649437";"-44.280422";"SR-MA";"DEL18/1";"UOP01/MA"
192894;2019-02-22;"6";"15:30:00";"CE";222;4,5;"CAUCAIA";"Ingestão de Álcool";"Colisão traseira";"Com Vítimas Feridas";"Pleno dia";"Crescente";"Nublado";"Múltipla";"Reta";"Sim";2;0;1;0;1;0;1;2;"-3.74208";"-38.60884";"SR-CE";"DEL16/1";"UOP01/CE"
192895;2019-02-22;"6";"16:00:00";"MG";381;864,9;"POUSO ALEGRE";"Velocidade Incompatível";"Saída de leito carroçável";"Com Vítimas Feridas";"Pleno dia";"Decrescente";"Garoa/Chuvisco";"Dupla";"Não Informado";"Não";1;0;1;0;0;0;1;1;"-22.3557";"-45.9278";"SR-MG";"DEL09";"UOP01/MG"
192897;2019-02-22;"6";"16:10:00";"ES";101;253;"SERRA";"Não guardar distância de segurança";"Engavetamento";"Com Vítimas Feridas";"Pleno dia";"Decrescente";"Céu Claro";"Simples";"Reta";"Sim";4;0;1;0;3;0;1;3;"-20.109476";"-40.328005";"SR-ES";"DEL12/2";"UOP01/ES"
192898;2019-02-22;"6";"15:30:00";"PE";408;94;"SAO LOURENCO DA MATA";"Mal Súbito";"Colisão traseira";"Com Vítimas Feridas";"Pleno dia";"Decrescente";"Céu Claro";"Simples";"Curva";"Não";6;0;5;0;1;0;5;2;"-7.977152";"-35.075131";"SR-PE";"DEL11/1";"UOP01/PE"
192899;2019-02-22;"6";"14:30:00";"RJ";101;236;"SILVA JARDIM";"Falta de Atenção à Condução";"Colisão transversal";"Com Vítimas Feridas";"Pleno dia";"Crescente";"Sol";"Dupla";"Interseção de vias";"Sim";2;0;1;0;1;0;1;2;"-22.610138";"-42.404274";"SR-RJ";"DEL5/2";"UOP03/RJ"
192900;2019-02-22;"6";"16:10:00";"RJ";495;25;"PETROPOLIS";"Velocidade Incompatível";"Colisão com objeto estático";"Com Vítimas Feridas";"Pleno dia";"Crescente";"Céu Claro";"Dupla";"Interseção de vias";"Sim";2;0;1;0;1;0;1;1;"-22.40941";"-43.100292";"SR-RJ";"DEL5/6";"UOP01/RJ"
192901;2019-02-22;"6";"16:10:00";"PB";230;27;"JOAO PESSOA";"Não guardar distância de segurança";"Colisão traseira";"Com Vítimas Feridas";"Pleno dia";"Crescente";"Sol";"Dupla";"Reta";"Sim";2;0;1;0;0;1;1;2;"-7.1677";"-34.8855";"SR-PB";"DEL14/1";"UOP00/PB"
192902;2019-02-22;"6";"15:55:00";"RS";158;327,4;"SANTA MARIA";"Falta de Atenção à Condução";"Colisão traseira";"Com Vítimas Feridas";"Pleno dia";"Crescente";"Céu Claro";"Simples";"Reta";"Sim";2;0;1;0;0;1;1;2;"-29.714945";"-53.810829";"SR-RS";"DEL9/9";"UOP01/RS"
192903;2019-02-22;"6";"16:40:00";"BA";116;419;"FEIRA DE SANTANA";"Falta de Atenção à Condução";"Colisão transversal";"Com Vítimas Feridas";"Pleno dia";"Decrescente";"Sol";"Dupla";"Retorno Regulamentado";"Sim";2;0;1;0;1;0;1;2;"-12.1999446";"-38.96511739";"SR-BA";"DEL10/2";"UOP01/BA"
192904;2019-02-22;"6";"16:50:00";"PE";408;105;"SAO LOURENCO DA MATA";"Pista Escorregadia";"Queda de ocupante de veículo";"Com Vítimas Feridas";"Pleno dia";"Decrescente";"Chuva";"Simples";"Curva";"Não";1;0;1;0;0;0;1;1;"-8.08027399";"-34.99032855";"SR-PE";"DEL11/1";"UOP01/PE"
192905;2019-02-22;"6";"16:10:00";"PR";277;367,9;"GUARAPUAVA";"Falta de Atenção à Condução";"Colisão transversal";"Com Vítimas Feridas";"Pleno dia";"Crescente";"Céu Claro";"Simples";"Não Informado";"Não";2;0;1;0;1;0;1;2;"-25.41364042";"-51.67597787";"SR-PR";"DEL7/3";"UOP02/PR"
192906;2019-02-22;"6";"17:00:00";"SC";101;204;"SAO JOSE";"Falta de Atenção à Condução";"Colisão transversal";"Com Vítimas Feridas";"Pleno dia";"Crescente";"Céu Claro";"Múltipla";"Interseção de vias";"Sim";2;0;1;0;1;0;1;2;"-27.5832";"-48.6151";"SR-SC";"DEL8/1";"UOP01/SC"
192907;2019-02-22;"6";"15:45:00";"MG";365;623,6;"UBERLANDIA";"Defeito na Via";"Tombamento";"Com Vítimas Feridas";"Pleno dia";"Decrescente";"Céu Claro";"Dupla";"Reta";"Não";1;0;1;0;0;0;1;1;"-18.8974";"-48.2715";"SR-MG";"DEL4/15";"UOP01/MG"
192908;2019-02-22;"6";"14:30:00";"MA";10;254,5;"IMPERATRIZ";"Falta de Atenção à Condução";"Colisão transversal";"Com Vítimas Feridas";"Pleno dia";"Decrescente";"Nublado";"Simples";"Reta";"Sim";2;0;1;0;1;0;1;2;"-5.517879";"-47.471581";"SR-MA";"DEL18/4";"UOP01/MA"
192909;2019-02-22;"6";"15:50:00";"RJ";101;283;"ITABORAI";"Falta de Atenção à Condução";"Tombamento";"Com Vítimas Feridas";"Pleno dia";"Decrescente";"Céu Claro";"Dupla";"Reta";"Sim";1;0;1;0;0;0;1;1;"-22.73591";"-42.805927";"SR-RJ";"DEL5/2";"UOP03/RJ"
192910;2019-02-22;"6";"17:20:00";"PR";376;174,2;"MARINGA";"Desobediência às normas de trânsito pelo condutor";"Colisão transversal";"Com Vítimas Feridas";"Pleno dia";"Crescente";"Céu Claro";"Dupla";"Interseção de vias";"Sim";3;0;1;1;1;0;2;2;"-23.411356";"-51.940777";"SR-PR";"DEL7/7";"UOP04/PR"
192911;2019-02-22;"6";"17:20:00";"PI";316;1,8;"TERESINA";"Falta de Atenção à Condução";"Colisão traseira";"Com Vítimas Feridas";"Pleno dia";"Crescente";"Nublado";"Simples";"Não Informado";"Sim";4;0;1;0;3;0;1;2;"-5.128619";"-42.807068";"SR-PI";"DEL17/1";"UOP02/PI"
192912;2019-02-22;"6";"16:55:00";"RS";116;246,9;"SAO LEOPOLDO";"Falta de Atenção à Condução";"Colisão traseira";"Com Vítimas Feridas";"Pleno dia";"Decrescente";"Sol";"Dupla";"Reta";"Sim";2;0;1;0;1;0;1;2;"-29.758787";"-51.151871";"SR-RS";"DEL9/1";"UOP02/RS"
192913;2019-02-04;"2";"06:55:00";"MS";262;469;"ANASTACIO";"Condutor Dormindo";"Saída de leito carroçável";"Com Vítimas Feridas";"Amanhecer";"Crescente";"Céu Claro";"Simples";"Curva";"Não";1;0;1;0;0;0;1;1;"-20.50872929";"-55.66991958";"SR-MS";"DEL3/3";"UOP01/MS"
192914;2019-02-22;"6";"17:00:00";"SP";116;216;"GUARULHOS";"Falta de Atenção à Condução";"Colisão lateral";"Com Vítimas Feridas";"Pleno dia";"Crescente";"Nublado";"Múltipla";"Reta";"Não";1;0;1;0;0;0;1;1;"-23.45253372";"-46.46848202";"SR-SP";"DEL6/1";"UOP01/SP"
192915;2019-02-22;"6";"18:10:00";"MG";459;20,3;"CALDAS";"Velocidade Incompatível";"Saída de leito carroçável";"Com Vítimas Feridas";"Anoitecer";"Decrescente";"Chuva";"Simples";"Curva";"Não";1;0;1;0;0;0;1;1;"-21.869579";"-46.419968";"SR-MG";"DEL13";"UOP01/MG"
192916;2019-02-22;"6";"18:05:00";"ES";101;147,9;"LINHARES";"Falta de Atenção à Condução";"Colisão traseira";"Com Vítimas Feridas";"Anoitecer";"Decrescente";"Céu Claro";"Múltipla";"Reta";"Sim";2;0;1;0;1;0;1;2;"-19.38570685";"-40.06711275";"SR-ES";"DEL12/4";"UOP01/ES"
192918;2019-02-22;"6";"16:25:00";"RS";392;28,7;"RIO GRANDE";"Falta de Atenção à Condução";"Colisão transversal";"Com Vítimas Fatais";"Pleno dia";"Decrescente";"Céu Claro";"Dupla";"Reta";"Não";4;1;0;1;1;1;1;3;"-32.068478";"-52.265293";"SR-RS";"DEL9/7";"UOP02/RS"
192919;2019-02-22;"6";"17:00:00";"PE";101;143,5;"RIBEIRAO";"Falta de Atenção do Pedestre";"Atropelamento de Pedestre";"Com Vítimas Fatais";"Pleno dia";"Decrescente";"Céu Claro";"Dupla";"Reta";"Não";3;1;0;0;1;1;0;1;"-8.4531";"-35.3567";"SR-PE";"DEL11/1";"UOP03/PE"
192920;2019-02-22;"6";"17:05:00";"MG";365;686,5;"MONTE ALEGRE DE MINAS";"Animais na Pista";"Capotamento";"Com Vítimas Feridas";"Pleno dia";"Crescente";"Nublado";"Dupla";"Túnel";"Não";3;0;3;0;0;0;3;1;"-18.8569";"-48.8571";"SR-MG";"DEL4/15";"UOP01/MG"
192921;2019-02-22;"6";"17:30:00";"GO";153;508;"APARECIDA DE GOIANIA";"Falta de Atenção à Condução";"Colisão traseira";"Com Vítimas Feridas";"Pleno dia";"Decrescente";"Céu Claro";"Simples";"Reta";"Sim";3;0;0;2;1;0;2;2;"-16.7804";"-49.2371";"SR-GO";"DEL1/1";"UOP03/GO"
192922;2019-02-22;"6";"18:30:00";"PE";101;58,4;"PAULISTA";"Não guardar distância de segurança";"Colisão traseira";"Com Vítimas Feridas";"Plena Noite";"Crescente";"Céu Claro";"Dupla";"Curva";"Não";2;0;1;0;0;1;1;2;"-7.978";"-34.9271";"SR-PE";"DEL11/1";"UOP02/PE"
192923;2019-02-22;"6";"18:05:00";"AP";156;819;"OIAPOQUE";"Ultrapassagem Indevida";"Colisão traseira";"Com Vítimas Feridas";"Anoitecer";"Decrescente";"Céu Claro";"Simples";"Reta";"Sim";3;0;1;0;2;0;1;2;"3.83666346";"-51.815359";"SR-AP";"UOP03/AP";""
192924;2019-02-22;"6";"18:40:00";"PR";369;133,1;"IBIPORA";"Restrição de Visibilidade";"Colisão traseira";"Com Vítimas Feridas";"Pleno dia";"Crescente";"Sol";"Dupla";"Não Informado";"Não";5;0;3;0;2;0;3;4;"-23.26046071";"-51.00989699";"SR-PR";"DEL7/7";"UOP01/PR"
192925;2019-02-22;"6";"18:00:00";"SC";101;141;"BALNEARIO CAMBORIU";"Falta de Atenção à Condução";"Tombamento";"Com Vítimas Feridas";"Pleno dia";"Crescente";"Céu Claro";"Múltipla";"Curva";"Não";1;0;1;0;0;0;1;1;"-27.0562";"-48.5985";"SR-SC";"DEL8/4";"UOP03/SC"
192926;2019-02-17;"1";"22:15:00";"RS";290;359,9;"VILA NOVA DO SUL";"Falta de Atenção à Condução";"Tombamento";"Com Vítimas Feridas";"Plena Noite";"Crescente";"Céu Claro";"Simples";"Não Informado";"Não";1;0;0;1;0;0;1;1;"-30.377655";"-53.763596";"SR-RS";"DEL9/9";"UOP02/RS"
192927;2019-02-22;"6";"18:30:00";"PR";116;126;"FAZENDA RIO GRANDE";"Desobediência às normas de trânsito pelo condutor";"Colisão transversal";"Com Vítimas Feridas";"Pleno dia";"Decrescente";"Céu Claro";"Dupla";"Reta";"Sim";2;0;2;0;0;0;2;2;"-25.621508";"-49.316216";"SR-PR";"DEL7/1";"UOP03/PR"
192928;2019-02-22;"6";"16:40:00";"SC";470;69,8;"INDAIAL";"Falta de Atenção à Condução";"Colisão lateral";"Com Vítimas Feridas";"Pleno dia";"Decrescente";"Sol";"Simples";"Reta";"Não";2;0;1;0;1;0;1;2;"-26.88797126";"-49.25252438";"SR-SC";"DEL8/4";"UOP01/SC"
192929;2019-02-22;"6";"16:00:00";"MS";262;310,5;"CAMPO GRANDE";"Restrição de Visibilidade";"Engavetamento";"Com Vítimas Feridas";"Pleno dia";"Crescente";"Céu Claro";"Simples";"Reta";"Não";8;0;3;0;4;1;3;7;"-20.47927561";"-54.34906483";"SR-MS";"DEL3/1";"UOP01/MS"
192930;2019-02-22;"6";"19:00:00";"MG";40;525;"CONTAGEM";"Falta de Atenção à Condução";"Colisão traseira";"Com Vítimas Feridas";"Plena Noite";"Decrescente";"Céu Claro";"Dupla";"Reta";"Sim";2;0;1;0;1;0;1;2;"-19.8971";"-44.0497";"SR-MG";"DEL4/1";"UOP03/MG"
192931;2019-02-22;"6";"19:15:00";"ES";262;5,4;"CARIACICA";"Desobediência às normas de trânsito pelo condutor";"Colisão transversal";"Com Vítimas Feridas";"Plena Noite";"Decrescente";"Céu Claro";"Múltipla";"Interseção de vias";"Sim";2;0;1;0;1;0;1;2;"-20.33840773";"-40.39217505";"SR-ES";"DEL12/1";"UOP01/ES"
192932;2019-02-22;"6";"19:00:00";"PR";163;186;"SANTA TEREZA DO OESTE";"Fenômenos da Natureza";"Saída de leito carroçável";"Com Vítimas Feridas";"Pleno dia";"Crescente";"Chuva";"Dupla";"Reta";"Não";1;0;1;0;0;0;1;1;"-25.1343";"-53.5843";"SR-PR";"DEL7/4";"UOP06/PR"
192933;2019-02-22;"6";"15:15:00";"SC";280;59;"GUARAMIRIM";"Desobediência às normas de trânsito pelo condutor";"Colisão lateral";"Com Vítimas Feridas";"Pleno dia";"Crescente";"Céu Claro";"Simples";"Reta";"Sim";2;0;1;0;1;0;1;2;"-26.475286";"-49.031029";"SR-SC";"DEL8/3";"UOP03/SC"
192935;2019-02-22;"6";"13:50:00";"SC";280;53;"GUARAMIRIM";"Desobediência às normas de trânsito pelo condutor";"Colisão frontal";"Com Vítimas Feridas";"Pleno dia";"Decrescente";"Céu Claro";"Simples";"Reta";"Não";3;0;1;0;2;0;1;3;"-26.472363";"-48.974255";"SR-SC";"DEL8/3";"UOP03/SC"
192936;2019-02-22;"6";"14:10:00";"CE";230;105,2;"FARIAS BRITO";"Falta de Atenção à Condução";"Colisão frontal";"Com Vítimas Feridas";"Pleno dia";"Crescente";"Sol";"Simples";"Reta";"Não";2;0;1;0;1;0;1;2;"-6.87768749";"-39.51129913";"SR-CE";"DEL16/5";"UOP01/CE"
192937;2019-02-22;"6";"19:40:00";"BA";116;805,6;"VITORIA DA CONQUISTA";"Ultrapassagem Indevida";"Saída de leito carroçável";"Com Vítimas Feridas";"Plena Noite";"Crescente";"Nublado";"Simples";"Reta";"Não";2;0;1;0;1;0;1;1;"-14.77121";"-40.71833";"SR-BA";"DEL10/8";"UOP01/BA"
192939;2019-02-22;"6";"20:00:00";"ES";262;6,4;"CARIACICA";"Falta de Atenção do Pedestre";"Atropelamento de Pedestre";"Com Vítimas Feridas";"Plena Noite";"Decrescente";"Nublado";"Múltipla";"Reta";"Sim";2;0;2;0;0;0;2;1;"-20.34189575";"-40.39779603";"SR-ES";"DEL12/1";"UOP01/ES"
192940;2019-02-22;"6";"19:15:00";"MG";50;35,1;"ARAGUARI";"Falta de Atenção à Condução";"Colisão transversal";"Com Vítimas Feridas";"Plena Noite";"Crescente";"Nublado";"Dupla";"Reta";"Não";2;0;0;1;1;0;1;2;"-18.6551";"-48.1484";"SR-MG";"DEL4/15";"UOP02/MG"
192941;2019-02-22;"6";"10:20:00";"MT";174;40,6;"VILA BELA DA SANTISSIMA TRINDADE";"Defeito Mecânico no Veículo";"Capotamento";"Com Vítimas Feridas";"Pleno dia";"Decrescente";"Nublado";"Simples";"Reta";"Não";6;0;3;2;0;1;5;1;"-15.1375";"-59.617222";"SR-MT";"DEL2/7";"UOP01/MT"
192943;2019-02-22;"6";"19:00:00";"BA";101;808,9;"ITAMARAJU";"Desobediência às normas de trânsito pelo condutor";"Colisão transversal";"Com Vítimas Feridas";"Plena Noite";"Decrescente";"Nublado";"Dupla";"Interseção de vias";"Não";3;0;1;1;1;0;2;2;"-17.02630977";"-39.54020631";"SR-BA";"DEL10/9";"UOP01/BA"
192944;2019-02-22;"6";"19:30:00";"TO";242;368;"GURUPI";"Animais na Pista";"Saída de leito carroçável";"Com Vítimas Feridas";"Plena Noite";"Decrescente";"Nublado";"Simples";"Reta";"Não";1;0;1;0;0;0;1;1;"-11.734175";"-49.047451";"SR-TO";"UOP01/TO";""
192945;2019-02-22;"6";"18:30:00";"MT";163;806,5;"SINOP";"Pista Escorregadia";"Colisão com objeto estático";"Com Vítimas Feridas";"Plena Noite";"Crescente";"Chuva";"Simples";"Reta";"Não";4;0;2;0;2;0;2;2;"-12.1115843";"-55.516416";"SR-MT";"DEL2/6";"UOP01/MT"
192947;2019-02-22;"6";"20:55:00";"MG";116;529,3;"CARATINGA";"Desobediência às normas de trânsito pelo condutor";"Colisão traseira";"Com Vítimas Feridas";"Plena Noite";"Crescente";"Céu Claro";"Simples";"Reta";"Não";2;0;2;0;0;0;2;2;"-19.786053";"-42.134889";"SR-MG";"DEL4/6";"UOP02/MG"
192948;2019-02-22;"6";"17:00:00";"MA";316;512,5;"CAXIAS";"Pista Escorregadia";"Saída de leito carroçável";"Com Vítimas Feridas";"Pleno dia";"Crescente";"Chuva";"Simples";"Curva";"Não";2;0;1;1;0;0;2;1;"-4.75043";"-43.664165";"SR-MA";"DEL18/3";"UOP02/MA"
192949;2019-02-22;"6";"19:45:00";"GO";153;405,7;"PIRENOPOLIS";"Objeto estático sobre o leito carroçável";"Colisão com objeto estático";"Com Vítimas Feridas";"Plena Noite";"Crescente";"Nublado";"Simples";"Reta";"Não";1;0;1;0;0;0;1;1;"-16.062551";"-49.063637";"SR-GO";"DEL1/2";"UOP01/GO"
192950;2019-02-22;"6";"20:20:00";"PE";104;28;"TORITAMA";"Ultrapassagem Indevida";"Colisão lateral";"Com Vítimas Feridas";"Plena Noite";"Crescente";"Céu Claro";"Simples";"Reta";"Não";3;0;1;0;2;0;1;2;"-8.0065";"-36.0709";"SR-PE";"DEL11/2";"UOP01/PE"
192951;2019-02-22;"6";"19:25:00";"MT";364;261;"JUSCIMEIRA";"Falta de Atenção do Pedestre";"Atropelamento de Pedestre";"Com Vítimas Fatais";"Plena Noite";"Decrescente";"Céu Claro";"Dupla";"Desvio Temporário";"Não";2;1;0;0;1;0;0;1;"-16.031467";"-54.894554";"SR-MT";"DEL2/1";"UOP02/MT"
192952;2019-02-22;"6";"15:15:00";"MG";381;696,1;"LAVRAS";"Falta de Atenção à Condução";"Colisão traseira";"Sem Vítimas";"Pleno dia";"Decrescente";"Céu Claro";"Dupla";"Não Informado";"Não";2;0;0;0;2;0;0;2;"-21.2585";"-45.1397";"SR-MG";"DEL4/4";"UOP02/MG"
192953;2019-02-22;"6";"20:20:00";"RN";101;108,1;"PARNAMIRIM";"Não guardar distância de segurança";"Queda de ocupante de veículo";"Com Vítimas Feridas";"Plena Noite";"Crescente";"Ignorado";"Múltipla";"Reta";"Sim";5;0;3;0;2;0;3;3;"-5.92823";"-35.264656";"SR-RN";"DEL15/1";"UOP01/RN"
192954;2019-02-22;"6";"21:00:00";"PE";232;101;"BEZERROS";"Falta de Atenção à Condução";"Colisão transversal";"Com Vítimas Feridas";"Plena Noite";"Crescente";"Céu Claro";"Simples";"Não Informado";"Sim";2;0;0;1;1;0;1;2;"-8.24433303";"-35.75477958";"SR-PE";"DEL11/1";"UOP04/PE"
192955;2019-02-22;"6";"19:55:00";"PR";476;141;"CURITIBA";"Não guardar distância de segurança";"Colisão traseira";"Sem Vítimas";"Plena Noite";"Decrescente";"Céu Claro";"Dupla";"Reta";"Sim";3;0;0;0;3;0;0;3;"-25.528614";"-49.298798";"SR-PR";"DEL7/1";"UOP06/PR"
192956;2019-02-22;"6";"21:00:00";"RJ";40;74;"PETROPOLIS";"Ingestão de álcool e/ou substâncias psicoativas pelo pedestre";"Atropelamento de Pedestre";"Com Vítimas Feridas";"Plena Noite";"Decrescente";"Nublado";"Simples";"Não Informado";"Não";2;0;1;0;1;0;1;1;"-22.47964195";"-43.2170946";"SR-RJ";"DEL5/6";"UOP03/RJ"
192957;2019-02-22;"6";"16:50:00";"SC";163;95,1;"SAO JOSE DO CEDRO";"Carga excessiva e/ou mal acondicionada";"Tombamento";"Com Vítimas Feridas";"Pleno dia";"Decrescente";"Céu Claro";"Simples";"Não Informado";"Não";2;0;2;0;0;0;2;1;"-26.525122";"-53.519352";"SR-SC";"DEL7";"UOP03/SC"
192958;2019-02-22;"6";"21:00:00";"SC";101;214;"PALHOCA";"Avarias e/ou desgaste excessivo no pneu";"Queda de ocupante de veículo";"Com Vítimas Feridas";"Plena Noite";"Crescente";"Céu Claro";"Múltipla";"Reta";"Sim";2;0;2;0;0;0;2;1;"-27.652";"-48.676";"SR-SC";"DEL8/1";"UOP02/SC"
192959;2019-02-22;"6";"17:00:00";"GO";60;276;"JANDAIA";"Falta de Atenção à Condução";"Saída de leito carroçável";"Com Vítimas Feridas";"Anoitecer";"Crescente";"Chuva";"Dupla";"Reta";"Não";2;0;1;0;1;0;1;1;"-17.2174";"-50.1766";"SR-GO";"DEL1/4";"UOP01/GO"
192960;2019-02-22;"6";"21:15:00";"PB";230;65;"SAO MIGUEL DE TAIPU";"Falta de Atenção à Condução";"Colisão traseira";"Sem Vítimas";"Plena Noite";"Crescente";"Céu Claro";"Dupla";"Não Informado";"Não";2;0;0;0;1;1;0;2;"-7.1911";"-35.1832";"SR-PB";"DEL14/1";"UOP02/PB"
192961;2019-02-22;"6";"20:50:00";"SP";116;178;"GUARAREMA";"Pista Escorregadia";"Capotamento";"Com Vítimas Feridas";"Plena Noite";"Decrescente";"Chuva";"Dupla";"Curva";"Sim";2;0;0;1;1;0;1;1;"-23.32649912";"-46.12564266";"SR-SP";"DEL6/2";"UOP01/SP"
192962;2019-02-22;"6";"21:40:00";"SC";470;1;"NAVEGANTES";"Desobediência às normas de trânsito pelo condutor";"Colisão frontal";"Com Vítimas Feridas";"Plena Noite";"Decrescente";"Nublado";"Simples";"Reta";"Sim";2;0;1;0;1;0;1;2;"-26.875383";"-48.668285";"SR-SC";"DEL8/4";"UOP04/SC"
192963;2019-02-22;"6";"21:20:00";"SC";101;38,6;"JOINVILLE";"Falta de Atenção à Condução";"Colisão transversal";"Com Vítimas Feridas";"Plena Noite";"Decrescente";"Nublado";"Dupla";"Interseção de vias";"Sim";3;0;1;0;2;0;1;2;"-26.3018";"-48.8829";"SR-SC";"DEL8/3";"UOP01/SC"
192965;2019-02-22;"6";"18:50:00";"SC";101;390,3;"CRICIUMA";"Falta de Atenção à Condução";"Colisão lateral";"Com Vítimas Feridas";"Anoitecer";"Crescente";"Céu Claro";"Dupla";"Reta";"Não";2;0;2;0;0;0;2;2;"-28.79955486";"-49.36122894";"SR-SC";"DEL8/2";"UOP02/SC"
192968;2019-02-22;"6";"21:00:00";"PR";277;438,9;"LARANJEIRAS DO SUL";"Falta de Atenção à Condução";"Colisão traseira";"Com Vítimas Feridas";"Plena Noite";"Decrescente";"Céu Claro";"Simples";"Não Informado";"Não";2;0;1;0;1;0;1;2;"-25.37229692";"-52.28661776";"SR-PR";"DEL7/4";"UOP03/PR"
192970;2019-02-22;"6";"21:30:00";"RS";116;257,2;"ESTEIO";"Desobediência às normas de trânsito pelo condutor";"Colisão transversal";"Com Vítimas Feridas";"Plena Noite";"Crescente";"Nublado";"Múltipla";"Rotatória";"Sim";3;0;2;0;1;0;2;2;"-29.852671";"-51.179691";"SR-RS";"DEL9/1";"UOP02/RS"