"id";"data_inversa";"dia_semana";"horario";"uf";"br";"km";"municipio";"causa_acidente";"tipo_acidente";"classificacao_acidente";"fase_dia";"sentido_via";"condicao_metereologica";"tipo_pista";"tracado_via";"uso_solo";"pessoas";"mortos";"feridos_leves";"feridos_graves";"ilesos";"ignorados";"feridos";"veiculos";"latitude";"longitude";"regional";"delegacia";"uop"
192971;2019-02-22;"6";"18:00:00";"PR";163;63,2;"PEROLA DOESTE";"Desobediência às normas de trânsito pelo condutor";"Saída de leito carroçável";"Com Vítimas Fatais";"Pleno dia";"Decrescente";"Céu Claro";"Simples";"Não Informado";"Não";1;1;0;0;0;0;0;1;"-25.846575";"-53.754425";"SR-PR";"DEL7/2";"UOP04/PR"
192973;2019-02-22;"6";"22:20:00";"DF";70;12,8;"BRASILIA";"Falta de Atenção à Condução";"Colisão traseira";"Com Vítimas Feridas";"Plena Noite";"Crescente";"Chuva";"Dupla";"Reta";"Não";3;0;1;0;1;1;1;2;"-15.79161349";"-48.15620899";"SR-DF";"DF";"UOP06/DF"
192974;2019-02-22;"6";"22:30:00";"SP";381;60,5;"MAIRIPORA";"Falta de Atenção à Condução";"Tombamento";"Com Vítimas Feridas";"Plena Noite";"Crescente";"Nublado";"Dupla";"Curva";"Não";2;0;1;0;1;0;1;1;"-23.29047032";"-46.58387661";"SR-SP";"DEL6/3";"UOP02/SP"
192975;2019-02-22;"6";"18:20:00";"MG";116;236,6;"TEOFILO OTONI";"Condutor Dormindo";"Colisão com objeto estático";"Sem Vítimas";"Plena Noite";"Crescente";"Céu Claro";"Simples";"Não Informado";"Não";1;0;0;0;1;0;0;1;"-17.542139";"-41.478194";"SR-MG";"DEL4/11";"UOP01/MG"
192976;2019-02-22;"6";"21:50:00";"RJ";116;268,1;"BARRA MANSA";"Defeito Mecânico no Veículo";"Colisão frontal";"Sem Vítimas";"Plena Noite";"Crescente";"Chuva";"Dupla";"Curva";"Não";2;0;0;0;2;0;0;2;"-22.560883";"-44.122238";"SR-RJ";"DEL5/7";"UOP02/RJ"
192977;2019-02-22;"6";"22:10:00";"RJ";393;253,5;"BARRA DO PIRAI";"Fenômenos da Natureza";"Saída de leito carroçável";"Sem Vítimas";"Plena Noite";"Decrescente";"Chuva";"Simples";"Reta";"Não";1;0;0;0;1;0;0;1;"-22.45133152";"-43.82137299";"SR-RJ";"DEL5/5";"UOP02/RJ"
192978;2019-02-22;"6";"20:05:00";"SC";470;224,9;"SAO CRISTOVAO DO SUL";"Pista Escorregadia";"Colisão transversal";"Com Vítimas Feridas";"Plena Noite";"Decrescente";"Garoa/Chuvisco";"Simples";"Curva";"Não";3;0;0;1;2;0;1;3;"-27.319908";"-50.336388";"SR-SC";"DEL8/5";"UOP03/SC"
192979;2019-02-22;"6";"22:58:00";"MG";381;628,1;"OLIVEIRA";"Falta de Atenção à Condução";"Colisão traseira";"Sem Vítimas";"Plena Noite";"Crescente";"Céu Claro";"Dupla";"Não Informado";"Não";2;0;0;0;2;0;0;2;"-20.8264";"-44.8036";"SR-MG";"DEL4/4";"UOP01/MG"
192980;2019-02-22;"6";"23:20:00";"PB";230;15,1;"CABEDELO";"Desobediência às normas de trânsito pelo condutor";"Colisão lateral";"Com Vítimas Feridas";"Plena Noite";"Decrescente";"Céu Claro";"Dupla";"Reta";"Sim";3;0;0;1;0;2;1;3;"-7.093";"-34.8482";"SR-PB";"DEL14/1";"UOP00/PB"
192981;2019-02-22;"6";"21:30:00";"RJ";116;144;"DUQUE DE CAXIAS";"Condutor Dormindo";"Colisão com objeto estático";"Com Vítimas Feridas";"Plena Noite";"Crescente";"Garoa/Chuvisco";"Simples";"Reta";"Não";3;0;2;0;0;1;2;1;"-22.67216949";"-43.28516185";"SR-RJ";"DEL5/4";"UOP02/RJ"
192982;2019-02-22;"6";"23:30:00";"RN";101;83,4;"NATAL";"Avarias e/ou desgaste excessivo no pneu";"Tombamento";"Com Vítimas Feridas";"Plena Noite";"Decrescente";"Chuva";"Dupla";"Reta";"Sim";1;0;1;0;0;0;1;1;"-5.771044";"-35.266171";"SR-RN";"DEL15/2";"UOP01/RN"
192983;2019-02-22;"6";"21:00:00";"RS";287;330,7;"SAO VICENTE DO SUL";"Ingestão de álcool e/ou substâncias psicoativas pelo pedestre";"Atropelamento de Pedestre";"Com Vítimas Feridas";"Plena Noite";"Crescente";"Céu Claro";"Simples";"Interseção de vias";"Sim";2;0;0;1;0;1;1;1;"-29.68521927";"-54.66178894";"SR-RS";"DEL9/12";"UOP02/RS"
192984;2019-02-23;"7";"00:15:00";"SC";101;120;"ITAJAI";"Falta de Atenção à Condução";"Queda de ocupante de veículo";"Com Vítimas Feridas";"Plena Noite";"Decrescente";"Nublado";"Múltipla";"Não Informado";"Não";2;0;1;1;0;0;2;1;"-26.9128";"-48.7118";"SR-SC";"DEL8/4";"UOP04/SC"
192985;2019-02-22;"6";"22:45:00";"MG";262;36,5;"MANHUACU";"Falta de Atenção à Condução";"Colisão lateral";"Com Vítimas Feridas";"Plena Noite";"Crescente";"Céu Claro";"Dupla";"Reta";"Não";2;0;0;1;1;0;1;2;"-20.259321";"-42.022984";"SR-MG";"DEL4/6";"UOP04/MG"
192986;2019-02-23;"7";"00:05:00";"GO";20;5,9;"FORMOSA";"Ingestão de Álcool";"Colisão frontal";"Com Vítimas Fatais";"Plena Noite";"Crescente";"Garoa/Chuvisco";"Simples";"Reta";"Não";3;1;1;0;1;0;1;2;"-15.555275";"-47.306908";"SR-DF";"GO";"UOP04/DF"
192988;2019-02-23;"7";"00:20:00";"RJ";101;294;"ITABORAI";"Velocidade Incompatível";"Colisão traseira";"Com Vítimas Feridas";"Plena Noite";"Crescente";"Nublado";"Dupla";"Reta";"Sim";3;0;2;0;1;0;2;2;"-22.758444";"-42.895023";"SR-RJ";"DEL5/2";"UOP02/RJ"
192989;2019-02-22;"6";"23:45:00";"PR";116;210;"RIO NEGRO";"Ingestão de Álcool";"Colisão com objeto estático";"Com Vítimas Feridas";"Plena Noite";"Crescente";"Nublado";"Simples";"Interseção de vias";"Sim";1;0;1;0;0;0;1;1;"-26.101749";"-49.780796";"SR-SC";"DEL8/6";"UOP01/SC"
192990;2019-02-22;"6";"23:30:00";"RN";304;180;"ANGICOS";"Animais na Pista";"Capotamento";"Com Vítimas Feridas";"Plena Noite";"Decrescente";"Céu Claro";"Dupla";"Reta";"Não";1;0;1;0;0;0;1;1;"-5.690104";"-36.311028";"SR-RN";"DEL15/1";"UOP03/RN"
192991;2019-02-23;"7";"00:05:00";"MG";116;688,8;"MURIAE";"Ingestão de Álcool";"Saída de leito carroçável";"Com Vítimas Feridas";"Plena Noite";"Crescente";"Céu Claro";"Simples";"Curva";"Não";3;0;3;0;0;0;3;1;"-20.997332";"-42.362009";"SR-MG";"DEL4/7";"UOP02/MG"
192993;2019-02-23;"7";"01:30:00";"SC";116;30,7;"ITAIOPOLIS";"Condutor Dormindo";"Colisão traseira";"Com Vítimas Feridas";"Plena Noite";"Crescente";"Nublado";"Simples";"Reta";"Não";2;0;1;0;1;0;1;2;"-26.273455";"-49.921173";"SR-SC";"DEL8/6";"UOP01/SC"
192994;2019-02-23;"7";"01:45:00";"PR";116;119;"CURITIBA";"Ingestão de Álcool";"Saída de leito carroçável";"Sem Vítimas";"Pleno dia";"Crescente";"Nublado";"Dupla";"Curva";"Sim";1;0;0;0;1;0;0;1;"-25.544559";"-49.30146";"SR-PR";"DEL7/1";"UOP06/PR"
192995;2019-02-23;"7";"02:50:00";"RJ";116;221,9;"PIRAI";"Velocidade Incompatível";"Queda de ocupante de veículo";"Com Vítimas Feridas";"Plena Noite";"Decrescente";"Céu Claro";"Simples";"Não Informado";"Não";1;0;0;1;0;0;1;1;"-22.700907";"-43.757046";"SR-RJ";"DEL5/7";"UOP01/RJ"
192996;2019-02-23;"7";"03:30:00";"PR";376;182;"MARINGA";"Falta de Atenção à Condução";"Tombamento";"Com Vítimas Feridas";"Plena Noite";"Decrescente";"Céu Claro";"Dupla";"Interseção de vias";"Sim";1;0;1;0;0;0;1;1;"-23.43160212";"-51.88695869";"SR-PR";"DEL7/7";"UOP04/PR"
192997;2019-02-23;"7";"02:20:00";"PR";277;131;"BALSA NOVA";"Desobediência às normas de trânsito pelo condutor";"Colisão com objeto estático";"Com Vítimas Feridas";"Plena Noite";"Crescente";"Nublado";"Dupla";"Reta";"Não";1;0;1;0;0;0;1;1;"-25.45982465";"-49.64425564";"SR-PR";"DEL7/1";"UOP05/PR"
192998;2019-02-23;"7";"02:15:00";"SP";381;86,5;"SAO PAULO";"Não guardar distância de segurança";"Colisão lateral";"Sem Vítimas";"Plena Noite";"Decrescente";"Céu Claro";"Múltipla";"Reta";"Sim";3;0;0;0;2;1;0;3;"-23.46198658";"-46.57138824";"SR-SP";"DEL6/3";"UOP02/SP"
192999;2019-02-23;"7";"04:00:00";"BA";324;602;"SIMOES FILHO";"Falta de Atenção do Pedestre";"Atropelamento de Pedestre";"Com Vítimas Fatais";"Plena Noite";"Crescente";"Céu Claro";"Dupla";"Reta";"Não";4;1;0;0;3;0;0;1;"-12.7754429";"-38.4181011";"SR-BA";"DEL10/1";"UOP01/BA"
193000;2019-02-23;"7";"02:00:00";"MA";135;9,7;"SAO LUIS";"Desobediência às normas de trânsito pelo condutor";"Colisão frontal";"Com Vítimas Feridas";"Plena Noite";"Crescente";"Céu Claro";"Dupla";"Reta";"Sim";3;0;1;1;0;1;2;2;"-2.649437";"-44.280422";"SR-MA";"DEL18/1";"UOP01/MA"
193001;2019-02-23;"7";"01:00:00";"MT";70;695;"CACERES";"Velocidade Incompatível";"Tombamento";"Com Vítimas Feridas";"Plena Noite";"Crescente";"Céu Claro";"Simples";"Curva";"Não";1;0;1;0;0;0;1;1;"-16.205067";"-57.405003";"SR-MT";"DEL2/3";"UOP01/MT"
193002;2019-02-23;"7";"01:45:00";"MG";262;445,1;"NOVA SERRANA";"Velocidade Incompatível";"Tombamento";"Com Vítimas Feridas";"Plena Noite";"Decrescente";"Céu Claro";"Dupla";"Reta";"Sim";2;0;2;0;0;0;2;1;"-19.880623";"-44.912323";"SR-MG";"DEL4/8";"UOP03/MG"
193003;2019-02-23;"7";"03:10:00";"PR";116;93;"SAO JOSE DOS PINHAIS";"Ingestão de Álcool";"Colisão lateral";"Com Vítimas Feridas";"Plena Noite";"Decrescente";"Nublado";"Dupla";"Reta";"Não";4;0;1;0;3;0;1;2;"-25.482296";"-49.105915";"SR-PR";"DEL7/1";"UOP01/PR"
193004;2019-02-23;"7";"04:20:00";"PR";277;711;"SANTA TEREZINHA DE ITAIPU";"Falta de Atenção à Condução";"Queda de ocupante de veículo";"Com Vítimas Feridas";"Plena Noite";"Decrescente";"Céu Claro";"Dupla";"Reta";"Sim";1;0;1;0;0;0;1;1;"-25.454039";"-54.422295";"SR-PR";"DEL7/5";"UOP01/PR"
193005;2019-02-23;"7";"04:00:00";"SC";101;222;"PALHOCA";"Ingestão de Álcool";"Saída de leito carroçável";"Com Vítimas Feridas";"Plena Noite";"Crescente";"Céu Claro";"Dupla";"Não Informado";"Não";2;0;2;0;0;0;2;1;"-27.7172";"-48.6476";"SR-SC";"DEL8/1";"UOP02/SC"
193006;2019-02-23;"7";"05:40:00";"RJ";116;118;"MAGE";"Condutor Dormindo";"Capotamento";"Com Vítimas Feridas";"Pleno dia";"Crescente";"Céu Claro";"Dupla";"Reta";"Sim";1;0;1;0;0;0;1;1;"-22.62795495";"-43.04821014";"SR-RJ";"DEL5/4";"UOP02/RJ"
193007;2019-02-23;"7";"06:00:00";"SC";470;40,8;"GASPAR";"Desobediência às normas de trânsito pelo condutor";"Colisão frontal";"Com Vítimas Fatais";"Amanhecer";"Crescente";"Céu Claro";"Simples";"Reta";"Não";6;1;1;3;1;0;4;2;"-26.88341634";"-48.99597645";"SR-SC";"DEL8/4";"UOP01/SC"
193008;2019-02-23;"7";"03:15:00";"PR";272;388;"ARARUNA";"Condutor Dormindo";"Saída de leito carroçável";"Com Vítimas Feridas";"Plena Noite";"Crescente";"Céu Claro";"Simples";"Reta";"Não";1;0;1;0;0;0;1;1;"-24.08282805";"-52.60528564";"SR-PR";"DEL7/4";"UOP05/PR"
193009;2019-02-23;"7";"06:30:00";"PR";369;154;"LONDRINA";"Ingestão de Álcool";"Colisão traseira";"Com Vítimas Feridas";"Pleno dia";"Decrescente";"Céu Claro";"Dupla";"Reta";"Sim";3;0;2;0;0;1;2;2;"-23.29733431";"-51.2021631";"SR-PR";"DEL7/7";"UOP01/PR"
193010;2019-02-23;"7";"03:00:00";"MG";NA;NA;"UBERABA";"Agressão Externa";"Incêndio";"Sem Vítimas";"Plena Noite";"Não Informado";"Nublado";"Dupla";"Reta";"Não";1;0;0;0;1;0;0;1;"-19.4515";"-48.0611";"SR-MG";"DEL13";"UOP01/MG"
193011;2019-02-23;"7";"05:40:00";"TO";153;406;"MIRANORTE";"Falta de Atenção à Condução";"Colisão lateral";"Com Vítimas Feridas";"Pleno dia";"Decrescente";"Céu Claro";"Simples";"Desvio Temporário";"Não";1;0;1;0;0;0;1;1;"-9.463457";"-48.579865";"SR-TO";"UOP03/TO";""
193013;2019-02-23;"7";"05:00:00";"MT";364;341;"SANTO ANTONIO DO LEVERGER";"Condutor Dormindo";"Colisão traseira";"Com Vítimas Feridas";"Amanhecer";"Decrescente";"Céu Claro";"Dupla";"Reta";"Sim";2;0;1;0;1;0;1;2;"-15.832259";"-55.501003";"SR-MT";"DEL2/1";"UOP01/MT"
193014;2019-02-23;"7";"03:05:00";"ES";101;376;"ICONHA";"Ingestão de Álcool";"Saída de leito carroçável";"Sem Vítimas";"Plena Noite";"Decrescente";"Céu Claro";"Simples";"Curva";"Sim";1;0;0;0;0;1;0;1;"-20.7348143";"-40.75282227";"SR-ES";"DEL12/3";"UOP01/ES"
193015;2019-02-23;"7";"06:30:00";"RS";158;562,4;"SANTANA DO LIVRAMENTO";"Ingestão de Álcool";"Colisão traseira";"Sem Vítimas";"Amanhecer";"Decrescente";"Céu Claro";"Simples";"Desvio Temporário";"Sim";3;0;0;0;2;1;0;2;"-30.850815";"-55.486874";"SR-RS";"DEL9/11";"UOP01/RS"
193016;2019-02-23;"7";"07:30:00";"RJ";116;122,7;"MAGE";"Falta de Atenção à Condução";"Colisão com objeto estático";"Sem Vítimas";"Pleno dia";"Decrescente";"Céu Claro";"Dupla";"Reta";"Sim";1;0;0;0;1;0;0;1;"-22.65900711";"-43.09181213";"SR-RJ";"DEL5/4";"UOP02/RJ"
193017;2019-02-23;"7";"07:20:00";"ES";101;402,7;"ITAPEMIRIM";"Ultrapassagem Indevida";"Colisão frontal";"Com Vítimas Fatais";"Pleno dia";"Decrescente";"Céu Claro";"Simples";"Curva";"Não";4;2;0;0;2;0;0;3;"-20.8895859";"-40.9965574";"SR-ES";"DEL12/3";"UOP02/ES"
193018;2019-02-22;"6";"21:30:00";"ES";393;0;"CACHOEIRO DE ITAPEMIRIM";"Carga excessiva e/ou mal acondicionada";"Tombamento";"Com Vítimas Feridas";"Plena Noite";"Crescente";"Céu Claro";"Simples";"Rotatória";"Sim";1;0;1;0;0;0;1;1;"-20.841324";"-41.15929";"SR-ES";"DEL12/3";"UOP02/ES"
193019;2019-02-23;"7";"07:15:00";"GO";70;7;"AGUAS LINDAS DE GOIAS";"Falta de Atenção à Condução";"Colisão lateral";"Com Vítimas Feridas";"Pleno dia";"Decrescente";"Céu Claro";"Dupla";"Reta";"Não";1;0;1;0;0;0;1;1;"-15.7423";"-48.2696";"SR-DF";"GO";"UOP06/DF"
193020;2019-02-23;"7";"03:30:00";"MA";226;286,8;"BARRA DO CORDA";"Restrição de Visibilidade";"Atropelamento de Animal";"Com Vítimas Fatais";"Plena Noite";"Crescente";"Céu Claro";"Simples";"Reta";"Não";1;1;0;0;0;0;0;1;"-5.497912";"-45.24263";"SR-MA";"DEL18/3";"UOP01/MA"
193021;2019-02-23;"7";"05:00:00";"TO";153;568;"FATIMA";"Ingestão de Álcool";"Colisão traseira";"Com Vítimas Feridas";"Plena Noite";"Decrescente";"Nevoeiro/Neblina";"Simples";"Não Informado";"Não";2;0;1;0;1;0;1;2;"-10.810689";"-48.902988";"SR-TO";"UOP02/TO";""
193022;2019-02-23;"7";"03:10:00";"BA";116;415;"FEIRA DE SANTANA";"Falta de Atenção à Condução";"Colisão lateral";"Sem Vítimas";"Plena Noite";"Decrescente";"Céu Claro";"Simples";"Reta";"Sim";2;0;0;0;2;0;0;2;"-12.16510226";"-38.96473669";"SR-BA";"DEL10/2";"UOP01/BA"
193023;2019-02-23;"7";"07:55:00";"PR";376;123,1;"ALTO PARANA";"Sinalização da via insuficiente ou inadequada";"Colisão com objeto estático";"Com Vítimas Feridas";"Pleno dia";"Crescente";"Sol";"Dupla";"Não Informado";"Sim";3;0;0;1;0;2;1;1;"-23.132568";"-52.297016";"SR-PR";"DEL7/7";"UOP05/PR"
193024;2019-02-23;"7";"07:50:00";"GO";153;510,7;"APARECIDA DE GOIANIA";"Não guardar distância de segurança";"Colisão traseira";"Com Vítimas Feridas";"Pleno dia";"Crescente";"Nublado";"Dupla";"Desvio Temporário";"Sim";2;0;0;1;1;0;1;2;"-16.7977";"-49.2386";"SR-GO";"DEL1/1";"UOP03/GO"
193025;2019-02-23;"7";"06:00:00";"PR";476;170;"CONTENDA";"Falta de Atenção à Condução";"Saída de leito carroçável";"Com Vítimas Feridas";"Amanhecer";"Crescente";"Céu Claro";"Simples";"Reta";"Não";1;0;1;0;0;0;1;1;"-25.668074";"-49.503948";"SR-PR";"DEL7/1";"UOP04/PR"
193026;2019-02-23;"7";"07:00:00";"SC";470;136,5;"RIO DO SUL";"Falta de Atenção à Condução";"Colisão transversal";"Com Vítimas Feridas";"Pleno dia";"Decrescente";"Céu Claro";"Múltipla";"Retorno Regulamentado";"Não";4;0;1;0;3;0;1;2;"-27.194323";"-49.624554";"SR-SC";"DEL8/4";"UOP02/SC"
193027;2019-02-23;"7";"07:00:00";"MS";163;622;"SAO GABRIEL DO OESTE";"Ingestão de Álcool";"Saída de leito carroçável";"Sem Vítimas";"Pleno dia";"Crescente";"Céu Claro";"Dupla";"Reta";"Não";1;0;0;0;1;0;0;1;"-19.33905";"-54.602587";"SR-MS";"DEL3/6";"UOP02/MS"
193028;2019-02-23;"7";"08:35:00";"PE";101;58,7;"PAULISTA";"Falta de Atenção à Condução";"Colisão lateral";"Com Vítimas Feridas";"Pleno dia";"Crescente";"Nublado";"Dupla";"Não Informado";"Sim";4;0;2;0;2;0;2;3;"-7.978";"-34.9271";"SR-PE";"DEL11/1";"UOP02/PE"
193030;2019-02-23;"7";"07:55:00";"SP";116;219;"GUARULHOS";"Não guardar distância de segurança";"Colisão lateral";"Com Vítimas Feridas";"Pleno dia";"Crescente";"Sol";"Múltipla";"Reta";"Sim";2;0;1;0;1;0;1;2;"-23.46334475";"-46.49538517";"SR-SP";"DEL6/1";"UOP01/SP"
193031;2019-02-23;"7";"08:00:00";"GO";153;503,7;"GOIANIA";"Falta de Atenção à Condução";"Colisão lateral";"Com Vítimas Feridas";"Pleno dia";"Decrescente";"Nublado";"Dupla";"Reta";"Sim";3;0;2;0;1;0;2;2;"-16.7366";"-49.243";"SR-GO";"DEL1/1";"UOP01/GO"
193033;2019-02-23;"7";"07:05:00";"SC";101;239;"PALHOCA";"Não guardar distância de segurança";"Colisão lateral";"Sem Vítimas";"Pleno dia";"Decrescente";"Sol";"Dupla";"Reta";"Não";2;0;0;0;2;0;0;2;"-27.8602";"-48.6446";"SR-SC";"DEL8/1";"UOP02/SC"
193034;2019-02-23;"7";"08:05:00";"PA";316;65;"CASTANHAL";"Falta de Atenção à Condução";"Colisão transversal";"Com Vítimas Feridas";"Pleno dia";"Crescente";"Céu Claro";"Dupla";"Reta";"Sim";2;0;1;0;1;0;1;2;"-1.29501044";"-47.89901733";"SR-PA";"DEL19/1";"UOP02/PA"
193035;2019-02-23;"7";"08:35:00";"SC";101;207,5;"SAO JOSE";"Desobediência às normas de trânsito pelo condutor";"Colisão lateral";"Com Vítimas Feridas";"Pleno dia";"Crescente";"Sol";"Múltipla";"Reta";"Sim";4;0;2;0;2;0;2;2;"-27.6034";"-48.632";"SR-SC";"DEL8/1";"UOP01/SC"
193036;2019-02-23;"7";"07:30:00";"RJ";101;119;"CAMPOS DOS GOYTACAZES";"Falta de Atenção à Condução";"Colisão com objeto estático";"Sem Vítimas";"Amanhecer";"Crescente";"Céu Claro";"Dupla";"Reta";"Não";1;0;0;0;1;0;0;1;"-22.019987";"-41.68504";"SR-RJ";"DEL5/8";"UOP02/RJ"
193037;2019-02-23;"7";"09:00:00";"BA";101;258;"SANTO ANTONIO DE JESUS";"Desobediência às normas de trânsito pelo condutor";"Colisão lateral";"Com Vítimas Feridas";"Pleno dia";"Decrescente";"Sol";"Simples";"Reta";"Sim";2;0;1;0;1;0;1;2;"-12.9492";"-39.253";"SR-BA";"DEL10/1";"UOP02/BA"
193039;2019-02-19;"3";"18:45:00";"MS";267;361;"MARACAJU";"Desobediência às normas de trânsito pelo condutor";"Colisão traseira";"Com Vítimas Feridas";"Plena Noite";"Crescente";"Céu Claro";"Simples";"Reta";"Não";2;0;1;0;1;0;1;2;"-21.64416";"-55.12778";"SR-MS";"DEL2";"UOP02/MS"
193040;2019-01-22;"3";"08:20:00";"PR";476;131;"CURITIBA";"Desobediência às normas de trânsito pelo condutor";"Atropelamento de Pedestre";"Com Vítimas Feridas";"Pleno dia";"Crescente";"Nublado";"Múltipla";"Reta";"Sim";3;0;1;0;2;0;1;2;"-25.453636";"-49.245155";"SR-PR";"DEL7/1";"UOP06/PR"
193041;2019-02-23;"7";"09:00:00";"ES";101;277,9;"SERRA";"Velocidade Incompatível";"Colisão com objeto estático";"Com Vítimas Feridas";"Pleno dia";"Crescente";"Sol";"Dupla";"Retorno Regulamentado";"Não";2;0;1;0;1;0;1;1;"-20.2169991";"-40.32948017";"SR-ES";"DEL12/2";"UOP01/ES"
193042;2019-02-23;"7";"08:10:00";"MG";153;230;"FRONTEIRA";"Defeito Mecânico no Veículo";"Saída de leito carroçável";"Com Vítimas Feridas";"Pleno dia";"Decrescente";"Céu Claro";"Simples";"Reta";"Não";1;0;1;0;0;0;1;1;"-20.18906841";"-49.11987305";"SR-MG";"DEL13";"UOP02/MG"
193043;2019-02-23;"7";"06:50:00";"RO";364;708;"PORTO VELHO";"Velocidade Incompatível";"Colisão com objeto estático";"Com Vítimas Feridas";"Pleno dia";"Decrescente";"Céu Claro";"Múltipla";"Curva";"Sim";1;0;1;0;0;0;1;1;"-8.79613194";"-63.84019202";"SR-RO";"DEL21/1";"UOP01/RO"
193044;2019-01-18;"6";"15:11:00";"PR";277;83,5;"CURITIBA";"Não guardar distância de segurança";"Colisão traseira";"Com Vítimas Feridas";"Pleno dia";"Crescente";"Céu Claro";"Dupla";"Reta";"Sim";2;0;1;0;1;0;1;2;"-25.4439589";"-49.23344125";"SR-PR";"DEL7/1";"UOP01/PR"
193045;2019-02-23;"7";"08:30:00";"SC";101;205;"SAO JOSE";"Falta de Atenção à Condução";"Colisão traseira";"Com Vítimas Feridas";"Pleno dia";"Crescente";"Sol";"Múltipla";"Reta";"Sim";3;0;2;0;1;0;2;2;"-27.592";"-48.6181";"SR-SC";"DEL8/1";"UOP01/SC"
193046;2019-02-23;"7";"09:40:00";"AL";101;78,9;"RIO LARGO";"Velocidade Incompatível";"Tombamento";"Com Vítimas Feridas";"Pleno dia";"Crescente";"Céu Claro";"Dupla";"Curva";"Não";1;0;1;0;0;0;1;1;"-9.431196";"-35.837425";"SR-AL";"DEL13/1";"UOP01/AL"
193047;2019-02-23;"7";"09:15:00";"PR";476;128,3;"CURITIBA";"Falta de Atenção à Condução";"Colisão lateral";"Com Vítimas Feridas";"Pleno dia";"Decrescente";"Sol";"Múltipla";"Curva";"Sim";2;0;2;0;0;0;2;2;"-25.43601002";"-49.23382066";"SR-PR";"DEL7/1";"UOP06/PR"
193048;2019-02-20;"4";"01:55:00";"SC";116;45;"PAPANDUVA";"Restrição de Visibilidade";"Atropelamento de Pedestre";"Com Vítimas Feridas";"Pleno dia";"Crescente";"Céu Claro";"Simples";"Reta";"Não";2;0;1;0;1;0;1;1;"-26.39325";"-50.155151";"SR-SC";"DEL8/6";"UOP01/SC"
193049;2019-02-23;"7";"09:50:00";"RN";101;108,6;"PARNAMIRIM";"Animais na Pista";"Atropelamento de Animal";"Com Vítimas Feridas";"Pleno dia";"Decrescente";"Chuva";"Dupla";"Interseção de vias";"Sim";1;0;1;0;0;0;1;1;"-5.92823";"-35.264656";"SR-RN";"DEL15/1";"UOP01/RN"
193050;2019-02-23;"7";"09:25:00";"SP";116;146,3;"SAO JOSE DOS CAMPOS";"Não guardar distância de segurança";"Colisão traseira";"Com Vítimas Feridas";"Pleno dia";"Decrescente";"Céu Claro";"Dupla";"Desvio Temporário";"Sim";2;0;1;0;0;1;1;2;"-23.191269";"-45.863358";"SR-SP";"DEL6/2";"UOP01/SP"
193051;2019-02-23;"7";"09:45:00";"RS";290;88,2;"PORTO ALEGRE";"Desobediência às normas de trânsito pelo condutor";"Capotamento";"Com Vítimas Feridas";"Pleno dia";"Decrescente";"Céu Claro";"Múltipla";"Reta";"Sim";2;0;2;0;0;0;2;1;"-29.967531";"-51.137264";"SR-RS";"DEL9/1";"UOP01/RS"
193052;2019-02-23;"7";"09:50:00";"RJ";101;311;"SAO GONCALO";"Não guardar distância de segurança";"Colisão lateral";"Com Vítimas Feridas";"Pleno dia";"Crescente";"Sol";"Dupla";"Reta";"Sim";2;0;1;0;0;1;1;2;"-22.800632";"-43.053211";"SR-RJ";"DEL5/2";"UOP02/RJ"
193053;2019-02-23;"7";"09:10:00";"SC";282;606;"MARAVILHA";"Falta de Atenção à Condução";"Colisão transversal";"Com Vítimas Feridas";"Pleno dia";"Decrescente";"Céu Claro";"Simples";"Interseção de vias";"Não";3;0;2;0;1;0;2;2;"-26.77450823";"-53.20328414";"SR-SC";"DEL7";"UOP02/SC"
193054;2019-02-23;"7";"08:20:00";"SC";282;326;"CAMPOS NOVOS";"Desobediência às normas de trânsito pelo condutor";"Colisão frontal";"Com Vítimas Feridas";"Pleno dia";"Crescente";"Céu Claro";"Simples";"Não Informado";"Não";4;0;2;1;1;0;3;2;"-27.374018";"-51.068764";"SR-SC";"DEL7";"UOP08/SC"
193055;2019-02-20;"4";"02:20:00";"SC";470;242,8;"CURITIBANOS";"Velocidade Incompatível";"Saída de leito carroçável";"Com Vítimas Feridas";"Plena Noite";"Decrescente";"Céu Claro";"Simples";"Rotatória";"Não";1;0;0;1;0;0;1;1;"-27.31481538";"-50.51573753";"SR-SC";"DEL8/5";"UOP03/SC"
193056;2019-02-23;"7";"10:00:00";"RS";158;323,1;"SANTA MARIA";"Falta de Atenção à Condução";"Colisão traseira";"Com Vítimas Feridas";"Pleno dia";"Decrescente";"Sol";"Dupla";"Reta";"Sim";2;0;1;0;1;0;1;2;"-29.695568";"-53.78022";"SR-RS";"DEL9/9";"UOP01/RS"
193057;2019-02-23;"7";"09:00:00";"RR";174;528,1;"BOA VISTA";"Avarias e/ou desgaste excessivo no pneu";"Colisão transversal";"Com Vítimas Feridas";"Pleno dia";"Crescente";"Céu Claro";"Simples";"Reta";"Não";11;0;7;3;1;0;10;2;"3.01169848";"-60.76739788";"SR-RR";"UOP01/RR";""
193059;2019-02-03;"1";"19:00:00";"BA";101;361;"WENCESLAU GUIMARAES";"Velocidade Incompatível";"Saída de leito carroçável";"Com Vítimas Feridas";"Plena Noite";"Decrescente";"Céu Claro";"Simples";"Desvio Temporário";"Sim";1;0;0;1;0;0;1;1;"-13.6906";"-39.4805";"SR-BA";"DEL10/5";"UOP03/BA"