"id";"data_inversa";"dia_semana";"horario";"uf";"br";"km";"municipio";"causa_acidente";"tipo_acidente";"classificacao_acidente";"fase_dia";"sentido_via";"condicao_metereologica";"tipo_pista";"tracado_via";"uso_solo";"pessoas";"mortos";"feridos_leves";"feridos_graves";"ilesos";"ignorados";"feridos";"veiculos";"latitude";"longitude";"regional";"delegacia";"uop"
193060;2019-02-23;"7";"06:30:00";"GO";414;334,9;"COCALZINHO DE GOIAS";"Falta de Atenção à Condução";"Saída de leito carroçável";"Com Vítimas Feridas";"Pleno dia";"Crescente";"Céu Claro";"Simples";"Reta";"Não";1;0;1;0;0;0;1;1;"-15.580993";"-48.628662";"SR-GO";"DEL1/2";"UOP01/GO"
193062;2019-02-23;"7";"08:30:00";"PR";373;432;"CHOPINZINHO";"Velocidade Incompatível";"Tombamento";"Com Vítimas Feridas";"Pleno dia";"Decrescente";"Céu Claro";"Simples";"Curva";"Não";1;0;0;1;0;0;1;1;"-25.768912";"-52.257933";"SR-PR";"DEL7/2";"UOP01/PR"
193063;2019-02-23;"7";"10:55:00";"PE";101;73,8;"RECIFE";"Não guardar distância de segurança";"Colisão traseira";"Com Vítimas Feridas";"Pleno dia";"Crescente";"Céu Claro";"Simples";"Não Informado";"Sim";2;0;1;0;1;0;1;2;"-8.1027";"-34.9483";"SR-PE";"DEL11/1";"UOP01/PE"
193064;2019-02-23;"7";"11:00:00";"PE";101;50;"ABREU E LIMA";"Falta de Atenção do Pedestre";"Atropelamento de Pedestre";"Com Vítimas Feridas";"Pleno dia";"Crescente";"Céu Claro";"Simples";"Reta";"Sim";3;0;2;0;1;0;2;1;"-7.9148";"-34.8984";"SR-PE";"DEL11/1";"UOP02/PE"
193065;2019-02-23;"7";"11:00:00";"MG";40;592;"ITABIRITO";"Não guardar distância de segurança";"Colisão traseira";"Com Vítimas Feridas";"Pleno dia";"Decrescente";"Sol";"Dupla";"Reta";"Não";2;0;1;0;1;0;1;2;"-20.3902";"-43.9066";"SR-MG";"DEL5";"UOP02/MG"
193066;2019-02-23;"7";"10:30:00";"RN";405;76,3;"APODI";"Desobediência às normas de trânsito pelo condutor";"Colisão lateral";"Com Vítimas Feridas";"Pleno dia";"Crescente";"Sol";"Dupla";"Reta";"Sim";2;0;1;0;0;1;1;2;"-5.652425";"-37.799461";"SR-RN";"DEL15/4";"UOP02/RN"
193067;2019-02-23;"7";"11:10:00";"RJ";393;274;"BARRA DO PIRAI";"Falta de Atenção à Condução";"Tombamento";"Sem Vítimas";"Pleno dia";"Crescente";"Céu Claro";"Simples";"Curva";"Sim";1;0;0;0;1;0;0;1;"-22.478477";"-43.951252";"SR-RJ";"DEL5/5";"UOP02/RJ"
193068;2019-02-23;"7";"11:22:00";"SC";470;143;"RIO DO SUL";"Falta de Atenção à Condução";"Colisão lateral";"Com Vítimas Feridas";"Pleno dia";"Crescente";"Céu Claro";"Simples";"Reta";"Sim";2;0;2;0;0;0;2;2;"-27.233143";"-49.672886";"SR-SC";"DEL8/4";"UOP02/SC"
193071;2019-02-23;"7";"08:40:00";"PA";155;270;"ELDORADO DO CARAJAS";"Condutor Dormindo";"Saída de leito carroçável";"Com Vítimas Fatais";"Pleno dia";"Decrescente";"Céu Claro";"Simples";"Reta";"Não";1;1;0;0;0;0;0;1;"-5.980587";"-49.233501";"SR-PA";"DEL19/3";"UOP01/PA"
193074;2019-02-23;"7";"12:00:00";"CE";304;51;"ARACATI";"Falta de Atenção à Condução";"Colisão transversal";"Com Vítimas Feridas";"Pleno dia";"Decrescente";"Sol";"Simples";"Curva";"Não";4;0;2;0;2;0;2;2;"-4.569423";"-37.753418";"SR-CE";"DEL16/3";"UOP03/CE"
193075;2019-02-23;"7";"01:00:00";"GO";70;379,9;"MONTES CLAROS DE GOIAS";"Defeito Mecânico no Veículo";"Incêndio";"Sem Vítimas";"Plena Noite";"Decrescente";"Céu Claro";"Simples";"Reta";"Não";2;0;0;0;2;0;0;1;"-15.89632239";"-51.90227866";"SR-GO";"DEL1/4";"UOP01/GO"
193076;2019-02-22;"6";"21:00:00";"PI";135;167,5;"MANOEL EMIDIO";"Falta de Atenção à Condução";"Saída de leito carroçável";"Com Vítimas Feridas";"Plena Noite";"Decrescente";"Céu Claro";"Simples";"Curva";"Não";1;0;1;0;0;0;1;1;"-7.94337068";"-43.82490277";"SR-PI";"DEL17/3";"UOP01/PI"
193077;2019-02-23;"7";"12:10:00";"PE";101;70,1;"RECIFE";"Falta de Atenção à Condução";"Colisão traseira";"Com Vítimas Feridas";"Pleno dia";"Decrescente";"Sol";"Dupla";"Reta";"Sim";2;0;1;0;1;0;1;2;"-8.0778";"-34.9429";"SR-PE";"DEL11/1";"UOP01/PE"
193080;2019-02-23;"7";"11:25:00";"RJ";101;123;"CAMPOS DOS GOYTACAZES";"Não guardar distância de segurança";"Colisão traseira";"Com Vítimas Feridas";"Pleno dia";"Decrescente";"Céu Claro";"Dupla";"Reta";"Não";4;0;1;0;2;1;1;2;"-22.049772";"-41.684048";"SR-RJ";"DEL5/8";"UOP02/RJ"
193081;2019-02-23;"7";"11:30:00";"SC";101;113,5;"ITAJAI";"Falta de Atenção à Condução";"Colisão traseira";"Com Vítimas Feridas";"Pleno dia";"Decrescente";"Céu Claro";"Dupla";"Reta";"Não";4;0;4;0;0;0;4;2;"-26.8622";"-48.7286";"SR-SC";"DEL8/4";"UOP04/SC"
193082;2019-02-23;"7";"11:15:00";"CE";20;426;"FORTALEZA";"Velocidade Incompatível";"Capotamento";"Com Vítimas Feridas";"Pleno dia";"Crescente";"Chuva";"Dupla";"Reta";"Sim";2;0;1;1;0;0;2;2;"-3.86486338";"-38.51845661";"SR-CE";"DEL16/1";"UOP02/CE"
193083;2019-02-23;"7";"12:30:00";"BA";324;559;"AMELIA RODRIGUES";"Condutor Dormindo";"Saída de leito carroçável";"Com Vítimas Feridas";"Pleno dia";"Decrescente";"Sol";"Dupla";"Reta";"Não";3;0;3;0;0;0;3;1;"-12.49059469";"-38.65661189";"SR-BA";"DEL10/1";"UOP01/BA"
193084;2019-02-23;"7";"12:40:00";"SP";116;223;"GUARULHOS";"Não guardar distância de segurança";"Colisão traseira";"Com Vítimas Feridas";"Pleno dia";"Crescente";"Sol";"Múltipla";"Reta";"Sim";3;0;2;0;0;1;2;2;"-23.48182013";"-46.53517984";"SR-SP";"DEL6/1";"UOP01/SP"
193085;2019-02-23;"7";"10:50:00";"RJ";116;192;"QUEIMADOS";"Falta de Atenção do Pedestre";"Atropelamento de Pedestre";"Com Vítimas Fatais";"Pleno dia";"Crescente";"Sol";"Dupla";"Reta";"Sim";4;1;0;0;2;1;0;1;"-22.72958293";"-43.57439518";"SR-RJ";"DEL5/1";"UOP03/RJ"
193086;2019-02-23;"7";"12:20:00";"SC";470;88,7;"ASCURRA";"Falta de Atenção à Condução";"Colisão transversal";"Com Vítimas Feridas";"Pleno dia";"Crescente";"Sol";"Simples";"Curva";"Não";2;0;1;0;1;0;1;2;"-26.955355";"-49.373169";"SR-SC";"DEL8/4";"UOP01/SC"
193087;2019-02-23;"7";"10:30:00";"MG";116;567,3;"MANHUACU";"Falta de Atenção à Condução";"Colisão transversal";"Com Vítimas Feridas";"Pleno dia";"Crescente";"Sol";"Simples";"Reta";"Não";2;0;0;1;1;0;1;2;"-20.08559874";"-42.18372345";"SR-MG";"DEL4/6";"UOP04/MG"
193088;2019-02-23;"7";"12:45:00";"RS";116;523;"PELOTAS";"Objeto estático sobre o leito carroçável";"Tombamento";"Com Vítimas Feridas";"Pleno dia";"Crescente";"Céu Claro";"Dupla";"Reta";"Sim";2;0;2;0;0;0;2;1;"-31.72816715";"-52.38864899";"SR-RS";"DEL9/7";"UOP01/RS"
193089;2019-02-23;"7";"12:22:00";"MT";163;834;"SINOP";"Falta de Atenção à Condução";"Colisão traseira";"Com Vítimas Feridas";"Pleno dia";"Decrescente";"Sol";"Dupla";"Rotatória";"Sim";3;0;1;0;2;0;1;2;"-11.86592297";"-55.49667478";"SR-MT";"DEL2/6";"UOP01/MT"
193090;2019-02-23;"7";"10:20:00";"SC";282;493,3;"FAXINAL DOS GUEDES";"Ingestão de álcool e/ou substâncias psicoativas pelo pedestre";"Colisão traseira";"Sem Vítimas";"Pleno dia";"Decrescente";"Céu Claro";"Simples";"Não Informado";"Não";2;0;0;0;2;0;0;2;"-26.869814";"-52.310135";"SR-SC";"DEL7";"UOP01/SC"
193091;2019-02-23;"7";"09:00:00";"RJ";354;18,1;"RESENDE";"Velocidade Incompatível";"Colisão frontal";"Com Vítimas Feridas";"Pleno dia";"Crescente";"Sol";"Simples";"Curva";"Não";2;0;0;1;1;0;1;2;"-22.465595";"-44.716988";"SR-RJ";"DEL5/7";"UOP03/RJ"
193093;2019-02-23;"7";"12:45:00";"SC";101;216,9;"PALHOCA";"Defeito Mecânico no Veículo";"Tombamento";"Com Vítimas Feridas";"Pleno dia";"Decrescente";"Céu Claro";"Múltipla";"Reta";"Sim";2;0;2;0;0;0;2;1;"-27.659815";"-48.677479";"SR-SC";"DEL8/1";"UOP02/SC"
193094;2019-02-23;"7";"13:10:00";"MG";262;33,1;"MANHUACU";"Desobediência às normas de trânsito pelo condutor";"Colisão transversal";"Com Vítimas Feridas";"Pleno dia";"Crescente";"Céu Claro";"Simples";"Reta";"Não";2;0;1;0;1;0;1;2;"-20.255514";"-42.004681";"SR-MG";"DEL4/6";"UOP04/MG"
193095;2019-02-23;"7";"13:00:00";"SP";116;1,1;"GUARULHOS";"Desobediência às normas de trânsito pelo condutor";"Queda de ocupante de veículo";"Com Vítimas Feridas";"Pleno dia";"Decrescente";"Céu Claro";"Dupla";"Reta";"Sim";2;0;1;0;1;0;1;2;"-23.463257";"-46.53373";"SR-SP";"DEL6/1";"UOP01/SP"
193096;2019-02-23;"7";"11:10:00";"RS";471;165,5;"RIO PARDO";"Falta de Atenção à Condução";"Colisão traseira";"Com Vítimas Feridas";"Pleno dia";"Decrescente";"Sol";"Simples";"Não Informado";"Não";5;0;1;0;4;0;1;2;"-29.89815062";"-52.39227902";"SR-RS";"DEL9/2";"UOP03/RS"
193097;2019-02-23;"7";"13:00:00";"PE";101;134,1;"ESCADA";"Falta de Atenção à Condução";"Colisão com objeto estático";"Com Vítimas Feridas";"Pleno dia";"Decrescente";"Céu Claro";"Dupla";"Reta";"Não";1;0;1;0;0;0;1;1;"-8.411";"-35.2934";"SR-PE";"DEL11/1";"UOP03/PE"
193098;2019-02-23;"7";"13:20:00";"PE";101;103;"CABO DE SANTO AGOSTINHO";"Ingestão de Álcool";"Colisão traseira";"Sem Vítimas";"Pleno dia";"Decrescente";"Céu Claro";"Múltipla";"Reta";"Sim";2;0;0;0;2;0;0;2;"-8.2977";"-35.0643";"SR-PE";"DEL11/1";"UOP03/PE"
193101;2019-02-23;"7";"12:54:00";"SP";116;152,8;"SAO JOSE DOS CAMPOS";"Falta de Atenção à Condução";"Capotamento";"Com Vítimas Feridas";"Pleno dia";"Crescente";"Sol";"Dupla";"Reta";"Sim";3;0;1;1;1;0;2;2;"-23.2299594";"-45.91108739";"SR-SP";"DEL6/2";"UOP01/SP"
193102;2019-02-23;"7";"10:45:00";"SP";116;107;"TAUBATE";"Avarias e/ou desgaste excessivo no pneu";"Saída de leito carroçável";"Sem Vítimas";"Pleno dia";"Crescente";"Céu Claro";"Dupla";"Reta";"Sim";1;0;0;0;1;0;0;1;"-23.01795";"-45.530148";"SR-SP";"DEL6";"UOP01/SP"
193103;2019-02-23;"7";"10:39:00";"SC";470;200;"PONTE ALTA";"Falta de Atenção à Condução";"Colisão transversal";"Com Vítimas Feridas";"Pleno dia";"Decrescente";"Céu Claro";"Simples";"Não Informado";"Não";4;0;0;2;2;0;2;2;"-27.305405";"-50.136627";"SR-SC";"DEL8/5";"UOP03/SC"
193104;2019-02-23;"7";"14:20:00";"PE";316;84;"OURICURI";"Falta de Atenção do Pedestre";"Atropelamento de Pedestre";"Com Vítimas Feridas";"Pleno dia";"Crescente";"Nublado";"Simples";"Reta";"Sim";2;0;0;1;1;0;1;1;"-7.878819";"-40.077358";"SR-PE";"DEL11/5";"UOP02/PE"
193105;2019-02-23;"7";"14:30:00";"BA";235;352,4;"JUAZEIRO";"Desobediência às normas de trânsito pelo condutor";"Colisão transversal";"Com Vítimas Feridas";"Pleno dia";"Crescente";"Céu Claro";"Dupla";"Reta";"Sim";2;0;1;0;1;0;1;2;"-9.4351763";"-40.50384521";"SR-BA";"DEL10/7";"UOP01/BA"
193106;2019-02-23;"7";"12:30:00";"PA";163;577,2;"TRAIRAO";"Falta de Atenção à Condução";"Colisão frontal";"Com Vítimas Feridas";"Pleno dia";"Crescente";"Chuva";"Simples";"Desvio Temporário";"Não";4;0;2;0;2;0;2;2;"-5.000837";"-56.179076";"SR-PA";"DEL19/5";"UOP01/PA"
193107;2019-02-23;"7";"14:15:00";"MG";381;869;"POUSO ALEGRE";"Velocidade Incompatível";"Colisão com objeto estático";"Com Vítimas Feridas";"Pleno dia";"Decrescente";"Chuva";"Dupla";"Reta";"Não";1;0;1;0;0;0;1;1;"-22.39";"-45.9539";"SR-MG";"DEL09";"UOP01/MG"
193108;2019-02-23;"7";"14:50:00";"RN";304;39,9;"MOSSORO";"Defeito na Via";"Danos eventuais";"Sem Vítimas";"Pleno dia";"Crescente";"Chuva";"Dupla";"Reta";"Sim";1;0;0;0;1;0;0;1;"-5.188467";"-37.374104";"SR-RN";"DEL15/4";"UOP02/RN"
193109;2019-02-23;"7";"13:15:00";"MG";40;764,9;"JUIZ DE FORA";"Condutor Dormindo";"Colisão lateral";"Com Vítimas Fatais";"Pleno dia";"Decrescente";"Céu Claro";"Simples";"Reta";"Não";4;1;2;1;0;0;3;2;"-21.5815";"-43.4664";"SR-MG";"DEL5";"UOP01/MG"
193110;2019-02-23;"7";"10:45:00";"RJ";116;95;"GUAPIMIRIM";"Falta de Atenção à Condução";"Tombamento";"Com Vítimas Feridas";"Pleno dia";"Crescente";"Céu Claro";"Simples";"Reta";"Não";1;0;1;0;0;0;1;1;"-22.473751";"-43.001179";"SR-RJ";"DEL5/4";"UOP02/RJ"
193111;2019-02-23;"7";"14:30:00";"BA";116;12,6;"VITORIA DA CONQUISTA";"Ingestão de álcool e/ou substâncias psicoativas pelo pedestre";"Atropelamento de Pedestre";"Com Vítimas Feridas";"Pleno dia";"Crescente";"Sol";"Simples";"Reta";"Sim";2;0;1;0;1;0;1;1;"-14.88374161";"-40.87077141";"SR-BA";"DEL10/8";"UOP01/BA"
193112;2019-02-23;"7";"14:40:00";"MG";40;575,9;"ITABIRITO";"Velocidade Incompatível";"Colisão lateral";"Com Vítimas Feridas";"Pleno dia";"Decrescente";"Céu Claro";"Simples";"Reta";"Não";2;0;1;0;0;1;1;2;"-20.2635";"-43.9585";"SR-MG";"DEL4/1";"UOP02/MG"
193114;2019-02-23;"7";"15:00:00";"ES";101;149;"LINHARES";"Desobediência às normas de trânsito pelo condutor";"Colisão lateral";"Com Vítimas Feridas";"Pleno dia";"Crescente";"Céu Claro";"Múltipla";"Não Informado";"Sim";2;0;1;0;1;0;1;2;"-19.35796639";"-40.06805431";"SR-ES";"DEL12/4";"UOP01/ES"
193115;2019-02-23;"7";"14:40:00";"SP";116;272;"TABOAO DA SERRA";"Falta de Atenção à Condução";"Colisão traseira";"Sem Vítimas";"Pleno dia";"Decrescente";"Céu Claro";"Dupla";"Reta";"Sim";6;0;0;0;6;0;0;2;"-23.61463825";"-46.78467214";"SR-SP";"DEL6/4";"UOP01/SP"
193116;2019-02-23;"7";"15:00:00";"SC";101;134;"BALNEARIO CAMBORIU";"Falta de Atenção à Condução";"Colisão transversal";"Com Vítimas Feridas";"Pleno dia";"Decrescente";"Céu Claro";"Dupla";"Interseção de vias";"Sim";3;0;1;0;2;0;1;2;"-27.0049";"-48.6266";"SR-SC";"DEL8/4";"UOP03/SC"
193117;2019-02-23;"7";"15:20:00";"RN";110;45,4;"MOSSORO";"Desobediência às normas de trânsito pelo pedestre";"Atropelamento de Pedestre";"Com Vítimas Feridas";"Pleno dia";"Decrescente";"Nublado";"Simples";"Reta";"Sim";2;0;1;0;1;0;1;1;"-5.197978";"-37.318398";"SR-RN";"DEL15/4";"UOP01/RN"
193118;2019-02-23;"7";"15:15:00";"MG";381;451,9;"SABARA";"Falta de Atenção à Condução";"Colisão lateral";"Com Vítimas Feridas";"Pleno dia";"Crescente";"Céu Claro";"Simples";"Reta";"Sim";4;0;1;0;3;0;1;4;"-19.8577898";"-43.8999939";"SR-MG";"DEL4/1";"UOP01/MG"
193120;2019-02-23;"7";"13:00:00";"MG";120;476;"NOVA ERA";"Falta de Atenção à Condução";"Colisão transversal";"Com Vítimas Feridas";"Pleno dia";"Decrescente";"Céu Claro";"Dupla";"Reta";"Sim";5;0;2;0;3;0;2;2;"-19.75679936";"-43.02719235";"SR-MG";"DEL4/3";"UOP01/MG"
193121;2019-02-23;"7";"15:25:00";"PR";467;77,5;"TOLEDO";"Desobediência às normas de trânsito pelo condutor";"Saída de leito carroçável";"Com Vítimas Feridas";"Pleno dia";"Decrescente";"Sol";"Dupla";"Não Informado";"Sim";2;0;1;0;0;1;1;2;"-24.7652";"-53.6899";"SR-PR";"DEL7/4";"UOP01/PR"
193122;2019-02-23;"7";"16:20:00";"BA";324;622;"SALVADOR";"Avarias e/ou desgaste excessivo no pneu";"Queda de ocupante de veículo";"Com Vítimas Feridas";"Pleno dia";"Decrescente";"Céu Claro";"Múltipla";"Reta";"Não";2;0;1;0;1;0;1;1;"-12.93996857";"-38.47146772";"SR-BA";"DEL10/1";"UOP01/BA"
193123;2019-02-23;"7";"07:00:00";"SE";101;130,7;"ESTANCIA";"Defeito Mecânico no Veículo";"Incêndio";"Sem Vítimas";"Pleno dia";"Crescente";"Nublado";"Dupla";"Reta";"Não";1;0;0;0;1;0;0;1;"-11.1203912";"-37.37863183";"SR-SE";"DEL20/2";"UOP01/SE"
193124;2019-02-23;"7";"15:20:00";"CE";20;244;"MADALENA";"Fenômenos da Natureza";"Saída de leito carroçável";"Sem Vítimas";"Pleno dia";"Decrescente";"Chuva";"Simples";"Curva";"Não";2;0;0;0;2;0;0;1;"-4.847832";"-39.570019";"SR-CE";"DEL16/2";"UOP02/CE"
193126;2019-02-23;"7";"17:00:00";"PR";376;187,5;"MARIALVA";"Falta de Atenção à Condução";"Colisão transversal";"Com Vítimas Feridas";"Pleno dia";"Crescente";"Sol";"Dupla";"Não Informado";"Não";3;0;1;1;1;0;2;2;"-23.458744";"-51.841436";"SR-PR";"DEL7/7";"UOP04/PR"
193127;2019-02-23;"7";"16:20:00";"PR";376;187,5;"MARIALVA";"Falta de Atenção à Condução";"Colisão traseira";"Com Vítimas Feridas";"Pleno dia";"Decrescente";"Céu Claro";"Dupla";"Retorno Regulamentado";"Sim";2;0;0;1;0;1;1;2;"-23.471231";"-51.819515";"SR-PR";"DEL7/7";"UOP04/PR"
193129;2019-02-23;"7";"16:40:00";"ES";101;265,2;"SERRA";"Desobediência às normas de trânsito pelo condutor";"Queda de ocupante de veículo";"Com Vítimas Feridas";"Pleno dia";"Crescente";"Céu Claro";"Dupla";"Reta";"Sim";1;0;0;1;0;0;1;1;"-20.1836973";"-40.2665398";"SR-ES";"DEL12/2";"UOP01/ES"
193130;2019-02-23;"7";"17:12:00";"SC";101;86;"BARRA VELHA";"Falta de Atenção à Condução";"Colisão traseira";"Sem Vítimas";"Pleno dia";"Crescente";"Garoa/Chuvisco";"Dupla";"Reta";"Sim";3;0;0;0;2;1;0;2;"-26.6423";"-48.6895";"SR-SC";"DEL8/3";"UOP02/SC"
193131;2019-02-23;"7";"17:27:00";"BA";116;845,8;"VITORIA DA CONQUISTA";"Não guardar distância de segurança";"Colisão traseira";"Com Vítimas Feridas";"Anoitecer";"Crescente";"Céu Claro";"Simples";"Curva";"Não";2;0;2;0;0;0;2;1;"-14.953925";"-40.90171301";"SR-BA";"DEL10/8";"UOP03/BA"
193132;2019-02-23;"7";"17:30:00";"PR";369;156;"LONDRINA";"Ingestão de Álcool";"Colisão traseira";"Com Vítimas Feridas";"Pleno dia";"Crescente";"Céu Claro";"Dupla";"Reta";"Sim";2;0;0;1;1;0;1;2;"-23.29219262";"-51.2154749";"SR-PR";"DEL7/7";"UOP01/PR"
193133;2019-02-23;"7";"16:50:00";"MG";381;511,9;"IGARAPE";"Velocidade Incompatível";"Colisão com objeto estático";"Sem Vítimas";"Pleno dia";"Decrescente";"Sol";"Dupla";"Reta";"Sim";1;0;0;0;0;1;0;1;"-20.0685";"-44.2974";"SR-MG";"DEL4/1";"UOP03/MG"
193134;2019-02-23;"7";"17:00:00";"SC";101;207;"SAO JOSE";"Desobediência às normas de trânsito pelo condutor";"Colisão lateral";"Com Vítimas Feridas";"Pleno dia";"Crescente";"Céu Claro";"Múltipla";"Reta";"Não";3;0;2;0;1;0;2;2;"-27.6034";"-48.632";"SR-SC";"DEL8/1";"UOP01/SC"
193135;2019-02-23;"7";"17:25:00";"SC";280;29;"ARAQUARI";"Ingestão de Álcool";"Engavetamento";"Sem Vítimas";"Pleno dia";"Decrescente";"Céu Claro";"Simples";"Reta";"Não";4;0;0;0;4;0;0;4;"-26.410728";"-48.75304";"SR-SC";"DEL8/3";"UOP03/SC"
193136;2019-02-23;"7";"15:00:00";"PI";316;241,3;"INHUMA";"Falta de Atenção à Condução";"Colisão lateral";"Com Vítimas Feridas";"Pleno dia";"Crescente";"Chuva";"Simples";"Interseção de vias";"Não";3;0;1;0;2;0;1;2;"-6.663288";"-41.717549";"SR-PI";"DEL17/4";"UOP02/PI"
193137;2019-02-23;"7";"17:50:00";"PR";369;31,6;"CAMBARA";"Velocidade Incompatível";"Colisão lateral";"Com Vítimas Feridas";"Pleno dia";"Crescente";"Chuva";"Simples";"Curva";"Não";2;0;0;1;1;0;1;2;"-23.03590137";"-50.13293266";"SR-PR";"DEL7/7";"UOP06/PR"
193138;2019-02-23;"7";"17:50:00";"PR";369;31,6;"CAMBARA";"Velocidade Incompatível";"Saída de leito carroçável";"Com Vítimas Feridas";"Pleno dia";"Decrescente";"Chuva";"Simples";"Curva";"Não";3;0;2;0;1;0;2;1;"-23.04087743";"-50.18340111";"SR-PR";"DEL7/7";"UOP06/PR"
193139;2019-02-23;"7";"17:55:00";"PE";101;68,2;"RECIFE";"Falta de Atenção à Condução";"Saída de leito carroçável";"Com Vítimas Feridas";"Anoitecer";"Crescente";"Céu Claro";"Dupla";"Reta";"Sim";1;0;1;0;0;0;1;1;"-8.05420016";"-34.94652808";"SR-PE";"DEL11/1";"UOP01/PE"
193140;2019-02-23;"7";"18:10:00";"SP";381;38,2;"ATIBAIA";"Falta de Atenção à Condução";"Colisão traseira";"Com Vítimas Feridas";"Pleno dia";"Crescente";"Céu Claro";"Dupla";"Reta";"Sim";4;0;3;0;1;0;3;2;"-23.11573307";"-46.57241821";"SR-SP";"DEL6/3";"UOP02/SP"
193141;2019-02-23;"7";"17:35:00";"PR";163;8,5;"BARRACAO";"Ingestão de Álcool";"Colisão traseira";"Com Vítimas Feridas";"Pleno dia";"Crescente";"Céu Claro";"Dupla";"Reta";"Sim";2;0;0;1;1;0;1;2;"-26.257";"-53.6211";"SR-PR";"DEL7/2";"UOP04/PR"
193142;2019-02-23;"7";"11:00:00";"GO";60;46,5;"ALEXANIA";"Falta de Atenção à Condução";"Saída de leito carroçável";"Com Vítimas Feridas";"Pleno dia";"Decrescente";"Nublado";"Dupla";"Não Informado";"Não";1;0;1;0;0;0;1;1;"-16.1417";"-48.5988";"SR-GO";"DEL1/2";"UOP01/GO"
193144;2019-02-23;"7";"18:30:00";"SC";101;203;"SAO JOSE";"Desobediência às normas de trânsito pelo condutor";"Colisão lateral";"Com Vítimas Feridas";"Plena Noite";"Crescente";"Céu Claro";"Dupla";"Reta";"Sim";4;0;1;0;3;0;1;3;"-27.5742";"-48.6134";"SR-SC";"DEL8/1";"UOP01/SC"
193145;2019-02-23;"7";"18:25:00";"PR";277;662;"MATELANDIA";"Ingestão de Álcool";"Saída de leito carroçável";"Com Vítimas Feridas";"Pleno dia";"Decrescente";"Céu Claro";"Dupla";"Curva";"Não";1;0;1;0;0;0;1;1;"-25.251236";"-54.009113";"SR-PR";"DEL7/5";"UOP02/PR"
193146;2019-02-23;"7";"18:40:00";"ES";101;145;"LINHARES";"Falta de Atenção à Condução";"Colisão transversal";"Com Vítimas Feridas";"Plena Noite";"Crescente";"Céu Claro";"Simples";"Interseção de vias";"Sim";2;0;1;0;1;0;1;2;"-19.35877087";"-40.06438321";"SR-ES";"DEL12/4";"UOP01/ES"
193147;2019-02-23;"7";"18:20:00";"MT";163;756;"SORRISO";"Falta de Atenção à Condução";"Colisão com objeto estático";"Sem Vítimas";"Plena Noite";"Decrescente";"Céu Claro";"Múltipla";"Reta";"Sim";1;0;0;0;1;0;0;1;"-12.52701";"-55.70355";"SR-MT";"DEL2/6";"UOP01/MT"
193148;2019-02-23;"7";"18:10:00";"BA";116;10,7;"VITORIA DA CONQUISTA";"Falta de Atenção à Condução";"Colisão frontal";"Com Vítimas Feridas";"Plena Noite";"Decrescente";"Nublado";"Simples";"Reta";"Sim";4;0;2;0;2;0;2;3;"-14.86275399";"-40.87407589";"SR-BA";"DEL10/8";"UOP01/BA"
193149;2019-02-23;"7";"19:00:00";"BA";324;607;"SIMOES FILHO";"Ingestão de Álcool";"Colisão traseira";"Sem Vítimas";"Plena Noite";"Crescente";"Céu Claro";"Simples";"Viaduto";"Não";2;0;0;0;2;0;0;2;"-12.82061803";"-38.40833279";"SR-BA";"DEL10/1";"UOP01/BA"
193150;2019-02-23;"7";"18:00:00";"RJ";116;313,8;"ITATIAIA";"Falta de Atenção à Condução";"Colisão com objeto estático";"Com Vítimas Feridas";"Anoitecer";"Crescente";"Céu Claro";"Dupla";"Reta";"Não";1;0;1;0;0;0;1;1;"-22.460867";"-44.442963";"SR-RJ";"DEL5/7";"UOP03/RJ"
193151;2019-02-23;"7";"18:40:00";"MT";163;701;"SORRISO";"Ultrapassagem Indevida";"Colisão lateral";"Com Vítimas Feridas";"Plena Noite";"Crescente";"Céu Claro";"Simples";"Reta";"Não";3;0;2;0;1;0;2;2;"-12.98223555";"-55.87958425";"SR-MT";"DEL2/6";"UOP01/MT"
193152;2019-02-23;"7";"17:06:00";"SC";101;197;"BIGUACU";"Desobediência às normas de trânsito pelo condutor";"Capotamento";"Com Vítimas Feridas";"Pleno dia";"Decrescente";"Nublado";"Dupla";"Desvio Temporário";"Sim";3;0;1;0;1;1;1;2;"-27.5267";"-48.6349";"SR-SC";"DEL8/1";"UOP01/SC"
193153;2019-02-23;"7";"18:30:00";"MS";163;290,5;"DOURADOS";"Ingestão de Álcool";"Tombamento";"Com Vítimas Feridas";"Anoitecer";"Crescente";"Céu Claro";"Simples";"Rotatória";"Não";1;0;1;0;0;0;1;1;"-22.06495989";"-54.56119537";"SR-MS";"DEL3/4";"UOP01/MS"
193154;2019-02-23;"7";"19:40:00";"PR";369;57,8;"BANDEIRANTES";"Ingestão de Álcool";"Atropelamento de Pedestre";"Com Vítimas Feridas";"Plena Noite";"Decrescente";"Céu Claro";"Simples";"Reta";"Sim";2;0;0;1;1;0;1;1;"-23.12096272";"-50.3788805";"SR-PR";"DEL7/7";"UOP06/PR"
193155;2019-02-23;"7";"18:30:00";"RS";158;567,3;"SANTANA DO LIVRAMENTO";"Falta de Atenção à Condução";"Atropelamento de Pedestre";"Com Vítimas Feridas";"Pleno dia";"Crescente";"Céu Claro";"Simples";"Não Informado";"Sim";2;0;1;0;1;0;1;1;"-30.8898379";"-55.50740546";"SR-RS";"DEL9/11";"UOP01/RS"
193156;2019-02-23;"7";"19:00:00";"MA";230;2;"BARAO DE GRAJAU";"Desobediência às normas de trânsito pelo condutor";"Colisão transversal";"Com Vítimas Feridas";"Plena Noite";"Crescente";"Céu Claro";"Simples";"Reta";"Sim";3;0;2;1;0;0;3;2;"-6.753782";"-43.027554";"SR-PI";"DEL17/3";"UOP01/PI"