"id";"data_inversa";"dia_semana";"horario";"uf";"br";"km";"municipio";"causa_acidente";"tipo_acidente";"classificacao_acidente";"fase_dia";"sentido_via";"condicao_metereologica";"tipo_pista";"tracado_via";"uso_solo";"pessoas";"mortos";"feridos_leves";"feridos_graves";"ilesos";"ignorados";"feridos";"veiculos";"latitude";"longitude";"regional";"delegacia";"uop"
193158;2019-02-23;"7";"19:40:00";"GO";60;252,6;"INDIARA";"Falta de Atenção do Pedestre";"Atropelamento de Pedestre";"Com Vítimas Fatais";"Plena Noite";"Decrescente";"Nublado";"Dupla";"Reta";"Sim";4;1;0;0;1;2;0;1;"-17.1299";"-49.9774";"SR-GO";"DEL1/1";"UOP02/GO"
193159;2019-02-23;"7";"19:50:00";"SP";459;24,8;"LORENA";"Avarias e/ou desgaste excessivo no pneu";"Queda de ocupante de veículo";"Com Vítimas Feridas";"Plena Noite";"Decrescente";"Nublado";"Simples";"Reta";"Não";2;0;2;0;0;0;2;1;"-22.679707";"-45.13483";"SR-SP";"DEL6/8";"UOP03/SP"
193160;2019-02-23;"7";"17:10:00";"PR";373;258,7;"PRUDENTOPOLIS";"Ingestão de Álcool";"Saída de leito carroçável";"Com Vítimas Feridas";"Pleno dia";"Decrescente";"Céu Claro";"Simples";"Curva";"Não";4;0;4;0;0;0;4;1;"-25.20199008";"-50.94909668";"SR-PR";"DEL7/3";"UOP01/PR"
193161;2019-02-23;"7";"20:10:00";"PR";467;100,8;"CASCAVEL";"Velocidade Incompatível";"Saída de leito carroçável";"Com Vítimas Feridas";"Plena Noite";"Decrescente";"Céu Claro";"Dupla";"Curva";"Não";1;0;1;0;0;0;1;1;"-24.8947";"-53.5355";"SR-PR";"DEL7/4";"UOP01/PR"
193162;2019-02-23;"7";"19:40:00";"MG";50;34,7;"ARAGUARI";"Falta de Atenção à Condução";"Saída de leito carroçável";"Com Vítimas Feridas";"Plena Noite";"Crescente";"Vento";"Dupla";"Reta";"Não";1;0;1;0;0;0;1;1;"-18.6517";"-48.1406";"SR-MG";"DEL4/15";"UOP02/MG"
193163;2019-02-23;"7";"19:50:00";"RS";153;48,5;"ERECHIM";"Falta de Atenção do Pedestre";"Atropelamento de Pedestre";"Com Vítimas Feridas";"Plena Noite";"Crescente";"Céu Claro";"Simples";"Reta";"Sim";3;0;0;1;0;2;1;1;"-27.651188";"-52.257259";"SR-RS";"DEL08";"UOP04/RS"
193164;2019-02-23;"7";"19:30:00";"PE";232;113;"BEZERROS";"Falta de Atenção do Pedestre";"Atropelamento de Pedestre";"Com Vítimas Feridas";"Plena Noite";"Decrescente";"Céu Claro";"Dupla";"Reta";"Sim";2;0;0;1;0;1;1;1;"-8.25219";"-35.76585";"SR-PE";"DEL11/2";"UOP02/PE"
193165;2019-02-23;"7";"19:30:00";"SC";101;207;"SAO JOSE";"Ingestão de Álcool";"Colisão lateral";"Com Vítimas Feridas";"Anoitecer";"Decrescente";"Céu Claro";"Múltipla";"Desvio Temporário";"Sim";2;0;1;0;1;0;1;2;"-27.6034";"-48.632";"SR-SC";"DEL8/1";"UOP01/SC"
193166;2019-02-23;"7";"19:55:00";"PR";277;539,9;"IBEMA";"Falta de Atenção à Condução";"Queda de ocupante de veículo";"Com Vítimas Feridas";"Plena Noite";"Crescente";"Céu Claro";"Simples";"Reta";"Não";2;0;1;0;1;0;1;2;"-25.10705181";"-53.02963257";"SR-PR";"DEL7/4";"UOP02/PR"
193167;2019-02-23;"7";"19:50:00";"RJ";101;262;"RIO BONITO";"Defeito na Via";"Saída de leito carroçável";"Com Vítimas Feridas";"Plena Noite";"Crescente";"Céu Claro";"Dupla";"Não Informado";"Sim";1;0;1;0;0;0;1;1;"-22.718872";"-42.626385";"SR-RJ";"DEL5/2";"UOP03/RJ"
193169;2019-02-23;"7";"17:30:00";"RJ";101;322;"NITEROI";"Falta de Atenção à Condução";"Colisão com objeto estático";"Sem Vítimas";"Pleno dia";"Crescente";"Céu Claro";"Dupla";"Interseção de vias";"Sim";2;0;0;0;2;0;0;1;"-22.878923";"-43.110676";"SR-RJ";"DEL5/2";"UOP01/RJ"
193170;2019-02-23;"7";"21:00:00";"MT";70;2,5;"BARRA DO GARCAS";"Falta de Atenção à Condução";"Colisão traseira";"Com Vítimas Feridas";"Plena Noite";"Decrescente";"Céu Claro";"Dupla";"Reta";"Sim";3;0;1;0;2;0;1;2;"-15.887496";"-52.268105";"SR-MT";"DEL2/8";"UOP01/MT"
193171;2019-02-23;"7";"19:20:00";"BA";324;624;"SALVADOR";"Ingestão de Álcool";"Colisão traseira";"Sem Vítimas";"Plena Noite";"Crescente";"Céu Claro";"Dupla";"Reta";"Sim";2;0;0;0;1;1;0;2;"-12.94788197";"-38.46989393";"SR-BA";"DEL10/1";"UOP01/BA"
193172;2019-02-23;"7";"20:55:00";"SC";101;215,5;"PALHOCA";"Não guardar distância de segurança";"Colisão com objeto estático";"Com Vítimas Feridas";"Plena Noite";"Crescente";"Nublado";"Dupla";"Não Informado";"Sim";1;0;0;1;0;0;1;1;"-27.6601";"-48.6774";"SR-SC";"DEL8/1";"UOP02/SC"
193173;2019-02-23;"7";"18:30:00";"MT";163;25;"ITIQUIRA";"Ingestão de Álcool";"Capotamento";"Com Vítimas Feridas";"Plena Noite";"Crescente";"Céu Claro";"Dupla";"Não Informado";"Não";1;0;1;0;0;0;1;1;"-17.298262";"-54.763317";"SR-MT";"DEL2/2";"UOP02/MT"
193174;2019-02-23;"7";"19:40:00";"PR";467;75,1;"TOLEDO";"Velocidade Incompatível";"Saída de leito carroçável";"Sem Vítimas";"Plena Noite";"Crescente";"Céu Claro";"Dupla";"Não Informado";"Sim";1;0;0;0;0;1;0;1;"-24.7493";"-53.6949";"SR-PR";"DEL7/4";"UOP01/PR"
193175;2019-02-23;"7";"16:15:00";"SC";280;208,6;"TRES BARRAS";"Falta de Atenção à Condução";"Colisão frontal";"Com Vítimas Fatais";"Pleno dia";"Crescente";"Céu Claro";"Simples";"Não Informado";"Não";2;1;1;0;0;0;1;2;"-26.169422";"-50.148941";"SR-SC";"DEL8/6";"UOP04/SC"
193176;2019-02-23;"7";"21:30:00";"RS";392;0;"PELOTAS";"Desobediência às normas de trânsito pelo condutor";"Saída de leito carroçável";"Com Vítimas Feridas";"Plena Noite";"Decrescente";"Nublado";"Simples";"Interseção de vias";"Sim";4;0;3;0;1;0;3;2;"-31.75639867";"-52.40025759";"SR-RS";"DEL9/7";"UOP01/RS"
193177;2019-02-23;"7";"20:15:00";"RS";116;105,5;"SAO MARCOS";"Velocidade Incompatível";"Tombamento";"Com Vítimas Feridas";"Plena Noite";"Decrescente";"Céu Claro";"Simples";"Curva";"Não";2;0;1;0;1;0;1;1;"-28.91254";"-51.110462";"SR-RS";"DEL9/5";"UOP01/RS"
193178;2019-02-23;"7";"21:30:00";"PR";369;146,6;"LONDRINA";"Deficiência ou não Acionamento do Sistema de Iluminação/Sinalização do Veículo";"Colisão traseira";"Com Vítimas Feridas";"Plena Noite";"Decrescente";"Céu Claro";"Dupla";"Reta";"Sim";4;0;2;1;1;0;3;2;"-23.293176";"-51.127948";"SR-PR";"DEL7/7";"UOP01/PR"
193179;2019-02-19;"3";"17:00:00";"RJ";101;419;"ITAGUAI";"Restrição de Visibilidade";"Saída de leito carroçável";"Com Vítimas Feridas";"Anoitecer";"Decrescente";"Chuva";"Dupla";"Curva";"Não";1;0;0;1;0;0;1;1;"-22.918102";"-43.913616";"SR-RJ";"DEL5/3";"UOP01/RJ"
193180;2019-02-23;"7";"21:05:00";"AL";104;29,8;"UNIAO DOS PALMARES";"Ingestão de Álcool";"Colisão frontal";"Com Vítimas Feridas";"Plena Noite";"Crescente";"Céu Claro";"Simples";"Reta";"Não";4;0;3;0;1;0;3;2;"-9.12641914";"-36.03326797";"SR-AL";"DEL13/1";"UOP02/AL"
193181;2019-02-23;"7";"21:10:00";"MG";381;809,6;"SAO GONCALO DO SAPUCAI";"Ingestão de Álcool";"Capotamento";"Sem Vítimas";"Plena Noite";"Crescente";"Garoa/Chuvisco";"Dupla";"Não Informado";"Não";2;0;0;0;2;0;0;1;"-21.98972515";"-45.66519178";"SR-MG";"DEL09";"UOP02/MG"
193182;2019-02-23;"7";"19:30:00";"BA";116;816;"VITORIA DA CONQUISTA";"Ingestão de Álcool";"Queda de ocupante de veículo";"Com Vítimas Feridas";"Plena Noite";"Decrescente";"Céu Claro";"Simples";"Reta";"Não";1;0;1;0;0;0;1;1;"-14.77751018";"-40.73036091";"SR-BA";"DEL10/8";"UOP01/BA"
193183;2019-02-23;"7";"13:00:00";"MG";262;559,4;"CORREGO DANTA";"Falta de Atenção à Condução";"Saída de leito carroçável";"Sem Vítimas";"Pleno dia";"Crescente";"Sol";"Simples";"Curva";"Não";1;0;0;0;1;0;0;1;"-19.737259";"-46.013737";"SR-MG";"DEL4/8";"UOP02/MG"
193184;2019-02-23;"7";"20:55:00";"PR";369;361,3;"CAMPO MOURAO";"Falta de Atenção à Condução";"Tombamento";"Com Vítimas Feridas";"Plena Noite";"Crescente";"Céu Claro";"Simples";"Reta";"Não";1;0;1;0;0;0;1;1;"-24.0874";"-52.4179";"SR-PR";"DEL7/4";"UOP05/PR"
193185;2019-02-22;"6";"20:00:00";"PA";230;356;"NOVO REPARTIMENTO";"Falta de Atenção à Condução";"Colisão traseira";"Com Vítimas Fatais";"Plena Noite";"Crescente";"Céu Claro";"Simples";"Ponte";"Não";3;2;1;0;0;0;1;2;"-4.061994";"-50.294971";"SR-PA";"DEL19/3";"UOP01/PA"
193186;2019-02-23;"7";"14:10:00";"MG";262;629,8;"IBIA";"Ultrapassagem Indevida";"Colisão frontal";"Com Vítimas Feridas";"Pleno dia";"Decrescente";"Sol";"Simples";"Reta";"Não";2;0;0;1;1;0;1;2;"-19.591888";"-46.48101";"SR-MG";"DEL4/8";"UOP01/MG"
193187;2019-02-23;"7";"21:50:00";"RS";116;220,4;"DOIS IRMAOS";"Velocidade Incompatível";"Colisão frontal";"Com Vítimas Feridas";"Plena Noite";"Crescente";"Nublado";"Simples";"Curva";"Não";2;0;2;0;0;0;2;2;"-29.564943";"-51.091904";"SR-RS";"DEL9/5";"UOP02/RS"
193188;2019-01-24;"5";"18:05:00";"PB";230;177,5;"POCINHOS";"Falta de Atenção à Condução";"Colisão transversal";"Sem Vítimas";"Anoitecer";"Crescente";"Céu Claro";"Simples";"Curva";"Sim";3;0;0;0;2;1;0;2;"-7.1681";"-36.0407";"SR-PB";"DEL14/2";"UOP02/PB"
193189;2019-02-23;"7";"22:00:00";"SP";116;275;"TABOAO DA SERRA";"Não guardar distância de segurança";"Queda de ocupante de veículo";"Com Vítimas Feridas";"Plena Noite";"Decrescente";"Céu Claro";"Dupla";"Curva";"Não";2;0;2;0;0;0;2;1;"-23.6192044";"-46.80922508";"SR-SP";"DEL6/4";"UOP01/SP"
193190;2019-02-23;"7";"21:55:00";"RN";101;84,9;"SAO GONCALO DO AMARANTE";"Não guardar distância de segurança";"Colisão traseira";"Com Vítimas Feridas";"Plena Noite";"Crescente";"Chuva";"Dupla";"Desvio Temporário";"Sim";2;0;1;0;1;0;1;2;"-5.774175";"-35.257801";"SR-RN";"DEL15/2";"UOP01/RN"
193191;2019-02-23;"7";"21:45:00";"PI";135;351;"BOM JESUS";"Falta de Atenção à Condução";"Colisão transversal";"Com Vítimas Feridas";"Plena Noite";"Decrescente";"Céu Claro";"Simples";"Reta";"Sim";2;0;1;0;1;0;1;2;"-9.076261";"-44.345913";"SR-PI";"DEL17/3";"UOP02/PI"
193192;2019-02-23;"7";"22:00:00";"RJ";116;109,9;"GUAPIMIRIM";"Falta de Atenção à Condução";"Colisão transversal";"Com Vítimas Feridas";"Plena Noite";"Decrescente";"Céu Claro";"Dupla";"Reta";"Sim";3;0;0;1;1;1;1;2;"-22.542807";"-42.985188";"SR-RJ";"DEL5/4";"UOP02/RJ"
193193;2019-02-23;"7";"23:15:00";"DF";70;9,2;"BRASILIA";"Ingestão de Álcool";"Atropelamento de Pedestre";"Com Vítimas Feridas";"Plena Noite";"Decrescente";"Nublado";"Dupla";"Reta";"Sim";2;0;0;1;1;0;1;1;"-15.784615";"-48.132023";"SR-DF";"DF";"UOP06/DF"
193194;2019-02-23;"7";"22:45:00";"MG";381;818,9;"CAREACU";"Ingestão de Álcool";"Saída de leito carroçável";"Com Vítimas Feridas";"Plena Noite";"Crescente";"Chuva";"Simples";"Reta";"Não";2;0;1;0;1;0;1;1;"-22.0594";"-45.6992";"SR-MG";"DEL09";"UOP02/MG"
193195;2019-02-23;"7";"20:40:00";"ES";482;103,1;"GUACUI";"Falta de Atenção à Condução";"Colisão frontal";"Com Vítimas Feridas";"Plena Noite";"Crescente";"Céu Claro";"Simples";"Reta";"Sim";3;0;2;1;0;0;3;2;"-20.785627";"-41.652061";"SR-ES";"DEL12/3";"UOP02/ES"
193197;2019-02-23;"7";"21:30:00";"MT";70;520;"VARZEA GRANDE";"Restrição de Visibilidade";"Atropelamento de Pedestre";"Com Vítimas Feridas";"Plena Noite";"Decrescente";"Céu Claro";"Simples";"Reta";"Sim";2;0;2;0;0;0;2;1;"-15.6752336";"-56.17680117";"SR-MT";"DEL2/4";"UOP02/MT"
193198;2019-02-23;"7";"23:52:00";"PR";369;84,4;"CORNELIO PROCOPIO";"Velocidade Incompatível";"Colisão frontal";"Com Vítimas Feridas";"Plena Noite";"Crescente";"Céu Claro";"Simples";"Curva";"Não";3;0;1;1;1;0;2;2;"-23.17411105";"-50.61574638";"SR-PR";"DEL7/7";"UOP06/PR"
193199;2019-02-23;"7";"23:10:00";"SC";470;86;"RODEIO";"Falta de Atenção à Condução";"Colisão lateral";"Com Vítimas Feridas";"Plena Noite";"Crescente";"Céu Claro";"Simples";"Reta";"Não";2;0;1;0;1;0;1;2;"-26.949951";"-49.357296";"SR-SC";"DEL8/4";"UOP01/SC"
193200;2019-02-23;"7";"23:30:00";"GO";40;24,2;"LUZIANIA";"Condutor Dormindo";"Saída de leito carroçável";"Com Vítimas Feridas";"Plena Noite";"Decrescente";"Céu Claro";"Dupla";"Túnel";"Não";1;0;1;0;0;0;1;1;"-16.252738";"-47.900437";"SR-DF";"GO";"UOP01/DF"
193201;2019-02-23;"7";"23:52:00";"BA";20;162;"SAO DESIDERIO";"Ingestão de Álcool";"Colisão lateral";"Com Vítimas Feridas";"Plena Noite";"Decrescente";"Nublado";"Simples";"Reta";"Não";13;0;0;1;12;0;1;2;"-12.538";"-45.8982";"SR-BA";"DEL10/10";"UOP01/BA"
193202;2019-02-23;"7";"23:20:00";"RJ";101;459;"MANGARATIBA";"Velocidade Incompatível";"Queda de ocupante de veículo";"Com Vítimas Feridas";"Plena Noite";"Decrescente";"Céu Claro";"Simples";"Reta";"Não";1;0;1;0;0;0;1;1;"-22.937099";"-44.010822";"SR-RJ";"DEL5/3";"UOP02/RJ"
193203;2019-02-23;"7";"23:00:00";"PI";343;343,5;"TERESINA";"Falta de Atenção à Condução";"Saída de leito carroçável";"Com Vítimas Feridas";"Plena Noite";"Decrescente";"Céu Claro";"Simples";"Rotatória";"Sim";1;0;1;0;0;0;1;1;"-5.087362";"-42.757851";"SR-PI";"DEL17/1";"UOP01/PI"
193204;2019-02-23;"7";"22:10:00";"PA";230;1102;"ITAITUBA";"Defeito Mecânico no Veículo";"Colisão traseira";"Sem Vítimas";"Plena Noite";"Crescente";"Céu Claro";"Simples";"Desvio Temporário";"Não";2;0;0;0;2;0;0;2;"-4.38269795";"-55.95954895";"SR-PA";"DEL19/5";"UOP01/PA"
193205;2019-02-24;"1";"00:10:00";"MG";116;177;"PADRE PARAISO";"Falta de Atenção à Condução";"Colisão traseira";"Com Vítimas Feridas";"Plena Noite";"Decrescente";"Céu Claro";"Simples";"Reta";"Não";2;0;1;0;1;0;1;2;"-17.06236429";"-41.46892548";"SR-MG";"DEL4/11";"UOP02/MG"
193206;2019-02-23;"7";"23:00:00";"MA";135;22,2;"SAO LUIS";"Falta de Atenção do Pedestre";"Atropelamento de Pedestre";"Com Vítimas Feridas";"Plena Noite";"Decrescente";"Chuva";"Dupla";"Reta";"Sim";3;0;1;2;0;0;3;1;"-2.55210366";"-44.30751801";"SR-MA";"DEL18/1";"UOP01/MA"
193208;2019-02-23;"7";"21:59:00";"RJ";493;97;"SEROPEDICA";"Ingestão de Álcool";"Colisão traseira";"Sem Vítimas";"Plena Noite";"Crescente";"Céu Claro";"Dupla";"Interseção de vias";"Não";2;0;0;0;2;0;0;2;"-22.71594423";"-43.70584488";"SR-RJ";"DEL5/1";"UOP03/RJ"
193209;2019-02-24;"1";"00:35:00";"SP";116;127;"CACAPAVA";"Ingestão de álcool e/ou substâncias psicoativas pelo pedestre";"Colisão com objeto estático";"Sem Vítimas";"Plena Noite";"Decrescente";"Céu Claro";"Dupla";"Reta";"Não";1;0;0;0;1;0;0;1;"-23.109911";"-45.702461";"SR-SP";"DEL6";"UOP02/SP"
193210;2019-02-23;"7";"22:40:00";"SC";470;327,1;"CAMPOS NOVOS";"Desobediência às normas de trânsito pelo condutor";"Colisão transversal";"Com Vítimas Feridas";"Plena Noite";"Decrescente";"Céu Claro";"Simples";"Interseção de vias";"Não";10;0;3;1;6;0;4;3;"-27.46704487";"-51.27357513";"SR-SC";"DEL7";"UOP08/SC"
193211;2019-02-23;"7";"22:40:00";"AL";423;103;"DELMIRO GOUVEIA";"Ingestão de Álcool";"Tombamento";"Com Vítimas Feridas";"Plena Noite";"Decrescente";"Céu Claro";"Simples";"Curva";"Sim";4;0;1;0;1;2;1;1;"-9.402725";"-38.181831";"SR-BA";"DEL10/7";"UOP01/BA"
193213;2019-02-24;"1";"01:00:00";"MG";40;563;"NOVA LIMA";"Falta de Atenção à Condução";"Queda de ocupante de veículo";"Com Vítimas Feridas";"Pleno dia";"Crescente";"Céu Claro";"Dupla";"Não Informado";"Não";1;0;0;1;0;0;1;1;"-20.1602";"-43.9646";"SR-MG";"DEL4/1";"UOP02/MG"
193214;2019-02-24;"1";"01:45:00";"SC";101;197;"BIGUACU";"Condutor Dormindo";"Colisão com objeto estático";"Com Vítimas Feridas";"Plena Noite";"Decrescente";"Nublado";"Dupla";"Reta";"Sim";1;0;0;1;0;0;1;1;"-27.5267";"-48.6349";"SR-SC";"DEL8/1";"UOP01/SC"
193215;2019-02-24;"1";"00:10:00";"PR";272;366,9;"CAMPO MOURAO";"Desobediência às normas de trânsito pelo pedestre";"Atropelamento de Pedestre";"Com Vítimas Feridas";"Plena Noite";"Crescente";"Céu Claro";"Simples";"Reta";"Sim";2;0;1;0;1;0;1;1;"-24.046381";"-52.394569";"SR-PR";"DEL7/4";"UOP05/PR"
193216;2019-02-24;"1";"01:00:00";"MG";50;72;"UBERLANDIA";"Falta de Atenção à Condução";"Saída de leito carroçável";"Com Vítimas Feridas";"Plena Noite";"Crescente";"Céu Claro";"Dupla";"Reta";"Sim";1;0;1;0;0;0;1;1;"-18.9051";"-48.2318";"SR-MG";"DEL4/15";"UOP01/MG"
193217;2019-02-24;"1";"01:30:00";"PE";232;82,4;"GRAVATA";"Falta de Atenção à Condução";"Colisão com objeto estático";"Com Vítimas Feridas";"Plena Noite";"Crescente";"Céu Claro";"Dupla";"Reta";"Não";1;0;1;0;0;0;1;1;"-8.193437";"-35.551865";"SR-PE";"DEL11/1";"UOP04/PE"
193218;2019-02-24;"1";"02:25:00";"GO";20;71;"FORMOSA";"Falta de Atenção do Pedestre";"Atropelamento de Pedestre";"Com Vítimas Feridas";"Plena Noite";"Crescente";"Nublado";"Simples";"Reta";"Não";2;0;0;1;1;0;1;1;"-15.161408";"-47.141129";"SR-DF";"GO";"UOP04/DF"
193219;2019-02-24;"1";"02:37:00";"SP";116;60,8;"GUARATINGUETA";"Falta de Atenção à Condução";"Colisão com objeto estático";"Com Vítimas Feridas";"Plena Noite";"Crescente";"Céu Claro";"Dupla";"Reta";"Sim";2;0;1;0;1;0;1;1;"-22.791122";"-45.161125";"SR-SP";"DEL6/8";"UOP02/SP"
193220;2019-02-24;"1";"03:00:00";"SC";470;111,7;"IBIRAMA";"Velocidade Incompatível";"Saída de leito carroçável";"Com Vítimas Feridas";"Plena Noite";"Crescente";"Céu Claro";"Simples";"Curva";"Não";2;0;0;1;1;0;1;1;"-27.095388";"-49.457878";"SR-SC";"DEL8/4";"UOP02/SC"
193221;2019-02-24;"1";"04:00:00";"RJ";101;62;"CAMPOS DOS GOYTACAZES";"Falta de Atenção à Condução";"Queda de ocupante de veículo";"Com Vítimas Feridas";"Plena Noite";"Decrescente";"Ignorado";"Múltipla";"Interseção de vias";"Sim";1;0;1;0;0;0;1;1;"-21.734707";"-41.325024";"SR-RJ";"DEL5/8";"UOP01/RJ"
193222;2019-02-24;"1";"03:30:00";"GO";153;438;"ANAPOLIS";"Ingestão de Álcool";"Colisão traseira";"Com Vítimas Feridas";"Plena Noite";"Crescente";"Céu Claro";"Dupla";"Reta";"Sim";5;0;5;0;0;0;5;2;"-16.291595";"-48.934811";"SR-GO";"DEL1/2";"UOP01/GO"
193223;2019-02-24;"1";"04:21:00";"SC";101;103,3;"BALNEARIO PICARRAS";"Falta de Atenção à Condução";"Colisão traseira";"Sem Vítimas";"Plena Noite";"Decrescente";"Céu Claro";"Dupla";"Reta";"Sim";2;0;0;0;2;0;0;2;"-26.7931";"-48.6806";"SR-SC";"DEL8/3";"UOP02/SC"
193224;2019-02-24;"1";"04:30:00";"MG";381;489,5;"BETIM";"Velocidade Incompatível";"Colisão com objeto estático";"Com Vítimas Feridas";"Plena Noite";"Crescente";"Céu Claro";"Múltipla";"Reta";"Sim";2;0;2;0;0;0;2;1;"-19.9563";"-44.1428";"SR-MG";"DEL4/1";"UOP03/MG"
193225;2019-02-24;"1";"02:45:00";"SC";280;50;"GUARAMIRIM";"Ingestão de Álcool";"Colisão transversal";"Com Vítimas Feridas";"Plena Noite";"Crescente";"Céu Claro";"Simples";"Interseção de vias";"Sim";3;0;1;0;2;0;1;2;"-26.46391722";"-48.95139813";"SR-SC";"DEL8/3";"UOP03/SC"
193226;2019-02-23;"7";"19:13:00";"SC";116;11;"MAFRA";"Ingestão de Álcool";"Colisão transversal";"Com Vítimas Feridas";"Plena Noite";"Decrescente";"Céu Claro";"Simples";"Curva";"Não";2;0;1;0;1;0;1;2;"-26.176352";"-49.85812";"SR-SC";"DEL8/6";"UOP01/SC"
193227;2019-02-24;"1";"04:41:00";"SC";116;4,5;"MAFRA";"Desobediência às normas de trânsito pelo condutor";"Atropelamento de Pedestre";"Com Vítimas Feridas";"Plena Noite";"Decrescente";"Céu Claro";"Simples";"Rotatória";"Sim";4;0;0;1;1;2;1;2;"-26.13555";"-49.807266";"SR-SC";"DEL8/6";"UOP01/SC"
193228;2019-02-24;"1";"03:50:00";"SC";282;599;"CUNHA PORA";"Velocidade Incompatível";"Saída de leito carroçável";"Com Vítimas Fatais";"Plena Noite";"Decrescente";"Céu Claro";"Simples";"Curva";"Não";1;1;0;0;0;0;0;1;"-26.820206";"-53.155052";"SR-SC";"DEL7";"UOP02/SC"
193229;2019-02-24;"1";"04:15:00";"RJ";101;295;"ITABORAI";"Ingestão de Álcool";"Capotamento";"Sem Vítimas";"Amanhecer";"Crescente";"Nublado";"Simples";"Reta";"Sim";1;0;0;0;1;0;0;1;"-22.763668";"-42.90226";"SR-RJ";"DEL5/2";"UOP02/RJ"
193230;2019-02-24;"1";"04:50:00";"SP";116;146,3;"SAO JOSE DOS CAMPOS";"Falta de Atenção à Condução";"Capotamento";"Com Vítimas Feridas";"Plena Noite";"Crescente";"Céu Claro";"Dupla";"Reta";"Não";2;0;1;0;1;0;1;2;"-23.191269";"-45.863358";"SR-SP";"DEL6/2";"UOP01/SP"
193231;2019-02-24;"1";"04:50:00";"BA";116;638,5;"JAGUAQUARA";"Velocidade Incompatível";"Tombamento";"Com Vítimas Feridas";"Amanhecer";"Crescente";"Céu Claro";"Simples";"Curva";"Não";1;0;1;0;0;0;1;1;"-13.56302315";"-40.08005619";"SR-BA";"DEL10/3";"UOP01/BA"
193232;2019-02-24;"1";"05:30:00";"SC";470;61;"BLUMENAU";"Velocidade Incompatível";"Tombamento";"Sem Vítimas";"Amanhecer";"Crescente";"Céu Claro";"Simples";"Reta";"Sim";1;0;0;0;0;1;0;1;"-26.878952";"-49.17421";"SR-SC";"DEL8/4";"UOP01/SC"
193233;2019-02-24;"1";"05:20:00";"RN";405;2,2;"MOSSORO";"Desobediência às normas de trânsito pelo condutor";"Queda de ocupante de veículo";"Com Vítimas Feridas";"Amanhecer";"Decrescente";"Nublado";"Dupla";"Reta";"Sim";1;0;0;1;0;0;1;1;"-5.192827";"-37.371124";"SR-RN";"DEL15/4";"UOP02/RN"
193234;2019-02-24;"1";"04:20:00";"RJ";40;118;"DUQUE DE CAXIAS";"Ingestão de Álcool";"Colisão traseira";"Com Vítimas Feridas";"Plena Noite";"Decrescente";"Céu Claro";"Dupla";"Reta";"Sim";4;0;2;0;2;0;2;2;"-22.7646";"-43.2866";"SR-RJ";"DEL5/1";"UOP01/RJ"
193235;2019-02-24;"1";"06:05:00";"PE";232;97,5;"BEZERROS";"Falta de Atenção à Condução";"Colisão lateral";"Com Vítimas Fatais";"Pleno dia";"Crescente";"Céu Claro";"Simples";"Reta";"Não";3;1;1;0;0;1;1;3;"-8.236728";"-35.734016";"SR-PE";"DEL11/1";"UOP04/PE"
193236;2019-02-24;"1";"02:45:00";"MG";356;284,6;"PATROCINIO DO MURIAE";"Falta de Atenção à Condução";"Tombamento";"Com Vítimas Feridas";"Plena Noite";"Decrescente";"Nublado";"Simples";"Curva";"Não";1;0;1;0;0;0;1;1;"-21.12567277";"-42.20644176";"SR-MG";"DEL4/7";"UOP02/MG"
193237;2019-02-24;"1";"05:50:00";"RJ";356;153,5;"CAMPOS DOS GOYTACAZES";"Ingestão de Álcool";"Capotamento";"Com Vítimas Feridas";"Amanhecer";"Decrescente";"Céu Claro";"Simples";"Reta";"Não";6;0;4;0;2;0;4;2;"-21.75662996";"-41.23924255";"SR-RJ";"DEL5/8";"UOP02/RJ"
193238;2019-02-24;"1";"00:05:00";"MG";262;403;"PARA DE MINAS";"Ingestão de Álcool";"Colisão com objeto estático";"Com Vítimas Fatais";"Plena Noite";"Crescente";"Céu Claro";"Dupla";"Curva";"Não";2;1;0;1;0;0;1;1;"-19.8861";"-44.6366";"SR-MG";"DEL4/8";"UOP03/MG"
193239;2019-02-23;"7";"22:50:00";"PI";343;343;"TERESINA";"Ingestão de Álcool";"Colisão frontal";"Com Vítimas Feridas";"Plena Noite";"Crescente";"Céu Claro";"Simples";"Reta";"Não";3;0;0;2;1;0;2;2;"-5.087362";"-42.757851";"SR-PI";"DEL17/1";"UOP01/PI"
193240;2019-02-24;"1";"06:15:00";"RS";158;324;"SANTA MARIA";"Falta de Atenção à Condução";"Saída de leito carroçável";"Sem Vítimas";"Amanhecer";"Decrescente";"Céu Claro";"Dupla";"Curva";"Não";1;0;0;0;1;0;0;1;"-29.697626";"-53.788464";"SR-RS";"DEL9/9";"UOP01/RS"
193241;2019-02-24;"1";"04:30:00";"RJ";40;123;"DUQUE DE CAXIAS";"Ingestão de Álcool";"Capotamento";"Sem Vítimas";"Amanhecer";"Crescente";"Céu Claro";"Múltipla";"Não Informado";"Sim";1;0;0;0;0;1;0;1;"-22.8061";"-43.2894";"SR-RJ";"DEL5/1";"UOP01/RJ"
193242;2019-02-24;"1";"06:00:00";"MG";40;695,5;"ALFREDO VASCONCELOS";"Velocidade Incompatível";"Colisão com objeto estático";"Com Vítimas Feridas";"Amanhecer";"Crescente";"Céu Claro";"Simples";"Não Informado";"Não";1;0;0;1;0;0;1;1;"-21.17264";"-43.75584";"SR-MG";"DEL5";"UOP02/MG"