"id";"data_inversa";"dia_semana";"horario";"uf";"br";"km";"municipio";"causa_acidente";"tipo_acidente";"classificacao_acidente";"fase_dia";"sentido_via";"condicao_metereologica";"tipo_pista";"tracado_via";"uso_solo";"pessoas";"mortos";"feridos_leves";"feridos_graves";"ilesos";"ignorados";"feridos";"veiculos";"latitude";"longitude";"regional";"delegacia";"uop"
193243;2019-02-24;"1";"06:30:00";"MG";365;483;"PATROCINIO";"Falta de Atenção à Condução";"Colisão traseira";"Com Vítimas Feridas";"Amanhecer";"Crescente";"Sol";"Simples";"Reta";"Não";2;0;1;0;1;0;1;2;"-18.89";"-47.079";"SR-MG";"DEL4/10";"UOP01/MG"
193244;2019-02-24;"1";"07:00:00";"GO";153;535,5;"HIDROLANDIA";"Defeito Mecânico no Veículo";"Queda de ocupante de veículo";"Com Vítimas Feridas";"Pleno dia";"Crescente";"Céu Claro";"Dupla";"Curva";"Não";2;0;1;1;0;0;2;1;"-17.01";"-49.2202";"SR-GO";"DEL1/1";"UOP03/GO"
193245;2019-02-24;"1";"06:15:00";"CE";116;19,2;"EUSEBIO";"Falta de Atenção à Condução";"Colisão com objeto estático";"Sem Vítimas";"Amanhecer";"Decrescente";"Chuva";"Dupla";"Reta";"Sim";1;0;0;0;1;0;0;1;"-3.91884067";"-38.50697463";"SR-CE";"DEL16/1";"UOP02/CE"
193246;2019-02-24;"1";"07:05:00";"SC";101;97;"BALNEARIO PICARRAS";"Condutor Dormindo";"Colisão com objeto estático";"Com Vítimas Feridas";"Pleno dia";"Crescente";"Sol";"Dupla";"Curva";"Não";1;0;1;0;0;0;1;1;"-26.7409";"-48.6983";"SR-SC";"DEL8/3";"UOP02/SC"
193247;2019-02-24;"1";"03:00:00";"AM";174;964;"MANAUS";"Condutor Dormindo";"Saída de leito carroçável";"Com Vítimas Feridas";"Amanhecer";"Decrescente";"Céu Claro";"Simples";"Reta";"Não";1;0;0;1;0;0;1;1;"-2.273";"-60.041";"SR-AM";"UOP02/AM";""
193248;2019-02-24;"1";"05:20:00";"CE";116;513,9;"BREJO SANTO";"Falta de Atenção à Condução";"Colisão lateral";"Com Vítimas Feridas";"Amanhecer";"Decrescente";"Nublado";"Simples";"Reta";"Não";2;0;1;0;1;0;1;2;"-7.584052";"-39.022574";"SR-CE";"DEL16/5";"UOP03/CE"
193249;2019-02-24;"1";"07:10:00";"DF";70;16;"BRASILIA";"Ingestão de Álcool";"Saída de leito carroçável";"Com Vítimas Feridas";"Pleno dia";"Crescente";"Céu Claro";"Dupla";"Curva";"Não";1;0;1;0;0;0;1;1;"-15.796144";"-48.194225";"SR-DF";"DF";"UOP06/DF"
193250;2019-02-24;"1";"05:30:00";"PR";277;339,8;"GUARAPUAVA";"Ingestão de álcool e/ou substâncias psicoativas pelo pedestre";"Colisão com objeto estático";"Sem Vítimas";"Amanhecer";"Decrescente";"Céu Claro";"Dupla";"Rotatória";"Não";1;0;0;0;1;0;0;1;"-25.34418117";"-51.44034863";"SR-PR";"DEL7/3";"UOP02/PR"
193251;2019-02-24;"1";"06:30:00";"BA";101;385,8;"IBIRAPITANGA";"Velocidade Incompatível";"Tombamento";"Com Vítimas Feridas";"Pleno dia";"Crescente";"Céu Claro";"Simples";"Curva";"Não";1;0;1;0;0;0;1;1;"-13.8935";"-39.4785";"SR-BA";"DEL10/5";"UOP03/BA"
193252;2019-02-24;"1";"06:20:00";"SC";101;208;"SAO JOSE";"Defeito Mecânico no Veículo";"Incêndio";"Sem Vítimas";"Pleno dia";"Decrescente";"Céu Claro";"Dupla";"Reta";"Sim";1;0;0;0;1;0;0;1;"-27.6101";"-48.6388";"SR-SC";"DEL8/1";"UOP01/SC"
193253;2019-02-24;"1";"06:32:00";"PR";376;445;"TIBAGI";"Falta de Atenção à Condução";"Saída de leito carroçável";"Com Vítimas Feridas";"Pleno dia";"Crescente";"Céu Claro";"Dupla";"Curva";"Não";1;0;1;0;0;0;1;1;"-25.00472809";"-50.36132813";"SR-PR";"DEL7/3";"UOP05/PR"
193254;2019-02-24;"1";"06:20:00";"PE";116;25,9;"SALGUEIRO";"Ingestão de Álcool";"Saída de leito carroçável";"Sem Vítimas";"Pleno dia";"Crescente";"Céu Claro";"Simples";"Reta";"Sim";1;0;0;0;0;1;0;1;"-8.06891";"-39.13462";"SR-PE";"DEL11/5";"UOP01/PE"
193255;2019-02-24;"1";"05:23:00";"RO";364;339;"JI-PARANA";"Falta de Atenção à Condução";"Queda de ocupante de veículo";"Com Vítimas Feridas";"Amanhecer";"Crescente";"Céu Claro";"Múltipla";"Reta";"Sim";1;0;1;0;0;0;1;1;"-10.907921";"-61.930168";"SR-RO";"DEL21/2";"UOP01/RO"
193256;2019-02-24;"1";"05:30:00";"MT";364;400;"CUIABA";"Falta de Atenção à Condução";"Queda de ocupante de veículo";"Com Vítimas Feridas";"Amanhecer";"Crescente";"Céu Claro";"Dupla";"Reta";"Sim";2;0;2;0;0;0;2;1;"-15.675622";"-55.938293";"SR-MT";"DEL2/1";"UOP01/MT"
193257;2019-02-16;"7";"08:00:00";"MS";158;37,6;"PARANAIBA";"Velocidade Incompatível";"Colisão com objeto estático";"Sem Vítimas";"Pleno dia";"Crescente";"Chuva";"Simples";"Reta";"Não";3;0;0;0;3;0;0;1;"-19.275635";"-51.489262";"SR-MS";"DEL3/8";"UOP01/MS"
193258;2019-01-03;"5";"13:50:00";"MG";381;490;"BETIM";"Defeito Mecânico no Veículo";"Colisão traseira";"Com Vítimas Feridas";"Pleno dia";"Crescente";"Céu Claro";"Dupla";"Reta";"Sim";4;0;2;0;2;0;2;3;"-19.9585";"-44.151";"SR-MG";"DEL4/1";"UOP03/MG"
193259;2019-02-24;"1";"04:30:00";"RS";285;580;"SAO LUIZ GONZAGA";"Ingestão de Álcool";"Saída de leito carroçável";"Sem Vítimas";"Plena Noite";"Crescente";"Céu Claro";"Simples";"Reta";"Não";1;0;0;0;1;0;0;1;"-28.433741";"-55.095108";"SR-RS";"DEL9/12";"UOP01/RS"
193260;2019-02-24;"1";"08:10:00";"MG";365;604;"UBERLANDIA";"Animais na Pista";"Saída de leito carroçável";"Com Vítimas Feridas";"Pleno dia";"Decrescente";"Céu Claro";"Simples";"Reta";"Não";2;0;1;0;1;0;1;1;"-18.8974";"-48.2715";"SR-MG";"DEL4/15";"UOP01/MG"
193261;2019-02-24;"1";"08:00:00";"RJ";393;284;"VOLTA REDONDA";"Condutor Dormindo";"Saída de leito carroçável";"Com Vítimas Feridas";"Pleno dia";"Decrescente";"Céu Claro";"Simples";"Não Informado";"Sim";1;0;1;0;0;0;1;1;"-22.510941";"-44.084461";"SR-RJ";"DEL5/5";"UOP02/RJ"
193264;2019-02-23;"7";"21:00:00";"DF";70;10;"BRASILIA";"Falta de Atenção à Condução";"Saída de leito carroçável";"Sem Vítimas";"Pleno dia";"Decrescente";"Céu Claro";"Dupla";"Reta";"Sim";1;0;0;0;0;1;0;1;"-15.787066";"-48.140709";"SR-DF";"DF";"UOP06/DF"
193266;2019-02-07;"5";"18:45:00";"ES";101;304,7;"VIANA";"Sinalização da via insuficiente ou inadequada";"Colisão transversal";"Com Vítimas Feridas";"Anoitecer";"Crescente";"Nublado";"Simples";"Não Informado";"Não";3;0;2;0;1;0;2;2;"-20.38496599";"-40.46245521";"SR-ES";"DEL12/1";"UOP01/ES"
193267;2019-02-24;"1";"08:20:00";"BA";101;267;"SANTO ANTONIO DE JESUS";"Falta de Atenção à Condução";"Colisão lateral";"Com Vítimas Feridas";"Pleno dia";"Decrescente";"Céu Claro";"Simples";"Curva";"Não";9;0;4;0;5;0;4;2;"-13.0022";"-39.2921";"SR-BA";"DEL10/1";"UOP02/BA"
193268;2019-02-24;"1";"09:55:00";"ES";262;6,3;"CARIACICA";"Desobediência às normas de trânsito pelo condutor";"Colisão transversal";"Com Vítimas Feridas";"Pleno dia";"Crescente";"Sol";"Múltipla";"Interseção de vias";"Sim";3;0;3;0;0;0;3;2;"-20.3404";"-40.395";"SR-ES";"DEL12/1";"UOP01/ES"
193269;2019-02-24;"1";"08:57:00";"MG";40;510,9;"RIBEIRAO DAS NEVES";"Falta de Atenção à Condução";"Colisão lateral";"Com Vítimas Feridas";"Pleno dia";"Decrescente";"Céu Claro";"Dupla";"Reta";"Sim";5;0;3;0;2;0;3;2;"-19.7844";"-44.1152";"SR-MG";"DEL4/1";"UOP03/MG"
193270;2019-02-24;"1";"10:15:00";"GO";153;72;"PORANGATU";"Ingestão de Álcool";"Colisão transversal";"Com Vítimas Feridas";"Pleno dia";"Decrescente";"Sol";"Simples";"Não Informado";"Sim";5;0;0;1;3;1;1;2;"-13.44146603";"-49.13283348";"SR-GO";"DEL1/7";"UOP01/GO"
193271;2019-02-24;"1";"10:15:00";"RJ";40;117,1;"DUQUE DE CAXIAS";"Avarias e/ou desgaste excessivo no pneu";"Colisão com objeto estático";"Com Vítimas Feridas";"Pleno dia";"Crescente";"Céu Claro";"Múltipla";"Reta";"Sim";1;0;1;0;0;0;1;1;"-22.7556";"-43.2871";"SR-RJ";"DEL5/1";"UOP01/RJ"
193273;2019-02-24;"1";"10:30:00";"RJ";40;110;"DUQUE DE CAXIAS";"Falta de Atenção à Condução";"Colisão lateral";"Sem Vítimas";"Pleno dia";"Crescente";"Sol";"Múltipla";"Reta";"Sim";2;0;0;0;2;0;0;2;"-22.6924";"-43.2875";"SR-RJ";"DEL5/1";"UOP01/RJ"
193274;2019-02-24;"1";"10:50:00";"MG";365;515,7;"MONTE CARMELO";"Falta de Atenção à Condução";"Colisão frontal";"Com Vítimas Feridas";"Pleno dia";"Decrescente";"Céu Claro";"Simples";"Não Informado";"Não";2;0;0;1;1;0;1;2;"-18.917";"-47.349";"SR-MG";"DEL4/10";"UOP01/MG"
193275;2019-02-24;"1";"09:30:00";"MG";116;446,3;"SANTA BARBARA DO LESTE";"Falta de Atenção à Condução";"Colisão transversal";"Com Vítimas Feridas";"Pleno dia";"Decrescente";"Céu Claro";"Simples";"Reta";"Não";5;0;1;0;4;0;1;2;"-19.95577728";"-42.12988079";"SR-MG";"DEL4/6";"UOP02/MG"
193276;2019-02-24;"1";"10:35:00";"RS";290;144,5;"ELDORADO DO SUL";"Falta de Atenção à Condução";"Colisão transversal";"Com Vítimas Feridas";"Pleno dia";"Decrescente";"Chuva";"Simples";"Não Informado";"Sim";3;0;1;0;2;0;1;2;"-30.096939";"-51.647282";"SR-RS";"DEL9/2";"UOP01/RS"
193277;2019-02-24;"1";"11:10:00";"PE";232;409,5;"SERRA TALHADA";"Desobediência às normas de trânsito pelo condutor";"Colisão transversal";"Com Vítimas Feridas";"Pleno dia";"Decrescente";"Nublado";"Simples";"Reta";"Sim";2;0;0;1;1;0;1;2;"-7.981944";"-38.289467";"SR-PE";"DEL11/4";"UOP01/PE"
193278;2019-02-24;"1";"11:15:00";"PR";376;666,7;"GUARATUBA";"Velocidade Incompatível";"Colisão lateral";"Com Vítimas Feridas";"Pleno dia";"Decrescente";"Céu Claro";"Dupla";"Não Informado";"Não";1;0;0;1;0;0;1;1;"-25.859187";"-48.938396";"SR-PR";"DEL7/1";"UOP08/PR"
193279;2019-02-24;"1";"11:00:00";"RJ";116;88;"TERESOPOLIS";"Falta de Atenção à Condução";"Queda de ocupante de veículo";"Com Vítimas Feridas";"Pleno dia";"Decrescente";"Céu Claro";"Simples";"Curva";"Não";1;0;0;1;0;0;1;1;"-22.453527";"-42.954491";"SR-RJ";"DEL5/4";"UOP01/RJ"
193280;2019-02-24;"1";"10:20:00";"GO";60;88,5;"ANAPOLIS";"Falta de Atenção à Condução";"Saída de leito carroçável";"Com Vítimas Feridas";"Pleno dia";"Crescente";"Nublado";"Dupla";"Reta";"Sim";1;0;1;0;0;0;1;1;"-16.3315";"-48.8885";"SR-GO";"DEL1/2";"UOP01/GO"
193281;2019-02-24;"1";"12:15:00";"PI";316;308,9;"PICOS";"Desobediência às normas de trânsito pelo pedestre";"Atropelamento de Pedestre";"Com Vítimas Fatais";"Pleno dia";"Crescente";"Céu Claro";"Simples";"Reta";"Sim";3;1;1;0;1;0;1;2;"-7.0763682";"-41.47450631";"SR-PI";"DEL17/4";"UOP01/PI"
193282;2019-02-24;"1";"10:10:00";"MG";153;78;"PRATA";"Condutor Dormindo";"Saída de leito carroçável";"Com Vítimas Feridas";"Pleno dia";"Decrescente";"Céu Claro";"Simples";"Curva";"Não";2;0;2;0;0;0;2;1;"-19.05822388";"-49.01275635";"SR-MG";"DEL4/15";"UOP03/MG"
193283;2019-02-24;"1";"12:00:00";"RJ";116;172,1;"SAO JOAO DE MERITI";"Defeito Mecânico no Veículo";"Tombamento";"Com Vítimas Feridas";"Pleno dia";"Crescente";"Céu Claro";"Múltipla";"Reta";"Sim";2;0;2;0;0;0;2;1;"-22.801882";"-43.350437";"SR-RJ";"DEL5/1";"UOP02/RJ"
193284;2019-02-24;"1";"11:50:00";"MG";116;279,9;"TEOFILO OTONI";"Desobediência às normas de trânsito pelo condutor";"Colisão lateral";"Com Vítimas Feridas";"Pleno dia";"Crescente";"Céu Claro";"Simples";"Curva";"Não";2;0;0;1;1;0;1;2;"-17.883158";"-41.523189";"SR-MG";"DEL4/11";"UOP01/MG"
193285;2019-02-24;"1";"08:30:00";"SE";101;87;"LARANJEIRAS";"Mal Súbito";"Tombamento";"Com Vítimas Feridas";"Pleno dia";"Crescente";"Céu Claro";"Dupla";"Não Informado";"Não";1;0;1;0;0;0;1;1;"-10.8745";"-37.1341";"SR-SE";"DEL20/1";"UOP01/SE"
193286;2019-02-24;"1";"13:00:00";"SP";381;51,6;"ATIBAIA";"Mal Súbito";"Colisão com objeto estático";"Com Vítimas Feridas";"Pleno dia";"Decrescente";"Sol";"Dupla";"Reta";"Não";2;0;1;0;1;0;1;1;"-23.22651003";"-46.59788048";"SR-SP";"DEL6/3";"UOP02/SP"
193287;2019-02-24;"1";"12:35:00";"SC";470;28,4;"GASPAR";"Falta de Atenção à Condução";"Capotamento";"Com Vítimas Feridas";"Pleno dia";"Decrescente";"Céu Claro";"Simples";"Reta";"Sim";2;0;1;0;1;0;1;2;"-26.89330845";"-48.8983199";"SR-SC";"DEL8/4";"UOP01/SC"
193288;2019-02-04;"2";"09:00:00";"PB";101;96,2;"CONDE";"Desobediência às normas de trânsito pelo condutor";"Colisão traseira";"Com Vítimas Feridas";"Pleno dia";"Crescente";"Céu Claro";"Dupla";"Reta";"Sim";2;0;2;0;0;0;2;2;"-7.2384";"-34.9267";"SR-PB";"DEL14/1";"UOP01/PB"
193289;2019-02-24;"1";"13:00:00";"RS";386;444;"CANOAS";"Avarias e/ou desgaste excessivo no pneu";"Tombamento";"Com Vítimas Feridas";"Pleno dia";"Decrescente";"Nublado";"Dupla";"Reta";"Sim";2;0;2;0;0;0;2;1;"-29.8911";"-51.203064";"SR-RS";"DEL9/1";"UOP01/RS"
193290;2019-02-24;"1";"12:05:00";"SC";280;115,5;"SAO BENTO DO SUL";"Ingestão de Álcool";"Saída de leito carroçável";"Com Vítimas Feridas";"Pleno dia";"Decrescente";"Sol";"Simples";"Reta";"Não";1;0;0;1;0;0;1;1;"-26.26926419";"-49.42434702";"SR-SC";"DEL8/6";"UOP03/SC"
193291;2019-02-24;"1";"11:40:00";"SC";163;67,4;"SAO MIGUEL DO OESTE";"Ingestão de Álcool";"Saída de leito carroçável";"Com Vítimas Feridas";"Pleno dia";"Crescente";"Céu Claro";"Dupla";"Não Informado";"Sim";1;0;0;1;0;0;1;1;"-26.74012558";"-53.50132048";"SR-SC";"DEL7";"UOP03/SC"
193292;2019-02-24;"1";"12:30:00";"RJ";116;176;"NOVA IGUACU";"Avarias e/ou desgaste excessivo no pneu";"Queda de ocupante de veículo";"Com Vítimas Feridas";"Pleno dia";"Decrescente";"Céu Claro";"Múltipla";"Reta";"Não";2;0;1;0;1;0;1;1;"-22.783915";"-43.382023";"SR-RJ";"DEL5/1";"UOP02/RJ"
193293;2019-02-24;"1";"13:50:00";"RJ";493;2;"ITABORAI";"Ultrapassagem Indevida";"Colisão frontal";"Com Vítimas Feridas";"Pleno dia";"Crescente";"Céu Claro";"Simples";"Reta";"Sim";8;0;1;0;6;1;1;3;"-22.759342";"-42.935555";"SR-RJ";"DEL5/4";"UOP02/RJ"
193294;2019-02-24;"1";"11:00:00";"PB";230;412,2;"POMBAL";"Desobediência às normas de trânsito pelo condutor";"Colisão transversal";"Com Vítimas Fatais";"Pleno dia";"Decrescente";"Céu Claro";"Simples";"Reta";"Não";2;1;0;0;1;0;0;2;"-6.724354";"-37.799955";"SR-PB";"DEL14/3";"UOP02/PB"
193295;2019-02-24;"1";"12:30:00";"SC";282;72,9;"RANCHO QUEIMADO";"Falta de Atenção à Condução";"Colisão lateral";"Com Vítimas Feridas";"Pleno dia";"Decrescente";"Sol";"Simples";"Curva";"Não";4;0;0;1;1;2;1;2;"-27.683439";"-49.105259";"SR-SC";"DEL8/1";"UOP03/SC"
193296;2019-02-24;"1";"12:20:00";"RR";174;517;"BOA VISTA";"Fenômenos da Natureza";"Colisão com objeto em movimento";"Sem Vítimas";"Pleno dia";"Crescente";"Céu Claro";"Simples";"Reta";"Não";1;0;0;0;1;0;0;1;"2.91367";"-60.709248";"SR-RR";"UOP01/RR";""
193297;2019-02-24;"1";"12:30:00";"AP";210;60,9;"PORTO GRANDE";"Velocidade Incompatível";"Colisão frontal";"Com Vítimas Fatais";"Pleno dia";"Crescente";"Chuva";"Simples";"Curva";"Não";4;2;1;1;0;0;2;2;"0.487035";"-51.109558";"SR-AP";"UOP01/AP";""
193298;2019-02-24;"1";"14:00:00";"MS";163;270;"DOURADOS";"Falta de Atenção à Condução";"Colisão traseira";"Com Vítimas Feridas";"Pleno dia";"Crescente";"Céu Claro";"Dupla";"Interseção de vias";"Não";2;0;1;0;1;0;1;2;"-22.19492063";"-54.69295805";"SR-MS";"DEL3/4";"UOP01/MS"
193299;2019-02-24;"1";"14:45:00";"TO";153;566,4;"FATIMA";"Pista Escorregadia";"Colisão lateral";"Com Vítimas Feridas";"Pleno dia";"Crescente";"Chuva";"Simples";"Não Informado";"Não";2;0;0;1;1;0;1;2;"-10.792803";"-48.902142";"SR-TO";"UOP02/TO";""
193300;2019-02-24;"1";"14:30:00";"RJ";393;279;"BARRA DO PIRAI";"Desobediência às normas de trânsito pelo condutor";"Colisão lateral";"Com Vítimas Feridas";"Pleno dia";"Crescente";"Sol";"Simples";"Reta";"Sim";2;0;2;0;0;0;2;2;"-22.478477";"-43.951252";"SR-RJ";"DEL5/5";"UOP02/RJ"
193301;2019-02-24;"1";"13:30:00";"PE";104;14,4;"TAQUARITINGA DO NORTE";"Defeito Mecânico no Veículo";"Colisão frontal";"Com Vítimas Fatais";"Pleno dia";"Crescente";"Céu Claro";"Simples";"Reta";"Não";3;2;0;0;1;0;0;2;"-7.90575";"-36.116207";"SR-PE";"DEL11/2";"UOP01/PE"
193302;2019-02-24;"1";"11:45:00";"SC";470;51;"BLUMENAU";"Falta de Atenção à Condução";"Colisão lateral";"Com Vítimas Feridas";"Pleno dia";"Decrescente";"Céu Claro";"Simples";"Não Informado";"Sim";2;0;1;0;1;0;1;2;"-26.86178753";"-49.0825367";"SR-SC";"DEL8/4";"UOP01/SC"
193303;2019-02-24;"1";"15:00:00";"ES";101;264;"SERRA";"Desobediência às normas de trânsito pelo condutor";"Colisão transversal";"Sem Vítimas";"Pleno dia";"Crescente";"Céu Claro";"Dupla";"Interseção de vias";"Sim";2;0;0;0;2;0;0;2;"-20.17751905";"-40.26577603";"SR-ES";"DEL12/2";"UOP01/ES"
193304;2019-02-24;"1";"13:50:00";"AL";101;203,8;"SAO SEBASTIAO";"Velocidade Incompatível";"Tombamento";"Com Vítimas Fatais";"Pleno dia";"Crescente";"Céu Claro";"Dupla";"Curva";"Não";1;1;0;0;0;0;0;1;"-9.97355978";"-36.55619114";"SR-AL";"DEL13/2";"UOP02/AL"
193305;2019-02-24;"1";"14:40:00";"GO";60;23,3;"ALEXANIA";"Pista Escorregadia";"Capotamento";"Com Vítimas Feridas";"Pleno dia";"Crescente";"Chuva";"Dupla";"Retorno Regulamentado";"Não";4;0;4;0;0;0;4;1;"-16.0963";"-48.5202";"SR-DF";"GO";"UOP03/DF"
193307;2019-02-24;"1";"15:15:00";"RJ";101;206;"CASIMIRO DE ABREU";"Falta de Atenção do Pedestre";"Atropelamento de Pedestre";"Com Vítimas Feridas";"Pleno dia";"Crescente";"Nublado";"Simples";"Não Informado";"Sim";2;0;1;0;1;0;1;1;"-22.476734";"-42.201725";"SR-RJ";"DEL5/2";"UOP04/RJ"
193308;2019-02-24;"1";"15:30:00";"ES";259;9,4;"JOAO NEIVA";"Falta de Atenção à Condução";"Tombamento";"Com Vítimas Feridas";"Pleno dia";"Crescente";"Céu Claro";"Simples";"Curva";"Não";1;0;0;1;0;0;1;1;"-19.680725";"-40.391445";"SR-ES";"DEL12/2";"UOP01/ES"
193309;2019-02-24;"1";"15:20:00";"SP";153;47,3;"SAO JOSE DO RIO PRETO";"Condutor Dormindo";"Colisão com objeto estático";"Com Vítimas Fatais";"Pleno dia";"Decrescente";"Céu Claro";"Simples";"Reta";"Sim";3;1;0;2;0;0;2;1;"-20.681963";"-49.340157";"SR-SP";"DEL6/9";"UOP01/SP"
193310;2019-02-24;"1";"15:32:00";"PR";376;650;"TIJUCAS DO SUL";"Falta de Atenção à Condução";"Colisão com objeto estático";"Sem Vítimas";"Pleno dia";"Crescente";"Nublado";"Dupla";"Reta";"Não";5;0;0;0;5;0;0;1;"-25.845084";"-49.080227";"SR-PR";"DEL7/1";"UOP08/PR"
193311;2019-02-24;"1";"15:14:00";"RJ";101;329;"RIO DE JANEIRO";"Ingestão de Álcool";"Colisão traseira";"Sem Vítimas";"Pleno dia";"Decrescente";"Céu Claro";"Dupla";"Não Informado";"Não";3;0;0;0;3;0;0;2;"-22.869379";"-43.175808";"SR-RJ";"DEL5/2";"UOP01/RJ"
193312;2019-02-24;"1";"13:35:00";"MG";381;882,3;"ESTIVA";"Mal Súbito";"Colisão com objeto estático";"Com Vítimas Feridas";"Pleno dia";"Decrescente";"Sol";"Dupla";"Reta";"Não";1;0;1;0;0;0;1;1;"-22.4837";"-46.0108";"SR-MG";"DEL09";"UOP01/MG"
193313;2019-02-24;"1";"16:10:00";"RS";290;96,7;"PORTO ALEGRE";"Ingestão de Álcool";"Colisão com objeto estático";"Sem Vítimas";"Pleno dia";"Decrescente";"Chuva";"Dupla";"Ponte";"Sim";1;0;0;0;1;0;0;1;"-29.99841204";"-51.20720249";"SR-RS";"DEL9/1";"UOP01/RS"
193314;2019-02-24;"1";"16:15:00";"PE";232;8;"RECIFE";"Não guardar distância de segurança";"Colisão traseira";"Com Vítimas Feridas";"Pleno dia";"Decrescente";"Sol";"Dupla";"Reta";"Sim";5;0;1;0;3;1;1;5;"-8.075855";"-34.970215";"SR-PE";"DEL11/1";"UOP01/PE"
193315;2019-02-24;"1";"15:30:00";"SC";101;214,3;"PALHOCA";"Falta de Atenção à Condução";"Colisão traseira";"Com Vítimas Feridas";"Pleno dia";"Crescente";"Céu Claro";"Dupla";"Viaduto";"Sim";3;0;1;0;2;0;1;2;"-27.652";"-48.676";"SR-SC";"DEL8/1";"UOP02/SC"
193316;2019-02-24;"1";"16:15:00";"PB";230;14,9;"JOAO PESSOA";"Defeito Mecânico no Veículo";"Tombamento";"Com Vítimas Feridas";"Pleno dia";"Decrescente";"Céu Claro";"Dupla";"Viaduto";"Sim";1;0;0;1;0;0;1;1;"-7.097769";"-34.847845";"SR-PB";"DEL14/1";"UOP00/PB"
193317;2019-02-24;"1";"15:15:00";"RO";364;199,9;"PIMENTA BUENO";"Falta de Atenção à Condução";"Colisão transversal";"Com Vítimas Feridas";"Pleno dia";"Crescente";"Céu Claro";"Simples";"Reta";"Sim";3;0;2;0;1;0;2;2;"-11.66155";"-61.191055";"SR-RO";"DEL21/2";"UOP02/RO"
193318;2019-02-24;"1";"16:25:00";"MG";365;613,3;"UBERLANDIA";"Ingestão de Álcool";"Colisão transversal";"Com Vítimas Fatais";"Pleno dia";"Crescente";"Céu Claro";"Simples";"Reta";"Sim";5;1;1;2;0;1;3;2;"-18.91538066";"-48.21521759";"SR-MG";"DEL4/15";"UOP01/MG"
193320;2019-02-24;"1";"16:00:00";"GO";40;12,5;"LUZIANIA";"Ingestão de álcool e/ou substâncias psicoativas pelo pedestre";"Atropelamento de Pedestre";"Com Vítimas Feridas";"Pleno dia";"Crescente";"Nublado";"Dupla";"Reta";"Sim";2;0;1;0;0;1;1;1;"-16.145123";"-47.945382";"SR-DF";"GO";"UOP01/DF"
193321;2019-02-24;"1";"16:00:00";"ES";101;262;"SERRA";"Ingestão de Álcool";"Engavetamento";"Sem Vítimas";"Pleno dia";"Crescente";"Sol";"Dupla";"Reta";"Sim";4;0;0;0;4;0;0;4;"-20.16990974";"-40.2711314";"SR-ES";"DEL12/2";"UOP01/ES"
193322;2019-02-24;"1";"15:00:00";"PA";10;224,6;"IPIXUNA DO PARA";"Desobediência às normas de trânsito pelo condutor";"Colisão traseira";"Com Vítimas Feridas";"Pleno dia";"Decrescente";"Nublado";"Simples";"Ponte";"Não";3;0;1;0;1;1;1;3;"-2.88648914";"-47.4336188";"SR-PA";"DEL19/2";"UOP02/PA"
193323;2019-02-24;"1";"15:40:00";"SP";116;553;"BARRA DO TURVO";"Condutor Dormindo";"Saída de leito carroçável";"Sem Vítimas";"Pleno dia";"Crescente";"Céu Claro";"Dupla";"Reta";"Não";2;0;0;0;2;0;0;2;"-24.97418193";"-48.50405037";"SR-SP";"DEL6/5";"UOP03/SP"
193324;2019-02-24;"1";"15:30:00";"BA";101;212;"GOVERNADOR MANGABEIRA";"Defeito Mecânico no Veículo";"Capotamento";"Sem Vítimas";"Pleno dia";"Decrescente";"Sol";"Simples";"Desvio Temporário";"Não";2;0;0;0;2;0;0;1;"-12.607";"-39.067";"SR-BA";"DEL10/1";"UOP03/BA"
193325;2019-02-24;"1";"13:00:00";"BA";101;515,5;"ITABUNA";"Ultrapassagem Indevida";"Saída de leito carroçável";"Com Vítimas Feridas";"Pleno dia";"Crescente";"Céu Claro";"Simples";"Reta";"Não";6;0;1;0;4;1;1;2;"-14.8759";"-39.2811";"SR-BA";"DEL10/5";"UOP01/BA"
193326;2019-02-24;"1";"16:30:00";"SC";101;27;"JOINVILLE";"Desobediência às normas de trânsito pelo condutor";"Tombamento";"Com Vítimas Feridas";"Pleno dia";"Decrescente";"Céu Claro";"Dupla";"Reta";"Sim";1;0;1;0;0;0;1;1;"-26.2102";"-48.9156";"SR-SC";"DEL8/3";"UOP01/SC"
193329;2019-02-24;"1";"16:00:00";"GO";60;169;"GOIANIA";"Restrição de Visibilidade";"Colisão lateral";"Com Vítimas Feridas";"Pleno dia";"Decrescente";"Nublado";"Dupla";"Não Informado";"Sim";3;0;1;0;2;0;1;2;"-16.7269";"-49.3822";"SR-GO";"DEL1/1";"UOP02/GO"
193330;2019-02-24;"1";"16:00:00";"PI";343;456;"SAO PEDRO DO PIAUI";"Falta de Atenção à Condução";"Colisão frontal";"Com Vítimas Fatais";"Anoitecer";"Crescente";"Céu Claro";"Simples";"Reta";"Não";2;1;0;0;1;0;0;2;"-5.954489";"-42.723389";"SR-PI";"DEL17/1";"UOP02/PI"
193331;2019-02-24;"1";"17:20:00";"TO";153;692,3;"CARIRI DO TOCANTINS";"Desobediência às normas de trânsito pelo condutor";"Colisão frontal";"Com Vítimas Feridas";"Pleno dia";"Crescente";"Céu Claro";"Simples";"Retorno Regulamentado";"Sim";6;0;4;0;2;0;4;2;"-11.887465";"-49.164433";"SR-TO";"UOP01/TO";""
193332;2019-02-24;"1";"17:00:00";"GO";153;438,6;"ANAPOLIS";"Ingestão de Álcool";"Saída de leito carroçável";"Com Vítimas Feridas";"Pleno dia";"Decrescente";"Nublado";"Dupla";"Reta";"Sim";3;0;3;0;0;0;3;1;"-16.298529";"-48.928207";"SR-GO";"DEL1/2";"UOP01/GO"