"id";"data_inversa";"dia_semana";"horario";"uf";"br";"km";"municipio";"causa_acidente";"tipo_acidente";"classificacao_acidente";"fase_dia";"sentido_via";"condicao_metereologica";"tipo_pista";"tracado_via";"uso_solo";"pessoas";"mortos";"feridos_leves";"feridos_graves";"ilesos";"ignorados";"feridos";"veiculos";"latitude";"longitude";"regional";"delegacia";"uop"
193333;2019-02-24;"1";"16:50:00";"SC";116;203;"PONTE ALTA";"Falta de Atenção à Condução";"Saída de leito carroçável";"Com Vítimas Feridas";"Pleno dia";"Crescente";"Nublado";"Simples";"Reta";"Não";1;0;1;0;0;0;1;1;"-27.481998";"-50.379116";"SR-SC";"DEL8/5";"UOP03/SC"
193334;2019-02-24;"1";"16:45:00";"SC";101;319,9;"PESCARIA BRAVA";"Desobediência às normas de trânsito pelo condutor";"Colisão transversal";"Sem Vítimas";"Pleno dia";"Crescente";"Nublado";"Múltipla";"Interseção de vias";"Sim";2;0;0;0;2;0;0;2;"-28.42430259";"-48.89591396";"SR-SC";"DEL8/2";"UOP01/SC"
193335;2019-02-24;"1";"16:00:00";"BA";418;100;"NOVA VICOSA";"Velocidade Incompatível";"Saída de leito carroçável";"Com Vítimas Fatais";"Anoitecer";"Crescente";"Céu Claro";"Simples";"Reta";"Não";1;1;0;0;0;0;0;1;"-17.89267925";"-39.89828289";"SR-BA";"DEL10/9";"UOP03/BA"
193336;2019-02-24;"1";"16:10:00";"SC";470;122,5;"IBIRAMA";"Falta de Atenção à Condução";"Saída de leito carroçável";"Sem Vítimas";"Pleno dia";"Crescente";"Chuva";"Simples";"Curva";"Não";1;0;0;0;1;0;0;1;"-27.09580402";"-49.52682853";"SR-SC";"DEL8/4";"UOP02/SC"
193337;2019-02-24;"1";"15:50:00";"GO";20;43,5;"FORMOSA";"Não guardar distância de segurança";"Colisão traseira";"Sem Vítimas";"Pleno dia";"Crescente";"Chuva";"Simples";"Reta";"Não";2;0;0;0;2;0;0;2;"-15.383402";"-47.100285";"SR-DF";"GO";"UOP04/DF"
193338;2019-02-24;"1";"17:00:00";"MG";365;12,2;"MONTES CLAROS";"Falta de Atenção à Condução";"Queda de ocupante de veículo";"Com Vítimas Feridas";"Pleno dia";"Crescente";"Céu Claro";"Simples";"Curva";"Não";3;0;2;0;0;1;2;1;"-16.84687";"-43.965588";"SR-MG";"DEL4/12";"UOP01/MG"
193339;2019-02-24;"1";"18:10:00";"GO";40;5,5;"VALPARAISO DE GOIAS";"Falta de Atenção à Condução";"Colisão transversal";"Com Vítimas Feridas";"Pleno dia";"Crescente";"Garoa/Chuvisco";"Dupla";"Reta";"Sim";2;0;1;0;1;0;1;2;"-16.093134";"-47.982236";"SR-DF";"GO";"UOP01/DF"
193340;2019-02-24;"1";"18:00:00";"RS";470;194,7;"BENTO GONCALVES";"Falta de Atenção à Condução";"Colisão frontal";"Com Vítimas Feridas";"Anoitecer";"Crescente";"Chuva";"Simples";"Curva";"Não";7;0;5;0;2;0;5;2;"-29.05086307";"-51.58206247";"SR-RS";"DEL9/6";"UOP01/RS"
193342;2019-02-24;"1";"16:30:00";"ES";262;59,9;"MARECHAL FLORIANO";"Velocidade Incompatível";"Capotamento";"Com Vítimas Feridas";"Pleno dia";"Crescente";"Chuva";"Simples";"Curva";"Não";1;0;1;0;0;0;1;1;"-20.4223";"-40.7767";"SR-ES";"DEL12/1";"UOP01/ES"
193343;2019-02-24;"1";"18:20:00";"RS";290;37;"SANTO ANTONIO DA PATRULHA";"Não guardar distância de segurança";"Colisão traseira";"Com Vítimas Feridas";"Pleno dia";"Crescente";"Nublado";"Múltipla";"Reta";"Não";4;0;2;0;2;0;2;2;"-29.885529";"-50.62759";"SR-RS";"DEL9/3";"UOP02/RS"
193344;2019-02-24;"1";"18:40:00";"ES";262;164,6;"IBATIBA";"Falta de Atenção à Condução";"Colisão traseira";"Com Vítimas Feridas";"Plena Noite";"Decrescente";"Céu Claro";"Simples";"Curva";"Não";1;0;0;1;0;0;1;1;"-20.24697823";"-41.5487051";"SR-ES";"DEL12/1";"UOP02/ES"
193345;2019-02-24;"1";"18:20:00";"MG";40;523,7;"CONTAGEM";"Avarias e/ou desgaste excessivo no pneu";"Tombamento";"Com Vítimas Feridas";"Anoitecer";"Crescente";"Céu Claro";"Dupla";"Reta";"Sim";2;0;2;0;0;0;2;1;"-19.879";"-44.051";"SR-MG";"DEL4/1";"UOP03/MG"
193346;2019-02-24;"1";"16:50:00";"MG";381;710,6;"CARMO DA CACHOEIRA";"Falta de Atenção à Condução";"Colisão com objeto estático";"Com Vítimas Feridas";"Pleno dia";"Decrescente";"Céu Claro";"Dupla";"Reta";"Não";2;0;2;0;0;0;2;1;"-21.3588";"-45.1894";"SR-MG";"DEL4/4";"UOP02/MG"
193347;2019-02-24;"1";"18:30:00";"BA";116;358;"SERRINHA";"Falta de Atenção do Pedestre";"Atropelamento de Pedestre";"Com Vítimas Feridas";"Plena Noite";"Crescente";"Céu Claro";"Simples";"Desvio Temporário";"Não";2;0;1;0;1;0;1;1;"-11.6582739";"-38.99663315";"SR-BA";"DEL10/2";"UOP01/BA"
193348;2019-02-24;"1";"17:59:00";"SP";116;302,2;"SAO LOURENCO DA SERRA";"Desobediência às normas de trânsito pelo condutor";"Colisão lateral";"Com Vítimas Feridas";"Anoitecer";"Decrescente";"Céu Claro";"Dupla";"Reta";"Não";2;0;1;0;1;0;1;2;"-23.812927";"-46.92298385";"SR-SP";"DEL6/4";"UOP01/SP"
193349;2019-02-24;"1";"18:00:00";"SC";153;95;"CONCORDIA";"Ingestão de álcool e/ou substâncias psicoativas pelo pedestre";"Colisão transversal";"Com Vítimas Feridas";"Pleno dia";"Decrescente";"Céu Claro";"Simples";"Curva";"Sim";3;0;3;0;0;0;3;2;"-27.204384";"-51.949116";"SR-SC";"DEL7";"UOP05/SC"
193350;2019-02-24;"1";"19:10:00";"MG";354;753,9;"ITAMONTE";"Desobediência às normas de trânsito pelo condutor";"Colisão transversal";"Com Vítimas Feridas";"Plena Noite";"Crescente";"Céu Claro";"Simples";"Reta";"Sim";2;0;0;1;1;0;1;2;"-22.28417492";"-44.86948828";"SR-MG";"DEL09";"UOP02/MG"
193351;2019-02-24;"1";"18:00:00";"TO";230;82;"CACHOEIRINHA";"Falta de Atenção à Condução";"Saída de leito carroçável";"Com Vítimas Feridas";"Plena Noite";"Decrescente";"Céu Claro";"Simples";"Reta";"Não";2;0;0;1;0;1;1;2;"-6.100427";"-47.906529";"SR-TO";"UOP05/TO";""
193352;2019-02-24;"1";"17:15:00";"SC";101;439,6;"SOMBRIO";"Falta de Atenção à Condução";"Colisão lateral";"Com Vítimas Feridas";"Pleno dia";"Decrescente";"Chuva";"Dupla";"Reta";"Não";2;0;1;0;1;0;1;2;"-29.1243";"-49.6673";"SR-SC";"DEL8/2";"UOP02/SC"
193354;2019-02-24;"1";"18:20:00";"MG";262;118,5;"RIO CASCA";"Desobediência às normas de trânsito pelo pedestre";"Atropelamento de Pedestre";"Com Vítimas Feridas";"Anoitecer";"Crescente";"Céu Claro";"Simples";"Reta";"Não";3;0;1;0;1;1;1;2;"-20.229946";"-42.636993";"SR-MG";"DEL4/3";"UOP03/MG"
193356;2019-02-24;"1";"17:30:00";"MG";146;604,7;"POCOS DE CALDAS";"Ingestão de álcool e/ou substâncias psicoativas pelo pedestre";"Saída de leito carroçável";"Com Vítimas Feridas";"Anoitecer";"Crescente";"Céu Claro";"Simples";"Reta";"Não";1;0;1;0;0;0;1;1;"-21.806482";"-46.467304";"SR-MG";"DEL13";"UOP01/MG"
193358;2019-02-24;"1";"18:30:00";"BA";110;169;"RIBEIRA DO POMBAL";"Ingestão de Álcool";"Saída de leito carroçável";"Com Vítimas Feridas";"Plena Noite";"Crescente";"Céu Claro";"Simples";"Desvio Temporário";"Não";3;0;1;0;2;0;1;1;"-10.8156";"-38.5297";"SR-BA";"DEL10/7";"UOP02/BA"
193359;2019-02-24;"1";"18:15:00";"PE";104;66,8;"CARUARU";"Falta de Atenção do Pedestre";"Atropelamento de Pedestre";"Com Vítimas Feridas";"Plena Noite";"Crescente";"Céu Claro";"Dupla";"Desvio Temporário";"Sim";3;0;0;1;1;1;1;1;"-8.2937";"-35.9864";"SR-PE";"DEL11/2";"UOP01/PE"
193360;2019-02-24;"1";"19:30:00";"AL";101;98;"PILAR";"Ingestão de Álcool";"Colisão frontal";"Com Vítimas Fatais";"Plena Noite";"Decrescente";"Céu Claro";"Simples";"Reta";"Sim";2;1;0;0;1;0;0;2;"-9.54234936";"-35.95520448";"SR-AL";"DEL13/1";"UOP01/AL"
193361;2019-02-24;"1";"19:20:00";"ES";262;21;"VIANA";"Falta de Atenção à Condução";"Colisão traseira";"Com Vítimas Feridas";"Plena Noite";"Decrescente";"Céu Claro";"Simples";"Reta";"Não";3;0;2;0;0;1;2;2;"-20.3816";"-40.5036";"SR-ES";"DEL12/1";"UOP01/ES"
193362;2019-02-24;"1";"19:20:00";"PI";343;340,8;"TERESINA";"Não guardar distância de segurança";"Colisão traseira";"Sem Vítimas";"Plena Noite";"Crescente";"Chuva";"Simples";"Curva";"Sim";2;0;0;0;2;0;0;2;"-5.07780163";"-42.74390481";"SR-PI";"DEL17/1";"UOP01/PI"
193363;2019-02-24;"1";"19:50:00";"RS";470;177;"VERANOPOLIS";"Desobediência às normas de trânsito pelo condutor";"Colisão frontal";"Com Vítimas Feridas";"Plena Noite";"Crescente";"Garoa/Chuvisco";"Simples";"Curva";"Não";3;0;2;1;0;0;3;2;"-28.92940685";"-51.54278934";"SR-RS";"DEL9/6";"UOP02/RS"
193364;2019-02-24;"1";"19:30:00";"MG";116;179,9;"CARAI";"Falta de Atenção do Pedestre";"Atropelamento de Pedestre";"Com Vítimas Fatais";"Plena Noite";"Crescente";"Céu Claro";"Simples";"Reta";"Não";2;1;0;0;0;1;0;1;"-17.082011";"-41.484629";"SR-MG";"DEL4/11";"UOP02/MG"
193365;2019-02-24;"1";"18:30:00";"SC";163;70,3;"SAO MIGUEL DO OESTE";"Ingestão de Álcool";"Colisão traseira";"Com Vítimas Feridas";"Anoitecer";"Decrescente";"Céu Claro";"Dupla";"Reta";"Sim";3;0;1;0;1;1;1;2;"-26.734585";"-53.506851";"SR-SC";"DEL7";"UOP03/SC"
193367;2019-02-24;"1";"20:00:00";"GO";40;4,5;"VALPARAISO DE GOIAS";"Defeito na Via";"Colisão traseira";"Com Vítimas Feridas";"Plena Noite";"Crescente";"Céu Claro";"Dupla";"Reta";"Sim";3;0;1;0;2;0;1;2;"-16.09088739";"-47.98366249";"SR-DF";"GO";"UOP01/DF"
193368;2019-02-24;"1";"19:25:00";"ES";482;102;"GUACUI";"Ingestão de Álcool";"Capotamento";"Com Vítimas Fatais";"Plena Noite";"Crescente";"Céu Claro";"Simples";"Reta";"Não";2;1;1;0;0;0;1;1;"-20.779398";"-41.645065";"SR-ES";"DEL12/3";"UOP02/ES"
193369;2019-02-24;"1";"17:30:00";"MG";116;428;"ALPERCATA";"Falta de Atenção à Condução";"Colisão frontal";"Com Vítimas Feridas";"Pleno dia";"Crescente";"Céu Claro";"Simples";"Reta";"Não";2;0;1;0;1;0;1;2;"-18.98129855";"-41.98631287";"SR-MG";"DEL4/6";"UOP01/MG"
193370;2019-02-24;"1";"19:50:00";"PR";376;174,2;"MARINGA";"Falta de Atenção do Pedestre";"Atropelamento de Pedestre";"Com Vítimas Feridas";"Plena Noite";"Crescente";"Céu Claro";"Dupla";"Reta";"Sim";2;0;1;0;1;0;1;1;"-23.411356";"-51.940777";"SR-PR";"DEL7/7";"UOP04/PR"
193372;2019-02-24;"1";"17:30:00";"RS";386;399;"TRIUNFO";"Defeito Mecânico no Veículo";"Colisão com objeto em movimento";"Sem Vítimas";"Pleno dia";"Decrescente";"Chuva";"Simples";"Curva";"Não";2;0;0;0;2;0;0;2;"-29.749271";"-51.609505";"SR-RS";"DEL9/4";"UOP02/RS"
193373;2019-02-24;"1";"20:20:00";"RS";392;351,9;"SANTA MARIA";"Ingestão de Álcool";"Colisão transversal";"Com Vítimas Feridas";"Plena Noite";"Crescente";"Nublado";"Simples";"Não Informado";"Não";3;0;2;0;0;1;2;2;"-29.72652046";"-53.80498409";"SR-RS";"DEL9/9";"UOP01/RS"
193374;2019-02-24;"1";"17:40:00";"SC";282;409;"CATANDUVAS";"Falta de Atenção à Condução";"Colisão lateral";"Com Vítimas Feridas";"Pleno dia";"Decrescente";"Céu Claro";"Simples";"Curva";"Sim";3;0;1;0;2;0;1;2;"-27.065756";"-51.664165";"SR-SC";"DEL7";"UOP07/SC"
193375;2019-02-24;"1";"20:25:00";"PR";376;168;"MARINGA";"Ingestão de Álcool";"Colisão traseira";"Com Vítimas Feridas";"Plena Noite";"Crescente";"Céu Claro";"Dupla";"Reta";"Não";3;0;3;0;0;0;3;3;"-23.409788";"-51.987453";"SR-PR";"DEL7/7";"UOP04/PR"
193376;2019-02-24;"1";"20:00:00";"ES";101;70,2;"SAO MATEUS";"Animais na Pista";"Atropelamento de Animal";"Com Vítimas Feridas";"Plena Noite";"Decrescente";"Céu Claro";"Simples";"Reta";"Não";2;0;1;0;1;0;1;1;"-18.74766834";"-39.86202478";"SR-ES";"DEL12/4";"UOP02/ES"
193377;2019-02-24;"1";"20:00:00";"AL";104;47,1;"BRANQUINHA";"Falta de Atenção do Pedestre";"Atropelamento de Pedestre";"Com Vítimas Fatais";"Plena Noite";"Crescente";"Céu Claro";"Simples";"Curva";"Não";2;1;0;0;0;1;0;1;"-9.2457014";"-36.00588206";"SR-AL";"DEL13/1";"UOP02/AL"
193378;2019-02-24;"1";"20:40:00";"SE";235;110,7;"CARIRA";"Desobediência às normas de trânsito pelo condutor";"Colisão frontal";"Com Vítimas Fatais";"Plena Noite";"Crescente";"Céu Claro";"Simples";"Curva";"Não";4;1;1;1;0;1;2;4;"-10.343814";"-37.714977";"SR-SE";"DEL20/1";"UOP02/SE"
193379;2019-02-24;"1";"19:09:00";"RJ";101;209,3;"CASIMIRO DE ABREU";"Falta de Atenção à Condução";"Tombamento";"Com Vítimas Feridas";"Anoitecer";"Decrescente";"Nublado";"Dupla";"Curva";"Não";1;0;1;0;0;0;1;1;"-22.481339";"-42.229309";"SR-RJ";"DEL5/2";"UOP04/RJ"
193380;2019-02-24;"1";"20:30:00";"RJ";116;135;"MAGE";"Velocidade Incompatível";"Colisão com objeto estático";"Com Vítimas Feridas";"Plena Noite";"Decrescente";"Nublado";"Dupla";"Curva";"Sim";3;0;2;0;1;0;2;1;"-22.652248";"-43.163132";"SR-RJ";"DEL5/4";"UOP02/RJ"
193381;2019-02-24;"1";"20:20:00";"MG";262;37,4;"MANHUACU";"Não guardar distância de segurança";"Colisão traseira";"Com Vítimas Feridas";"Plena Noite";"Crescente";"Céu Claro";"Simples";"Curva";"Sim";2;0;1;0;1;0;1;2;"-20.25749";"-42.030487";"SR-MG";"DEL4/6";"UOP04/MG"
193382;2019-02-24;"1";"20:10:00";"SC";101;146;"ITAPEMA";"Falta de Atenção à Condução";"Colisão traseira";"Com Vítimas Feridas";"Anoitecer";"Decrescente";"Céu Claro";"Dupla";"Reta";"Sim";6;0;1;0;5;0;1;6;"-27.0918";"-48.6168";"SR-SC";"DEL8/4";"UOP03/SC"
193383;2019-02-24;"1";"19:50:00";"SC";101;164;"TIJUCAS";"Restrição de Visibilidade";"Saída de leito carroçável";"Com Vítimas Feridas";"Plena Noite";"Crescente";"Chuva";"Dupla";"Desvio Temporário";"Sim";2;0;1;0;1;0;1;1;"-27.2505";"-48.6311";"SR-SC";"DEL8/4";"UOP03/SC"
193384;2019-02-24;"1";"21:15:00";"MG";381;505,5;"BETIM";"Ingestão de Álcool";"Colisão com objeto estático";"Com Vítimas Feridas";"Plena Noite";"Crescente";"Céu Claro";"Dupla";"Reta";"Não";2;0;2;0;0;0;2;1;"-20.0384";"-44.2529";"SR-MG";"DEL4/1";"UOP03/MG"
193385;2019-02-24;"1";"21:20:00";"RS";392;120,5;"CANGUCU";"Animais na Pista";"Atropelamento de Animal";"Com Vítimas Feridas";"Plena Noite";"Decrescente";"Chuva";"Simples";"Desvio Temporário";"Não";2;0;2;0;0;0;2;1;"-31.391397";"-52.688766";"SR-RS";"DEL9/7";"UOP01/RS"
193387;2019-02-24;"1";"21:30:00";"PE";423;134,5;"CARUARU";"Condutor Dormindo";"Capotamento";"Com Vítimas Feridas";"Plena Noite";"Decrescente";"Céu Claro";"Simples";"Não Informado";"Sim";1;0;1;0;0;0;1;1;"-8.30997274";"-36.02823768";"SR-PE";"DEL11/3";"UOP01/PE"
193388;2019-02-24;"1";"20:30:00";"SC";101;243,5;"PALHOCA";"Pista Escorregadia";"Queda de ocupante de veículo";"Com Vítimas Feridas";"Plena Noite";"Decrescente";"Chuva";"Dupla";"Reta";"Não";2;0;2;0;0;0;2;1;"-27.8961";"-48.6484";"SR-SC";"DEL8/1";"UOP02/SC"
193389;2019-02-24;"1";"19:25:00";"SC";280;103,8;"SAO BENTO DO SUL";"Falta de Atenção à Condução";"Colisão traseira";"Com Vítimas Feridas";"Anoitecer";"Crescente";"Céu Claro";"Simples";"Não Informado";"Não";5;0;2;1;2;0;3;2;"-26.359613";"-49.346687";"SR-SC";"DEL8/6";"UOP03/SC"
193390;2019-02-24;"1";"21:30:00";"PE";116;27,4;"SALGUEIRO";"Desobediência às normas de trânsito pelo condutor";"Colisão lateral";"Com Vítimas Feridas";"Plena Noite";"Decrescente";"Céu Claro";"Simples";"Curva";"Sim";4;0;3;0;1;0;3;2;"-8.078546";"-39.130867";"SR-PE";"DEL11/5";"UOP01/PE"
193391;2019-02-24;"1";"21:30:00";"BA";242;902;"LUIS EDUARDO MAGALHAES";"Desobediência às normas de trânsito pelo condutor";"Colisão transversal";"Com Vítimas Feridas";"Plena Noite";"Decrescente";"Céu Claro";"Simples";"Não Informado";"Não";4;0;1;0;3;0;1;2;"-12.11465258";"-45.9709315";"SR-BA";"DEL10/10";"UOP01/BA"
193392;2019-02-24;"1";"22:30:00";"PB";101;93,5;"CONDE";"Animais na Pista";"Atropelamento de Animal";"Com Vítimas Feridas";"Plena Noite";"Decrescente";"Nublado";"Dupla";"Reta";"Não";1;0;1;0;0;0;1;1;"-7.2156";"-34.912";"SR-PB";"DEL14/1";"UOP01/PB"
193393;2019-02-24;"1";"20:45:00";"BA";101;220;"CRUZ DAS ALMAS";"Ingestão de Álcool";"Atropelamento de Animal";"Com Vítimas Feridas";"Plena Noite";"Crescente";"Céu Claro";"Simples";"Reta";"Sim";2;0;0;2;0;0;2;1;"-12.6665";"-39.1305";"SR-BA";"DEL10/1";"UOP02/BA"
193394;2019-02-24;"1";"21:30:00";"CE";20;202,1;"BOA VIAGEM";"Mal Súbito";"Saída de leito carroçável";"Com Vítimas Fatais";"Plena Noite";"Decrescente";"Céu Claro";"Simples";"Curva";"Sim";2;1;1;0;0;0;1;1;"-5.128491";"-39.737999";"SR-CE";"DEL16/2";"UOP02/CE"
193395;2019-02-24;"1";"16:00:00";"BA";101;803,8;"ITAMARAJU";"Velocidade Incompatível";"Capotamento";"Sem Vítimas";"Pleno dia";"Decrescente";"Céu Claro";"Simples";"Curva";"Não";1;0;0;0;1;0;0;1;"-16.9782";"-39.552";"SR-BA";"DEL10/9";"UOP01/BA"
193396;2019-02-24;"1";"21:50:00";"RS";392;90,4;"PELOTAS";"Velocidade Incompatível";"Tombamento";"Com Vítimas Feridas";"Plena Noite";"Crescente";"Chuva";"Simples";"Desvio Temporário";"Não";2;0;1;1;0;0;2;1;"-31.605858";"-52.517689";"SR-RS";"DEL9/7";"UOP01/RS"
193397;2019-02-24;"1";"22:25:00";"PR";369;27,9;"CAMBARA";"Ingestão de Álcool";"Capotamento";"Com Vítimas Feridas";"Plena Noite";"Crescente";"Céu Claro";"Simples";"Reta";"Não";1;0;0;1;0;0;1;1;"-23.02223601";"-50.03141642";"SR-PR";"DEL7/7";"UOP06/PR"
193398;2019-02-24;"1";"20:55:00";"BA";418;87;"CARAVELAS";"Ingestão de Álcool";"Colisão traseira";"Com Vítimas Feridas";"Plena Noite";"Crescente";"Nublado";"Simples";"Reta";"Não";4;0;3;0;1;0;3;2;"-17.734264";"-39.553185";"SR-BA";"DEL10/9";"UOP03/BA"
193399;2019-02-24;"1";"20:00:00";"RO";435;73;"COLORADO DO OESTE";"Falta de Atenção à Condução";"Colisão traseira";"Com Vítimas Feridas";"Plena Noite";"Crescente";"Garoa/Chuvisco";"Simples";"Desvio Temporário";"Não";7;0;4;1;2;0;5;2;"-13.103749";"-60.427357";"SR-RO";"DEL21/4";"UOP02/RO"
193400;2019-02-24;"1";"17:30:00";"MG";116;93,5;"MEDINA";"Falta de Atenção à Condução";"Tombamento";"Com Vítimas Feridas";"Pleno dia";"Crescente";"Sol";"Simples";"Reta";"Não";2;0;2;0;0;0;2;1;"-16.383576";"-41.473102";"SR-MG";"DEL4/11";"UOP02/MG"
193401;2019-02-24;"1";"22:40:00";"PE";101;94;"CABO DE SANTO AGOSTINHO";"Ingestão de Álcool";"Colisão frontal";"Sem Vítimas";"Plena Noite";"Crescente";"Céu Claro";"Simples";"Curva";"Sim";2;0;0;0;2;0;0;2;"-8.2494";"-35.0088";"SR-PE";"DEL11/1";"UOP03/PE"
193403;2019-02-24;"1";"21:38:00";"SP";116;56,3;"LORENA";"Defeito Mecânico no Veículo";"Colisão com objeto estático";"Com Vítimas Feridas";"Plena Noite";"Crescente";"Céu Claro";"Dupla";"Reta";"Não";1;0;1;0;0;0;1;1;"-22.769072";"-45.130444";"SR-SP";"DEL6/8";"UOP02/SP"
193404;2019-02-24;"1";"21:40:00";"MT";163;1041;"MATUPA";"Ingestão de Álcool";"Colisão com objeto estático";"Com Vítimas Fatais";"Plena Noite";"Crescente";"Céu Claro";"Simples";"Rotatória";"Sim";1;1;0;0;0;0;0;1;"-10.16622968";"-54.93719372";"SR-MT";"DEL2/6";"UOP02/MT"
193405;2019-02-24;"1";"22:20:00";"ES";101;305;"VIANA";"Sinalização da via insuficiente ou inadequada";"Colisão transversal";"Com Vítimas Feridas";"Plena Noite";"Crescente";"Céu Claro";"Múltipla";"Não Informado";"Sim";4;0;2;0;2;0;2;2;"-20.38492576";"-40.46291655";"SR-ES";"DEL12/3";"UOP01/ES"
193406;2019-02-24;"1";"18:00:00";"SC";280;304,7;"PORTO UNIAO";"Ingestão de Álcool";"Colisão transversal";"Com Vítimas Feridas";"Anoitecer";"Crescente";"Céu Claro";"Simples";"Reta";"Sim";2;0;0;1;1;0;1;2;"-26.296299";"-50.915482";"SR-SC";"DEL8/6";"UOP04/SC"
193407;2019-02-24;"1";"22:55:00";"MG";40;444;"PARAOPEBA";"Carga excessiva e/ou mal acondicionada";"Tombamento";"Sem Vítimas";"Plena Noite";"Crescente";"Céu Claro";"Dupla";"Não Informado";"Não";1;0;0;0;1;0;0;1;"-19.2887";"-44.3908";"SR-MG";"DEL4/2";"UOP01/MG"
193408;2019-02-24;"1";"22:40:00";"PR";277;586,2;"CASCAVEL";"Desobediência às normas de trânsito pelo condutor";"Colisão transversal";"Com Vítimas Feridas";"Plena Noite";"Crescente";"Céu Claro";"Simples";"Interseção de vias";"Não";2;0;1;0;0;1;1;2;"-24.96689881";"-53.42463613";"SR-PR";"DEL7/4";"UOP01/PR"
193409;2019-02-24;"1";"22:50:00";"MG";381;6,1;"BETIM";"Animais na Pista";"Atropelamento de Animal";"Com Vítimas Feridas";"Plena Noite";"Decrescente";"Céu Claro";"Dupla";"Reta";"Sim";5;0;2;0;3;0;2;3;"-19.96825";"-44.198708";"SR-MG";"DEL4/1";"UOP03/MG"
193410;2019-02-24;"1";"22:40:00";"PB";230;24;"JOAO PESSOA";"Ingestão de Álcool";"Saída de leito carroçável";"Com Vítimas Fatais";"Plena Noite";"Crescente";"Céu Claro";"Dupla";"Reta";"Sim";1;1;0;0;0;0;0;1;"-7.1637";"-34.8618";"SR-PB";"DEL14/1";"UOP00/PB"
193411;2019-02-24;"1";"23:00:00";"MG";50;174;"UBERABA";"Ingestão de Álcool";"Colisão traseira";"Com Vítimas Feridas";"Plena Noite";"Decrescente";"Chuva";"Dupla";"Reta";"Não";3;0;1;0;2;0;1;2;"-19.7787";"-47.97";"SR-MG";"DEL13";"UOP01/MG"
193412;2019-02-24;"1";"18:40:00";"SC";470;124;"IBIRAMA";"Velocidade Incompatível";"Saída de leito carroçável";"Com Vítimas Feridas";"Plena Noite";"Crescente";"Chuva";"Simples";"Curva";"Não";3;0;2;1;0;0;3;1;"-27.113192";"-49.529163";"SR-SC";"DEL8/4";"UOP02/SC"
193413;2019-02-24;"1";"23:22:00";"CE";116;20,1;"EUSEBIO";"Defeito Mecânico no Veículo";"Colisão com objeto estático";"Com Vítimas Feridas";"Plena Noite";"Decrescente";"Nublado";"Dupla";"Reta";"Sim";2;0;1;0;1;0;1;1;"-3.923748";"-38.507555";"SR-CE";"DEL16/1";"UOP02/CE"
193414;2019-02-24;"1";"21:40:00";"PR";277;1,3;"PARANAGUA";"Ingestão de Álcool";"Tombamento";"Com Vítimas Feridas";"Plena Noite";"Decrescente";"Garoa/Chuvisco";"Dupla";"Reta";"Sim";1;0;1;0;0;0;1;1;"-25.5205";"-48.5095";"SR-PR";"DEL7/1";"UOP07/PR"
193415;2019-02-24;"1";"23:00:00";"RJ";101;317;"SAO GONCALO";"Falta de Atenção do Pedestre";"Atropelamento de Pedestre";"Com Vítimas Fatais";"Plena Noite";"Decrescente";"Céu Claro";"Dupla";"Reta";"Sim";2;1;0;0;1;0;0;1;"-22.837111";"-43.094929";"SR-RJ";"DEL5/2";"UOP02/RJ"
193416;2019-02-24;"1";"22:55:00";"RS";386;343;"LAJEADO";"Ingestão de Álcool";"Colisão transversal";"Com Vítimas Feridas";"Plena Noite";"Decrescente";"Chuva";"Simples";"Reta";"Sim";5;0;3;0;2;0;3;3;"-29.434835";"-52.002365";"SR-RS";"DEL9/4";"UOP01/RS"
193417;2019-02-24;"1";"22:10:00";"RJ";116;93;"GUAPIMIRIM";"Falta de Atenção à Condução";"Colisão com objeto estático";"Com Vítimas Feridas";"Plena Noite";"Crescente";"Nublado";"Simples";"Não Informado";"Não";1;0;1;0;0;0;1;1;"-22.464163";"-42.992157";"SR-RJ";"DEL5/4";"UOP02/RJ"
193419;2019-02-24;"1";"22:00:00";"BA";101;231;"SAPEACU";"Animais na Pista";"Atropelamento de Animal";"Com Vítimas Feridas";"Plena Noite";"Crescente";"Céu Claro";"Simples";"Reta";"Sim";2;0;1;1;0;0;2;1;"-12.7326";"-39.1825";"SR-BA";"DEL10/1";"UOP02/BA"
193420;2019-02-24;"1";"23:30:00";"GO";50;100;"CRISTALINA";"Falta de Atenção à Condução";"Colisão traseira";"Com Vítimas Feridas";"Plena Noite";"Crescente";"Chuva";"Dupla";"Reta";"Não";2;0;1;0;1;0;1;2;"-16.9309";"-47.7117";"SR-DF";"GO";"UOP02/DF"
193421;2019-02-24;"1";"23:45:00";"RS";116;264;"CANOAS";"Desobediência às normas de trânsito pelo pedestre";"Atropelamento de Pedestre";"Com Vítimas Feridas";"Plena Noite";"Crescente";"Chuva";"Múltipla";"Não Informado";"Sim";2;0;0;1;0;1;1;1;"-29.914425";"-51.177544";"SR-RS";"DEL9/1";"UOP01/RS"
193422;2019-02-24;"1";"20:30:00";"MA";230;69,5;"SAO JOAO DOS PATOS";"Defeito Mecânico no Veículo";"Incêndio";"Sem Vítimas";"Plena Noite";"Decrescente";"Chuva";"Simples";"Reta";"Não";1;0;0;0;1;0;0;1;"-6.591704";"-43.46545";"SR-PI";"DEL17/3";"UOP01/PI"
193423;2019-02-24;"1";"22:45:00";"GO";153;509;"APARECIDA DE GOIANIA";"Ingestão de Álcool";"Queda de ocupante de veículo";"Com Vítimas Feridas";"Plena Noite";"Crescente";"Céu Claro";"Dupla";"Reta";"Não";1;0;1;0;0;0;1;1;"-16.7888";"-49.2379";"SR-GO";"DEL1/1";"UOP03/GO"