"id";"data_inversa";"dia_semana";"horario";"uf";"br";"km";"municipio";"causa_acidente";"tipo_acidente";"classificacao_acidente";"fase_dia";"sentido_via";"condicao_metereologica";"tipo_pista";"tracado_via";"uso_solo";"pessoas";"mortos";"feridos_leves";"feridos_graves";"ilesos";"ignorados";"feridos";"veiculos";"latitude";"longitude";"regional";"delegacia";"uop"
193611;2019-02-25;"2";"19:25:00";"MS";163;479;"CAMPO GRANDE";"Falta de Atenção à Condução";"Saída de leito carroçável";"Com Vítimas Feridas";"Plena Noite";"Decrescente";"Céu Claro";"Simples";"Reta";"Não";1;0;1;0;0;0;1;1;"-20.48769";"-54.559295";"SR-MS";"DEL3/1";"UOP01/MS"
193612;2019-02-25;"2";"20:30:00";"DF";20;0;"BRASILIA";"Falta de Atenção à Condução";"Tombamento";"Com Vítimas Feridas";"Plena Noite";"Decrescente";"Nublado";"Dupla";"Reta";"Sim";2;0;1;0;1;0;1;1;"-15.688145";"-47.858797";"SR-DF";"DF";"UOP04/DF"
193613;2019-02-25;"2";"20:40:00";"ES";101;407;"ITAPEMIRIM";"Ingestão de Álcool";"Colisão lateral";"Com Vítimas Feridas";"Plena Noite";"Crescente";"Céu Claro";"Simples";"Reta";"Não";4;0;1;0;3;0;1;3;"-20.895";"-41.026";"SR-ES";"DEL12/3";"UOP02/ES"
193614;2019-02-25;"2";"20:05:00";"MG";381;481,5;"CONTAGEM";"Falta de Atenção à Condução";"Colisão lateral";"Com Vítimas Feridas";"Plena Noite";"Crescente";"Céu Claro";"Múltipla";"Reta";"Sim";2;0;1;0;1;0;1;2;"-19.959";"-44.0704";"SR-MG";"DEL4/1";"UOP03/MG"
193615;2019-02-25;"2";"18:35:00";"CE";116;387;"ICO";"Defeito Mecânico no Veículo";"Colisão com objeto em movimento";"Sem Vítimas";"Anoitecer";"Crescente";"Céu Claro";"Simples";"Desvio Temporário";"Não";2;0;0;0;2;0;0;2;"-6.50738029";"-38.86207581";"SR-CE";"DEL16/5";"UOP01/CE"
193617;2019-02-25;"2";"18:45:00";"MG";40;741,2;"SANTOS DUMONT";"Ingestão de Álcool";"Colisão frontal";"Com Vítimas Feridas";"Plena Noite";"Crescente";"Chuva";"Simples";"Reta";"Não";2;0;0;1;1;0;1;2;"-21.4358";"-43.5525";"SR-MG";"DEL5";"UOP01/MG"
193618;2019-02-25;"2";"21:15:00";"MG";267;120;"JUIZ DE FORA";"Falta de Atenção à Condução";"Colisão frontal";"Com Vítimas Feridas";"Plena Noite";"Crescente";"Nublado";"Simples";"Reta";"Não";2;0;1;0;1;0;1;2;"-21.70145542";"-43.45607758";"SR-MG";"DEL5";"UOP01/MG"
193619;2019-02-25;"2";"21:15:00";"MA";10;156;"PORTO FRANCO";"Agressão Externa";"Queda de ocupante de veículo";"Com Vítimas Feridas";"Plena Noite";"Decrescente";"Céu Claro";"Múltipla";"Reta";"Sim";3;0;2;0;0;1;2;2;"-6.356236";"-47.3769";"SR-MA";"DEL18/4";"UOP02/MA"
193620;2019-02-25;"2";"20:00:00";"RJ";40;112;"DUQUE DE CAXIAS";"Pista Escorregadia";"Colisão com objeto estático";"Com Vítimas Feridas";"Anoitecer";"Decrescente";"Chuva";"Múltipla";"Reta";"Sim";1;0;1;0;0;0;1;1;"-22.7102";"-43.2902";"SR-RJ";"DEL5/1";"UOP01/RJ"
193621;2019-02-25;"2";"21:35:00";"MG";262;36,7;"MANHUACU";"Falta de Atenção à Condução";"Colisão lateral";"Com Vítimas Feridas";"Plena Noite";"Decrescente";"Nublado";"Dupla";"Não Informado";"Sim";3;0;1;0;2;0;1;2;"-20.259321";"-42.022984";"SR-MG";"DEL4/6";"UOP04/MG"
193622;2019-02-25;"2";"19:20:00";"MT";70;505;"ROSARIO OESTE";"Não guardar distância de segurança";"Colisão traseira";"Com Vítimas Feridas";"Plena Noite";"Crescente";"Chuva";"Simples";"Reta";"Não";2;0;1;0;1;0;1;2;"-15.0";"-56.0";"SR-MT";"DEL2/1";"UOP01/MT"
193623;2019-02-25;"2";"19:00:00";"MG";365;165,5;"PIRAPORA";"Objeto estático sobre o leito carroçável";"Colisão traseira";"Com Vítimas Feridas";"Plena Noite";"Decrescente";"Céu Claro";"Simples";"Não Informado";"Não";3;0;0;1;2;0;1;3;"-17.37062703";"-44.94438171";"SR-MG";"DEL4/12";"UOP01/MG"
193624;2019-02-25;"2";"22:00:00";"BA";116;424,4;"FEIRA DE SANTANA";"Ingestão de Álcool";"Atropelamento de Pedestre";"Com Vítimas Feridas";"Plena Noite";"Decrescente";"Céu Claro";"Simples";"Curva";"Sim";2;0;2;0;0;0;2;1;"-12.23257586";"-38.97248506";"SR-BA";"DEL10/2";"UOP01/BA"
193625;2019-02-25;"2";"21:25:00";"SC";101;40,7;"JOINVILLE";"Velocidade Incompatível";"Colisão com objeto estático";"Sem Vítimas";"Plena Noite";"Crescente";"Nublado";"Dupla";"Reta";"Sim";1;0;0;0;0;1;0;1;"-26.3166";"-48.8733";"SR-SC";"DEL8/3";"UOP01/SC"
193626;2019-02-25;"2";"20:56:00";"MG";365;505,9;"PATROCINIO";"Ingestão de Álcool";"Capotamento";"Com Vítimas Feridas";"Plena Noite";"Crescente";"Nublado";"Simples";"Curva";"Não";1;0;1;0;0;0;1;1;"-18.94381196";"-47.30375469";"SR-MG";"DEL4/10";"UOP01/MG"
193627;2019-02-25;"2";"21:00:00";"PR";272;523;"FRANCISCO ALVES";"Velocidade Incompatível";"Colisão traseira";"Com Vítimas Feridas";"Plena Noite";"Crescente";"Chuva";"Simples";"Reta";"Não";2;0;1;0;0;1;1;2;"-24.062799";"-53.833904";"SR-PR";"DEL7/6";"UOP02/PR"
193628;2019-02-25;"2";"15:40:00";"PR";376;366;"ORTIGUEIRA";"Velocidade Incompatível";"Saída de leito carroçável";"Com Vítimas Feridas";"Pleno dia";"Crescente";"Chuva";"Simples";"Reta";"Não";2;0;1;1;0;0;2;1;"-24.31532499";"-50.86102366";"SR-PR";"DEL7/3";"UOP05/PR"
193629;2019-02-25;"2";"21:45:00";"MS";163;681;"RIO VERDE DE MATO GROSSO";"Ingestão de Álcool";"Colisão transversal";"Com Vítimas Feridas";"Plena Noite";"Crescente";"Céu Claro";"Simples";"Interseção de vias";"Sim";3;0;1;1;1;0;2;2;"-18.90953447";"-54.84023094";"SR-MS";"DEL3/6";"UOP02/MS"
193630;2019-02-25;"2";"22:30:00";"RJ";116;315;"RESENDE";"Ingestão de Álcool";"Colisão lateral";"Com Vítimas Feridas";"Plena Noite";"Crescente";"Nublado";"Dupla";"Reta";"Sim";2;0;0;1;1;0;1;2;"-22.465601";"-44.491028";"SR-RJ";"DEL5/7";"UOP03/RJ"
193631;2019-02-25;"2";"19:00:00";"MT";70;275;"PRIMAVERA DO LESTE";"Ingestão de álcool e/ou substâncias psicoativas pelo pedestre";"Atropelamento de Pedestre";"Com Vítimas Feridas";"Plena Noite";"Decrescente";"Chuva";"Simples";"Reta";"Não";2;0;0;1;0;1;1;1;"-15.549566";"-54.253887";"SR-MT";"DEL2/5";"UOP01/MT"
193632;2019-02-25;"2";"21:30:00";"RS";116;261;"CANOAS";"Velocidade Incompatível";"Colisão lateral";"Com Vítimas Feridas";"Plena Noite";"Decrescente";"Chuva";"Dupla";"Reta";"Sim";5;0;3;0;1;1;3;3;"-29.887983";"-51.179008";"SR-RS";"DEL9/1";"UOP01/RS"
193633;2019-02-25;"2";"22:50:00";"SP";116;210,7;"GUARULHOS";"Falta de Atenção à Condução";"Colisão com objeto estático";"Com Vítimas Feridas";"Plena Noite";"Decrescente";"Chuva";"Múltipla";"Não Informado";"Sim";1;0;1;0;0;0;1;1;"-23.43254641";"-46.41978627";"SR-SP";"DEL6/1";"UOP01/SP"
193634;2019-02-26;"3";"00:15:00";"SC";101;184,4;"BIGUACU";"Falta de Atenção à Condução";"Colisão traseira";"Sem Vítimas";"Plena Noite";"Crescente";"Garoa/Chuvisco";"Múltipla";"Reta";"Sim";5;0;0;0;5;0;0;4;"-27.4254";"-48.6244";"SR-SC";"DEL8/1";"UOP01/SC"
193635;2019-02-25;"2";"23:00:00";"PR";369;431,7;"JURANDA";"Ingestão de Álcool";"Saída de leito carroçável";"Sem Vítimas";"Plena Noite";"Crescente";"Chuva";"Simples";"Reta";"Não";1;0;0;0;1;0;0;1;"-24.4598";"-52.8578";"SR-PR";"DEL7/4";"UOP04/PR"
193637;2019-02-25;"2";"19:40:00";"MT";364;504,9;"JANGADA";"Ingestão de Álcool";"Saída de leito carroçável";"Com Vítimas Feridas";"Plena Noite";"Decrescente";"Chuva";"Simples";"Reta";"Não";1;0;1;0;0;0;1;1;"-15.229754";"-56.496429";"SR-MT";"DEL2/4";"UOP02/MT"
193638;2019-02-26;"3";"01:30:00";"PE";101;44,8;"IGARASSU";"Falta de Atenção à Condução";"Queda de ocupante de veículo";"Com Vítimas Fatais";"Plena Noite";"Decrescente";"Céu Claro";"Dupla";"Reta";"Sim";2;1;0;0;1;0;0;2;"-7.864";"-34.9073";"SR-PE";"DEL11/1";"UOP02/PE"
193639;2019-02-25;"2";"23:20:00";"PI";343;456;"SAO PEDRO DO PIAUI";"Falta de Atenção à Condução";"Colisão com objeto estático";"Com Vítimas Feridas";"Plena Noite";"Crescente";"Nublado";"Simples";"Reta";"Não";4;0;1;3;0;0;4;1;"-5.954489";"-42.723389";"SR-PI";"DEL17/1";"UOP02/PI"
193640;2019-02-26;"3";"02:00:00";"ES";262;0,7;"CARIACICA";"Falta de Atenção à Condução";"Colisão traseira";"Com Vítimas Feridas";"Plena Noite";"Crescente";"Céu Claro";"Dupla";"Ponte";"Sim";5;0;1;0;4;0;1;4;"-20.321218";"-40.35095";"SR-ES";"DEL12/1";"UOP01/ES"
193641;2019-02-26;"3";"03:30:00";"PR";376;440;"TIBAGI";"Velocidade Incompatível";"Tombamento";"Sem Vítimas";"Plena Noite";"Crescente";"Chuva";"Dupla";"Curva";"Não";1;0;0;0;1;0;0;1;"-24.80496509";"-50.48861596";"SR-PR";"DEL7/3";"UOP05/PR"
193643;2019-02-26;"3";"00:50:00";"SC";470;233,1;"SAO CRISTOVAO DO SUL";"Falta de Atenção à Condução";"Colisão com objeto estático";"Com Vítimas Feridas";"Plena Noite";"Decrescente";"Nublado";"Simples";"Rotatória";"Sim";1;0;1;0;0;0;1;1;"-27.3013832";"-50.42463899";"SR-SC";"DEL8/5";"UOP03/SC"
193644;2019-02-26;"3";"02:00:00";"MG";381;715,8;"CARMO DA CACHOEIRA";"Defeito Mecânico no Veículo";"Tombamento";"Sem Vítimas";"Plena Noite";"Crescente";"Nublado";"Dupla";"Não Informado";"Não";1;0;0;0;1;0;0;1;"-21.3955";"-45.2022";"SR-MG";"DEL4/4";"UOP02/MG"
193645;2019-02-26;"3";"03:25:00";"MG";381;715,3;"CARMO DA CACHOEIRA";"Falta de Atenção à Condução";"Colisão traseira";"Com Vítimas Feridas";"Plena Noite";"Crescente";"Ignorado";"Dupla";"Curva";"Não";4;0;2;0;2;0;2;3;"-21.3955";"-45.2022";"SR-MG";"DEL4/4";"UOP02/MG"
193646;2019-02-26;"3";"03:35:00";"MG";381;735,7;"CARMO DA CACHOEIRA";"Falta de Atenção à Condução";"Colisão traseira";"Com Vítimas Feridas";"Plena Noite";"Crescente";"Nublado";"Múltipla";"Reta";"Não";2;0;1;0;1;0;1;2;"-21.5489";"-45.2422";"SR-MG";"DEL4/4";"UOP02/MG"
193647;2019-02-26;"3";"03:20:00";"MS";262;252,3;"RIBAS DO RIO PARDO";"Ultrapassagem Indevida";"Colisão frontal";"Com Vítimas Feridas";"Plena Noite";"Crescente";"Céu Claro";"Simples";"Desvio Temporário";"Não";3;0;0;1;2;0;1;3;"-20.41063043";"-53.8686697";"SR-MS";"DEL3/1";"UOP01/MS"
193648;2019-02-26;"3";"04:20:00";"BA";101;817;"ITAMARAJU";"Falta de Atenção à Condução";"Tombamento";"Com Vítimas Feridas";"Plena Noite";"Crescente";"Céu Claro";"Simples";"Curva";"Não";1;0;1;0;0;0;1;1;"-17.05433832";"-39.6284312";"SR-BA";"DEL10/9";"UOP01/BA"
193649;2019-02-25;"2";"16:40:00";"AL";423;101;"DELMIRO GOUVEIA";"Pista Escorregadia";"Capotamento";"Com Vítimas Feridas";"Pleno dia";"Crescente";"Chuva";"Simples";"Reta";"Não";2;0;1;0;1;0;1;1;"-9.394478";"-38.16552";"SR-BA";"DEL10/7";"UOP01/BA"
193650;2019-02-26;"3";"05:50:00";"MS";163;420,7;"CAMPO GRANDE";"Falta de Atenção do Pedestre";"Atropelamento de Pedestre";"Com Vítimas Feridas";"Amanhecer";"Decrescente";"Nublado";"Simples";"Reta";"Sim";2;0;0;1;1;0;1;1;"-20.9851";"-54.5056";"SR-MS";"DEL3/1";"UOP01/MS"
193651;2019-02-26;"3";"06:00:00";"RN";101;139,1;"ARES";"Condutor Dormindo";"Colisão traseira";"Com Vítimas Feridas";"Pleno dia";"Crescente";"Chuva";"Dupla";"Não Informado";"Não";3;0;1;0;2;0;1;2;"-6.197511";"-35.213669";"SR-RN";"DEL15/1";"UOP01/RN"
193652;2019-02-26;"3";"06:30:00";"SP";116;9,6;"QUELUZ";"Condutor Dormindo";"Saída de leito carroçável";"Com Vítimas Feridas";"Pleno dia";"Decrescente";"Nublado";"Dupla";"Reta";"Não";1;0;0;1;0;0;1;1;"-22.540657";"-44.779583";"SR-SP";"DEL6/8";"UOP01/SP"
193653;2019-02-26;"3";"06:45:00";"SP";116;58,2;"GUARATINGUETA";"Velocidade Incompatível";"Tombamento";"Com Vítimas Feridas";"Amanhecer";"Decrescente";"Garoa/Chuvisco";"Dupla";"Viaduto";"Sim";1;0;1;0;0;0;1;1;"-22.78122646";"-45.14707088";"SR-SP";"DEL6/8";"UOP02/SP"
193654;2019-02-26;"3";"05:20:00";"SC";101;336,7;"TUBARAO";"Ingestão de Álcool";"Colisão com objeto estático";"Com Vítimas Feridas";"Plena Noite";"Decrescente";"Garoa/Chuvisco";"Dupla";"Não Informado";"Não";1;0;1;0;0;0;1;1;"-28.48685948";"-49.03817832";"SR-SC";"DEL8/2";"UOP01/SC"
193655;2019-02-26;"3";"05:50:00";"RN";304;75,5;"MOSSORO";"Velocidade Incompatível";"Tombamento";"Com Vítimas Feridas";"Amanhecer";"Crescente";"Céu Claro";"Simples";"Reta";"Não";1;0;1;0;0;0;1;1;"-5.441146";"-37.194835";"SR-RN";"DEL15/4";"UOP01/RN"
193656;2019-02-26;"3";"05:50:00";"RO";364;14;"VILHENA";"Falta de Atenção à Condução";"Colisão transversal";"Com Vítimas Feridas";"Pleno dia";"Crescente";"Garoa/Chuvisco";"Dupla";"Rotatória";"Não";1;0;1;0;0;0;1;1;"-12.738981";"-60.139114";"SR-RO";"DEL21/4";"UOP01/RO"
193657;2019-02-26;"3";"06:40:00";"MG";116;420,3;"GOVERNADOR VALADARES";"Falta de Atenção à Condução";"Colisão transversal";"Com Vítimas Feridas";"Pleno dia";"Crescente";"Céu Claro";"Simples";"Reta";"Não";2;0;2;0;0;0;2;2;"-18.927373";"-41.939308";"SR-MG";"DEL4/6";"UOP01/MG"
193658;2019-02-25;"2";"10:30:00";"SC";116;149;"SANTA CECILIA";"Desobediência às normas de trânsito pelo condutor";"Saída de leito carroçável";"Com Vítimas Feridas";"Plena Noite";"Crescente";"Chuva";"Simples";"Reta";"Não";2;0;2;0;0;0;2;1;"-27.042859";"-50.426427";"SR-SC";"DEL8/6";"UOP02/SC"
193659;2019-02-26;"3";"06:30:00";"GO";60;92;"ANAPOLIS";"Falta de Atenção à Condução";"Colisão traseira";"Com Vítimas Feridas";"Pleno dia";"Decrescente";"Céu Claro";"Dupla";"Reta";"Sim";4;0;1;0;3;0;1;2;"-16.353";"-48.9178";"SR-GO";"DEL1/2";"UOP01/GO"
193660;2019-02-26;"3";"07:05:00";"ES";101;204,7;"JOAO NEIVA";"Desobediência às normas de trânsito pelo condutor";"Colisão transversal";"Com Vítimas Feridas";"Pleno dia";"Crescente";"Céu Claro";"Simples";"Interseção de vias";"Sim";3;0;2;0;0;1;2;2;"-19.7556133";"-40.3801651";"SR-ES";"DEL12/2";"UOP01/ES"
193661;2019-02-26;"3";"07:40:00";"PB";230;22,9;"JOAO PESSOA";"Desobediência às normas de trânsito pelo condutor";"Colisão lateral";"Com Vítimas Feridas";"Pleno dia";"Decrescente";"Céu Claro";"Dupla";"Reta";"Sim";4;0;2;0;2;0;2;3;"-7.1495";"-34.8517";"SR-PB";"DEL14/1";"UOP00/PB"
193663;2019-02-26;"3";"01:30:00";"SC";282;477;"VARGEAO";"Falta de Atenção à Condução";"Capotamento";"Com Vítimas Feridas";"Plena Noite";"Crescente";"Nublado";"Simples";"Curva";"Não";4;0;3;0;1;0;3;1;"-26.882938";"-52.178337";"SR-SC";"DEL7";"UOP01/SC"
193665;2019-02-13;"4";"12:40:00";"RJ";101;81;"CAMPOS DOS GOYTACAZES";"Pista Escorregadia";"Colisão transversal";"Com Vítimas Feridas";"Pleno dia";"Decrescente";"Chuva";"Simples";"Curva";"Não";4;0;3;0;1;0;3;2;"-21.83109589";"-41.4520061";"SR-RJ";"DEL5/8";"UOP02/RJ"
193666;2019-02-26;"3";"08:00:00";"PE";232;105,8;"BEZERROS";"Defeito na Via";"Capotamento";"Com Vítimas Feridas";"Pleno dia";"Decrescente";"Sol";"Dupla";"Reta";"Não";1;0;1;0;0;0;1;1;"-8.26365";"-35.79085";"SR-PE";"DEL11/2";"UOP02/PE"
193667;2019-02-26;"3";"08:10:00";"PR";369;173,5;"ROLANDIA";"Falta de Atenção à Condução";"Colisão frontal";"Com Vítimas Feridas";"Pleno dia";"Decrescente";"Nublado";"Simples";"Interseção de vias";"Sim";4;0;3;0;1;0;3;2;"-23.31276487";"-51.37277305";"SR-PR";"DEL7/7";"UOP01/PR"
193668;2019-02-26;"3";"07:30:00";"SC";101;206;"SAO JOSE";"Falta de Atenção à Condução";"Colisão traseira";"Com Vítimas Feridas";"Pleno dia";"Crescente";"Céu Claro";"Múltipla";"Reta";"Sim";3;0;1;0;2;0;1;2;"-27.6001";"-48.6225";"SR-SC";"DEL8/1";"UOP01/SC"
193669;2019-02-26;"3";"08:20:00";"PE";104;66;"CARUARU";"Falta de Atenção à Condução";"Colisão lateral";"Com Vítimas Feridas";"Pleno dia";"Decrescente";"Céu Claro";"Dupla";"Não Informado";"Não";3;0;0;2;1;0;2;2;"-8.2937";"-35.9864";"SR-PE";"DEL11/2";"UOP01/PE"
193670;2019-02-26;"3";"07:20:00";"PR";116;118;"CURITIBA";"Falta de Atenção à Condução";"Colisão traseira";"Com Vítimas Feridas";"Pleno dia";"Decrescente";"Nublado";"Dupla";"Reta";"Sim";3;0;1;0;2;0;1;3;"-25.544559";"-49.30146";"SR-PR";"DEL7/1";"UOP06/PR"
193672;2019-02-26;"3";"08:00:00";"SC";470;70;"INDAIAL";"Falta de Atenção à Condução";"Colisão traseira";"Com Vítimas Feridas";"Pleno dia";"Crescente";"Nublado";"Simples";"Reta";"Sim";2;0;1;0;1;0;1;2;"-26.889374";"-49.254478";"SR-SC";"DEL8/4";"UOP01/SC"
193673;2019-02-26;"3";"08:30:00";"DF";70;9;"BRASILIA";"Desobediência às normas de trânsito pelo condutor";"Queda de ocupante de veículo";"Com Vítimas Feridas";"Pleno dia";"Decrescente";"Céu Claro";"Dupla";"Curva";"Sim";1;0;1;0;0;0;1;1;"-15.784615";"-48.132023";"SR-DF";"DF";"UOP06/DF"
193674;2019-02-26;"3";"07:55:00";"PR";277;2,7;"PARANAGUA";"Falta de Atenção à Condução";"Colisão lateral";"Com Vítimas Feridas";"Pleno dia";"Decrescente";"Garoa/Chuvisco";"Dupla";"Reta";"Sim";2;0;0;1;1;0;1;2;"-25.5313333";"-48.52901643";"SR-PR";"DEL7/1";"UOP07/PR"
193675;2019-02-26;"3";"08:30:00";"PR";476;123;"CURITIBA";"Não guardar distância de segurança";"Colisão lateral";"Com Vítimas Feridas";"Pleno dia";"Crescente";"Nublado";"Dupla";"Não Informado";"Sim";3;0;1;0;2;0;1;3;"-25.392904";"-49.209557";"SR-PR";"DEL7/1";"UOP06/PR"
193676;2019-02-26;"3";"08:40:00";"SP";116;541;"BARRA DO TURVO";"Pista Escorregadia";"Colisão com objeto estático";"Com Vítimas Feridas";"Pleno dia";"Crescente";"Chuva";"Dupla";"Reta";"Não";1;0;1;0;0;0;1;1;"-25.01903988";"-48.51081848";"SR-SP";"DEL6/5";"UOP03/SP"
193677;2019-02-26;"3";"08:30:00";"PR";376;174;"MARINGA";"Defeito na Via";"Tombamento";"Com Vítimas Feridas";"Pleno dia";"Crescente";"Chuva";"Dupla";"Interseção de vias";"Sim";1;0;0;1;0;0;1;1;"-23.411356";"-51.940777";"SR-PR";"DEL7/7";"UOP04/PR"
193678;2019-02-26;"3";"07:20:00";"MG";365;160,8;"PIRAPORA";"Velocidade Incompatível";"Tombamento";"Com Vítimas Feridas";"Pleno dia";"Crescente";"Céu Claro";"Simples";"Rotatória";"Sim";1;0;1;0;0;0;1;1;"-17.361441";"-44.919682";"SR-MG";"DEL4/12";"UOP01/MG"
193680;2019-02-26;"3";"03:00:00";"MG";40;300;"TRES MARIAS";"Condutor Dormindo";"Saída de leito carroçável";"Sem Vítimas";"Plena Noite";"Decrescente";"Céu Claro";"Simples";"Curva";"Não";1;0;0;0;1;0;0;1;"-18.350143";"-45.093292";"SR-MG";"DEL4/14";"UOP02/MG"
193682;2019-02-26;"3";"08:40:00";"PI";316;309;"PICOS";"Falta de Atenção à Condução";"Colisão transversal";"Com Vítimas Feridas";"Pleno dia";"Crescente";"Céu Claro";"Simples";"Rotatória";"Sim";2;0;1;0;1;0;1;2;"-7.07540413";"-41.4671874";"SR-PI";"DEL17/4";"UOP01/PI"
193683;2019-02-26;"3";"07:35:00";"MG";365;371,8;"PATOS DE MINAS";"Defeito Mecânico no Veículo";"Colisão lateral";"Com Vítimas Feridas";"Pleno dia";"Decrescente";"Chuva";"Simples";"Curva";"Não";2;0;1;0;1;0;1;2;"-18.5401";"-46.2056";"SR-MG";"DEL4/10";"UOP01/MG"
193684;2019-01-05;"7";"09:00:00";"RJ";101;310;"SAO GONCALO";"Animais na Pista";"Colisão traseira";"Com Vítimas Feridas";"Pleno dia";"Crescente";"Nublado";"Dupla";"Reta";"Não";6;0;1;0;5;0;1;3;"-22.80461545";"-43.05961014";"SR-RJ";"DEL5/2";"UOP02/RJ"
193685;2019-02-26;"3";"08:50:00";"PR";116;124;"FAZENDA RIO GRANDE";"Falta de Atenção à Condução";"Colisão lateral";"Com Vítimas Feridas";"Pleno dia";"Decrescente";"Garoa/Chuvisco";"Dupla";"Reta";"Não";2;0;0;1;1;0;1;2;"-25.621508";"-49.316216";"SR-PR";"DEL7/1";"UOP03/PR"
193686;2019-02-09;"7";"11:10:00";"RJ";116;203;"SEROPEDICA";"Falta de Atenção à Condução";"Queda de ocupante de veículo";"Com Vítimas Feridas";"Pleno dia";"Crescente";"Sol";"Dupla";"Desvio Temporário";"Não";1;0;1;0;0;0;1;1;"-22.730928";"-43.622559";"SR-RJ";"DEL5/1";"UOP03/RJ"
193690;2019-02-26;"3";"09:55:00";"RN";304;34,6;"MOSSORO";"Velocidade Incompatível";"Saída de leito carroçável";"Com Vítimas Feridas";"Pleno dia";"Decrescente";"Céu Claro";"Dupla";"Viaduto";"Sim";1;0;1;0;0;0;1;1;"-5.152564";"-37.34874";"SR-RN";"DEL15/4";"UOP02/RN"
193691;2019-02-16;"7";"18:40:00";"AL";104;34;"UNIAO DOS PALMARES";"Ingestão de Álcool";"Colisão lateral";"Com Vítimas Feridas";"Plena Noite";"Crescente";"Céu Claro";"Simples";"Reta";"Sim";3;0;0;2;1;0;2;2;"-9.15141778";"-36.01344109";"SR-AL";"DEL13/1";"UOP02/AL"
193693;2019-02-26;"3";"09:45:00";"PR";376;5,3;"MARINGA";"Pista Escorregadia";"Colisão com objeto estático";"Com Vítimas Feridas";"Pleno dia";"Crescente";"Chuva";"Dupla";"Reta";"Sim";3;0;2;0;1;0;2;1;"-23.379411";"-51.947879";"SR-PR";"DEL7/7";"UOP04/PR"
193694;2019-02-26;"3";"09:30:00";"SP";381;79;"SAO PAULO";"Falta de Atenção à Condução";"Colisão com objeto estático";"Com Vítimas Feridas";"Pleno dia";"Crescente";"Chuva";"Dupla";"Curva";"Sim";2;0;1;0;1;0;1;1;"-23.40519601";"-46.57976771";"SR-SP";"DEL6/3";"UOP02/SP"
193696;2019-02-26;"3";"09:00:00";"RJ";40;120;"DUQUE DE CAXIAS";"Desobediência às normas de trânsito pelo condutor";"Colisão lateral";"Com Vítimas Feridas";"Pleno dia";"Crescente";"Céu Claro";"Múltipla";"Reta";"Sim";2;0;1;0;1;0;1;2;"-22.78876386";"-43.28561783";"SR-RJ";"DEL5/1";"UOP01/RJ"
193697;2019-02-26;"3";"09:55:00";"RS";386;406;"TRIUNFO";"Falta de Atenção à Condução";"Tombamento";"Com Vítimas Feridas";"Pleno dia";"Crescente";"Céu Claro";"Dupla";"Rotatória";"Não";1;0;1;0;0;0;1;1;"-29.780762";"-51.551392";"SR-RS";"DEL9/4";"UOP02/RS"
193698;2019-02-26;"3";"07:55:00";"RN";304;273,4;"SAO PEDRO";"Falta de Atenção à Condução";"Saída de leito carroçável";"Sem Vítimas";"Pleno dia";"Crescente";"Nublado";"Simples";"Reta";"Não";1;0;0;0;1;0;0;1;"-5.87725519";"-35.55045258";"SR-RN";"DEL15/1";"UOP02/RN"
193699;2019-02-26;"3";"09:20:00";"MG";40;554;"NOVA LIMA";"Defeito Mecânico no Veículo";"Incêndio";"Com Vítimas Feridas";"Pleno dia";"Crescente";"Céu Claro";"Dupla";"Reta";"Não";2;0;1;0;1;0;1;1;"-20.0858";"-43.9765";"SR-MG";"DEL4/1";"UOP02/MG"
193700;2019-02-26;"3";"10:15:00";"CE";20;417;"MARACANAU";"Desobediência às normas de trânsito pelo condutor";"Colisão lateral";"Com Vítimas Feridas";"Pleno dia";"Decrescente";"Céu Claro";"Dupla";"Não Informado";"Sim";2;0;0;1;1;0;1;2;"-3.84292039";"-38.59119415";"SR-CE";"DEL16/1";"UOP02/CE"
193702;2019-02-26;"3";"08:50:00";"GO";153;493;"GOIANIA";"Defeito Mecânico no Veículo";"Colisão com objeto estático";"Com Vítimas Feridas";"Pleno dia";"Decrescente";"Nublado";"Múltipla";"Reta";"Sim";2;0;0;1;1;0;1;2;"-16.6537";"-49.2172";"SR-GO";"DEL1/1";"UOP01/GO"
193703;2019-02-26;"3";"10:40:00";"SP";116;228;"GUARULHOS";"Velocidade Incompatível";"Colisão traseira";"Com Vítimas Feridas";"Pleno dia";"Crescente";"Sol";"Múltipla";"Reta";"Sim";3;0;1;0;2;0;1;2;"-23.50331577";"-46.56686068";"SR-SP";"DEL6/1";"UOP01/SP"
193704;2019-02-26;"3";"09:50:00";"ES";101;304;"VIANA";"Falta de Atenção à Condução";"Colisão traseira";"Sem Vítimas";"Pleno dia";"Crescente";"Céu Claro";"Dupla";"Reta";"Sim";2;0;0;0;2;0;0;2;"-20.38339349";"-40.46123765";"SR-ES";"DEL12/1";"UOP01/ES"
193705;2019-02-26;"3";"09:40:00";"RJ";116;181,9;"NOVA IGUACU";"Não guardar distância de segurança";"Queda de ocupante de veículo";"Com Vítimas Feridas";"Pleno dia";"Decrescente";"Nublado";"Dupla";"Reta";"Sim";3;0;2;0;1;0;2;2;"-22.761312";"-43.423492";"SR-RJ";"DEL5/1";"UOP02/RJ"
193706;2019-02-26;"3";"10:00:00";"PR";116;39;"CAMPINA GRANDE DO SUL";"Pista Escorregadia";"Saída de leito carroçável";"Com Vítimas Feridas";"Pleno dia";"Crescente";"Chuva";"Dupla";"Curva";"Não";2;0;2;0;0;0;2;1;"-25.156248";"-48.86134";"SR-PR";"DEL7/1";"UOP02/PR"