"id";"data_inversa";"dia_semana";"horario";"uf";"br";"km";"municipio";"causa_acidente";"tipo_acidente";"classificacao_acidente";"fase_dia";"sentido_via";"condicao_metereologica";"tipo_pista";"tracado_via";"uso_solo";"pessoas";"mortos";"feridos_leves";"feridos_graves";"ilesos";"ignorados";"feridos";"veiculos";"latitude";"longitude";"regional";"delegacia";"uop"
193707;2019-02-26;"3";"09:30:00";"SC";116;245,6;"LAGES";"Desobediência às normas de trânsito pelo condutor";"Colisão transversal";"Com Vítimas Feridas";"Pleno dia";"Decrescente";"Nublado";"Simples";"Interseção de vias";"Sim";2;0;1;0;1;0;1;2;"-27.79992404";"-50.36341086";"SR-SC";"DEL8/5";"UOP02/SC"
193708;2019-02-26;"3";"10:00:00";"MT";163;688;"LUCAS DO RIO VERDE";"Defeito Mecânico no Veículo";"Colisão traseira";"Com Vítimas Feridas";"Pleno dia";"Crescente";"Céu Claro";"Simples";"Reta";"Sim";3;0;1;0;2;0;1;3;"-13.07456845";"-55.93191884";"SR-MT";"DEL2/6";"UOP01/MT"
193709;2019-02-26;"3";"10:51:00";"PR";277;163;"PALMEIRA";"Carga excessiva e/ou mal acondicionada";"Tombamento";"Sem Vítimas";"Pleno dia";"Crescente";"Garoa/Chuvisco";"Simples";"Não Informado";"Não";1;0;0;0;1;0;0;1;"-25.45319498";"-49.94384766";"SR-PR";"DEL7/1";"UOP05/PR"
193710;2019-02-26;"3";"10:00:00";"PI";135;110;"BERTOLINIA";"Pista Escorregadia";"Saída de leito carroçável";"Sem Vítimas";"Pleno dia";"Decrescente";"Chuva";"Simples";"Curva";"Não";1;0;0;0;1;0;0;1;"-7.534732";"-43.920376";"SR-PI";"DEL17/3";"UOP01/PI"
193713;2019-02-26;"3";"11:10:00";"PR";376;187;"MARIALVA";"Desobediência às normas de trânsito pelo condutor";"Colisão traseira";"Com Vítimas Feridas";"Pleno dia";"Crescente";"Chuva";"Dupla";"Reta";"Não";3;0;0;1;1;1;1;2;"-23.46371873";"-51.83246613";"SR-PR";"DEL7/7";"UOP04/PR"
193714;2019-02-26;"3";"11:25:00";"RS";470;208;"BENTO GONCALVES";"Falta de Atenção à Condução";"Colisão transversal";"Com Vítimas Feridas";"Pleno dia";"Decrescente";"Nublado";"Simples";"Reta";"Não";4;0;2;0;2;0;2;2;"-29.10469951";"-51.54362532";"SR-RS";"DEL9/6";"UOP01/RS"
193715;2019-02-26;"3";"12:00:00";"SC";470;45,7;"GASPAR";"Falta de Atenção à Condução";"Colisão traseira";"Com Vítimas Feridas";"Pleno dia";"Crescente";"Nublado";"Simples";"Reta";"Sim";2;0;1;0;0;1;1;2;"-26.867064";"-49.031109";"SR-SC";"DEL8/4";"UOP01/SC"
193717;2019-02-26;"3";"09:10:00";"AC";364;135,9;"RIO BRANCO";"Falta de Atenção à Condução";"Colisão lateral";"Com Vítimas Feridas";"Pleno dia";"Decrescente";"Céu Claro";"Dupla";"Reta";"Sim";2;0;1;0;1;0;1;2;"-9.977578";"-67.8489";"SR-AC";"UOP01/AC";""
193718;2019-02-26;"3";"10:55:00";"PE";232;59,8;"POMBOS";"Não guardar distância de segurança";"Colisão traseira";"Sem Vítimas";"Pleno dia";"Crescente";"Céu Claro";"Dupla";"Não Informado";"Sim";2;0;0;0;2;0;0;2;"-8.147123";"-35.398911";"SR-PE";"DEL11/1";"UOP04/PE"
193720;2019-02-26;"3";"10:40:00";"MG";381;497;"BETIM";"Mal Súbito";"Danos eventuais";"Com Vítimas Feridas";"Pleno dia";"Decrescente";"Céu Claro";"Dupla";"Reta";"Sim";1;0;1;0;0;0;1;1;"-19.9874";"-44.2038";"SR-MG";"DEL4/1";"UOP03/MG"
193721;2019-02-26;"3";"12:30:00";"SC";101;204;"SAO JOSE";"Falta de Atenção à Condução";"Colisão lateral";"Com Vítimas Feridas";"Pleno dia";"Decrescente";"Nublado";"Múltipla";"Não Informado";"Sim";2;0;1;0;1;0;1;2;"-27.5832";"-48.6151";"SR-SC";"DEL8/1";"UOP01/SC"
193722;2019-02-26;"3";"12:20:00";"SP";116;455,5;"REGISTRO";"Falta de Atenção à Condução";"Colisão traseira";"Com Vítimas Feridas";"Pleno dia";"Crescente";"Nublado";"Dupla";"Curva";"Não";5;0;0;1;2;2;1;2;"-24.57667044";"-47.88417935";"SR-SP";"DEL6/5";"UOP01/SP"
193723;2019-02-26;"3";"12:30:00";"RS";158;324,3;"SANTA MARIA";"Ultrapassagem Indevida";"Colisão lateral";"Com Vítimas Feridas";"Pleno dia";"Decrescente";"Céu Claro";"Dupla";"Reta";"Sim";2;0;0;1;1;0;1;2;"-29.697626";"-53.788464";"SR-RS";"DEL9/9";"UOP01/RS"
193724;2019-02-26;"3";"11:20:00";"RO";319;63;"PORTO VELHO";"Falta de Atenção à Condução";"Colisão lateral";"Com Vítimas Feridas";"Pleno dia";"Crescente";"Céu Claro";"Múltipla";"Reta";"Sim";2;0;1;0;1;0;1;2;"-8.76227323";"-63.88537559";"SR-RO";"DEL21/1";"UOP01/RO"
193725;2019-02-26;"3";"09:10:00";"RO";421;1;"ARIQUEMES";"Falta de Atenção à Condução";"Colisão traseira";"Sem Vítimas";"Pleno dia";"Crescente";"Céu Claro";"Simples";"Desvio Temporário";"Sim";2;0;0;0;2;0;0;2;"-9.920987";"-63.063728";"SR-RO";"DEL21/3";"UOP04/RO"
193726;2019-02-26;"3";"11:45:00";"MG";365;825,8;"SANTA VITORIA";"Defeito na Via";"Saída de leito carroçável";"Com Vítimas Feridas";"Pleno dia";"Decrescente";"Céu Claro";"Simples";"Curva";"Não";2;0;0;1;0;1;1;1;"-18.87660523";"-50.12304068";"SR-MG";"DEL4/15";"UOP03/MG"
193727;2019-02-26;"3";"13:15:00";"PR";369;138;"IBIPORA";"Falta de Atenção à Condução";"Colisão transversal";"Com Vítimas Feridas";"Pleno dia";"Crescente";"Chuva";"Dupla";"Interseção de vias";"Sim";3;0;1;1;1;0;2;2;"-23.27345578";"-51.05627239";"SR-PR";"DEL7/7";"UOP01/PR"
193729;2019-02-26;"3";"12:30:00";"GO";364;210;"JATAI";"Sinalização da via insuficiente ou inadequada";"Colisão traseira";"Com Vítimas Feridas";"Pleno dia";"Decrescente";"Céu Claro";"Simples";"Reta";"Não";2;0;1;0;1;0;1;2;"-17.891758";"-51.840656";"SR-GO";"DEL1/5";"UOP01/GO"
193731;2019-02-26;"3";"10:45:00";"MS";163;670,5;"RIO VERDE DE MATO GROSSO";"Velocidade Incompatível";"Saída de leito carroçável";"Com Vítimas Feridas";"Pleno dia";"Decrescente";"Chuva";"Simples";"Curva";"Não";2;0;2;0;0;0;2;1;"-18.99717543";"-54.83368635";"SR-MS";"DEL3/6";"UOP02/MS"
193732;2019-02-26;"3";"13:30:00";"SC";101;134;"BALNEARIO CAMBORIU";"Desobediência às normas de trânsito pelo condutor";"Colisão transversal";"Com Vítimas Feridas";"Pleno dia";"Crescente";"Nublado";"Dupla";"Interseção de vias";"Sim";2;0;1;0;1;0;1;2;"-27.0049";"-48.6266";"SR-SC";"DEL8/4";"UOP03/SC"
193733;2019-02-26;"3";"10:35:00";"ES";262;1,1;"CARIACICA";"Falta de Atenção à Condução";"Colisão com objeto estático";"Com Vítimas Feridas";"Pleno dia";"Decrescente";"Céu Claro";"Múltipla";"Reta";"Sim";2;0;1;0;1;0;1;1;"-20.3331624";"-40.35691783";"SR-ES";"DEL12/1";"UOP01/ES"
193734;2019-02-26;"3";"13:45:00";"RS";116;265;"CANOAS";"Falta de Atenção à Condução";"Colisão traseira";"Com Vítimas Feridas";"Pleno dia";"Decrescente";"Céu Claro";"Múltipla";"Reta";"Não";4;0;2;0;2;0;2;3;"-29.923407";"-51.177811";"SR-RS";"DEL9/1";"UOP01/RS"
193735;2019-02-26;"3";"13:30:00";"RJ";101;67;"CAMPOS DOS GOYTACAZES";"Não guardar distância de segurança";"Engavetamento";"Com Vítimas Feridas";"Pleno dia";"Decrescente";"Céu Claro";"Simples";"Reta";"Sim";4;0;1;0;3;0;1;3;"-21.767511";"-41.348763";"SR-RJ";"DEL5/8";"UOP02/RJ"
193736;2019-02-26;"3";"14:00:00";"SC";470;51;"BLUMENAU";"Desobediência às normas de trânsito pelo condutor";"Colisão frontal";"Com Vítimas Feridas";"Pleno dia";"Crescente";"Nublado";"Simples";"Interseção de vias";"Sim";2;0;1;0;1;0;1;2;"-26.862339";"-49.084038";"SR-SC";"DEL8/4";"UOP01/SC"
193737;2019-02-26;"3";"13:45:00";"PR";277;726,4;"FOZ DO IGUACU";"Desobediência às normas de trânsito pelo condutor";"Colisão transversal";"Com Vítimas Feridas";"Pleno dia";"Crescente";"Céu Claro";"Dupla";"Rotatória";"Sim";2;0;1;0;1;0;1;2;"-25.510586";"-54.554813";"SR-PR";"DEL7/5";"UOP03/PR"
193738;2019-02-26;"3";"13:55:00";"PR";277;242,4;"IRATI";"Falta de Atenção à Condução";"Colisão transversal";"Com Vítimas Feridas";"Pleno dia";"Decrescente";"Chuva";"Simples";"Interseção de vias";"Não";6;0;2;3;1;0;5;2;"-25.4440033";"-50.6819298";"SR-PR";"DEL7/3";"UOP04/PR"
193739;2019-02-26;"3";"12:55:00";"MT";158;544,8;"AGUA BOA";"Falta de Atenção à Condução";"Saída de leito carroçável";"Com Vítimas Feridas";"Pleno dia";"Crescente";"Sol";"Simples";"Reta";"Não";2;0;2;0;0;0;2;1;"-13.99803654";"-52.15484619";"SR-MT";"DEL2/8";"UOP02/MT"
193740;2019-02-26;"3";"13:40:00";"PE";101;7;"GOIANA";"Defeito Mecânico no Veículo";"Incêndio";"Sem Vítimas";"Pleno dia";"Crescente";"Céu Claro";"Dupla";"Reta";"Sim";1;0;0;0;1;0;0;1;"-7.5688";"-34.989";"SR-PE";"DEL11/1";"UOP02/PE"
193741;2019-02-26;"3";"14:00:00";"SP";116;316;"JUQUITIBA";"Falta de Atenção à Condução";"Tombamento";"Com Vítimas Feridas";"Pleno dia";"Decrescente";"Chuva";"Dupla";"Curva";"Não";1;0;0;1;0;0;1;1;"-23.92852358";"-46.99504852";"SR-SP";"DEL6/4";"UOP02/SP"
193743;2019-02-18;"2";"18:56:00";"MS";60;593;"JARDIM";"Falta de Atenção à Condução";"Colisão lateral";"Com Vítimas Feridas";"Anoitecer";"Crescente";"Ignorado";"Simples";"Interseção de vias";"Sim";4;0;1;0;1;2;1;2;"-21.48582836";"-56.15136277";"SR-MS";"DEL3/5";"UOP01/MS"
193744;2019-02-26;"3";"13:40:00";"BA";116;361;"SERRINHA";"Falta de Atenção à Condução";"Colisão transversal";"Com Vítimas Feridas";"Pleno dia";"Decrescente";"Céu Claro";"Simples";"Reta";"Não";3;0;1;1;1;0;2;2;"-11.68178208";"-38.99221112";"SR-BA";"DEL10/2";"UOP01/BA"
193745;2019-02-26;"3";"13:45:00";"PE";232;138,3;"CARUARU";"Defeito na Via";"Saída de leito carroçável";"Sem Vítimas";"Pleno dia";"Decrescente";"Chuva";"Dupla";"Reta";"Não";1;0;0;0;1;0;0;1;"-8.31896107";"-36.06143796";"SR-PE";"DEL11/2";"UOP02/PE"
193747;2019-02-26;"3";"14:40:00";"RJ";40;102;"DUQUE DE CAXIAS";"Condutor Dormindo";"Colisão lateral";"Com Vítimas Feridas";"Pleno dia";"Decrescente";"Céu Claro";"Múltipla";"Interseção de vias";"Sim";3;0;1;0;2;0;1;3;"-22.6205";"-43.2868";"SR-RJ";"DEL5/1";"UOP01/RJ"
193748;2019-02-26;"3";"15:00:00";"SP";116;229;"SAO PAULO";"Pista Escorregadia";"Colisão lateral";"Com Vítimas Feridas";"Pleno dia";"Decrescente";"Chuva";"Múltipla";"Reta";"Sim";2;0;1;0;1;0;1;2;"-23.51605095";"-46.57892342";"SR-SP";"DEL6/1";"UOP01/SP"
193749;2019-02-26;"3";"15:28:00";"PR";116;127;"FAZENDA RIO GRANDE";"Animais na Pista";"Atropelamento de Animal";"Com Vítimas Feridas";"Pleno dia";"Crescente";"Céu Claro";"Dupla";"Reta";"Sim";1;0;1;0;0;0;1;1;"-25.621508";"-49.316216";"SR-PR";"DEL7/1";"UOP03/PR"
193750;2019-02-26;"3";"14:35:00";"RJ";393;117;"SAPUCAIA";"Mal Súbito";"Colisão frontal";"Com Vítimas Fatais";"Pleno dia";"Decrescente";"Céu Claro";"Simples";"Reta";"Não";2;1;0;0;1;0;0;2;"-21.88167";"-42.687073";"SR-RJ";"DEL5/6";"UOP02/RJ"
193751;2019-02-26;"3";"09:00:00";"SC";282;32;"AGUAS MORNAS";"Não guardar distância de segurança";"Saída de leito carroçável";"Sem Vítimas";"Pleno dia";"Decrescente";"Céu Claro";"Simples";"Reta";"Sim";1;0;0;0;1;0;0;1;"-27.70116";"-48.800175";"SR-SC";"DEL8/1";"UOP03/SC"
193753;2019-02-26;"3";"15:45:00";"PR";277;598;"CASCAVEL";"Velocidade Incompatível";"Tombamento";"Com Vítimas Feridas";"Pleno dia";"Crescente";"Céu Claro";"Dupla";"Reta";"Sim";1;0;0;1;0;0;1;1;"-25.02817";"-53.55983";"SR-PR";"DEL7/4";"UOP01/PR"
193754;2019-02-26;"3";"15:15:00";"SP";381;72,9;"SAO PAULO";"Velocidade Incompatível";"Saída de leito carroçável";"Sem Vítimas";"Pleno dia";"Crescente";"Chuva";"Múltipla";"Curva";"Não";1;0;0;0;1;0;0;1;"-23.36755009";"-46.55276299";"SR-SP";"DEL6/3";"UOP02/SP"
193756;2019-02-26;"3";"16:10:00";"ES";262;6,8;"CARIACICA";"Falta de Atenção à Condução";"Colisão lateral";"Com Vítimas Feridas";"Pleno dia";"Crescente";"Céu Claro";"Dupla";"Reta";"Sim";3;0;1;0;2;0;1;2;"-20.3404";"-40.395";"SR-ES";"DEL12/1";"UOP01/ES"
193757;2019-02-26;"3";"15:45:00";"MG";40;527,6;"CONTAGEM";"Avarias e/ou desgaste excessivo no pneu";"Colisão traseira";"Com Vítimas Feridas";"Pleno dia";"Decrescente";"Chuva";"Múltipla";"Desvio Temporário";"Sim";2;0;0;1;1;0;1;2;"-19.9105";"-44.0427";"SR-MG";"DEL4/1";"UOP03/MG"
193759;2019-02-26;"3";"15:20:00";"PA";163;571,3;"TRAIRAO";"Pista Escorregadia";"Capotamento";"Com Vítimas Feridas";"Pleno dia";"Decrescente";"Chuva";"Simples";"Não Informado";"Não";3;0;3;0;0;0;3;1;"-5.04826119";"-56.17777526";"SR-PA";"DEL19/5";"UOP01/PA"
193760;2019-02-26;"3";"10:15:00";"MG";262;597,2;"CAMPOS ALTOS";"Desobediência às normas de trânsito pelo condutor";"Colisão transversal";"Com Vítimas Feridas";"Pleno dia";"Crescente";"Nublado";"Simples";"Não Informado";"Não";3;0;1;1;1;0;2;2;"-19.666414";"-46.16032";"SR-MG";"DEL4/8";"UOP02/MG"
193761;2019-02-26;"3";"16:30:00";"MG";40;528;"CONTAGEM";"Pista Escorregadia";"Tombamento";"Com Vítimas Feridas";"Pleno dia";"Decrescente";"Chuva";"Dupla";"Desvio Temporário";"Sim";3;0;3;0;0;0;3;1;"-19.9191";"-44.0391";"SR-MG";"DEL4/1";"UOP03/MG"
193762;2019-02-26;"3";"11:20:00";"MS";163;590;"BANDEIRANTES";"Velocidade Incompatível";"Saída de leito carroçável";"Com Vítimas Feridas";"Pleno dia";"Crescente";"Chuva";"Dupla";"Reta";"Não";2;0;2;0;0;0;2;1;"-19.56753";"-54.420861";"SR-MS";"DEL3/6";"UOP02/MS"
193763;2019-02-26;"3";"16:10:00";"PR";476;138;"CURITIBA";"Falta de Atenção à Condução";"Colisão traseira";"Com Vítimas Feridas";"Pleno dia";"Decrescente";"Nublado";"Múltipla";"Reta";"Sim";3;0;0;1;2;0;1;3;"-25.505564";"-49.283417";"SR-PR";"DEL7/1";"UOP06/PR"
193764;2019-02-26;"3";"16:30:00";"MG";40;494;"PEDRO LEOPOLDO";"Falta de Atenção à Condução";"Saída de leito carroçável";"Com Vítimas Feridas";"Anoitecer";"Crescente";"Chuva";"Dupla";"Curva";"Não";1;0;1;0;0;0;1;1;"-19.6668";"-44.1949";"SR-MG";"DEL4/2";"UOP01/MG"
193765;2019-02-26;"3";"16:45:00";"ES";101;107,6;"SOORETAMA";"Ingestão de Álcool";"Colisão lateral";"Com Vítimas Feridas";"Pleno dia";"Crescente";"Céu Claro";"Simples";"Não Informado";"Não";7;0;2;0;5;0;2;3;"-19.04611727";"-40.02676271";"SR-ES";"DEL12/4";"UOP01/ES"
193766;2019-02-26;"3";"16:40:00";"SC";101;205,2;"SAO JOSE";"Falta de Atenção à Condução";"Colisão lateral";"Sem Vítimas";"Pleno dia";"Crescente";"Céu Claro";"Dupla";"Reta";"Sim";2;0;0;0;2;0;0;2;"-27.592";"-48.6181";"SR-SC";"DEL8/1";"UOP01/SC"
193767;2019-02-26;"3";"17:10:00";"CE";20;420;"MARACANAU";"Desobediência às normas de trânsito pelo condutor";"Colisão transversal";"Com Vítimas Feridas";"Pleno dia";"Crescente";"Nublado";"Dupla";"Reta";"Sim";3;0;1;0;2;0;1;3;"-3.76999";"-38.670063";"SR-CE";"DEL16/1";"UOP02/CE"
193768;2019-02-26;"3";"17:10:00";"PE";232;134,6;"CARUARU";"Agressão Externa";"Colisão lateral";"Com Vítimas Feridas";"Anoitecer";"Crescente";"Nublado";"Dupla";"Reta";"Não";5;0;2;0;3;0;2;2;"-8.309792";"-36.029142";"SR-PE";"DEL11/2";"UOP02/PE"
193769;2019-02-26;"3";"16:20:00";"RS";290;116,1;"ELDORADO DO SUL";"Desobediência às normas de trânsito pelo condutor";"Colisão frontal";"Com Vítimas Fatais";"Pleno dia";"Decrescente";"Céu Claro";"Simples";"Reta";"Não";6;1;3;0;2;0;3;5;"-30.046543";"-51.367748";"SR-RS";"DEL9/2";"UOP01/RS"
193771;2019-02-26;"3";"16:50:00";"BA";324;520;"FEIRA DE SANTANA";"Falta de Atenção à Condução";"Capotamento";"Com Vítimas Feridas";"Pleno dia";"Crescente";"Céu Claro";"Dupla";"Reta";"Sim";1;0;1;0;0;0;1;1;"-12.285083";"-38.918548";"SR-BA";"DEL10/1";"UOP01/BA"
193772;2019-02-26;"3";"16:30:00";"PI";343;3,4;"TERESINA";"Falta de Atenção à Condução";"Colisão transversal";"Com Vítimas Feridas";"Pleno dia";"Decrescente";"Garoa/Chuvisco";"Múltipla";"Interseção de vias";"Sim";2;0;1;0;1;0;1;2;"-5.089569";"-42.802288";"SR-PI";"DEL17/1";"UOP01/PI"
193773;2019-02-26;"3";"17:40:00";"RS";158;325,7;"SANTA MARIA";"Falta de Atenção à Condução";"Colisão transversal";"Com Vítimas Feridas";"Pleno dia";"Decrescente";"Sol";"Simples";"Reta";"Sim";3;0;1;0;2;0;1;2;"-29.703747";"-53.795246";"SR-RS";"DEL9/9";"UOP01/RS"
193774;2019-02-26;"3";"16:50:00";"RJ";101;445;"MANGARATIBA";"Velocidade Incompatível";"Colisão frontal";"Com Vítimas Feridas";"Pleno dia";"Decrescente";"Nublado";"Simples";"Curva";"Sim";4;0;2;1;1;0;3;3;"-22.937099";"-44.010822";"SR-RJ";"DEL5/3";"UOP01/RJ"
193775;2019-02-26;"3";"13:30:00";"TO";230;60;"LUZINOPOLIS";"Defeito Mecânico no Veículo";"Saída de leito carroçável";"Sem Vítimas";"Pleno dia";"Decrescente";"Nublado";"Simples";"Não Informado";"Não";1;0;0;0;1;0;0;1;"-6.242879";"-47.795162";"SR-TO";"UOP05/TO";""
193776;2019-02-26;"3";"18:00:00";"SP";116;139,6;"SAO JOSE DOS CAMPOS";"Falta de Atenção à Condução";"Colisão lateral";"Com Vítimas Feridas";"Pleno dia";"Crescente";"Céu Claro";"Dupla";"Reta";"Não";3;0;1;0;1;1;1;2;"-23.161556";"-45.804054";"SR-SP";"DEL6";"UOP02/SP"
193779;2019-02-26;"3";"18:15:00";"SP";116;209,4;"GUARULHOS";"Falta de Atenção do Pedestre";"Atropelamento de Pedestre";"Com Vítimas Feridas";"Pleno dia";"Crescente";"Nublado";"Simples";"Reta";"Sim";2;0;2;0;0;0;2;1;"-23.42633469";"-46.4061749";"SR-SP";"DEL6/1";"UOP01/SP"
193780;2019-02-26;"3";"16:40:00";"ES";101;1;"SERRA";"Desobediência às normas de trânsito pelo condutor";"Colisão lateral";"Sem Vítimas";"Pleno dia";"Crescente";"Sol";"Dupla";"Reta";"Sim";4;0;0;0;4;0;0;4;"-20.23849339";"-40.27862918";"SR-ES";"DEL12/2";"UOP01/ES"
193781;2019-02-26;"3";"17:00:00";"RJ";40;50;"PETROPOLIS";"Pista Escorregadia";"Colisão com objeto estático";"Com Vítimas Fatais";"Pleno dia";"Decrescente";"Chuva";"Dupla";"Curva";"Não";4;1;1;0;2;0;1;1;"-22.3282";"-43.1324";"SR-RJ";"DEL5/6";"UOP03/RJ"
193782;2019-02-26;"3";"18:28:00";"RN";304;31;"MOSSORO";"Animais na Pista";"Atropelamento de Animal";"Com Vítimas Feridas";"Anoitecer";"Decrescente";"Céu Claro";"Simples";"Reta";"Não";2;0;2;0;0;0;2;1;"-5.125933";"-37.342953";"SR-RN";"DEL15/4";"UOP02/RN"
193783;2019-02-26;"3";"17:55:00";"CE";20;419;"MARACANAU";"Defeito na Via";"Colisão com objeto estático";"Sem Vítimas";"Anoitecer";"Crescente";"Céu Claro";"Dupla";"Interseção de vias";"Sim";3;0;0;0;3;0;0;3;"-3.84502437";"-38.57867545";"SR-CE";"DEL16/1";"UOP02/CE"
193784;2019-02-26;"3";"18:45:00";"CE";222;4;"CAUCAIA";"Desobediência às normas de trânsito pelo condutor";"Colisão lateral";"Com Vítimas Feridas";"Plena Noite";"Decrescente";"Céu Claro";"Múltipla";"Reta";"Sim";5;0;3;2;0;0;5;3;"-3.741658";"-38.604572";"SR-CE";"DEL16/1";"UOP01/CE"
193785;2019-02-26;"3";"18:45:00";"PE";408;85;"SAO LOURENCO DA MATA";"Falta de Atenção à Condução";"Colisão com objeto estático";"Com Vítimas Feridas";"Plena Noite";"Crescente";"Nublado";"Dupla";"Não Informado";"Não";2;0;2;0;0;0;2;1;"-7.954069";"-35.102776";"SR-PE";"DEL11/1";"UOP01/PE"
193786;2019-02-26;"3";"18:30:00";"SC";470;66;"INDAIAL";"Desobediência às normas de trânsito pelo condutor";"Colisão transversal";"Sem Vítimas";"Plena Noite";"Decrescente";"Chuva";"Simples";"Reta";"Sim";2;0;0;0;1;1;0;2;"-26.870407";"-49.221844";"SR-SC";"DEL8/4";"UOP01/SC"
193787;2019-02-26;"3";"17:40:00";"MT";163;927;"ITAUBA";"Ultrapassagem Indevida";"Saída de leito carroçável";"Sem Vítimas";"Pleno dia";"Crescente";"Ignorado";"Simples";"Reta";"Não";1;0;0;0;1;0;0;1;"-11.07721912";"-55.28330371";"SR-MT";"DEL2/6";"UOP02/MT"
193788;2019-02-26;"3";"17:10:00";"MG";365;626,9;"UBERLANDIA";"Velocidade Incompatível";"Colisão traseira";"Com Vítimas Feridas";"Pleno dia";"Crescente";"Nublado";"Dupla";"Reta";"Sim";2;0;1;0;1;0;1;2;"-18.9066";"-48.2971";"SR-MG";"DEL4/15";"UOP01/MG"
193789;2019-02-26;"3";"18:30:00";"RS";116;246,8;"SAO LEOPOLDO";"Não guardar distância de segurança";"Colisão traseira";"Sem Vítimas";"Anoitecer";"Decrescente";"Céu Claro";"Dupla";"Reta";"Sim";3;0;0;0;3;0;0;3;"-29.758787";"-51.151871";"SR-RS";"DEL9/1";"UOP02/RS"
193790;2019-02-26;"3";"18:35:00";"DF";70;18,7;"BRASILIA";"Falta de Atenção à Condução";"Colisão transversal";"Sem Vítimas";"Anoitecer";"Decrescente";"Nublado";"Dupla";"Não Informado";"Sim";3;0;0;0;3;0;0;2;"-15.791093";"-48.21096";"SR-DF";"DF";"UOP06/DF"
193791;2019-02-26;"3";"19:15:00";"MG";116;539,2;"SANTA RITA DE MINAS";"Falta de Atenção à Condução";"Atropelamento de Pedestre";"Com Vítimas Feridas";"Plena Noite";"Crescente";"Céu Claro";"Simples";"Reta";"Sim";2;0;0;1;1;0;1;1;"-19.87298594";"-42.13281512";"SR-MG";"DEL4/6";"UOP02/MG"
193792;2019-02-26;"3";"17:50:00";"RS";386;35;"FREDERICO WESTPHALEN";"Falta de Atenção à Condução";"Colisão transversal";"Com Vítimas Feridas";"Pleno dia";"Decrescente";"Sol";"Simples";"Reta";"Sim";2;0;1;0;1;0;1;2;"-27.36633481";"-53.39624941";"SR-RS";"DEL08";"UOP02/RS"
193793;2019-02-26;"3";"14:50:00";"SC";158;116,7;"CUNHA PORA";"Desobediência às normas de trânsito pelo condutor";"Colisão transversal";"Com Vítimas Feridas";"Pleno dia";"Decrescente";"Céu Claro";"Simples";"Curva";"Não";5;0;4;0;1;0;4;2;"-26.760532";"-53.174904";"SR-SC";"DEL7";"UOP02/SC"
193794;2019-02-26;"3";"19:10:00";"PE";104;21;"TAQUARITINGA DO NORTE";"Animais na Pista";"Atropelamento de Animal";"Com Vítimas Feridas";"Plena Noite";"Crescente";"Nublado";"Simples";"Reta";"Não";1;0;0;1;0;0;1;1;"-7.964189";"-36.124378";"SR-PE";"DEL11/2";"UOP01/PE"
193796;2019-02-26;"3";"19:40:00";"SC";101;157;"PORTO BELO";"Desobediência às normas de trânsito pelo pedestre";"Atropelamento de Pedestre";"Com Vítimas Feridas";"Plena Noite";"Crescente";"Nublado";"Dupla";"Reta";"Não";2;0;1;0;1;0;1;1;"-27.1901";"-48.6123";"SR-SC";"DEL8/4";"UOP03/SC"
193797;2019-02-26;"3";"18:00:00";"ES";101;264;"SERRA";"Falta de Atenção à Condução";"Colisão transversal";"Com Vítimas Feridas";"Plena Noite";"Decrescente";"Céu Claro";"Dupla";"Interseção de vias";"Sim";2;0;1;0;1;0;1;2;"-20.17870735";"-40.26538979";"SR-ES";"DEL12/2";"UOP01/ES"
193798;2019-02-26;"3";"19:20:00";"PB";101;82;"BAYEUX";"Falta de Atenção à Condução";"Colisão transversal";"Com Vítimas Feridas";"Plena Noite";"Decrescente";"Céu Claro";"Dupla";"Reta";"Sim";2;0;1;0;1;0;1;2;"-7.1313";"-34.9326";"SR-PB";"DEL14/1";"UOP00/PB"
193799;2019-02-26;"3";"17:20:00";"MG";381;529;"RIO MANSO";"Falta de Atenção à Condução";"Engavetamento";"Com Vítimas Feridas";"Pleno dia";"Decrescente";"Chuva";"Dupla";"Curva";"Não";5;0;0;1;4;0;1;5;"-20.1623";"-44.3484";"SR-MG";"DEL4/4";"UOP03/MG"
193801;2019-02-26;"3";"18:30:00";"MG";381;492;"BETIM";"Não guardar distância de segurança";"Colisão traseira";"Com Vítimas Feridas";"Plena Noite";"Decrescente";"Chuva";"Dupla";"Reta";"Sim";4;0;1;0;3;0;1;3;"-19.9639";"-44.1693";"SR-MG";"DEL4/1";"UOP03/MG"
193802;2019-02-26;"3";"15:50:00";"MS";163;420,3;"CAMPO GRANDE";"Falta de Atenção à Condução";"Colisão transversal";"Sem Vítimas";"Pleno dia";"Decrescente";"Chuva";"Dupla";"Reta";"Sim";2;0;0;0;2;0;0;2;"-20.98827855";"-54.50624596";"SR-MS";"DEL3/1";"UOP01/MS"
193803;2019-02-26;"3";"19:30:00";"SC";101;201,3;"SAO JOSE";"Falta de Atenção à Condução";"Colisão lateral";"Com Vítimas Feridas";"Plena Noite";"Crescente";"Céu Claro";"Múltipla";"Reta";"Sim";2;0;1;0;1;0;1;2;"-27.5572";"-48.6188";"SR-SC";"DEL8/1";"UOP01/SC"
193804;2019-02-26;"3";"19:30:00";"PR";163;283;"MARECHAL CANDIDO RONDON";"Sinalização da via insuficiente ou inadequada";"Colisão transversal";"Com Vítimas Feridas";"Plena Noite";"Crescente";"Céu Claro";"Múltipla";"Rotatória";"Não";2;0;1;0;1;0;1;2;"-24.5684";"-54.0291";"SR-PR";"DEL7/6";"UOP04/PR"