"id";"data_inversa";"dia_semana";"horario";"uf";"br";"km";"municipio";"causa_acidente";"tipo_acidente";"classificacao_acidente";"fase_dia";"sentido_via";"condicao_metereologica";"tipo_pista";"tracado_via";"uso_solo";"pessoas";"mortos";"feridos_leves";"feridos_graves";"ilesos";"ignorados";"feridos";"veiculos";"latitude";"longitude";"regional";"delegacia";"uop"
193805;2019-02-26;"3";"18:38:00";"RO";364;23;"VILHENA";"Falta de Atenção à Condução";"Colisão frontal";"Com Vítimas Feridas";"Plena Noite";"Decrescente";"Chuva";"Simples";"Reta";"Não";2;0;0;1;1;0;1;2;"-12.724921";"-60.220432";"SR-RO";"DEL21/4";"UOP01/RO"
193806;2019-02-26;"3";"19:32:00";"PB";101;45;"MAMANGUAPE";"Velocidade Incompatível";"Saída de leito carroçável";"Com Vítimas Feridas";"Plena Noite";"Crescente";"Céu Claro";"Dupla";"Curva";"Não";3;0;2;0;0;1;2;1;"-6.882336";"-35.131241";"SR-PB";"DEL14/1";"UOP03/PB"
193807;2019-02-26;"3";"19:20:00";"MG";116;415;"GOVERNADOR VALADARES";"Ultrapassagem Indevida";"Queda de ocupante de veículo";"Com Vítimas Feridas";"Anoitecer";"Decrescente";"Ignorado";"Simples";"Reta";"Sim";3;0;0;1;1;1;1;2;"-18.88378795";"-41.95004052";"SR-MG";"DEL4/6";"UOP01/MG"
193808;2019-02-26;"3";"19:30:00";"RJ";101;405;"ITAGUAI";"Defeito Mecânico no Veículo";"Incêndio";"Sem Vítimas";"Plena Noite";"Decrescente";"Chuva";"Dupla";"Reta";"Sim";1;0;0;0;1;0;0;1;"-22.867615";"-43.802757";"SR-RJ";"DEL5/3";"UOP01/RJ"
193809;2019-02-26;"3";"19:30:00";"RJ";465;4;"SEROPEDICA";"Falta de Atenção à Condução";"Colisão transversal";"Com Vítimas Feridas";"Plena Noite";"Crescente";"Chuva";"Simples";"Reta";"Sim";2;0;1;0;1;0;1;2;"-22.740971";"-43.705597";"SR-RJ";"DEL5/1";"UOP03/RJ"
193810;2019-02-26;"3";"18:55:00";"RO";364;344,9;"JI-PARANA";"Falta de Atenção à Condução";"Tombamento";"Com Vítimas Feridas";"Anoitecer";"Decrescente";"Nublado";"Dupla";"Não Informado";"Sim";2;0;1;0;0;1;1;2;"-10.86917392";"-61.9600153";"SR-RO";"DEL21/2";"UOP01/RO"
193811;2019-02-26;"3";"16:40:00";"MT";70;249;"PRIMAVERA DO LESTE";"Desobediência às normas de trânsito pelo condutor";"Saída de leito carroçável";"Com Vítimas Fatais";"Pleno dia";"Crescente";"Céu Claro";"Simples";"Reta";"Não";2;1;0;0;0;1;0;1;"-15.626871";"-54.106033";"SR-MT";"DEL2/5";"UOP01/MT"
193812;2019-02-26;"3";"19:20:00";"SP";101;47,8;"UBATUBA";"Falta de Atenção à Condução";"Colisão lateral";"Com Vítimas Feridas";"Plena Noite";"Crescente";"Nublado";"Simples";"Curva";"Sim";3;0;2;0;1;0;2;2;"-23.429897";"-45.082436";"SR-SP";"DEL6";"UOP03/SP"
193814;2019-02-26;"3";"20:00:00";"RJ";101;207,5;"CASIMIRO DE ABREU";"Falta de Atenção do Pedestre";"Atropelamento de Pedestre";"Com Vítimas Feridas";"Plena Noite";"Decrescente";"Nublado";"Simples";"Reta";"Não";2;0;0;1;1;0;1;1;"-22.477646";"-42.211269";"SR-RJ";"DEL5/2";"UOP04/RJ"
193815;2019-02-26;"3";"21:30:00";"SC";470;37;"GASPAR";"Ingestão de álcool e/ou substâncias psicoativas pelo pedestre";"Colisão lateral";"Sem Vítimas";"Plena Noite";"Crescente";"Garoa/Chuvisco";"Simples";"Reta";"Não";4;0;0;0;4;0;0;4;"-26.912727";"-48.978043";"SR-SC";"DEL8/4";"UOP01/SC"
193816;2019-02-26;"3";"19:00:00";"MA";222;678;"ACAILANDIA";"Desobediência às normas de trânsito pelo condutor";"Colisão transversal";"Com Vítimas Feridas";"Plena Noite";"Crescente";"Chuva";"Simples";"Interseção de vias";"Sim";2;0;1;0;1;0;1;2;"-4.954";"-47.503";"SR-MA";"DEL18/4";"UOP03/MA"
193817;2019-02-26;"3";"18:00:00";"RJ";393;138,2;"SAPUCAIA";"Defeito Mecânico no Veículo";"Saída de leito carroçável";"Com Vítimas Feridas";"Anoitecer";"Crescente";"Chuva";"Simples";"Curva";"Não";1;0;1;0;0;0;1;1;"-21.994415";"-42.913506";"SR-RJ";"DEL5/6";"UOP02/RJ"
193818;2019-02-26;"3";"15:05:00";"RS";386;341,7;"LAJEADO";"Falta de Atenção à Condução";"Colisão transversal";"Com Vítimas Feridas";"Pleno dia";"Decrescente";"Céu Claro";"Simples";"Reta";"Sim";2;0;1;0;1;0;1;2;"-29.4352621";"-51.9999218";"SR-RS";"DEL9/4";"UOP01/RS"
193819;2019-02-26;"3";"18:15:00";"SC";101;70,9;"ARAQUARI";"Falta de Atenção à Condução";"Colisão transversal";"Com Vítimas Feridas";"Anoitecer";"Decrescente";"Garoa/Chuvisco";"Simples";"Interseção de vias";"Sim";2;0;1;0;1;0;1;2;"-26.51733529";"-48.71907592";"SR-SC";"DEL8/3";"UOP02/SC"
193820;2019-02-26;"3";"20:20:00";"RN";304;82;"MOSSORO";"Ingestão de Álcool";"Saída de leito carroçável";"Com Vítimas Feridas";"Plena Noite";"Crescente";"Céu Claro";"Simples";"Reta";"Não";1;0;1;0;0;0;1;1;"-5.487455";"-37.158227";"SR-RN";"DEL15/4";"UOP01/RN"
193821;2019-02-26;"3";"21:00:00";"ES";393;12,1;"MUQUI";"Falta de Atenção à Condução";"Colisão transversal";"Com Vítimas Feridas";"Plena Noite";"Crescente";"Céu Claro";"Simples";"Reta";"Não";2;0;1;0;1;0;1;2;"-20.8520301";"-41.2453258";"SR-ES";"DEL12/3";"UOP02/ES"
193822;2019-02-26;"3";"20:20:00";"RN";110;46,9;"MOSSORO";"Falta de Atenção à Condução";"Colisão transversal";"Com Vítimas Feridas";"Plena Noite";"Decrescente";"Céu Claro";"Simples";"Interseção de vias";"Sim";2;0;0;1;1;0;1;2;"-5.197978";"-37.318398";"SR-RN";"DEL15/4";"UOP01/RN"
193823;2019-02-26;"3";"16:20:00";"CE";222;128;"ITAPAJE";"Defeito Mecânico no Veículo";"Tombamento";"Sem Vítimas";"Pleno dia";"Crescente";"Chuva";"Simples";"Curva";"Não";1;0;0;0;1;0;0;1;"-3.704279";"-39.615295";"SR-CE";"DEL16/4";"UOP03/CE"
193824;2019-02-26;"3";"21:40:00";"MG";381;838,1;"SAO SEBASTIAO DA BELA VISTA";"Defeito Mecânico no Veículo";"Saída de leito carroçável";"Com Vítimas Feridas";"Plena Noite";"Crescente";"Chuva";"Dupla";"Curva";"Não";2;0;2;0;0;0;2;1;"-22.1586";"-45.8273";"SR-MG";"DEL09";"UOP01/MG"
193825;2019-02-26;"3";"22:00:00";"RJ";40;118;"DUQUE DE CAXIAS";"Falta de Atenção à Condução";"Queda de ocupante de veículo";"Com Vítimas Feridas";"Plena Noite";"Crescente";"Céu Claro";"Múltipla";"Reta";"Sim";1;0;0;1;0;0;1;1;"-22.7646";"-43.2866";"SR-RJ";"DEL5/1";"UOP01/RJ"
193826;2019-02-26;"3";"23:00:00";"SP";116;465,5;"PARIQUERA-ACU";"Objeto estático sobre o leito carroçável";"Colisão com objeto estático";"Sem Vítimas";"Plena Noite";"Crescente";"Nublado";"Dupla";"Curva";"Não";3;0;0;0;3;0;0;2;"-24.64696841";"-47.92169809";"SR-SP";"DEL6/5";"UOP02/SP"
193827;2019-01-02;"4";"06:40:00";"SP";381;1,2;"VARGEM";"Condutor Dormindo";"Colisão traseira";"Com Vítimas Feridas";"Pleno dia";"Crescente";"Céu Claro";"Dupla";"Desvio Temporário";"Sim";4;0;2;0;2;0;2;2;"-22.88147";"-46.381161";"SR-SP";"DEL6/3";"UOP01/SP"
193829;2019-02-26;"3";"22:00:00";"PI";316;408,7;"MARCOLANDIA";"Falta de Atenção à Condução";"Saída de leito carroçável";"Com Vítimas Feridas";"Plena Noite";"Decrescente";"Nublado";"Simples";"Curva";"Não";1;0;0;1;0;0;1;1;"-7.42545343";"-40.69988251";"SR-PI";"DEL17/4";"UOP03/PI"
193830;2019-02-26;"3";"22:30:00";"MG";50;174,8;"UBERABA";"Velocidade Incompatível";"Colisão com objeto estático";"Com Vítimas Feridas";"Plena Noite";"Decrescente";"Chuva";"Dupla";"Curva";"Sim";1;0;1;0;0;0;1;1;"-19.7787";"-47.97";"SR-MG";"DEL13";"UOP01/MG"
193832;2019-02-26;"3";"23:15:00";"RJ";116;274;"BARRA MANSA";"Falta de Atenção à Condução";"Colisão traseira";"Com Vítimas Feridas";"Plena Noite";"Crescente";"Garoa/Chuvisco";"Dupla";"Não Informado";"Não";2;0;1;0;1;0;1;2;"-22.561834";"-44.165886";"SR-RJ";"DEL5/7";"UOP02/RJ"
193833;2019-02-26;"3";"22:00:00";"MT";70;504,6;"CUIABA";"Mal Súbito";"Queda de ocupante de veículo";"Com Vítimas Feridas";"Plena Noite";"Decrescente";"Céu Claro";"Simples";"Reta";"Não";1;0;1;0;0;0;1;1;"-15.667856";"-55.956429";"SR-MT";"DEL2/1";"UOP01/MT"
193834;2019-02-18;"2";"08:25:00";"MG";381;373;"SAO GONCALO DO RIO ABAIXO";"Velocidade Incompatível";"Colisão com objeto estático";"Com Vítimas Feridas";"Pleno dia";"Crescente";"Chuva";"Simples";"Curva";"Não";1;0;1;0;0;0;1;1;"-19.85520651";"-43.26433182";"SR-MG";"DEL4/1";"UOP01/MG"
193835;2019-02-26;"3";"22:40:00";"MG";381;481,5;"CONTAGEM";"Falta de Atenção do Pedestre";"Atropelamento de Pedestre";"Com Vítimas Feridas";"Plena Noite";"Crescente";"Nublado";"Múltipla";"Curva";"Sim";2;0;1;0;1;0;1;1;"-19.959";"-44.0704";"SR-MG";"DEL4/1";"UOP03/MG"
193836;2019-02-26;"3";"19:15:00";"MG";153;116;"PRATA";"Ultrapassagem Indevida";"Colisão frontal";"Com Vítimas Feridas";"Anoitecer";"Decrescente";"Chuva";"Simples";"Reta";"Não";2;0;1;0;1;0;1;2;"-19.3370618";"-48.90014648";"SR-MG";"DEL4/15";"UOP03/MG"
193837;2019-02-27;"4";"01:40:00";"PE";428;83;"SANTA MARIA DA BOA VISTA";"Animais na Pista";"Colisão lateral";"Sem Vítimas";"Plena Noite";"Crescente";"Garoa/Chuvisco";"Simples";"Curva";"Não";4;0;0;0;3;1;0;2;"-8.794326";"-39.825375";"SR-PE";"DEL11/6";"UOP03/PE"
193838;2019-02-27;"4";"01:00:00";"MG";50;32;"ARAGUARI";"Ingestão de Álcool";"Saída de leito carroçável";"Sem Vítimas";"Plena Noite";"Crescente";"Garoa/Chuvisco";"Dupla";"Reta";"Não";1;0;0;0;1;0;0;1;"-18.6416";"-48.1246";"SR-MG";"DEL4/15";"UOP02/MG"
193839;2019-02-26;"3";"21:30:00";"SE";101;92,5;"NOSSA SENHORA DO SOCORRO";"Animais na Pista";"Atropelamento de Animal";"Sem Vítimas";"Plena Noite";"Decrescente";"Céu Claro";"Dupla";"Reta";"Sim";2;0;0;0;2;0;0;2;"-10.9061";"-37.1503";"SR-SE";"DEL20/1";"UOP01/SE"
193840;2019-02-26;"3";"17:30:00";"MG";381;586;"CARMOPOLIS DE MINAS";"Falta de Atenção à Condução";"Colisão traseira";"Com Vítimas Feridas";"Pleno dia";"Decrescente";"Céu Claro";"Dupla";"Não Informado";"Não";4;0;2;0;2;0;2;2;"-20.59461056";"-44.70543732";"SR-MG";"DEL4/4";"UOP01/MG"
193841;2019-02-27;"4";"03:20:00";"RJ";116;303;"RESENDE";"Falta de Atenção do Pedestre";"Atropelamento de Pedestre";"Com Vítimas Fatais";"Plena Noite";"Crescente";"Céu Claro";"Dupla";"Reta";"Não";2;1;0;0;1;0;0;1;"-22.450125";"-44.330193";"SR-RJ";"DEL5/7";"UOP03/RJ"
193842;2019-02-27;"4";"04:00:00";"SP";116;274;"TABOAO DA SERRA";"Falta de Atenção à Condução";"Colisão traseira";"Com Vítimas Feridas";"Plena Noite";"Decrescente";"Nublado";"Dupla";"Reta";"Não";2;0;2;0;0;0;2;2;"-23.61450063";"-46.7819041";"SR-SP";"DEL6/4";"UOP01/SP"
193843;2019-02-26;"3";"20:45:00";"CE";222;8;"CAUCAIA";"Não guardar distância de segurança";"Colisão traseira";"Com Vítimas Feridas";"Plena Noite";"Crescente";"Céu Claro";"Dupla";"Reta";"Não";2;0;1;0;1;0;1;2;"-3.736507";"-38.65337";"SR-CE";"DEL16/1";"UOP01/CE"
193844;2019-02-26;"3";"23:15:00";"SC";101;13,9;"JOINVILLE";"Defeito Mecânico no Veículo";"Incêndio";"Sem Vítimas";"Plena Noite";"Decrescente";"Nublado";"Dupla";"Reta";"Não";1;0;0;0;1;0;0;1;"-26.0982";"-48.8676";"SR-SC";"DEL8/3";"UOP01/SC"
193845;2019-02-27;"4";"03:00:00";"BA";116;460,7;"SANTO ESTEVAO";"Falta de Atenção à Condução";"Tombamento";"Com Vítimas Fatais";"Plena Noite";"Crescente";"Céu Claro";"Simples";"Reta";"Sim";1;1;0;0;0;0;0;1;"-12.42571818";"-39.20648189";"SR-BA";"DEL10/2";"UOP01/BA"
193846;2019-02-27;"4";"05:00:00";"ES";262;2;"CARIACICA";"Desobediência às normas de trânsito pelo condutor";"Colisão lateral";"Com Vítimas Feridas";"Amanhecer";"Decrescente";"Céu Claro";"Dupla";"Reta";"Sim";2;0;0;1;1;0;1;2;"-20.3326";"-40.3608";"SR-ES";"DEL12/1";"UOP01/ES"
193847;2019-02-27;"4";"05:00:00";"SC";101;416,5;"ARARANGUA";"Condutor Dormindo";"Colisão com objeto estático";"Sem Vítimas";"Plena Noite";"Crescente";"Nublado";"Múltipla";"Reta";"Sim";1;0;0;0;1;0;0;1;"-28.975981";"-49.53255069";"SR-SC";"DEL8/2";"UOP02/SC"
193848;2019-02-27;"4";"04:50:00";"RJ";101;285;"ITABORAI";"Falta de Atenção à Condução";"Colisão traseira";"Com Vítimas Feridas";"Amanhecer";"Crescente";"Nublado";"Dupla";"Reta";"Não";2;0;1;0;1;0;1;2;"-22.74992";"-42.816509";"SR-RJ";"DEL5/2";"UOP03/RJ"
193849;2019-02-27;"4";"05:35:00";"RN";101;106;"PARNAMIRIM";"Pista Escorregadia";"Queda de ocupante de veículo";"Com Vítimas Feridas";"Pleno dia";"Crescente";"Nublado";"Dupla";"Interseção de vias";"Sim";1;0;1;0;0;0;1;1;"-5.910553";"-35.261307";"SR-RN";"DEL15/1";"UOP01/RN"
193850;2019-02-26;"3";"23:00:00";"PI";316;268;"DOM EXPEDITO LOPES";"Defeito na Via";"Tombamento";"Sem Vítimas";"Plena Noite";"Crescente";"Ignorado";"Simples";"Reta";"Não";1;0;0;0;1;0;0;1;"-6.92574521";"-41.74427032";"SR-PI";"DEL17/4";"UOP02/PI"
193852;2019-02-27;"4";"05:55:00";"PR";277;721,7;"FOZ DO IGUACU";"Falta de Atenção à Condução";"Colisão transversal";"Com Vítimas Feridas";"Amanhecer";"Crescente";"Céu Claro";"Dupla";"Reta";"Sim";2;0;2;0;0;0;2;2;"-25.491169";"-54.511887";"SR-PR";"DEL7/5";"UOP01/PR"
193853;2019-02-27;"4";"06:00:00";"MG";262;50,9;"MANHUACU";"Condutor Dormindo";"Colisão transversal";"Sem Vítimas";"Pleno dia";"Decrescente";"Céu Claro";"Simples";"Curva";"Sim";2;0;0;0;2;0;0;2;"-20.242805";"-42.136524";"SR-MG";"DEL4/6";"UOP04/MG"
193854;2019-02-27;"4";"01:30:00";"RJ";116;220,8;"PIRAI";"Falta de Atenção à Condução";"Colisão traseira";"Com Vítimas Feridas";"Plena Noite";"Crescente";"Nevoeiro/Neblina";"Simples";"Curva";"Não";2;0;1;0;1;0;1;2;"-22.700907";"-43.757046";"SR-RJ";"DEL5/7";"UOP01/RJ"
193855;2019-02-27;"4";"06:10:00";"RJ";116;169;"SAO JOAO DE MERITI";"Não guardar distância de segurança";"Colisão traseira";"Com Vítimas Feridas";"Pleno dia";"Decrescente";"Céu Claro";"Múltipla";"Reta";"Sim";3;0;2;0;1;0;2;2;"-22.816206";"-43.324463";"SR-RJ";"DEL5/1";"UOP02/RJ"
193856;2019-02-27;"4";"07:00:00";"PR";277;672,4;"MEDIANEIRA";"Condutor Dormindo";"Capotamento";"Com Vítimas Feridas";"Pleno dia";"Crescente";"Céu Claro";"Dupla";"Viaduto";"Sim";1;0;1;0;0;0;1;1;"-25.287436";"-54.097012";"SR-PR";"DEL7/5";"UOP01/PR"
193858;2019-02-27;"4";"07:30:00";"CE";20;348,5;"CARIDADE";"Falta de Atenção à Condução";"Colisão transversal";"Com Vítimas Feridas";"Pleno dia";"Crescente";"Céu Claro";"Simples";"Interseção de vias";"Sim";3;0;1;0;2;0;1;2;"-4.10361";"-39.059071";"SR-CE";"DEL16/2";"UOP01/CE"
193859;2019-02-27;"4";"07:30:00";"BA";367;81,9;"EUNAPOLIS";"Falta de Atenção à Condução";"Colisão transversal";"Com Vítimas Feridas";"Pleno dia";"Crescente";"Sol";"Múltipla";"Interseção de vias";"Sim";2;0;1;0;1;0;1;2;"-16.371761";"-39.552624";"SR-BA";"DEL10/9";"UOP01/BA"
193860;2019-02-27;"4";"06:15:00";"MG";40;156,3;"JOAO PINHEIRO";"Condutor Dormindo";"Saída de leito carroçável";"Com Vítimas Fatais";"Pleno dia";"Crescente";"Nevoeiro/Neblina";"Simples";"Reta";"Não";1;1;0;0;0;0;0;1;"-17.843067";"-46.130424";"SR-MG";"DEL4/14";"UOP02/MG"
193861;2019-02-27;"4";"07:50:00";"SP";153;71,8;"SAO JOSE DO RIO PRETO";"Falta de Atenção à Condução";"Colisão traseira";"Com Vítimas Feridas";"Pleno dia";"Decrescente";"Nublado";"Dupla";"Não Informado";"Sim";2;0;1;0;1;0;1;2;"-20.858019";"-49.406662";"SR-SP";"DEL6/9";"UOP01/SP"
193862;2019-02-27;"4";"08:10:00";"GO";153;138;"MARA ROSA";"Ultrapassagem Indevida";"Colisão frontal";"Com Vítimas Feridas";"Pleno dia";"Decrescente";"Céu Claro";"Simples";"Não Informado";"Não";3;0;0;2;1;0;2;2;"-13.976104";"-49.090424";"SR-GO";"DEL1/7";"UOP01/GO"
193863;2019-02-27;"4";"08:30:00";"GO";153;501,9;"GOIANIA";"Falta de Atenção à Condução";"Colisão lateral";"Com Vítimas Feridas";"Pleno dia";"Decrescente";"Sol";"Dupla";"Viaduto";"Sim";2;0;1;0;1;0;1;2;"-16.72928319";"-49.24248219";"SR-GO";"DEL1/1";"UOP01/GO"
193864;2019-02-27;"4";"07:00:00";"BA";242;235,9;"ITABERABA";"Pista Escorregadia";"Colisão lateral";"Sem Vítimas";"Pleno dia";"Decrescente";"Chuva";"Simples";"Curva";"Não";5;0;0;0;5;0;0;2;"-12.52909363";"-40.36823273";"SR-BA";"DEL10/6";"UOP02/BA"
193868;2019-02-26;"3";"22:01:00";"RO";364;428,4;"JARU";"Velocidade Incompatível";"Colisão traseira";"Sem Vítimas";"Plena Noite";"Decrescente";"Nublado";"Simples";"Reta";"Sim";4;0;0;0;4;0;0;2;"-10.421814";"-62.495125";"SR-RO";"DEL21/3";"UOP02/RO"
193869;2019-02-27;"4";"08:45:00";"CE";20;414;"CAUCAIA";"Falta de Atenção à Condução";"Colisão transversal";"Com Vítimas Feridas";"Pleno dia";"Crescente";"Chuva";"Dupla";"Não Informado";"Sim";2;0;1;0;1;0;1;2;"-3.824085";"-38.628128";"SR-CE";"DEL16/1";"UOP01/CE"
193870;2019-02-27;"4";"08:00:00";"MS";262;265;"RIBAS DO RIO PARDO";"Falta de Atenção à Condução";"Colisão com objeto estático";"Com Vítimas Feridas";"Pleno dia";"Decrescente";"Céu Claro";"Simples";"Não Informado";"Não";2;0;2;0;0;0;2;1;"-20.42990901";"-53.97803703";"SR-MS";"DEL3/1";"UOP01/MS"
193871;2019-02-26;"3";"17:03:00";"RJ";40;77;"PETROPOLIS";"Defeito na Via";"Saída de leito carroçável";"Com Vítimas Feridas";"Plena Noite";"Crescente";"Céu Claro";"Simples";"Reta";"Não";1;0;1;0;0;0;1;1;"-22.50446914";"-43.23180199";"SR-RJ";"DEL5/6";"UOP03/RJ"
193872;2019-02-27;"4";"09:00:00";"SC";101;141,5;"BALNEARIO CAMBORIU";"Velocidade Incompatível";"Colisão com objeto estático";"Com Vítimas Feridas";"Pleno dia";"Crescente";"Nublado";"Dupla";"Curva";"Sim";2;0;2;0;0;0;2;1;"-27.0562";"-48.5985";"SR-SC";"DEL8/4";"UOP03/SC"
193873;2019-02-27;"4";"08:00:00";"RJ";40;61;"PETROPOLIS";"Defeito Mecânico no Veículo";"Colisão frontal";"Com Vítimas Feridas";"Pleno dia";"Crescente";"Céu Claro";"Dupla";"Reta";"Não";2;0;1;0;1;0;1;2;"-22.4064";"-43.1475";"SR-RJ";"DEL5/6";"UOP03/RJ"
193874;2019-02-27;"4";"08:50:00";"SC";101;117;"ITAJAI";"Falta de Atenção à Condução";"Colisão traseira";"Com Vítimas Feridas";"Pleno dia";"Crescente";"Chuva";"Dupla";"Reta";"Não";3;0;1;0;2;0;1;3;"-26.8961";"-48.7188";"SR-SC";"DEL8/4";"UOP04/SC"
193875;2019-02-27;"4";"09:10:00";"RN";304;152,3;"ANGICOS";"Falta de Atenção à Condução";"Saída de leito carroçável";"Com Vítimas Feridas";"Pleno dia";"Crescente";"Céu Claro";"Simples";"Reta";"Não";5;0;3;0;1;1;3;2;"-5.692399";"-36.589134";"SR-RN";"DEL15/4";"UOP01/RN"
193876;2019-02-27;"4";"09:20:00";"MG";381;501;"BETIM";"Falta de Atenção à Condução";"Capotamento";"Com Vítimas Feridas";"Pleno dia";"Decrescente";"Céu Claro";"Dupla";"Curva";"Sim";1;0;1;0;0;0;1;1;"-20.0173";"-44.2243";"SR-MG";"DEL4/1";"UOP03/MG"
193877;2019-02-27;"4";"08:00:00";"SP";116;218;"GUARULHOS";"Desobediência às normas de trânsito pelo condutor";"Colisão lateral";"Com Vítimas Feridas";"Pleno dia";"Decrescente";"Céu Claro";"Múltipla";"Reta";"Sim";2;0;1;0;0;1;1;2;"-23.45713284";"-46.47853196";"SR-SP";"DEL6/1";"UOP01/SP"
193878;2019-02-27;"4";"08:00:00";"TO";153;243;"COLINAS DO TOCANTINS";"Ultrapassagem Indevida";"Saída de leito carroçável";"Com Vítimas Feridas";"Pleno dia";"Decrescente";"Céu Claro";"Simples";"Reta";"Não";1;0;1;0;0;0;1;1;"-8.021123";"-48.465488";"SR-TO";"UOP04/TO";""
193880;2019-02-27;"4";"09:45:00";"PI";343;15;"PARNAIBA";"Desobediência às normas de trânsito pelo condutor";"Colisão transversal";"Com Vítimas Feridas";"Pleno dia";"Crescente";"Sol";"Simples";"Reta";"Sim";2;0;1;0;1;0;1;2;"-2.93659";"-41.754936";"SR-PI";"DEL17/5";"UOP01/PI"
193881;2019-02-27;"4";"09:30:00";"DF";20;0,6;"BRASILIA";"Falta de Atenção à Condução";"Colisão transversal";"Com Vítimas Feridas";"Pleno dia";"Decrescente";"Céu Claro";"Dupla";"Reta";"Sim";3;0;1;0;2;0;1;3;"-15.688145";"-47.858797";"SR-DF";"DF";"UOP04/DF"
193882;2019-02-19;"3";"01:00:00";"RN";101;112;"SAO JOSE DE MIPIBU";"Desobediência às normas de trânsito pelo condutor";"Colisão com objeto estático";"Com Vítimas Feridas";"Plena Noite";"Decrescente";"Céu Claro";"Dupla";"Reta";"Não";5;0;3;2;0;0;5;1;"-5.9643";"-35.264877";"SR-RN";"DEL15/1";"UOP01/RN"
193883;2019-02-27;"4";"10:40:00";"PR";376;197,9;"MARIALVA";"Defeito Mecânico no Veículo";"Tombamento";"Com Vítimas Feridas";"Pleno dia";"Crescente";"Garoa/Chuvisco";"Dupla";"Não Informado";"Não";1;0;1;0;0;0;1;1;"-23.500259";"-51.76384";"SR-PR";"DEL7/7";"UOP04/PR"
193884;2019-02-27;"4";"10:25:00";"RN";226;112,1;"SANTA CRUZ";"Desobediência às normas de trânsito pelo condutor";"Colisão transversal";"Com Vítimas Feridas";"Pleno dia";"Crescente";"Céu Claro";"Simples";"Reta";"Sim";2;0;1;0;1;0;1;2;"-6.22088398";"-36.02020025";"SR-RN";"DEL15/3";"UOP02/RN"
193886;2019-02-27;"4";"10:30:00";"MG";381;0,5;"BETIM";"Defeito Mecânico no Veículo";"Colisão com objeto estático";"Com Vítimas Feridas";"Pleno dia";"Crescente";"Céu Claro";"Dupla";"Reta";"Sim";1;0;1;0;0;0;1;1;"-19.96627";"-44.15911674";"SR-MG";"DEL4/1";"UOP03/MG"
193887;2019-02-27;"4";"11:00:00";"PE";423;116;"PARANATAMA";"Falta de Atenção à Condução";"Colisão transversal";"Com Vítimas Feridas";"Pleno dia";"Crescente";"Céu Claro";"Simples";"Reta";"Não";2;0;0;1;0;1;1;2;"-8.904358";"-36.660263";"SR-PE";"DEL11/3";"UOP01/PE"
193888;2019-02-27;"4";"10:55:00";"GO";153;539;"HIDROLANDIA";"Falta de Atenção à Condução";"Queda de ocupante de veículo";"Com Vítimas Feridas";"Pleno dia";"Decrescente";"Céu Claro";"Dupla";"Reta";"Não";1;0;1;0;0;0;1;1;"-17.0445";"-49.2255";"SR-GO";"DEL1/1";"UOP03/GO"
193889;2019-02-27;"4";"11:10:00";"PR";476;140,9;"CURITIBA";"Não guardar distância de segurança";"Queda de ocupante de veículo";"Com Vítimas Feridas";"Pleno dia";"Decrescente";"Garoa/Chuvisco";"Dupla";"Reta";"Sim";1;0;0;1;0;0;1;1;"-25.520693";"-49.294121";"SR-PR";"DEL7/1";"UOP06/PR"
193890;2019-02-27;"4";"07:40:00";"SP";116;227;"SAO PAULO";"Não guardar distância de segurança";"Colisão lateral";"Com Vítimas Feridas";"Pleno dia";"Crescente";"Nublado";"Múltipla";"Reta";"Sim";2;0;1;0;0;1;1;2;"-23.50107252";"-46.56400681";"SR-SP";"DEL6/1";"UOP01/SP"
193891;2019-02-27;"4";"10:45:00";"RS";386;434,8;"NOVA SANTA RITA";"Desobediência às normas de trânsito pelo condutor";"Colisão transversal";"Com Vítimas Feridas";"Pleno dia";"Crescente";"Nublado";"Dupla";"Interseção de vias";"Não";3;0;1;1;1;0;2;2;"-29.843386";"-51.285454";"SR-RS";"DEL9/4";"UOP02/RS"
193892;2019-02-27;"4";"10:40:00";"MG";381;525,9;"BRUMADINHO";"Velocidade Incompatível";"Tombamento";"Com Vítimas Feridas";"Pleno dia";"Crescente";"Nublado";"Dupla";"Não Informado";"Não";1;0;1;0;0;0;1;1;"-20.150719";"-44.326249";"SR-MG";"DEL4/4";"UOP03/MG"
193893;2019-02-27;"4";"10:50:00";"RS";158;218;"CRUZ ALTA";"Desobediência às normas de trânsito pelo condutor";"Colisão transversal";"Com Vítimas Feridas";"Pleno dia";"Crescente";"Céu Claro";"Simples";"Reta";"Não";4;0;1;0;2;1;1;2;"-28.843515";"-53.612511";"SR-RS";"DEL9/10";"UOP02/RS"
193894;2019-02-26;"3";"22:40:00";"MG";116;115,7;"ITAOBIM";"Ingestão de Álcool";"Colisão com objeto estático";"Com Vítimas Feridas";"Plena Noite";"Crescente";"Nublado";"Simples";"Desvio Temporário";"Sim";1;0;0;1;0;0;1;1;"-16.56578326";"-41.50497437";"SR-MG";"DEL4/11";"UOP02/MG"
193895;2019-02-27;"4";"09:15:00";"SC";280;80,1;"CORUPA";"Falta de Atenção à Condução";"Colisão transversal";"Com Vítimas Feridas";"Pleno dia";"Decrescente";"Chuva";"Simples";"Reta";"Não";4;0;2;0;2;0;2;2;"-26.444054";"-49.209812";"SR-SC";"DEL8/6";"UOP03/SC"