"id";"data_inversa";"dia_semana";"horario";"uf";"br";"km";"municipio";"causa_acidente";"tipo_acidente";"classificacao_acidente";"fase_dia";"sentido_via";"condicao_metereologica";"tipo_pista";"tracado_via";"uso_solo";"pessoas";"mortos";"feridos_leves";"feridos_graves";"ilesos";"ignorados";"feridos";"veiculos";"latitude";"longitude";"regional";"delegacia";"uop"
194085;2019-02-28;"5";"11:55:00";"RS";153;48,3;"ERECHIM";"Ultrapassagem Indevida";"Colisão lateral";"Com Vítimas Feridas";"Pleno dia";"Decrescente";"Céu Claro";"Múltipla";"Reta";"Não";4;0;0;2;2;0;2;3;"-27.651188";"-52.257259";"SR-RS";"DEL08";"UOP04/RS"
194086;2019-02-28;"5";"11:50:00";"PE";232;6,4;"RECIFE";"Não guardar distância de segurança";"Colisão traseira";"Com Vítimas Feridas";"Pleno dia";"Decrescente";"Céu Claro";"Dupla";"Reta";"Sim";2;0;1;0;0;1;1;2;"-8.070803";"-34.953556";"SR-PE";"DEL11/1";"UOP01/PE"
194087;2019-02-28;"5";"11:00:00";"MS";60;7;"CHAPADAO DO SUL";"Restrição de Visibilidade";"Saída de leito carroçável";"Com Vítimas Feridas";"Pleno dia";"Decrescente";"Chuva";"Simples";"Reta";"Não";2;0;1;1;0;0;2;2;"-18.751471";"-52.629368";"SR-MS";"DEL3/8";"UOP01/MS"
194089;2019-02-28;"5";"11:50:00";"PR";277;584,5;"SANTA TEREZA DO OESTE";"Falta de Atenção à Condução";"Tombamento";"Com Vítimas Feridas";"Pleno dia";"Crescente";"Céu Claro";"Simples";"Curva";"Não";1;0;1;0;0;0;1;1;"-25.02495079";"-53.55251312";"SR-PR";"DEL7/4";"UOP01/PR"
194090;2019-02-28;"5";"12:45:00";"PR";277;634,1;"CEU AZUL";"Mal Súbito";"Colisão frontal";"Sem Vítimas";"Pleno dia";"Crescente";"Céu Claro";"Simples";"Reta";"Sim";2;0;0;0;2;0;0;2;"-25.132233";"-53.824944";"SR-PR";"DEL7/5";"UOP02/PR"
194091;2019-02-28;"5";"10:45:00";"PI";343;568;"FLORIANO";"Falta de Atenção à Condução";"Saída de leito carroçável";"Com Vítimas Feridas";"Pleno dia";"Crescente";"Sol";"Simples";"Curva";"Não";1;0;1;0;0;0;1;1;"-6.716117";"-42.92231";"SR-PI";"DEL17/3";"UOP01/PI"
194092;2019-02-28;"5";"13:00:00";"RN";405;1,2;"MOSSORO";"Não guardar distância de segurança";"Colisão lateral";"Com Vítimas Fatais";"Pleno dia";"Crescente";"Céu Claro";"Simples";"Retorno Regulamentado";"Sim";4;1;0;0;3;0;0;2;"-5.191708";"-37.361526";"SR-RN";"DEL15/4";"UOP02/RN"
194093;2019-02-28;"5";"13:25:00";"PE";232;46,9;"VITORIA DE SANTO ANTAO";"Falta de Atenção à Condução";"Colisão transversal";"Sem Vítimas";"Pleno dia";"Crescente";"Céu Claro";"Dupla";"Reta";"Não";2;0;0;0;1;1;0;2;"-8.128181";"-35.281677";"SR-PE";"DEL11/1";"UOP04/PE"
194094;2019-02-28;"5";"13:20:00";"SP";116;211;"GUARULHOS";"Defeito Mecânico no Veículo";"Tombamento";"Com Vítimas Feridas";"Pleno dia";"Crescente";"Garoa/Chuvisco";"Múltipla";"Reta";"Sim";1;0;1;0;0;0;1;1;"-23.43297732";"-46.42129811";"SR-SP";"DEL6/1";"UOP01/SP"
194096;2019-02-07;"5";"08:20:00";"SC";101;410;"ARARANGUA";"Desobediência às normas de trânsito pelo condutor";"Tombamento";"Sem Vítimas";"Pleno dia";"Crescente";"Céu Claro";"Dupla";"Reta";"Não";1;0;0;0;1;0;0;1;"-28.93064602";"-49.51366425";"SR-SC";"DEL8/2";"UOP02/SC"
194097;2019-02-28;"5";"12:50:00";"MG";365;679,9;"MONTE ALEGRE DE MINAS";"Condutor Dormindo";"Saída de leito carroçável";"Com Vítimas Feridas";"Pleno dia";"Decrescente";"Nublado";"Dupla";"Curva";"Não";6;0;2;2;1;1;4;1;"-18.8517";"-48.7921";"SR-MG";"DEL4/15";"UOP01/MG"
194098;2019-02-28;"5";"13:15:00";"SC";282;2,9;"FLORIANOPOLIS";"Falta de Atenção à Condução";"Colisão lateral";"Com Vítimas Feridas";"Pleno dia";"Decrescente";"Céu Claro";"Dupla";"Reta";"Não";2;0;1;0;1;0;1;2;"-27.603289";"-48.590416";"SR-SC";"DEL8/1";"UOP01/SC"
194099;2019-02-28;"5";"10:35:00";"MG";116;517,6;"UBAPORANGA";"Desobediência às normas de trânsito pelo condutor";"Colisão transversal";"Com Vítimas Feridas";"Pleno dia";"Decrescente";"Sol";"Simples";"Reta";"Não";2;0;0;1;1;0;1;2;"-19.697371";"-42.116362";"SR-MG";"DEL4/6";"UOP02/MG"
194100;2019-02-28;"5";"11:35:00";"RS";285;270;"MATO CASTELHANO";"Desobediência às normas de trânsito pelo condutor";"Colisão transversal";"Com Vítimas Feridas";"Pleno dia";"Crescente";"Sol";"Simples";"Reta";"Sim";2;0;2;0;0;0;2;2;"-28.287241";"-52.169132";"SR-RS";"DEL08";"UOP03/RS"
194102;2019-02-28;"5";"12:50:00";"GO";60;188,7;"GUAPO";"Defeito na Via";"Colisão com objeto estático";"Sem Vítimas";"Pleno dia";"Crescente";"Chuva";"Dupla";"Desvio Temporário";"Sim";1;0;0;0;1;0;0;1;"-16.8138";"-49.5294";"SR-GO";"DEL1/1";"UOP02/GO"
194103;2019-02-28;"5";"12:15:00";"MG";381;438,4;"SABARA";"Pista Escorregadia";"Colisão frontal";"Com Vítimas Feridas";"Pleno dia";"Crescente";"Nublado";"Simples";"Curva";"Não";4;0;0;1;3;0;1;2;"-19.78791";"-43.73603";"SR-MG";"DEL4/1";"UOP01/MG"
194104;2019-02-28;"5";"04:00:00";"PE";428;164;"PETROLINA";"Velocidade Incompatível";"Capotamento";"Com Vítimas Feridas";"Amanhecer";"Crescente";"Céu Claro";"Simples";"Reta";"Não";2;0;2;0;0;0;2;1;"-9.178201";"-40.375263";"SR-PE";"DEL11/6";"UOP01/PE"
194105;2019-02-28;"5";"14:10:00";"SC";101;210;"SAO JOSE";"Falta de Atenção à Condução";"Atropelamento de Pedestre";"Com Vítimas Feridas";"Pleno dia";"Decrescente";"Céu Claro";"Dupla";"Reta";"Não";3;0;1;0;1;1;1;1;"-27.6235";"-48.6524";"SR-SC";"DEL8/1";"UOP01/SC"
194106;2019-02-28;"5";"14:25:00";"RS";116;262;"CANOAS";"Não guardar distância de segurança";"Colisão traseira";"Com Vítimas Feridas";"Pleno dia";"Decrescente";"Céu Claro";"Múltipla";"Reta";"Sim";3;0;2;0;0;1;2;2;"-29.896475";"-51.17593";"SR-RS";"DEL9/1";"UOP01/RS"
194107;2019-02-28;"5";"08:20:00";"MA";135;43;"BACABEIRA";"Não guardar distância de segurança";"Colisão lateral";"Sem Vítimas";"Pleno dia";"Decrescente";"Céu Claro";"Dupla";"Desvio Temporário";"Sim";3;0;0;0;3;0;0;3;"-2.912626";"-44.354046";"SR-MA";"DEL18/1";"UOP01/MA"
194108;2019-02-28;"5";"14:30:00";"GO";60;166,2;"GOIANIA";"Velocidade Incompatível";"Colisão traseira";"Com Vítimas Feridas";"Pleno dia";"Decrescente";"Chuva";"Dupla";"Reta";"Sim";3;0;1;1;1;0;2;2;"-16.71360714";"-49.35944125";"SR-GO";"DEL1/1";"UOP02/GO"
194109;2019-02-28;"5";"14:00:00";"RN";101;157;"CANGUARETAMA";"Falta de Atenção à Condução";"Colisão lateral";"Com Vítimas Feridas";"Pleno dia";"Decrescente";"Céu Claro";"Dupla";"Reta";"Não";2;0;1;0;1;0;1;2;"-6.347917";"-35.165813";"SR-RN";"DEL15/1";"UOP01/RN"
194110;2019-02-28;"5";"09:40:00";"ES";262;7;"CARIACICA";"Falta de Atenção do Pedestre";"Colisão transversal";"Com Vítimas Feridas";"Pleno dia";"Decrescente";"Céu Claro";"Dupla";"Reta";"Não";2;0;1;0;1;0;1;2;"-20.3426";"-40.4024";"SR-ES";"DEL12/1";"UOP01/ES"
194111;2019-02-28;"5";"14:20:00";"GO";153;263,6;"NOVA GLORIA";"Defeito Mecânico no Veículo";"Tombamento";"Sem Vítimas";"Pleno dia";"Decrescente";"Céu Claro";"Simples";"Reta";"Não";2;0;0;0;1;1;0;1;"-15.01614";"-49.421726";"SR-GO";"DEL1/7";"UOP02/GO"
194113;2019-02-28;"5";"14:40:00";"ES";262;6,8;"CARIACICA";"Falta de Atenção à Condução";"Colisão lateral";"Com Vítimas Feridas";"Pleno dia";"Decrescente";"Céu Claro";"Múltipla";"Reta";"Sim";2;0;0;1;1;0;1;2;"-20.3404";"-40.395";"SR-ES";"DEL12/1";"UOP01/ES"
194114;2019-02-28;"5";"14:40:00";"RN";304;74,5;"MOSSORO";"Defeito Mecânico no Veículo";"Tombamento";"Com Vítimas Feridas";"Pleno dia";"Crescente";"Nublado";"Simples";"Reta";"Não";2;0;2;0;0;0;2;1;"-5.45829776";"-37.31477916";"SR-RN";"DEL15/4";"UOP01/RN"
194115;2019-02-28;"5";"14:15:00";"PR";277;83;"CURITIBA";"Desobediência às normas de trânsito pelo condutor";"Colisão transversal";"Com Vítimas Feridas";"Pleno dia";"Crescente";"Nublado";"Dupla";"Reta";"Sim";2;0;1;0;1;0;1;2;"-25.45815486";"-49.22149658";"SR-PR";"DEL7/1";"UOP01/PR"
194117;2019-02-28;"5";"13:40:00";"PR";476;150;"ARAUCARIA";"Velocidade Incompatível";"Colisão traseira";"Sem Vítimas";"Pleno dia";"Decrescente";"Nublado";"Dupla";"Reta";"Não";2;0;0;0;2;0;0;2;"-25.558477";"-49.368313";"SR-PR";"DEL7/1";"UOP04/PR"
194118;2019-02-28;"5";"09:27:00";"MT";364;33,2;"ALTO ARAGUAIA";"Ultrapassagem Indevida";"Colisão frontal";"Com Vítimas Feridas";"Pleno dia";"Crescente";"Chuva";"Simples";"Reta";"Não";2;0;1;0;1;0;1;2;"-17.138285";"-53.434826";"SR-MT";"DEL2/2";"UOP04/MT"
194119;2019-02-28;"5";"15:15:00";"SC";282;1,9;"FLORIANOPOLIS";"Falta de Atenção à Condução";"Colisão traseira";"Com Vítimas Feridas";"Pleno dia";"Crescente";"Céu Claro";"Dupla";"Reta";"Sim";3;0;2;0;1;0;2;2;"-27.602955";"-48.580509";"SR-SC";"DEL8/1";"UOP01/SC"
194120;2019-02-28;"5";"12:23:00";"RJ";101;278;"TANGUA";"Agressão Externa";"Colisão lateral";"Com Vítimas Feridas";"Pleno dia";"Decrescente";"Céu Claro";"Dupla";"Reta";"Sim";3;0;1;0;2;0;1;2;"-22.740246";"-42.758068";"SR-RJ";"DEL5/2";"UOP03/RJ"
194121;2019-02-28;"5";"15:55:00";"GO";153;535,2;"HIDROLANDIA";"Velocidade Incompatível";"Saída de leito carroçável";"Com Vítimas Feridas";"Pleno dia";"Decrescente";"Chuva";"Dupla";"Não Informado";"Não";3;0;2;0;1;0;2;1;"-17.0193";"-49.2217";"SR-GO";"DEL1/1";"UOP03/GO"
194122;2019-01-05;"7";"21:00:00";"BA";418;75,5;"CARAVELAS";"Animais na Pista";"Atropelamento de Animal";"Com Vítimas Feridas";"Plena Noite";"Crescente";"Nublado";"Simples";"Reta";"Não";4;0;3;0;1;0;3;1;"-17.734264";"-39.553185";"SR-BA";"DEL10/9";"UOP03/BA"
194123;2019-02-28;"5";"15:50:00";"SP";381;69,8;"MAIRIPORA";"Falta de Atenção à Condução";"Colisão com objeto estático";"Com Vítimas Feridas";"Pleno dia";"Decrescente";"Garoa/Chuvisco";"Dupla";"Curva";"Não";1;0;1;0;0;0;1;1;"-23.34751996";"-46.56198692";"SR-SP";"DEL6/3";"UOP02/SP"
194124;2019-02-28;"5";"11:25:00";"MG";381;704,6;"LAVRAS";"Velocidade Incompatível";"Colisão com objeto estático";"Com Vítimas Feridas";"Pleno dia";"Decrescente";"Garoa/Chuvisco";"Dupla";"Curva";"Não";1;0;1;0;0;0;1;1;"-21.3156";"-45.1672";"SR-MG";"DEL4/4";"UOP02/MG"
194125;2019-02-28;"5";"11:40:00";"MS";267;41,5;"BATAGUASSU";"Avarias e/ou desgaste excessivo no pneu";"Capotamento";"Com Vítimas Feridas";"Pleno dia";"Decrescente";"Nublado";"Simples";"Não Informado";"Não";2;0;2;0;0;0;2;1;"-21.784026";"-52.511032";"SR-MS";"DEL2";"UOP04/MS"
194126;2019-01-31;"5";"05:00:00";"PE";232;42;"VITORIA DE SANTO ANTAO";"Desobediência às normas de trânsito pelo condutor";"Colisão traseira";"Com Vítimas Feridas";"Amanhecer";"Decrescente";"Nublado";"Dupla";"Reta";"Não";3;0;2;0;1;0;2;2;"-8.115282";"-35.252045";"SR-PE";"DEL11/1";"UOP04/PE"
194127;2019-02-28;"5";"15:30:00";"ES";482;120,9;"GUACUI";"Velocidade Incompatível";"Saída de leito carroçável";"Com Vítimas Feridas";"Pleno dia";"Crescente";"Chuva";"Simples";"Curva";"Não";1;0;1;0;0;0;1;1;"-20.78132848";"-41.77190781";"SR-ES";"DEL12/3";"UOP02/ES"
194128;2019-02-28;"5";"14:20:00";"MA";10;290;"CIDELANDIA";"Pista Escorregadia";"Capotamento";"Com Vítimas Feridas";"Pleno dia";"Crescente";"Chuva";"Simples";"Reta";"Não";1;0;1;0;0;0;1;1;"-5.18292705";"-47.52513885";"SR-MA";"DEL18/4";"UOP01/MA"
194129;2019-02-28;"5";"13:55:00";"MT";364;204;"RONDONOPOLIS";"Ingestão de Álcool";"Colisão traseira";"Com Vítimas Feridas";"Pleno dia";"Decrescente";"Céu Claro";"Dupla";"Reta";"Sim";3;0;1;0;2;0;1;3;"-16.467325";"-54.657196";"SR-MT";"DEL2/2";"UOP01/MT"
194130;2019-02-28;"5";"15:50:00";"SP";153;45,7;"SAO JOSE DO RIO PRETO";"Falta de Atenção à Condução";"Colisão lateral";"Sem Vítimas";"Pleno dia";"Crescente";"Nublado";"Simples";"Desvio Temporário";"Não";3;0;0;0;3;0;0;2;"-20.66633646";"-49.34088707";"SR-SP";"DEL6/9";"UOP01/SP"
194131;2019-02-28;"5";"06:50:00";"PA";316;27,9;"BENEVIDES";"Falta de Atenção à Condução";"Colisão lateral";"Com Vítimas Feridas";"Amanhecer";"Crescente";"Céu Claro";"Dupla";"Reta";"Não";3;0;0;1;1;1;1;2;"-1.31206488";"-48.22182655";"SR-PA";"DEL19/1";"UOP01/PA"
194132;2019-02-28;"5";"16:00:00";"SC";470;69;"INDAIAL";"Velocidade Incompatível";"Colisão traseira";"Com Vítimas Feridas";"Pleno dia";"Crescente";"Céu Claro";"Simples";"Reta";"Não";4;0;1;0;3;0;1;3;"-26.883745";"-49.246704";"SR-SC";"DEL8/4";"UOP01/SC"
194134;2019-02-28;"5";"15:15:00";"RO";364;340,5;"JI-PARANA";"Falta de Atenção à Condução";"Colisão lateral";"Com Vítimas Feridas";"Pleno dia";"Decrescente";"Chuva";"Dupla";"Reta";"Sim";3;0;2;0;1;0;2;2;"-10.898911";"-61.930458";"SR-RO";"DEL21/2";"UOP01/RO"
194135;2019-02-28;"5";"15:40:00";"ES";101;294,9;"CARIACICA";"Falta de Atenção à Condução";"Colisão traseira";"Com Vítimas Feridas";"Pleno dia";"Crescente";"Céu Claro";"Dupla";"Reta";"Não";3;0;0;3;0;0;3;2;"-20.32595528";"-40.39775848";"SR-ES";"DEL12/1";"UOP01/ES"
194136;2019-02-28;"5";"16:05:00";"GO";153;500,8;"GOIANIA";"Não guardar distância de segurança";"Queda de ocupante de veículo";"Com Vítimas Feridas";"Pleno dia";"Crescente";"Céu Claro";"Dupla";"Interseção de vias";"Não";1;0;1;0;0;0;1;1;"-16.7118";"-49.2324";"SR-GO";"DEL1/1";"UOP01/GO"
194137;2019-02-28;"5";"17:10:00";"PR";277;66;"SAO JOSE DOS PINHAIS";"Desobediência às normas de trânsito pelo condutor";"Colisão traseira";"Com Vítimas Feridas";"Pleno dia";"Decrescente";"Nublado";"Dupla";"Reta";"Não";2;0;0;1;1;0;1;2;"-25.52918142";"-49.08877644";"SR-PR";"DEL7/1";"UOP06/PR"
194138;2019-02-28;"5";"15:30:00";"MG";365;17,6;"MONTES CLAROS";"Velocidade Incompatível";"Saída de leito carroçável";"Sem Vítimas";"Pleno dia";"Decrescente";"Chuva";"Simples";"Não Informado";"Não";1;0;0;0;1;0;0;1;"-16.877241";"-43.993404";"SR-MG";"DEL4/12";"UOP01/MG"
194139;2019-02-28;"5";"14:00:00";"MS";158;116,3;"APARECIDA DO TABOADO";"Pista Escorregadia";"Colisão com objeto estático";"Sem Vítimas";"Pleno dia";"Crescente";"Chuva";"Simples";"Curva";"Não";2;0;0;0;2;0;0;1;"-19.83661771";"-51.11153126";"SR-MS";"DEL3/8";"UOP01/MS"
194140;2019-02-28;"5";"16:50:00";"PB";230;16;"JOAO PESSOA";"Não guardar distância de segurança";"Engavetamento";"Sem Vítimas";"Pleno dia";"Decrescente";"Céu Claro";"Dupla";"Reta";"Sim";4;0;0;0;4;0;0;4;"-7.1039";"-34.8458";"SR-PB";"DEL14/1";"UOP00/PB"
194141;2019-02-28;"5";"16:00:00";"ES";262;2,8;"CARIACICA";"Falta de Atenção à Condução";"Colisão traseira";"Com Vítimas Feridas";"Pleno dia";"Crescente";"Sol";"Dupla";"Reta";"Sim";3;0;1;1;1;0;2;2;"-20.33236386";"-40.36720276";"SR-ES";"DEL12/1";"UOP01/ES"
194142;2019-02-28;"5";"17:10:00";"MG";50;62;"UBERLANDIA";"Velocidade Incompatível";"Saída de leito carroçável";"Com Vítimas Feridas";"Pleno dia";"Decrescente";"Chuva";"Dupla";"Reta";"Não";1;0;1;0;0;0;1;1;"-18.8384";"-48.2509";"SR-MG";"DEL4/15";"UOP02/MG"
194143;2019-02-28;"5";"17:05:00";"MG";381;924,6;"CAMANDUCAIA";"Velocidade Incompatível";"Colisão com objeto estático";"Com Vítimas Feridas";"Pleno dia";"Crescente";"Chuva";"Dupla";"Curva";"Não";1;0;1;0;0;0;1;1;"-22.77008056";"-46.19414896";"SR-MG";"DEL09";"UOP03/MG"
194145;2019-02-28;"5";"17:30:00";"RS";472;577;"URUGUAIANA";"Desobediência às normas de trânsito pelo condutor";"Colisão lateral";"Com Vítimas Feridas";"Pleno dia";"Crescente";"Céu Claro";"Simples";"Reta";"Não";3;0;2;0;1;0;2;2;"-29.81726367";"-57.09835052";"SR-RS";"DEL9/13";"UOP01/RS"
194146;2019-02-28;"5";"17:30:00";"MG";365;59,2;"CLARO DOS POCOES";"Velocidade Incompatível";"Colisão frontal";"Com Vítimas Fatais";"Anoitecer";"Crescente";"Chuva";"Simples";"Curva";"Não";2;1;0;0;1;0;0;2;"-16.949532";"-44.243755";"SR-MG";"DEL4/12";"UOP01/MG"
194147;2019-02-28;"5";"17:45:00";"SP";381;86;"SAO PAULO";"Falta de Atenção à Condução";"Colisão traseira";"Com Vítimas Feridas";"Pleno dia";"Crescente";"Garoa/Chuvisco";"Dupla";"Reta";"Sim";6;0;1;1;4;0;2;6;"-23.46956654";"-46.56863594";"SR-SP";"DEL6/3";"UOP02/SP"
194148;2019-02-28;"5";"16:00:00";"MG";116;151,5;"PONTO DOS VOLANTES";"Pista Escorregadia";"Saída de leito carroçável";"Com Vítimas Feridas";"Pleno dia";"Crescente";"Chuva";"Simples";"Curva";"Não";5;0;5;0;0;0;5;1;"-16.86403";"-41.473849";"SR-MG";"DEL4/11";"UOP02/MG"
194149;2019-02-28;"5";"18:00:00";"PI";343;5,3;"PARNAIBA";"Falta de Atenção à Condução";"Colisão transversal";"Com Vítimas Feridas";"Plena Noite";"Decrescente";"Céu Claro";"Simples";"Reta";"Não";3;0;1;0;2;0;1;2;"-2.8956";"-41.696838";"SR-PI";"DEL17/5";"UOP01/PI"
194150;2019-02-28;"5";"18:05:00";"PR";277;723,6;"FOZ DO IGUACU";"Não guardar distância de segurança";"Colisão traseira";"Com Vítimas Feridas";"Pleno dia";"Decrescente";"Céu Claro";"Dupla";"Reta";"Sim";2;0;1;0;1;0;1;2;"-25.495068";"-54.52095";"SR-PR";"DEL7/5";"UOP01/PR"
194151;2019-02-28;"5";"18:00:00";"PR";376;669;"GUARATUBA";"Velocidade Incompatível";"Tombamento";"Com Vítimas Feridas";"Anoitecer";"Crescente";"Nublado";"Dupla";"Curva";"Não";1;0;1;0;0;0;1;1;"-25.8767549";"-48.93602371";"SR-PR";"DEL7/1";"UOP08/PR"
194152;2019-02-28;"5";"18:20:00";"PR";116;115;"CURITIBA";"Falta de Atenção à Condução";"Colisão lateral";"Com Vítimas Feridas";"Pleno dia";"Decrescente";"Céu Claro";"Dupla";"Reta";"Sim";2;0;0;1;1;0;1;2;"-25.54646839";"-49.30373311";"SR-PR";"DEL7/1";"UOP01/PR"
194153;2019-02-28;"5";"18:00:00";"RJ";393;262;"BARRA DO PIRAI";"Falta de Atenção à Condução";"Saída de leito carroçável";"Com Vítimas Feridas";"Anoitecer";"Crescente";"Nublado";"Simples";"Reta";"Não";2;0;2;0;0;0;2;1;"-22.478863";"-43.887202";"SR-RJ";"DEL5/5";"UOP02/RJ"
194154;2019-02-28;"5";"18:25:00";"BA";101;22;"RIO REAL";"Falta de Atenção à Condução";"Saída de leito carroçável";"Com Vítimas Fatais";"Plena Noite";"Decrescente";"Céu Claro";"Simples";"Reta";"Não";6;2;3;1;0;0;4;1;"-11.6677";"-37.8969";"SR-SE";"DEL20/2";"UOP03/SE"
194155;2019-02-28;"5";"17:50:00";"RS";386;437;"NOVA SANTA RITA";"Falta de Atenção à Condução";"Colisão traseira";"Sem Vítimas";"Pleno dia";"Crescente";"Céu Claro";"Dupla";"Reta";"Sim";3;0;0;0;3;0;0;2;"-29.85803";"-51.261227";"SR-RS";"DEL9/4";"UOP02/RS"
194156;2019-02-28;"5";"11:15:00";"AM";174;901;"MANAUS";"Falta de Atenção à Condução";"Saída de leito carroçável";"Sem Vítimas";"Pleno dia";"Decrescente";"Nublado";"Simples";"Reta";"Não";1;0;0;0;1;0;0;1;"-2.80462215";"-60.03651403";"SR-AM";"UOP01/AM";""
194157;2019-02-28;"5";"16:40:00";"MG";40;718;"BARBACENA";"Falta de Atenção à Condução";"Colisão com objeto estático";"Com Vítimas Feridas";"Pleno dia";"Decrescente";"Nublado";"Dupla";"Reta";"Não";2;0;1;0;1;0;1;1;"-21.2916";"-43.6372";"SR-MG";"DEL5";"UOP01/MG"
194158;2019-02-28;"5";"19:00:00";"SC";101;142;"BALNEARIO CAMBORIU";"Defeito Mecânico no Veículo";"Colisão traseira";"Com Vítimas Feridas";"Anoitecer";"Decrescente";"Nublado";"Simples";"Não Informado";"Não";3;0;0;1;2;0;1;3;"-27.0645";"-48.5958";"SR-SC";"DEL8/4";"UOP03/SC"
194159;2019-02-28;"5";"18:15:00";"PR";116;151,5;"MANDIRITUBA";"Falta de Atenção à Condução";"Colisão lateral";"Com Vítimas Feridas";"Anoitecer";"Crescente";"Nublado";"Simples";"Curva";"Sim";3;0;0;1;2;0;1;3;"-25.8511907";"-49.35728073";"SR-PR";"DEL7/1";"UOP03/PR"
194160;2019-02-28;"5";"18:00:00";"RJ";116;300;"RESENDE";"Velocidade Incompatível";"Atropelamento de Pedestre";"Com Vítimas Feridas";"Anoitecer";"Decrescente";"Nublado";"Dupla";"Reta";"Não";5;0;0;1;4;0;1;1;"-22.45545636";"-44.39060211";"SR-RJ";"DEL5/7";"UOP03/RJ"
194161;2019-02-28;"5";"19:00:00";"MG";365;626;"UBERLANDIA";"Não guardar distância de segurança";"Colisão traseira";"Sem Vítimas";"Plena Noite";"Crescente";"Nublado";"Dupla";"Não Informado";"Sim";2;0;0;0;2;0;0;2;"-18.9066";"-48.2971";"SR-MG";"DEL4/15";"UOP01/MG"
194162;2019-02-28;"5";"18:40:00";"SP";381;85;"SAO PAULO";"Falta de Atenção à Condução";"Engavetamento";"Com Vítimas Feridas";"Anoitecer";"Crescente";"Chuva";"Dupla";"Reta";"Sim";5;0;1;0;4;0;1;4;"-23.454202";"-46.571039";"SR-SP";"DEL6/3";"UOP02/SP"
194164;2019-02-28;"5";"19:30:00";"BA";324;624;"SALVADOR";"Falta de Atenção à Condução";"Colisão lateral";"Com Vítimas Feridas";"Plena Noite";"Crescente";"Céu Claro";"Dupla";"Reta";"Sim";2;0;0;2;0;0;2;2;"-12.9319569";"-38.47171783";"SR-BA";"DEL10/1";"UOP01/BA"
194165;2019-02-28;"5";"19:00:00";"RJ";493;9;"GUAPIMIRIM";"Defeito na Via";"Colisão frontal";"Com Vítimas Feridas";"Plena Noite";"Crescente";"Nublado";"Simples";"Não Informado";"Não";4;0;2;0;1;1;2;2;"-22.704386";"-42.955006";"SR-RJ";"DEL5/4";"UOP02/RJ"
194166;2019-02-28;"5";"18:50:00";"SE";101;177,4;"SANTA LUZIA DO ITANHY";"Ultrapassagem Indevida";"Colisão frontal";"Com Vítimas Fatais";"Plena Noite";"Crescente";"Céu Claro";"Simples";"Reta";"Não";2;1;0;0;1;0;0;2;"-11.36118451";"-37.61913137";"SR-SE";"DEL20/2";"UOP03/SE"
194168;2019-02-28;"5";"19:40:00";"MG";50;43,6;"ARAGUARI";"Objeto estático sobre o leito carroçável";"Colisão com objeto estático";"Com Vítimas Feridas";"Plena Noite";"Crescente";"Garoa/Chuvisco";"Dupla";"Não Informado";"Não";3;0;2;0;1;0;2;1;"-18.7068";"-48.1919";"SR-MG";"DEL4/15";"UOP02/MG"
194169;2019-02-28;"5";"18:40:00";"PR";153;358,4;"RIO AZUL";"Velocidade Incompatível";"Saída de leito carroçável";"Com Vítimas Fatais";"Anoitecer";"Crescente";"Céu Claro";"Simples";"Curva";"Não";1;1;0;0;0;0;0;1;"-25.700607";"-50.778904";"SR-PR";"DEL7/3";"UOP04/PR"
194171;2019-02-28;"5";"19:00:00";"PR";277;124;"CAMPO LARGO";"Desobediência às normas de trânsito pelo condutor";"Colisão frontal";"Com Vítimas Feridas";"Plena Noite";"Decrescente";"Céu Claro";"Dupla";"Interseção de vias";"Não";2;0;0;1;1;0;1;2;"-25.45791914";"-49.5606029";"SR-PR";"DEL7/1";"UOP05/PR"
194172;2019-02-28;"5";"18:05:00";"SC";280;55,7;"GUARAMIRIM";"Não guardar distância de segurança";"Engavetamento";"Com Vítimas Feridas";"Pleno dia";"Crescente";"Sol";"Simples";"Reta";"Sim";6;0;4;0;2;0;4;5;"-26.47948525";"-49.00365829";"SR-SC";"DEL8/3";"UOP03/SC"
194173;2019-02-28;"5";"19:30:00";"PR";277;593,6;"CASCAVEL";"Desobediência às normas de trânsito pelo condutor";"Colisão frontal";"Com Vítimas Feridas";"Plena Noite";"Crescente";"Céu Claro";"Simples";"Reta";"Sim";2;0;1;0;1;0;1;2;"-25.02817";"-53.55983";"SR-PR";"DEL7/4";"UOP01/PR"
194174;2019-02-28;"5";"17:20:00";"PI";316;9,9;"TERESINA";"Falta de Atenção à Condução";"Tombamento";"Com Vítimas Feridas";"Pleno dia";"Crescente";"Céu Claro";"Simples";"Reta";"Sim";2;0;1;0;1;0;1;2;"-5.173879";"-42.766232";"SR-PI";"DEL17/1";"UOP02/PI"
194176;2019-02-28;"5";"19:50:00";"PR";116;205;"RIO NEGRO";"Ingestão de Álcool";"Colisão lateral";"Sem Vítimas";"Plena Noite";"Decrescente";"Céu Claro";"Simples";"Não Informado";"Não";2;0;0;0;2;0;0;2;"-26.101749";"-49.780796";"SR-SC";"DEL8/6";"UOP01/SC"
194177;2019-02-28;"5";"19:30:00";"PA";222;227;"MARABA";"Falta de Atenção à Condução";"Atropelamento de Pedestre";"Com Vítimas Feridas";"Plena Noite";"Crescente";"Nublado";"Simples";"Rotatória";"Sim";3;0;1;0;1;1;1;1;"-5.215363";"-49.048996";"SR-PA";"DEL19/3";"UOP01/PA"