"id";"data_inversa";"dia_semana";"horario";"uf";"br";"km";"municipio";"causa_acidente";"tipo_acidente";"classificacao_acidente";"fase_dia";"sentido_via";"condicao_metereologica";"tipo_pista";"tracado_via";"uso_solo";"pessoas";"mortos";"feridos_leves";"feridos_graves";"ilesos";"ignorados";"feridos";"veiculos";"latitude";"longitude";"regional";"delegacia";"uop"
194178;2019-02-28;"5";"17:30:00";"PR";277;31,8;"MORRETES";"Velocidade Incompatível";"Colisão com objeto estático";"Sem Vítimas";"Pleno dia";"Decrescente";"Garoa/Chuvisco";"Dupla";"Curva";"Não";1;0;0;0;1;0;0;1;"-25.56117132";"-48.81090939";"SR-PR";"DEL7/1";"UOP07/PR"
194179;2019-02-28;"5";"18:35:00";"MG";267;92,5;"JUIZ DE FORA";"Falta de Atenção do Pedestre";"Atropelamento de Pedestre";"Com Vítimas Feridas";"Anoitecer";"Decrescente";"Céu Claro";"Simples";"Desvio Temporário";"Sim";2;0;1;0;1;0;1;1;"-21.771578";"-43.29119";"SR-MG";"DEL5";"UOP01/MG"
194180;2019-02-28;"5";"09:55:00";"RO";319;63;"PORTO VELHO";"Defeito Mecânico no Veículo";"Colisão com objeto em movimento";"Com Vítimas Feridas";"Pleno dia";"Decrescente";"Céu Claro";"Dupla";"Reta";"Sim";3;0;1;0;2;0;1;2;"-8.753036";"-63.886997";"SR-RO";"DEL21/1";"UOP01/RO"
194181;2019-02-28;"5";"19:40:00";"MS";463;110,8;"PONTA PORA";"Falta de Atenção do Pedestre";"Atropelamento de Pedestre";"Com Vítimas Feridas";"Plena Noite";"Crescente";"Ignorado";"Dupla";"Reta";"Não";2;0;0;1;1;0;1;1;"-22.572939";"-55.693943";"SR-MS";"DEL3/4";"UOP03/MS"
194182;2019-02-28;"5";"17:15:00";"RJ";116;5;"SAPUCAIA";"Pista Escorregadia";"Saída de leito carroçável";"Com Vítimas Feridas";"Pleno dia";"Decrescente";"Nublado";"Simples";"Curva";"Não";1;0;1;0;0;0;1;1;"-21.901161";"-42.688961";"SR-RJ";"DEL5/4";"UOP01/RJ"
194183;2019-02-28;"5";"19:40:00";"SC";280;124;"RIO NEGRINHO";"Desobediência às normas de trânsito pelo condutor";"Colisão traseira";"Com Vítimas Feridas";"Plena Noite";"Decrescente";"Céu Claro";"Simples";"Não Informado";"Sim";4;0;0;1;1;2;1;2;"-26.241304";"-49.475143";"SR-SC";"DEL8/6";"UOP03/SC"
194184;2019-02-28;"5";"21:30:00";"BA";324;620;"SALVADOR";"Falta de Atenção à Condução";"Colisão traseira";"Com Vítimas Feridas";"Plena Noite";"Decrescente";"Céu Claro";"Múltipla";"Reta";"Sim";2;0;1;0;1;0;1;2;"-12.88878785";"-38.44214916";"SR-BA";"DEL10/1";"UOP01/BA"
194185;2019-02-28;"5";"21:30:00";"RS";290;99;"PORTO ALEGRE";"Falta de Atenção à Condução";"Colisão traseira";"Com Vítimas Feridas";"Plena Noite";"Crescente";"Céu Claro";"Dupla";"Reta";"Sim";1;0;1;0;0;0;1;1;"-29.991756";"-51.22699";"SR-RS";"DEL9/1";"UOP01/RS"
194187;2019-02-28;"5";"21:15:00";"ES";101;397,3;"RIO NOVO DO SUL";"Falta de Atenção do Pedestre";"Atropelamento de Pedestre";"Com Vítimas Feridas";"Plena Noite";"Crescente";"Nublado";"Simples";"Curva";"Sim";2;0;1;0;1;0;1;1;"-20.86917344";"-40.94146555";"SR-ES";"DEL12/3";"UOP02/ES"
194188;2019-02-28;"5";"19:45:00";"TO";153;133,2;"WANDERLANDIA";"Velocidade Incompatível";"Tombamento";"Com Vítimas Feridas";"Plena Noite";"Decrescente";"Chuva";"Dupla";"Rotatória";"Não";1;0;1;0;0;0;1;1;"-7.11650024";"-48.18869591";"SR-TO";"UOP04/TO";""
194189;2019-02-28;"5";"20:30:00";"TO";242;422,8;"CARIRI DO TOCANTINS";"Animais na Pista";"Atropelamento de Animal";"Com Vítimas Feridas";"Plena Noite";"Crescente";"Nublado";"Simples";"Reta";"Não";3;0;1;0;1;1;1;2;"-11.961072";"-49.201527";"SR-TO";"UOP01/TO";""
194190;2019-02-28;"5";"21:10:00";"RS";285;426;"PANAMBI";"Condutor Dormindo";"Saída de leito carroçável";"Com Vítimas Feridas";"Plena Noite";"Decrescente";"Céu Claro";"Simples";"Reta";"Não";3;0;1;0;0;2;1;2;"-28.320379";"-53.607491";"SR-RS";"DEL9/10";"UOP01/RS"
194191;2019-02-28;"5";"20:30:00";"MG";116;274,8;"TEOFILO OTONI";"Falta de Atenção do Pedestre";"Atropelamento de Pedestre";"Com Vítimas Feridas";"Plena Noite";"Crescente";"Chuva";"Dupla";"Não Informado";"Sim";2;0;1;0;0;1;1;1;"-17.839231";"-41.513002";"SR-MG";"DEL4/11";"UOP01/MG"
194192;2019-02-28;"5";"18:50:00";"AC";364;138;"RIO BRANCO";"Falta de Atenção à Condução";"Colisão lateral";"Com Vítimas Feridas";"Plena Noite";"Crescente";"Garoa/Chuvisco";"Dupla";"Não Informado";"Sim";2;0;1;0;1;0;1;2;"-9.96112502";"-67.85646604";"SR-AC";"UOP01/AC";""
194193;2019-02-28;"5";"20:15:00";"ES";262;85;"1S MARTINS";"Desobediência às normas de trânsito pelo condutor";"Colisão lateral";"Sem Vítimas";"Plena Noite";"Crescente";"Nublado";"Simples";"Reta";"Não";2;0;0;0;2;0;0;2;"-20.401";"-40.9808";"SR-ES";"DEL12/1";"UOP02/ES"
194194;2019-02-28;"5";"21:55:00";"ES";101;2;"SERRA";"Não guardar distância de segurança";"Colisão traseira";"Com Vítimas Feridas";"Plena Noite";"Crescente";"Céu Claro";"Dupla";"Reta";"Sim";2;0;1;0;1;0;1;2;"-20.129093";"-40.308125";"SR-ES";"DEL12/2";"UOP01/ES"
194195;2019-02-28;"5";"22:05:00";"ES";262;2;"VITORIA";"Deficiência ou não Acionamento do Sistema de Iluminação/Sinalização do Veículo";"Colisão lateral";"Com Vítimas Feridas";"Plena Noite";"Crescente";"Céu Claro";"Dupla";"Reta";"Não";2;0;1;0;1;0;1;2;"-20.2532458";"-40.28773785";"SR-ES";"DEL12/1";"UOP01/ES"
194196;2019-02-28;"5";"22:15:00";"CE";20;376,3;"CAUCAIA";"Animais na Pista";"Atropelamento de Animal";"Com Vítimas Feridas";"Plena Noite";"Crescente";"Céu Claro";"Simples";"Reta";"Não";2;0;1;1;0;0;2;1;"-3.94235062";"-38.86842728";"SR-CE";"DEL16/1";"UOP01/CE"
194197;2019-02-28;"5";"22:30:00";"RS";116;498,8;"PELOTAS";"Falta de Atenção do Pedestre";"Atropelamento de Pedestre";"Com Vítimas Feridas";"Plena Noite";"Crescente";"Céu Claro";"Simples";"Não Informado";"Não";2;0;0;1;1;0;1;2;"-31.56478764";"-52.25578308";"SR-RS";"DEL9/7";"UOP01/RS"
194198;2019-02-28;"5";"22:30:00";"SC";101;204;"SAO JOSE";"Ingestão de Álcool";"Colisão lateral";"Com Vítimas Feridas";"Plena Noite";"Decrescente";"Céu Claro";"Dupla";"Reta";"Não";2;0;2;0;0;0;2;2;"-27.5832";"-48.6151";"SR-SC";"DEL8/1";"UOP01/SC"
194200;2019-02-28;"5";"21:50:00";"ES";101;270;"SERRA";"Objeto estático sobre o leito carroçável";"Colisão com objeto estático";"Sem Vítimas";"Plena Noite";"Decrescente";"Céu Claro";"Dupla";"Não Informado";"Sim";1;0;0;0;1;0;0;1;"-20.23193449";"-40.27409976";"SR-ES";"DEL12/2";"UOP01/ES"
194201;2019-02-28;"5";"22:20:00";"SC";101;198;"BIGUACU";"Falta de Atenção à Condução";"Queda de ocupante de veículo";"Com Vítimas Feridas";"Plena Noite";"Decrescente";"Nublado";"Múltipla";"Reta";"Sim";1;0;1;0;0;0;1;1;"-27.5341";"-48.6298";"SR-SC";"DEL8/1";"UOP01/SC"
194202;2019-02-28;"5";"18:25:00";"MT";70;377;"CAMPO VERDE";"Falta de Atenção à Condução";"Colisão lateral";"Sem Vítimas";"Pleno dia";"Crescente";"Céu Claro";"Simples";"Reta";"Sim";2;0;0;0;2;0;0;2;"-15.497685";"-55.097301";"SR-MT";"DEL2/5";"UOP01/MT"
194203;2019-02-28;"5";"21:30:00";"MT";163;824;"SINOP";"Ingestão de Álcool";"Colisão traseira";"Com Vítimas Feridas";"Plena Noite";"Decrescente";"Céu Claro";"Dupla";"Interseção de vias";"Sim";4;0;2;0;2;0;2;2;"-11.97270763";"-55.5171065";"SR-MT";"DEL2/6";"UOP01/MT"
194204;2019-02-28;"5";"23:30:00";"TO";153;194;"NOVA OLINDA";"Falta de Atenção à Condução";"Colisão lateral";"Com Vítimas Feridas";"Plena Noite";"Decrescente";"Garoa/Chuvisco";"Simples";"Reta";"Não";2;0;1;0;1;0;1;2;"-7.595322";"-48.420399";"SR-TO";"UOP04/TO";""
194205;2019-03-01;"6";"00:00:00";"PR";376;667,3;"GUARATUBA";"Velocidade Incompatível";"Engavetamento";"Sem Vítimas";"Plena Noite";"Crescente";"Nublado";"Dupla";"Curva";"Não";12;0;0;0;12;0;0;12;"-25.86347148";"-48.93610954";"SR-PR";"DEL7/1";"UOP08/PR"
194206;2019-02-28;"5";"23:30:00";"ES";262;3,8;"CARIACICA";"Ingestão de Álcool";"Colisão transversal";"Com Vítimas Feridas";"Plena Noite";"Crescente";"Céu Claro";"Múltipla";"Interseção de vias";"Sim";3;0;3;0;0;0;3;2;"-20.3332";"-40.3685";"SR-ES";"DEL12/1";"UOP01/ES"
194207;2019-02-28;"5";"23:30:00";"RJ";101;258,9;"RIO BONITO";"Falta de Atenção do Pedestre";"Atropelamento de Pedestre";"Com Vítimas Fatais";"Plena Noite";"Crescente";"Céu Claro";"Dupla";"Reta";"Sim";2;1;0;0;1;0;0;1;"-22.701618";"-42.587021";"SR-RJ";"DEL5/2";"UOP03/RJ"
194208;2019-02-28;"5";"23:20:00";"PB";230;38,6;"SANTA RITA";"Animais na Pista";"Atropelamento de Animal";"Com Vítimas Feridas";"Plena Noite";"Crescente";"Céu Claro";"Múltipla";"Reta";"Não";1;0;1;0;0;0;1;1;"-7.137307";"-34.969163";"SR-PB";"DEL14/1";"UOP00/PB"
194209;2019-02-28;"5";"19:33:00";"MA";226;476;"SITIO NOVO";"Defeito Mecânico no Veículo";"Saída de leito carroçável";"Sem Vítimas";"Plena Noite";"Decrescente";"Céu Claro";"Simples";"Reta";"Não";1;0;0;0;1;0;0;1;"-6.03664";"-46.625778";"SR-MA";"DEL18/4";"UOP02/MA"
194210;2019-03-01;"6";"00:30:00";"PR";277;82;"CURITIBA";"Falta de Atenção à Condução";"Capotamento";"Sem Vítimas";"Plena Noite";"Decrescente";"Céu Claro";"Dupla";"Reta";"Sim";1;0;0;0;0;1;0;1;"-25.4552487";"-49.22437191";"SR-PR";"DEL7/1";"UOP01/PR"
194213;2019-02-28;"5";"21:30:00";"RS";470;191;"VERANOPOLIS";"Desobediência às normas de trânsito pelo condutor";"Saída de leito carroçável";"Com Vítimas Feridas";"Plena Noite";"Crescente";"Céu Claro";"Simples";"Curva";"Não";2;0;1;0;1;0;1;1;"-29.02531905";"-51.56641245";"SR-RS";"DEL9/6";"UOP02/RS"
194215;2019-03-01;"6";"00:46:00";"PR";376;239;"APUCARANA";"Avarias e/ou desgaste excessivo no pneu";"Saída de leito carroçável";"Sem Vítimas";"Plena Noite";"Decrescente";"Nevoeiro/Neblina";"Simples";"Curva";"Não";1;0;0;0;1;0;0;1;"-23.58297091";"-51.45564039";"SR-PR";"DEL7/7";"UOP03/PR"
194216;2019-03-01;"6";"01:00:00";"RS";116;520,9;"PELOTAS";"Falta de Atenção à Condução";"Tombamento";"Com Vítimas Feridas";"Plena Noite";"Decrescente";"Céu Claro";"Simples";"Reta";"Não";1;0;0;1;0;0;1;1;"-31.70743183";"-52.36701965";"SR-RS";"DEL9/7";"UOP01/RS"
194217;2019-03-01;"6";"01:50:00";"PR";376;179;"MARINGA";"Desobediência às normas de trânsito pelo condutor";"Colisão traseira";"Com Vítimas Feridas";"Plena Noite";"Decrescente";"Céu Claro";"Dupla";"Reta";"Sim";2;0;0;1;0;1;1;2;"-23.427254";"-51.895123";"SR-PR";"DEL7/7";"UOP04/PR"
194218;2019-02-28;"5";"23:45:00";"RJ";493;2;"ITABORAI";"Agressão Externa";"Colisão lateral";"Com Vítimas Feridas";"Plena Noite";"Crescente";"Nublado";"Simples";"Não Informado";"Não";3;0;1;0;2;0;1;2;"-22.759342";"-42.935555";"SR-RJ";"DEL5/4";"UOP02/RJ"
194219;2019-03-01;"6";"02:43:00";"SC";470;68;"INDAIAL";"Condutor Dormindo";"Colisão transversal";"Sem Vítimas";"Plena Noite";"Crescente";"Céu Claro";"Simples";"Rotatória";"Não";2;0;0;0;2;0;0;2;"-26.877615";"-49.239231";"SR-SC";"DEL8/4";"UOP01/SC"
194220;2019-03-01;"6";"02:14:00";"MG";381;674,8;"PERDOES";"Condutor Dormindo";"Colisão com objeto estático";"Com Vítimas Feridas";"Plena Noite";"Decrescente";"Chuva";"Dupla";"Curva";"Não";1;0;1;0;0;0;1;1;"-21.0913";"-45.0724";"SR-MG";"DEL4/4";"UOP02/MG"
194221;2019-03-01;"6";"03:20:00";"PA";10;195;"IPIXUNA DO PARA";"Condutor Dormindo";"Colisão frontal";"Com Vítimas Feridas";"Plena Noite";"Crescente";"Garoa/Chuvisco";"Simples";"Desvio Temporário";"Não";3;0;1;1;1;0;2;2;"-2.885434";"-47.434994";"SR-PA";"DEL19/2";"UOP02/PA"
194222;2019-03-01;"6";"01:40:00";"PR";116;205,2;"RIO NEGRO";"Desobediência às normas de trânsito pelo condutor";"Colisão frontal";"Com Vítimas Fatais";"Plena Noite";"Crescente";"Céu Claro";"Simples";"Não Informado";"Não";2;1;0;1;0;0;1;2;"-26.101749";"-49.780796";"SR-SC";"DEL8/6";"UOP01/SC"
194223;2019-03-01;"6";"04:30:00";"SP";381;63;"MAIRIPORA";"Condutor Dormindo";"Colisão lateral";"Com Vítimas Feridas";"Plena Noite";"Crescente";"Chuva";"Dupla";"Reta";"Não";3;0;2;0;1;0;2;2;"-23.30587122";"-46.57490926";"SR-SP";"DEL6/3";"UOP02/SP"
194224;2019-03-01;"6";"04:00:00";"ES";101;417;"CACHOEIRO DE ITAPEMIRIM";"Animais na Pista";"Atropelamento de Animal";"Sem Vítimas";"Plena Noite";"Crescente";"Céu Claro";"Simples";"Reta";"Não";2;0;0;0;2;0;0;2;"-20.94754835";"-41.08943045";"SR-ES";"DEL12/3";"UOP02/ES"
194225;2019-03-01;"6";"04:50:00";"RJ";40;121;"DUQUE DE CAXIAS";"Falta de Atenção do Pedestre";"Atropelamento de Pedestre";"Com Vítimas Feridas";"Amanhecer";"Crescente";"Nublado";"Múltipla";"Não Informado";"Sim";2;0;0;1;1;0;1;1;"-22.7884";"-43.2853";"SR-RJ";"DEL5/1";"UOP01/RJ"
194226;2019-03-01;"6";"03:50:00";"RS";285;247;"CIRIACO";"Desobediência às normas de trânsito pelo condutor";"Colisão frontal";"Com Vítimas Feridas";"Plena Noite";"Decrescente";"Céu Claro";"Simples";"Reta";"Não";5;0;1;0;3;1;1;2;"-28.278492";"-51.947803";"SR-RS";"DEL08";"UOP03/RS"
194227;2019-03-01;"6";"05:10:00";"PR";376;212,3;"MANDAGUARI";"Avarias e/ou desgaste excessivo no pneu";"Queda de ocupante de veículo";"Com Vítimas Feridas";"Amanhecer";"Decrescente";"Nublado";"Dupla";"Reta";"Não";2;0;2;0;0;0;2;1;"-23.56411";"-51.657597";"SR-PR";"DEL7/7";"UOP04/PR"
194228;2019-03-01;"6";"03:25:00";"MS";163;545,7;"BANDEIRANTES";"Condutor Dormindo";"Saída de leito carroçável";"Sem Vítimas";"Plena Noite";"Crescente";"Nublado";"Simples";"Reta";"Não";1;0;0;0;0;1;0;1;"-19.94063064";"-54.36888388";"SR-MS";"DEL3/1";"UOP02/MS"
194229;2019-03-01;"6";"04:30:00";"BA";324;606;"SIMOES FILHO";"Ingestão de Álcool";"Colisão lateral";"Sem Vítimas";"Amanhecer";"Decrescente";"Céu Claro";"Dupla";"Reta";"Não";3;0;0;0;3;0;0;2;"-12.80851631";"-38.40569258";"SR-BA";"DEL10/1";"UOP01/BA"
194230;2019-03-01;"6";"01:37:00";"SP";116;447;"REGISTRO";"Velocidade Incompatível";"Colisão com objeto estático";"Com Vítimas Feridas";"Plena Noite";"Crescente";"Céu Claro";"Múltipla";"Reta";"Sim";2;0;2;0;0;0;2;1;"-24.51698001";"-47.8524363";"SR-SP";"DEL6/5";"UOP01/SP"
194231;2019-03-01;"6";"01:30:00";"MG";262;729,8;"PERDIZES";"Restrição de Visibilidade";"Saída de leito carroçável";"Com Vítimas Feridas";"Plena Noite";"Crescente";"Nevoeiro/Neblina";"Simples";"Curva";"Não";1;0;0;1;0;0;1;1;"-19.62253895";"-47.28172302";"SR-MG";"DEL4/8";"UOP01/MG"
194232;2019-03-01;"6";"05:50:00";"MA";10;257;"IMPERATRIZ";"Desobediência às normas de trânsito pelo condutor";"Colisão traseira";"Com Vítimas Feridas";"Amanhecer";"Crescente";"Nublado";"Simples";"Desvio Temporário";"Não";2;0;0;1;0;1;1;2;"-5.490634";"-47.471973";"SR-MA";"DEL18/4";"UOP01/MA"
194233;2019-03-01;"6";"06:20:00";"PB";101;89,2;"JOAO PESSOA";"Falta de Atenção à Condução";"Tombamento";"Com Vítimas Feridas";"Pleno dia";"Decrescente";"Garoa/Chuvisco";"Dupla";"Retorno Regulamentado";"Sim";2;0;0;1;0;1;1;2;"-7.1807";"-34.9005";"SR-PB";"DEL14/1";"UOP01/PB"
194234;2019-03-01;"6";"06:00:00";"SP";116;414,8;"JUQUIA";"Falta de Atenção à Condução";"Colisão com objeto estático";"Com Vítimas Feridas";"Pleno dia";"Crescente";"Chuva";"Dupla";"Reta";"Não";2;0;1;0;1;0;1;1;"-24.33390667";"-47.63814927";"SR-SP";"DEL6/5";"UOP01/SP"
194235;2019-03-01;"6";"06:30:00";"BA";101;534,7;"BUERAREMA";"Velocidade Incompatível";"Tombamento";"Com Vítimas Fatais";"Pleno dia";"Decrescente";"Céu Claro";"Simples";"Reta";"Não";1;1;0;0;0;0;0;1;"-15.0218";"-39.3291";"SR-BA";"DEL10/5";"UOP01/BA"
194236;2019-03-01;"6";"05:30:00";"PR";376;488,1;"PONTA GROSSA";"Falta de Atenção à Condução";"Colisão lateral";"Sem Vítimas";"Amanhecer";"Crescente";"Nublado";"Dupla";"Reta";"Sim";2;0;0;0;2;0;0;2;"-25.08547076";"-50.19212794";"SR-PR";"DEL7/3";"UOP03/PR"
194237;2019-03-01;"6";"06:00:00";"RS";386;416,9;"MONTENEGRO";"Desobediência às normas de trânsito pelo condutor";"Colisão transversal";"Sem Vítimas";"Amanhecer";"Decrescente";"Céu Claro";"Dupla";"Não Informado";"Sim";4;0;0;0;3;1;0;2;"-29.817648";"-51.463001";"SR-RS";"DEL9/4";"UOP02/RS"
194238;2019-03-01;"6";"06:30:00";"GO";50;244,2;"CATALAO";"Falta de Atenção à Condução";"Capotamento";"Com Vítimas Feridas";"Amanhecer";"Crescente";"Nublado";"Simples";"Não Informado";"Sim";1;0;1;0;0;0;1;1;"-17.9172";"-47.7901";"SR-GO";"DEL1/6";"UOP01/GO"
194239;2019-03-01;"6";"02:00:00";"RO";364;947;"PORTO VELHO";"Deficiência ou não Acionamento do Sistema de Iluminação/Sinalização do Veículo";"Saída de leito carroçável";"Com Vítimas Feridas";"Plena Noite";"Decrescente";"Chuva";"Simples";"Reta";"Não";26;0;19;7;0;0;26;1;"-9.66344771";"-65.49251835";"SR-RO";"DEL21/1";"UOP02/RO"
194240;2019-03-01;"6";"06:48:00";"DF";40;6;"BRASILIA";"Desobediência às normas de trânsito pelo condutor";"Colisão traseira";"Com Vítimas Feridas";"Pleno dia";"Decrescente";"Nublado";"Dupla";"Reta";"Sim";3;0;1;0;2;0;1;2;"-16.029741";"-47.978867";"SR-DF";"DF";"UOP01/DF"
194243;2019-03-01;"6";"06:40:00";"SC";282;1;"FLORIANOPOLIS";"Não guardar distância de segurança";"Colisão traseira";"Com Vítimas Feridas";"Pleno dia";"Decrescente";"Céu Claro";"Dupla";"Desvio Temporário";"Não";3;0;2;0;1;0;2;2;"-27.602955";"-48.580509";"SR-SC";"DEL8/1";"UOP01/SC"
194244;2019-03-01;"6";"06:50:00";"GO";153;34;"PORANGATU";"Defeito na Via";"Saída de leito carroçável";"Com Vítimas Feridas";"Pleno dia";"Crescente";"Céu Claro";"Simples";"Reta";"Não";1;0;1;0;0;0;1;1;"-13.120278";"-49.199387";"SR-GO";"DEL1/7";"UOP01/GO"
194245;2019-02-28;"5";"23:15:00";"SC";153;74,7;"IRANI";"Velocidade Incompatível";"Saída de leito carroçável";"Com Vítimas Fatais";"Plena Noite";"Crescente";"Céu Claro";"Simples";"Curva";"Não";1;1;0;0;0;0;0;1;"-27.078651";"-51.904682";"SR-SC";"DEL7";"UOP05/SC"
194246;2019-03-01;"6";"07:10:00";"PE";428;44;"OROCO";"Falta de Atenção à Condução";"Colisão transversal";"Com Vítimas Fatais";"Pleno dia";"Crescente";"Céu Claro";"Simples";"Reta";"Não";4;2;0;0;2;0;0;2;"-8.583405";"-39.585518";"SR-PE";"DEL11/5";"UOP03/PE"
194247;2019-03-01;"6";"07:30:00";"PI";343;334,9;"TERESINA";"Falta de Atenção à Condução";"Colisão transversal";"Com Vítimas Feridas";"Pleno dia";"Crescente";"Céu Claro";"Simples";"Reta";"Sim";3;0;1;1;1;0;2;2;"-5.057786";"-42.688541";"SR-PI";"DEL17/1";"UOP01/PI"
194249;2019-03-01;"6";"06:20:00";"SP";116;307,5;"SAO LOURENCO DA SERRA";"Pista Escorregadia";"Colisão traseira";"Com Vítimas Feridas";"Amanhecer";"Decrescente";"Chuva";"Dupla";"Reta";"Sim";2;0;1;0;0;1;1;2;"-23.8547";"-46.93985";"SR-SP";"DEL6/4";"UOP01/SP"
194251;2019-03-01;"6";"06:00:00";"MG";262;463,5;"NOVA SERRANA";"Restrição de Visibilidade";"Saída de leito carroçável";"Com Vítimas Feridas";"Amanhecer";"Decrescente";"Nevoeiro/Neblina";"Simples";"Reta";"Não";1;0;1;0;0;0;1;1;"-19.79771749";"-45.14659882";"SR-MG";"DEL4/8";"UOP03/MG"
194253;2019-02-28;"5";"22:00:00";"RO";435;137;"CEREJEIRAS";"Ingestão de Álcool";"Tombamento";"Com Vítimas Feridas";"Plena Noite";"Decrescente";"Nublado";"Simples";"Rotatória";"Não";1;0;1;0;0;0;1;1;"-13.189";"-60.949322";"SR-RO";"DEL21/4";"UOP02/RO"
194254;2019-03-01;"6";"06:44:00";"PR";277;726,5;"FOZ DO IGUACU";"Ultrapassagem Indevida";"Saída de leito carroçável";"Sem Vítimas";"Amanhecer";"Decrescente";"Céu Claro";"Dupla";"Reta";"Sim";1;0;0;0;1;0;0;1;"-25.510586";"-54.554813";"SR-PR";"DEL7/5";"UOP03/PR"
194255;2019-03-01;"6";"08:10:00";"RN";110;46,7;"MOSSORO";"Falta de Atenção à Condução";"Colisão transversal";"Com Vítimas Feridas";"Pleno dia";"Crescente";"Sol";"Simples";"Rotatória";"Sim";2;0;1;0;1;0;1;2;"-5.201468";"-37.323618";"SR-RN";"DEL15/4";"UOP01/RN"
194256;2019-03-01;"6";"07:50:00";"CE";20;418;"MARACANAU";"Defeito na Via";"Queda de ocupante de veículo";"Com Vítimas Feridas";"Pleno dia";"Crescente";"Céu Claro";"Dupla";"Reta";"Não";1;0;1;0;0;0;1;1;"-3.76999";"-38.670063";"SR-CE";"DEL16/1";"UOP02/CE"
194257;2019-02-03;"1";"04:30:00";"MT";364;160;"PEDRA PRETA";"Falta de Atenção à Condução";"Colisão lateral";"Com Vítimas Feridas";"Amanhecer";"Crescente";"Nublado";"Simples";"Reta";"Não";2;0;0;1;1;0;1;2;"-16.72057";"-54.263824";"SR-MT";"DEL2/2";"UOP01/MT"
194258;2019-03-01;"6";"08:00:00";"GO";153;499,9;"GOIANIA";"Não guardar distância de segurança";"Colisão traseira";"Com Vítimas Feridas";"Pleno dia";"Crescente";"Céu Claro";"Dupla";"Reta";"Sim";3;0;1;0;2;0;1;3;"-16.7033";"-49.2311";"SR-GO";"DEL1/1";"UOP01/GO"
194259;2019-03-01;"6";"08:00:00";"MG";262;876,1;"CAMPO FLORIDO";"Falta de Atenção à Condução";"Colisão transversal";"Com Vítimas Feridas";"Pleno dia";"Crescente";"Nublado";"Simples";"Interseção de vias";"Sim";3;0;1;0;0;2;1;2;"-19.766943";"-48.580914";"SR-MG";"DEL13";"UOP01/MG"
194260;2019-03-01;"6";"07:45:00";"MG";381;496,1;"BETIM";"Falta de Atenção à Condução";"Tombamento";"Com Vítimas Feridas";"Pleno dia";"Decrescente";"Nublado";"Dupla";"Interseção de vias";"Sim";2;0;2;0;0;0;2;1;"-19.97508314";"-44.18967247";"SR-MG";"DEL4/1";"UOP03/MG"
194261;2019-03-01;"6";"07:35:00";"RJ";101;303;"SAO GONCALO";"Não guardar distância de segurança";"Colisão lateral";"Com Vítimas Feridas";"Pleno dia";"Decrescente";"Nublado";"Dupla";"Reta";"Não";2;0;1;0;1;0;1;2;"-22.782822";"-42.976677";"SR-RJ";"DEL5/2";"UOP02/RJ"
194262;2019-02-27;"4";"18:40:00";"SC";280;56;"GUARAMIRIM";"Falta de Atenção à Condução";"Colisão transversal";"Com Vítimas Feridas";"Plena Noite";"Crescente";"Chuva";"Simples";"Reta";"Sim";2;0;1;0;1;0;1;2;"-26.479477";"-49.002987";"SR-SC";"DEL8/3";"UOP03/SC"
194263;2019-03-01;"6";"08:30:00";"SC";101;198,2;"SAO JOSE";"Não guardar distância de segurança";"Colisão traseira";"Com Vítimas Feridas";"Pleno dia";"Crescente";"Céu Claro";"Múltipla";"Reta";"Sim";2;0;1;0;1;0;1;2;"-27.5341";"-48.6298";"SR-SC";"DEL8/1";"UOP01/SC"
194264;2019-03-01;"6";"08:00:00";"PE";428;184;"PETROLINA";"Desobediência às normas de trânsito pelo condutor";"Colisão transversal";"Com Vítimas Feridas";"Pleno dia";"Decrescente";"Sol";"Simples";"Interseção de vias";"Sim";2;0;1;0;1;0;1;2;"-9.34668531";"-40.47371864";"SR-PE";"DEL11/6";"UOP01/PE"
194265;2019-03-01;"6";"08:10:00";"MG";50;44,2;"ARAGUARI";"Defeito Mecânico no Veículo";"Queda de ocupante de veículo";"Com Vítimas Feridas";"Pleno dia";"Crescente";"Nublado";"Dupla";"Desvio Temporário";"Não";2;0;1;1;0;0;2;1;"-18.7141";"-48.1974";"SR-MG";"DEL4/15";"UOP02/MG"
194266;2019-02-28;"5";"23:00:00";"MG";381;314;"ANTONIO DIAS";"Velocidade Incompatível";"Tombamento";"Com Vítimas Feridas";"Plena Noite";"Decrescente";"Céu Claro";"Simples";"Não Informado";"Não";2;0;1;0;1;0;1;2;"-19.66780639";"-42.96581268";"SR-MG";"DEL4/3";"UOP02/MG"
194267;2019-03-01;"6";"08:58:00";"MG";381;498;"BETIM";"Falta de Atenção à Condução";"Colisão lateral";"Com Vítimas Feridas";"Pleno dia";"Decrescente";"Nublado";"Dupla";"Curva";"Sim";2;0;1;0;1;0;1;2;"-19.9954";"-44.208";"SR-MG";"DEL4/1";"UOP03/MG"
194268;2019-01-28;"2";"12:55:00";"PR";376;539;"PALMEIRA";"Velocidade Incompatível";"Colisão traseira";"Com Vítimas Feridas";"Pleno dia";"Decrescente";"Sol";"Dupla";"Reta";"Não";6;0;4;0;2;0;4;3;"-25.3511449";"-49.83876768";"SR-PR";"DEL7/1";"UOP05/PR"