"id";"data_inversa";"dia_semana";"horario";"uf";"br";"km";"municipio";"causa_acidente";"tipo_acidente";"classificacao_acidente";"fase_dia";"sentido_via";"condicao_metereologica";"tipo_pista";"tracado_via";"uso_solo";"pessoas";"mortos";"feridos_leves";"feridos_graves";"ilesos";"ignorados";"feridos";"veiculos";"latitude";"longitude";"regional";"delegacia";"uop"
194270;2019-03-01;"6";"07:45:00";"RJ";116;281;"BARRA MANSA";"Pista Escorregadia";"Saída de leito carroçável";"Com Vítimas Feridas";"Pleno dia";"Decrescente";"Nublado";"Dupla";"Curva";"Não";2;0;1;0;1;0;1;1;"-22.547443";"-44.183659";"SR-RJ";"DEL5/7";"UOP02/RJ"
194271;2019-03-01;"6";"07:15:00";"PR";476;233;"LAPA";"Velocidade Incompatível";"Derramamento de carga";"Sem Vítimas";"Pleno dia";"Crescente";"Céu Claro";"Simples";"Curva";"Não";1;0;0;0;1;0;0;1;"-25.882042";"-50.008629";"SR-PR";"DEL7/2";"UOP03/PR"
194272;2019-03-01;"6";"08:45:00";"PR";376;591,4;"CURITIBA";"Falta de Atenção à Condução";"Engavetamento";"Com Vítimas Feridas";"Pleno dia";"Crescente";"Céu Claro";"Dupla";"Reta";"Sim";5;0;1;0;4;0;1;5;"-25.46317852";"-49.35792999";"SR-PR";"DEL7/1";"UOP04/PR"
194273;2019-03-01;"6";"09:30:00";"RS";158;157;"PANAMBI";"Ingestão de Álcool";"Colisão traseira";"Com Vítimas Feridas";"Pleno dia";"Decrescente";"Céu Claro";"Simples";"Curva";"Não";2;0;2;0;0;0;2;2;"-28.334627";"-53.501049";"SR-RS";"DEL9/10";"UOP02/RS"
194274;2019-03-01;"6";"09:40:00";"PR";369;490,3;"CORBELIA";"Não guardar distância de segurança";"Colisão traseira";"Com Vítimas Feridas";"Pleno dia";"Crescente";"Céu Claro";"Simples";"Reta";"Não";4;0;1;0;3;0;1;2;"-24.7166";"-53.2465";"SR-PR";"DEL7/4";"UOP04/PR"
194276;2019-03-01;"6";"08:10:00";"PI";316;1,3;"TERESINA";"Sinalização da via insuficiente ou inadequada";"Colisão transversal";"Com Vítimas Feridas";"Pleno dia";"Crescente";"Céu Claro";"Dupla";"Rotatória";"Sim";2;0;1;0;1;0;1;2;"-5.128619";"-42.807068";"SR-PI";"DEL17/1";"UOP02/PI"
194277;2019-03-01;"6";"09:15:00";"SC";101;32,1;"JOINVILLE";"Falta de Atenção à Condução";"Colisão com objeto estático";"Com Vítimas Feridas";"Pleno dia";"Decrescente";"Nublado";"Dupla";"Curva";"Não";1;0;1;0;0;0;1;1;"-26.24397345";"-48.91046226";"SR-SC";"DEL8/3";"UOP01/SC"
194278;2019-03-01;"6";"09:41:00";"MG";381;578,5;"CARMOPOLIS DE MINAS";"Falta de Atenção à Condução";"Incêndio";"Sem Vítimas";"Pleno dia";"Crescente";"Nublado";"Dupla";"Reta";"Não";1;0;0;0;1;0;0;1;"-20.49228188";"-44.60322315";"SR-MG";"DEL4/4";"UOP01/MG"
194279;2019-03-01;"6";"09:30:00";"BA";20;146;"SAO DESIDERIO";"Ultrapassagem Indevida";"Colisão frontal";"Com Vítimas Feridas";"Pleno dia";"Decrescente";"Chuva";"Simples";"Curva";"Não";2;0;0;1;1;0;1;2;"-12.68447095";"-45.93083382";"SR-BA";"DEL10/10";"UOP01/BA"
194280;2019-03-01;"6";"10:10:00";"MG";365;0;"MONTES CLAROS";"Falta de Atenção à Condução";"Colisão traseira";"Com Vítimas Feridas";"Pleno dia";"Decrescente";"Céu Claro";"Simples";"Rotatória";"Sim";3;0;2;0;1;0;2;2;"-16.76423466";"-43.88366461";"SR-MG";"DEL4/12";"UOP01/MG"
194281;2019-03-01;"6";"10:00:00";"RS";290;98,1;"PORTO ALEGRE";"Falta de Atenção à Condução";"Colisão lateral";"Com Vítimas Feridas";"Pleno dia";"Decrescente";"Céu Claro";"Dupla";"Reta";"Sim";3;0;1;0;2;0;1;3;"-29.994816";"-51.217403";"SR-RS";"DEL9/1";"UOP01/RS"
194282;2019-03-01;"6";"10:20:00";"PR";277;386,8;"CANDOI";"Falta de Atenção à Condução";"Colisão frontal";"Com Vítimas Fatais";"Pleno dia";"Decrescente";"Céu Claro";"Simples";"Não Informado";"Não";2;1;0;0;1;0;0;2;"-25.442586";"-51.846142";"SR-PR";"DEL7/3";"UOP02/PR"
194283;2019-02-24;"1";"04:30:00";"SC";101;184,7;"BIGUACU";"Falta de Atenção à Condução";"Colisão traseira";"Com Vítimas Feridas";"Plena Noite";"Crescente";"Céu Claro";"Dupla";"Reta";"Sim";2;0;1;0;1;0;1;2;"-27.4254";"-48.6244";"SR-SC";"DEL8/1";"UOP01/SC"
194284;2019-03-01;"6";"10:12:00";"MG";381;576,8;"CARMOPOLIS DE MINAS";"Velocidade Incompatível";"Colisão lateral";"Sem Vítimas";"Pleno dia";"Crescente";"Garoa/Chuvisco";"Dupla";"Reta";"Não";5;0;0;0;4;1;0;2;"-20.4635";"-44.5754";"SR-MG";"DEL4/4";"UOP03/MG"
194285;2019-03-01;"6";"10:30:00";"ES";101;131,3;"LINHARES";"Defeito Mecânico no Veículo";"Queda de ocupante de veículo";"Com Vítimas Feridas";"Pleno dia";"Crescente";"Céu Claro";"Simples";"Desvio Temporário";"Não";1;0;1;0;0;0;1;1;"-19.28604613";"-40.08676708";"SR-ES";"DEL12/4";"UOP01/ES"
194286;2019-03-01;"6";"10:00:00";"PR";163;290;"MARECHAL CANDIDO RONDON";"Desobediência às normas de trânsito pelo condutor";"Colisão frontal";"Com Vítimas Fatais";"Pleno dia";"Crescente";"Céu Claro";"Simples";"Curva";"Não";6;1;1;2;2;0;3;4;"-24.5169";"-54.0784";"SR-PR";"DEL7/6";"UOP04/PR"
194288;2019-03-01;"6";"08:40:00";"RS";285;671,9;"SAO BORJA";"Falta de Atenção à Condução";"Colisão lateral";"Com Vítimas Feridas";"Pleno dia";"Crescente";"Céu Claro";"Simples";"Reta";"Sim";2;0;2;0;0;0;2;2;"-28.672358";"-55.968838";"SR-RS";"DEL9/12";"UOP01/RS"
194289;2019-03-01;"6";"10:20:00";"GO";153;443;"ANAPOLIS";"Velocidade Incompatível";"Capotamento";"Com Vítimas Feridas";"Pleno dia";"Decrescente";"Nublado";"Dupla";"Reta";"Sim";1;0;1;0;0;0;1;1;"-16.334681";"-48.922447";"SR-GO";"DEL1/2";"UOP01/GO"
194290;2019-03-01;"6";"08:20:00";"RS";116;246;"SAO LEOPOLDO";"Não guardar distância de segurança";"Colisão lateral";"Com Vítimas Feridas";"Pleno dia";"Crescente";"Sol";"Dupla";"Reta";"Sim";2;0;1;0;1;0;1;2;"-29.758787";"-51.151871";"SR-RS";"DEL9/1";"UOP02/RS"
194292;2019-03-01;"6";"10:50:00";"MG";40;739,2;"SANTOS DUMONT";"Velocidade Incompatível";"Tombamento";"Com Vítimas Feridas";"Pleno dia";"Decrescente";"Céu Claro";"Simples";"Reta";"Não";1;0;1;0;0;0;1;1;"-21.4229";"-43.5578";"SR-MG";"DEL5";"UOP01/MG"
194293;2019-03-01;"6";"10:15:00";"RS";101;23,9;"TRES CACHOEIRAS";"Defeito Mecânico no Veículo";"Colisão lateral";"Sem Vítimas";"Pleno dia";"Crescente";"Céu Claro";"Simples";"Reta";"Sim";2;0;0;0;2;0;0;2;"-29.445307";"-49.909184";"SR-RS";"DEL9/3";"UOP03/RS"
194294;2019-03-01;"6";"08:20:00";"AC";364;123;"RIO BRANCO";"Desobediência às normas de trânsito pelo condutor";"Colisão traseira";"Com Vítimas Feridas";"Pleno dia";"Crescente";"Garoa/Chuvisco";"Dupla";"Reta";"Sim";3;0;2;0;1;0;2;2;"-10.0117071";"-67.782373";"SR-AC";"UOP01/AC";""
194295;2019-03-01;"6";"11:15:00";"MG";40;43,4;"PARACATU";"Falta de Atenção à Condução";"Colisão transversal";"Com Vítimas Feridas";"Pleno dia";"Crescente";"Céu Claro";"Simples";"Reta";"Sim";4;0;1;0;3;0;1;2;"-17.225937";"-46.861691";"SR-MG";"DEL4/14";"UOP01/MG"
194296;2019-03-01;"6";"10:25:00";"PE";232;38,3;"VITORIA DE SANTO ANTAO";"Pista Escorregadia";"Saída de leito carroçável";"Sem Vítimas";"Pleno dia";"Decrescente";"Chuva";"Dupla";"Curva";"Não";1;0;0;0;1;0;0;1;"-8.114883";"-35.21862";"SR-PE";"DEL11/1";"UOP04/PE"
194297;2019-03-01;"6";"10:55:00";"SC";101;339,8;"TUBARAO";"Falta de Atenção à Condução";"Engavetamento";"Com Vítimas Feridas";"Pleno dia";"Decrescente";"Sol";"Dupla";"Reta";"Sim";6;0;2;0;4;0;2;4;"-28.5026";"-49.0474";"SR-SC";"DEL8/2";"UOP01/SC"
194298;2019-03-01;"6";"11:30:00";"PR";277;133;"BALSA NOVA";"Falta de Atenção à Condução";"Colisão traseira";"Sem Vítimas";"Pleno dia";"Decrescente";"Nublado";"Dupla";"Reta";"Não";6;0;0;0;6;0;0;6;"-25.47110257";"-49.67789764";"SR-PR";"DEL7/1";"UOP05/PR"
194299;2019-03-01;"6";"09:45:00";"SC";101;202;"SAO JOSE";"Falta de Atenção à Condução";"Colisão traseira";"Com Vítimas Feridas";"Pleno dia";"Crescente";"Céu Claro";"Dupla";"Reta";"Sim";3;0;1;0;2;0;1;3;"-27.5651";"-48.6144";"SR-SC";"DEL8/1";"UOP01/SC"
194300;2019-03-01;"6";"11:10:00";"PR";376;500,9;"PONTA GROSSA";"Não guardar distância de segurança";"Saída de leito carroçável";"Com Vítimas Feridas";"Pleno dia";"Crescente";"Nublado";"Dupla";"Reta";"Não";2;0;1;0;1;0;1;1;"-25.16252091";"-50.12051001";"SR-PR";"DEL7/3";"UOP03/PR"
194302;2019-03-01;"6";"11:30:00";"SP";116;290,3;"ITAPECERICA DA SERRA";"Velocidade Incompatível";"Colisão com objeto estático";"Com Vítimas Feridas";"Pleno dia";"Decrescente";"Chuva";"Dupla";"Curva";"Não";1;0;1;0;0;0;1;1;"-23.72325449";"-46.89145457";"SR-SP";"DEL6/4";"UOP01/SP"
194303;2019-03-01;"6";"09:10:00";"SC";282;358,5;"CAMPOS NOVOS";"Falta de Atenção à Condução";"Colisão traseira";"Com Vítimas Feridas";"Pleno dia";"Decrescente";"Céu Claro";"Simples";"Não Informado";"Não";5;0;2;0;3;0;2;2;"-27.33151516";"-51.3519001";"SR-SC";"DEL7";"UOP07/SC"
194304;2019-03-01;"6";"11:20:00";"SP";116;158;"JACAREI";"Falta de Atenção à Condução";"Engavetamento";"Com Vítimas Feridas";"Pleno dia";"Crescente";"Garoa/Chuvisco";"Dupla";"Desvio Temporário";"Sim";24;0;1;0;23;0;1;7;"-23.26117933";"-45.95273137";"SR-SP";"DEL6/2";"UOP01/SP"
194305;2019-03-01;"6";"05:00:00";"PR";158;361;"MARQUINHO";"Velocidade Incompatível";"Capotamento";"Com Vítimas Fatais";"Plena Noite";"Decrescente";"Céu Claro";"Simples";"Curva";"Não";1;1;0;0;0;0;0;1;"-25.113264";"-52.262852";"SR-PR";"DEL7/4";"UOP03/PR"
194306;2019-03-01;"6";"11:30:00";"ES";262;1,3;"CARIACICA";"Falta de Atenção à Condução";"Colisão lateral";"Com Vítimas Feridas";"Pleno dia";"Crescente";"Céu Claro";"Múltipla";"Reta";"Sim";2;0;1;0;1;0;1;2;"-20.3286";"-40.355";"SR-ES";"DEL12/1";"UOP01/ES"
194307;2019-03-01;"6";"11:40:00";"PE";101;87;"JABOATAO DOS GUARARAPES";"Falta de Atenção à Condução";"Colisão traseira";"Sem Vítimas";"Pleno dia";"Decrescente";"Céu Claro";"Dupla";"Reta";"Não";7;0;0;0;7;0;0;7;"-8.1999";"-34.9787";"SR-PE";"DEL11/1";"UOP03/PE"
194308;2019-03-01;"6";"11:00:00";"RJ";116;167;"SAO JOAO DE MERITI";"Não guardar distância de segurança";"Colisão traseira";"Com Vítimas Feridas";"Pleno dia";"Crescente";"Nublado";"Múltipla";"Reta";"Sim";2;0;1;0;1;0;1;2;"-22.818039";"-43.307873";"SR-RJ";"DEL5/1";"UOP02/RJ"
194309;2019-03-01;"6";"12:00:00";"PE";101;136;"RIBEIRAO";"Pista Escorregadia";"Capotamento";"Com Vítimas Feridas";"Pleno dia";"Decrescente";"Chuva";"Dupla";"Curva";"Não";3;0;1;0;2;0;1;1;"-8.4146";"-35.3106";"SR-PE";"DEL11/1";"UOP03/PE"
194310;2019-03-01;"6";"10:00:00";"RJ";40;90;"PETROPOLIS";"Defeito Mecânico no Veículo";"Danos eventuais";"Sem Vítimas";"Pleno dia";"Decrescente";"Nublado";"Simples";"Curva";"Não";1;0;0;0;1;0;0;1;"-22.5598";"-43.2322";"SR-RJ";"DEL5/6";"UOP03/RJ"
194311;2019-03-01;"6";"11:45:00";"SP";116;146,6;"SAO JOSE DOS CAMPOS";"Pista Escorregadia";"Colisão traseira";"Com Vítimas Feridas";"Pleno dia";"Decrescente";"Chuva";"Simples";"Curva";"Sim";2;0;1;0;1;0;1;2;"-23.19149374";"-45.86174011";"SR-SP";"DEL6/2";"UOP01/SP"
194312;2019-03-01;"6";"11:06:00";"RR";174;503;"BOA VISTA";"Falta de Atenção à Condução";"Colisão traseira";"Com Vítimas Feridas";"Pleno dia";"Decrescente";"Céu Claro";"Dupla";"Reta";"Sim";2;0;1;0;1;0;1;2;"2.80269612";"-60.69368541";"SR-RR";"UOP01/RR";""
194313;2019-03-01;"6";"12:10:00";"GO";60;325,6;"ACREUNA";"Velocidade Incompatível";"Saída de leito carroçável";"Com Vítimas Feridas";"Pleno dia";"Crescente";"Céu Claro";"Dupla";"Reta";"Não";3;0;1;1;0;1;2;1;"-17.5204";"-50.4872";"SR-GO";"DEL1/4";"UOP01/GO"
194314;2019-03-01;"6";"12:00:00";"CE";20;415;"MARACANAU";"Defeito Mecânico no Veículo";"Incêndio";"Sem Vítimas";"Pleno dia";"Crescente";"Nublado";"Dupla";"Não Informado";"Não";1;0;0;0;1;0;0;1;"-3.76999";"-38.670063";"SR-CE";"DEL16/1";"UOP02/CE"
194315;2019-03-01;"6";"11:50:00";"CE";116;1;"FORTALEZA";"Falta de Atenção do Pedestre";"Atropelamento de Pedestre";"Com Vítimas Feridas";"Pleno dia";"Decrescente";"Céu Claro";"Dupla";"Reta";"Não";2;0;1;1;0;0;2;1;"-3.7704";"-38.5169";"SR-CE";"DEL16/1";"UOP02/CE"
194316;2019-03-01;"6";"12:20:00";"BA";324;512;"FEIRA DE SANTANA";"Falta de Atenção do Pedestre";"Atropelamento de Pedestre";"Com Vítimas Feridas";"Pleno dia";"Crescente";"Céu Claro";"Múltipla";"Reta";"Sim";2;0;0;1;0;1;1;1;"-12.23105157";"-38.96091353";"SR-BA";"DEL10/2";"UOP01/BA"
194317;2019-03-01;"6";"12:15:00";"RS";158;565;"SANTANA DO LIVRAMENTO";"Falta de Atenção à Condução";"Colisão transversal";"Com Vítimas Feridas";"Pleno dia";"Decrescente";"Céu Claro";"Simples";"Reta";"Não";3;0;1;0;2;0;1;3;"-30.868536";"-55.507889";"SR-RS";"DEL9/11";"UOP01/RS"
194319;2019-03-01;"6";"11:30:00";"MG";381;521,5;"BRUMADINHO";"Condutor Dormindo";"Saída de leito carroçável";"Sem Vítimas";"Pleno dia";"Decrescente";"Nublado";"Dupla";"Reta";"Não";1;0;0;0;1;0;0;1;"-20.13846621";"-44.31715274";"SR-MG";"DEL4/4";"UOP03/MG"
194320;2019-03-01;"6";"13:25:00";"CE";222;224,4;"SOBRAL";"Falta de Atenção à Condução";"Colisão transversal";"Com Vítimas Feridas";"Pleno dia";"Crescente";"Céu Claro";"Simples";"Reta";"Não";2;0;1;0;1;0;1;2;"-3.71179";"-40.34383";"SR-CE";"DEL16/4";"UOP01/CE"
194321;2019-03-01;"6";"13:12:00";"PR";277;101;"CURITIBA";"Desobediência às normas de trânsito pelo condutor";"Colisão traseira";"Sem Vítimas";"Pleno dia";"Decrescente";"Céu Claro";"Dupla";"Reta";"Não";3;0;0;0;3;0;0;3;"-25.4276643";"-49.38797593";"SR-PR";"DEL7/1";"UOP04/PR"
194322;2019-02-22;"6";"10:10:00";"AL";104;59;"MURICI";"Falta de Atenção à Condução";"Colisão transversal";"Com Vítimas Feridas";"Pleno dia";"Crescente";"Céu Claro";"Simples";"Reta";"Sim";3;0;1;1;1;0;2;2;"-9.30688";"-35.940841";"SR-AL";"DEL13/1";"UOP02/AL"
194323;2019-03-01;"6";"11:15:00";"MT";70;1;"BARRA DO GARCAS";"Falta de Atenção do Pedestre";"Atropelamento de Pedestre";"Com Vítimas Feridas";"Pleno dia";"Crescente";"Céu Claro";"Simples";"Reta";"Sim";2;0;1;0;1;0;1;1;"-15.891638";"-52.262032";"SR-MT";"DEL2/8";"UOP01/MT"
194324;2019-03-01;"6";"13:40:00";"RS";293;4,3;"PELOTAS";"Falta de Atenção à Condução";"Colisão transversal";"Com Vítimas Feridas";"Pleno dia";"Crescente";"Céu Claro";"Simples";"Curva";"Sim";8;0;5;3;0;0;8;2;"-31.73678";"-52.36652";"SR-RS";"DEL9/7";"UOP01/RS"
194325;2019-03-01;"6";"08:00:00";"MT";364;272;"JACIARA";"Falta de Atenção do Pedestre";"Atropelamento de Pedestre";"Com Vítimas Feridas";"Pleno dia";"Decrescente";"Céu Claro";"Dupla";"Reta";"Sim";2;0;0;1;1;0;1;1;"-15.96668";"-54.96122";"SR-MT";"DEL2/1";"UOP02/MT"
194326;2019-03-01;"6";"13:25:00";"PB";230;5;"CABEDELO";"Desobediência às normas de trânsito pelo condutor";"Colisão transversal";"Com Vítimas Feridas";"Pleno dia";"Decrescente";"Céu Claro";"Dupla";"Reta";"Sim";2;0;1;0;1;0;1;2;"-7.01";"-34.8312";"SR-PB";"DEL14/1";"UOP00/PB"
194327;2019-03-01;"6";"13:40:00";"PR";376;4;"MARINGA";"Animais na Pista";"Queda de ocupante de veículo";"Com Vítimas Feridas";"Pleno dia";"Crescente";"Céu Claro";"Dupla";"Reta";"Não";1;0;1;0;0;0;1;1;"-23.4273";"-51.9375";"SR-PR";"DEL7/7";"UOP04/PR"
194328;2019-03-01;"6";"12:30:00";"PR";277;106,5;"CAMPO LARGO";"Velocidade Incompatível";"Saída de leito carroçável";"Com Vítimas Feridas";"Pleno dia";"Decrescente";"Sol";"Dupla";"Reta";"Não";2;0;2;0;0;0;2;1;"-25.42847004";"-49.39101219";"SR-PR";"DEL7/1";"UOP04/PR"
194330;2019-03-01;"6";"13:00:00";"PB";104;114,2;"LAGOA SECA";"Não guardar distância de segurança";"Colisão traseira";"Com Vítimas Feridas";"Pleno dia";"Crescente";"Nublado";"Simples";"Reta";"Sim";3;0;2;0;1;0;2;2;"-7.162039";"-35.857132";"SR-PB";"DEL14/2";"UOP04/PB"
194331;2019-03-01;"6";"13:30:00";"SC";101;129;"BALNEARIO CAMBORIU";"Falta de Atenção à Condução";"Colisão traseira";"Com Vítimas Feridas";"Pleno dia";"Crescente";"Céu Claro";"Dupla";"Reta";"Não";2;0;1;0;1;0;1;2;"-26.984";"-48.6695";"SR-SC";"DEL8/4";"UOP03/SC"
194332;2019-03-01;"6";"13:45:00";"SP";153;62;"SAO JOSE DO RIO PRETO";"Falta de Atenção à Condução";"Colisão traseira";"Sem Vítimas";"Pleno dia";"Crescente";"Nublado";"Dupla";"Não Informado";"Sim";2;0;0;0;2;0;0;2;"-20.81328";"-49.356758";"SR-SP";"DEL6/9";"UOP01/SP"
194334;2019-03-01;"6";"13:50:00";"SC";101;190,7;"BIGUACU";"Não guardar distância de segurança";"Colisão traseira";"Sem Vítimas";"Pleno dia";"Crescente";"Céu Claro";"Dupla";"Reta";"Sim";3;0;0;0;3;0;0;3;"-27.4775";"-48.6413";"SR-SC";"DEL8/1";"UOP01/SC"
194335;2019-03-01;"6";"14:10:00";"MG";116;277;"TEOFILO OTONI";"Falta de Atenção à Condução";"Queda de ocupante de veículo";"Com Vítimas Feridas";"Pleno dia";"Crescente";"Céu Claro";"Simples";"Reta";"Sim";1;0;1;0;0;0;1;1;"-17.86187406";"-41.51498367";"SR-MG";"DEL4/11";"UOP01/MG"
194336;2019-03-01;"6";"13:00:00";"GO";153;597;"PIRACANJUBA";"Falta de Atenção à Condução";"Saída de leito carroçável";"Sem Vítimas";"Pleno dia";"Crescente";"Chuva";"Dupla";"Não Informado";"Não";2;0;0;0;2;0;0;1;"-17.50377432";"-49.21514511";"SR-GO";"DEL1/3";"UOP01/GO"
194337;2019-03-01;"6";"14:10:00";"ES";101;147;"LINHARES";"Desobediência às normas de trânsito pelo condutor";"Colisão transversal";"Com Vítimas Feridas";"Pleno dia";"Crescente";"Céu Claro";"Simples";"Rotatória";"Sim";2;0;1;1;0;0;2;2;"-19.37942447";"-40.06662738";"SR-ES";"DEL12/4";"UOP01/ES"
194338;2019-03-01;"6";"14:35:00";"PI";343;4;"TERESINA";"Fenômenos da Natureza";"Colisão traseira";"Com Vítimas Feridas";"Pleno dia";"Decrescente";"Chuva";"Dupla";"Reta";"Sim";2;0;1;0;1;0;1;2;"-5.089569";"-42.802288";"SR-PI";"DEL17/1";"UOP01/PI"
194339;2019-02-13;"4";"11:00:00";"MG";267;8,3;"LEOPOLDINA";"Desobediência às normas de trânsito pelo condutor";"Colisão frontal";"Com Vítimas Fatais";"Pleno dia";"Decrescente";"Céu Claro";"Simples";"Reta";"Não";3;1;0;0;1;1;0;2;"-21.5704";"-42.6914";"SR-MG";"DEL4/7";"UOP01/MG"
194340;2019-03-01;"6";"14:28:00";"BA";324;550,1;"AMELIA RODRIGUES";"Falta de Atenção à Condução";"Queda de ocupante de veículo";"Com Vítimas Feridas";"Pleno dia";"Crescente";"Nublado";"Dupla";"Reta";"Não";1;0;1;0;0;0;1;1;"-12.44781035";"-38.71433169";"SR-BA";"DEL10/1";"UOP01/BA"
194341;2019-03-01;"6";"11:00:00";"SC";282;409,9;"CATANDUVAS";"Falta de Atenção à Condução";"Colisão transversal";"Com Vítimas Feridas";"Pleno dia";"Crescente";"Sol";"Simples";"Rotatória";"Sim";6;0;4;0;2;0;4;2;"-27.065756";"-51.664165";"SR-SC";"DEL7";"UOP07/SC"
194342;2019-03-01;"6";"12:00:00";"RJ";101;489;"ANGRA DOS REIS";"Falta de Atenção à Condução";"Colisão traseira";"Com Vítimas Feridas";"Pleno dia";"Decrescente";"Chuva";"Dupla";"Reta";"Não";2;0;0;1;1;0;1;2;"-22.9914072";"-44.2422465";"SR-RJ";"DEL5/3";"UOP02/RJ"
194343;2019-03-01;"6";"14:50:00";"MG";40;463,1;"SETE LAGOAS";"Ingestão de Álcool";"Queda de ocupante de veículo";"Com Vítimas Feridas";"Pleno dia";"Crescente";"Chuva";"Dupla";"Não Informado";"Não";2;0;0;2;0;0;2;1;"-19.4295";"-44.3368";"SR-MG";"DEL4/2";"UOP01/MG"
194344;2019-03-01;"6";"14:40:00";"RS";116;267,5;"CANOAS";"Não guardar distância de segurança";"Colisão lateral";"Com Vítimas Feridas";"Pleno dia";"Decrescente";"Sol";"Simples";"Reta";"Sim";3;0;1;0;2;0;1;3;"-29.941397";"-51.176971";"SR-RS";"DEL9/1";"UOP01/RS"
194347;2019-03-01;"6";"14:30:00";"PR";163;194,8;"CASCAVEL";"Avarias e/ou desgaste excessivo no pneu";"Queda de ocupante de veículo";"Com Vítimas Feridas";"Pleno dia";"Decrescente";"Sol";"Dupla";"Reta";"Não";1;0;1;0;0;0;1;1;"-25.0731";"-53.574";"SR-PR";"DEL7/4";"UOP06/PR"
194349;2019-03-01;"6";"15:20:00";"MG";50;163,6;"UBERABA";"Defeito Mecânico no Veículo";"Tombamento";"Com Vítimas Feridas";"Pleno dia";"Decrescente";"Nublado";"Dupla";"Desvio Temporário";"Não";2;0;1;0;0;1;1;1;"-19.6844";"-47.9929";"SR-MG";"DEL13";"UOP01/MG"
194350;2019-02-28;"5";"22:30:00";"RS";472;636;"BARRA DO QUARAI";"Condutor Dormindo";"Saída de leito carroçável";"Com Vítimas Feridas";"Plena Noite";"Decrescente";"Céu Claro";"Simples";"Reta";"Não";1;0;1;0;0;0;1;1;"-30.168614";"-57.43362";"SR-RS";"DEL9/13";"UOP01/RS"
194351;2019-03-01;"6";"15:25:00";"BA";101;900;"CARAVELAS";"Ultrapassagem Indevida";"Saída de leito carroçável";"Com Vítimas Feridas";"Pleno dia";"Crescente";"Sol";"Simples";"Reta";"Não";1;0;1;0;0;0;1;1;"-17.7277";"-39.7669";"SR-BA";"DEL10/9";"UOP03/BA"
194352;2019-03-01;"6";"15:00:00";"MG";381;833;"SAO SEBASTIAO DA BELA VISTA";"Avarias e/ou desgaste excessivo no pneu";"Saída de leito carroçável";"Com Vítimas Feridas";"Pleno dia";"Decrescente";"Chuva";"Dupla";"Reta";"Não";2;0;2;0;0;0;2;1;"-22.15829896";"-45.82738805";"SR-MG";"DEL09";"UOP01/MG"
194353;2019-03-01;"6";"14:50:00";"BA";101;820;"ITAMARAJU";"Defeito Mecânico no Veículo";"Saída de leito carroçável";"Com Vítimas Feridas";"Pleno dia";"Crescente";"Sol";"Simples";"Reta";"Não";3;0;3;0;0;0;3;1;"-17.1054";"-39.5601";"SR-BA";"DEL10/9";"UOP01/BA"
194354;2019-03-01;"6";"15:30:00";"ES";101;67;"SAO MATEUS";"Desobediência às normas de trânsito pelo condutor";"Colisão transversal";"Com Vítimas Feridas";"Pleno dia";"Crescente";"Céu Claro";"Dupla";"Reta";"Sim";3;0;1;0;2;0;1;2;"-18.720545";"-39.865883";"SR-ES";"DEL12/4";"UOP02/ES"
194355;2019-03-01;"6";"15:15:00";"SP";116;231;"SAO PAULO";"Falta de Atenção à Condução";"Queda de ocupante de veículo";"Com Vítimas Feridas";"Pleno dia";"Decrescente";"Céu Claro";"Dupla";"Reta";"Sim";1;0;1;0;0;0;1;1;"-23.52070066";"-46.58347893";"SR-SP";"DEL6/1";"UOP01/SP"
194356;2019-03-01;"6";"15:15:00";"SC";101;192;"BIGUACU";"Não guardar distância de segurança";"Colisão traseira";"Sem Vítimas";"Pleno dia";"Crescente";"Céu Claro";"Múltipla";"Reta";"Sim";2;0;0;0;2;0;0;2;"-27.4897";"-48.6559";"SR-SC";"DEL8/1";"UOP01/SC"
194357;2019-03-01;"6";"14:45:00";"MG";40;467,5;"SETE LAGOAS";"Velocidade Incompatível";"Colisão com objeto estático";"Sem Vítimas";"Pleno dia";"Crescente";"Chuva";"Dupla";"Reta";"Sim";1;0;0;0;1;0;0;1;"-19.4593";"-44.3033";"SR-MG";"DEL4/2";"UOP01/MG"
194359;2019-03-01;"6";"15:40:00";"RS";290;90;"PORTO ALEGRE";"Falta de Atenção à Condução";"Colisão lateral";"Com Vítimas Feridas";"Pleno dia";"Decrescente";"Céu Claro";"Dupla";"Reta";"Sim";2;0;1;0;1;0;1;2;"-29.968319";"-51.157398";"SR-RS";"DEL9/1";"UOP01/RS"
194360;2019-03-01;"6";"15:40:00";"SC";470;86,2;"RODEIO";"Falta de Atenção à Condução";"Colisão transversal";"Com Vítimas Fatais";"Pleno dia";"Crescente";"Céu Claro";"Simples";"Interseção de vias";"Não";4;1;0;1;2;0;1;2;"-26.94959773";"-49.35925484";"SR-SC";"DEL8/4";"UOP01/SC"
194361;2019-03-01;"6";"14:50:00";"RS";386;367,9;"FAZENDA VILANOVA";"Falta de Atenção à Condução";"Colisão traseira";"Com Vítimas Feridas";"Pleno dia";"Crescente";"Céu Claro";"Dupla";"Rotatória";"Não";5;0;4;0;1;0;4;2;"-29.58115583";"-51.84098851";"SR-RS";"DEL9/4";"UOP02/RS"
194362;2019-03-01;"6";"16:00:00";"GO";50;151;"CAMPO ALEGRE DE GOIAS";"Pista Escorregadia";"Saída de leito carroçável";"Com Vítimas Feridas";"Pleno dia";"Crescente";"Nublado";"Dupla";"Reta";"Não";2;0;2;0;0;0;2;1;"-17.1825";"-47.7291";"SR-GO";"DEL1/6";"UOP01/GO"