"id";"data_inversa";"dia_semana";"horario";"uf";"br";"km";"municipio";"causa_acidente";"tipo_acidente";"classificacao_acidente";"fase_dia";"sentido_via";"condicao_metereologica";"tipo_pista";"tracado_via";"uso_solo";"pessoas";"mortos";"feridos_leves";"feridos_graves";"ilesos";"ignorados";"feridos";"veiculos";"latitude";"longitude";"regional";"delegacia";"uop"
194363;2019-03-01;"6";"14:00:00";"RJ";101;51;"CAMPOS DOS GOYTACAZES";"Ultrapassagem Indevida";"Colisão frontal";"Com Vítimas Feridas";"Pleno dia";"Crescente";"Chuva";"Simples";"Reta";"Não";2;0;1;0;1;0;1;2;"-21.642723";"-41.311703";"SR-RJ";"DEL5/8";"UOP01/RJ"
194364;2019-03-01;"6";"15:45:00";"SP";116;208;"GUARULHOS";"Falta de Atenção à Condução";"Colisão com objeto estático";"Com Vítimas Feridas";"Pleno dia";"Crescente";"Chuva";"Dupla";"Reta";"Sim";4;0;2;0;2;0;2;1;"-23.42229511";"-46.3942802";"SR-SP";"DEL6/1";"UOP01/SP"
194365;2019-03-01;"6";"15:00:00";"RJ";101;254,5;"RIO BONITO";"Condutor Dormindo";"Colisão com objeto estático";"Com Vítimas Feridas";"Pleno dia";"Crescente";"Chuva";"Dupla";"Reta";"Não";1;0;1;0;0;0;1;1;"-22.692238";"-42.549614";"SR-RJ";"DEL5/2";"UOP03/RJ"
194366;2019-03-01;"6";"16:11:00";"DF";40;5;"BRASILIA";"Não guardar distância de segurança";"Colisão traseira";"Com Vítimas Feridas";"Pleno dia";"Crescente";"Céu Claro";"Simples";"Reta";"Sim";2;0;1;0;1;0;1;2;"-16.020903";"-47.980541";"SR-DF";"DF";"UOP01/DF"
194367;2019-03-01;"6";"16:13:00";"MG";116;756,3;"LEOPOLDINA";"Desobediência às normas de trânsito pelo condutor";"Colisão frontal";"Com Vítimas Fatais";"Pleno dia";"Crescente";"Céu Claro";"Simples";"Reta";"Não";2;1;0;0;1;0;0;2;"-21.492518";"-42.585791";"SR-MG";"DEL4/7";"UOP01/MG"
194368;2019-03-01;"6";"15:15:00";"RS";287;246,6;"SANTA MARIA";"Ingestão de álcool e/ou substâncias psicoativas pelo pedestre";"Colisão transversal";"Sem Vítimas";"Pleno dia";"Crescente";"Céu Claro";"Simples";"Rotatória";"Sim";2;0;0;0;2;0;0;2;"-29.70050418";"-53.84090424";"SR-RS";"DEL9/9";"UOP01/RS"
194369;2019-03-01;"6";"16:00:00";"SP";153;219,3;"MARILIA";"Falta de Atenção à Condução";"Colisão frontal";"Com Vítimas Feridas";"Pleno dia";"Crescente";"Garoa/Chuvisco";"Simples";"Reta";"Não";2;0;2;0;0;0;2;2;"-21.987995";"-49.914902";"SR-SP";"DEL6/07";"UOP02/SP"
194370;2019-03-01;"6";"15:30:00";"BA";116;467;"SANTO ESTEVAO";"Velocidade Incompatível";"Colisão traseira";"Com Vítimas Feridas";"Pleno dia";"Decrescente";"Céu Claro";"Dupla";"Reta";"Não";5;0;1;0;4;0;1;2;"-12.45626515";"-39.26217393";"SR-BA";"DEL10/2";"UOP01/BA"
194371;2019-03-01;"6";"16:30:00";"MG";262;447;"NOVA SERRANA";"Agressão Externa";"Capotamento";"Sem Vítimas";"Pleno dia";"Crescente";"Céu Claro";"Simples";"Reta";"Não";3;0;0;0;3;0;0;2;"-19.863728";"-44.997971";"SR-MG";"DEL4/8";"UOP03/MG"
194373;2019-03-01;"6";"15:30:00";"SC";101;109;"PENHA";"Defeito Mecânico no Veículo";"Incêndio";"Sem Vítimas";"Pleno dia";"Crescente";"Sol";"Múltipla";"Curva";"Sim";1;0;0;0;1;0;0;1;"-26.8349";"-48.7062";"SR-SC";"DEL8/3";"UOP02/SC"
194374;2019-03-01;"6";"15:50:00";"PR";277;83;"CURITIBA";"Falta de Atenção à Condução";"Colisão traseira";"Sem Vítimas";"Pleno dia";"Decrescente";"Céu Claro";"Dupla";"Reta";"Sim";2;0;0;0;2;0;0;2;"-25.45022619";"-49.22837913";"SR-PR";"DEL7/1";"UOP01/PR"
194375;2019-03-01;"6";"14:45:00";"RO";319;62,8;"PORTO VELHO";"Desobediência às normas de trânsito pelo condutor";"Colisão transversal";"Com Vítimas Feridas";"Pleno dia";"Crescente";"Nublado";"Dupla";"Reta";"Sim";2;0;1;0;1;0;1;2;"-8.746046";"-63.888527";"SR-RO";"DEL21/1";"UOP01/RO"
194376;2019-02-19;"3";"17:35:00";"BA";116;674;"JEQUIE";"Falta de Atenção à Condução";"Colisão traseira";"Com Vítimas Feridas";"Pleno dia";"Decrescente";"Céu Claro";"Simples";"Reta";"Sim";3;0;1;1;1;0;2;2;"-13.862844";"-40.112804";"SR-BA";"DEL10/3";"UOP01/BA"
194377;2019-03-01;"6";"15:40:00";"SC";101;124,5;"ITAJAI";"Não guardar distância de segurança";"Colisão traseira";"Com Vítimas Feridas";"Pleno dia";"Crescente";"Sol";"Dupla";"Reta";"Sim";3;0;0;1;2;0;1;3;"-26.9479";"-48.6832";"SR-SC";"DEL8/4";"UOP04/SC"
194378;2019-03-01;"6";"16:45:00";"PE";232;90,1;"SAIRE";"Falta de Atenção à Condução";"Colisão transversal";"Com Vítimas Feridas";"Pleno dia";"Crescente";"Céu Claro";"Dupla";"Curva";"Não";3;0;2;0;1;0;2;2;"-8.216229";"-35.646755";"SR-PE";"DEL11/1";"UOP04/PE"
194379;2019-03-01;"6";"08:45:00";"PI";316;2,8;"TERESINA";"Falta de Atenção à Condução";"Tombamento";"Com Vítimas Feridas";"Pleno dia";"Crescente";"Nublado";"Múltipla";"Reta";"Não";1;0;0;1;0;0;1;1;"-5.124775";"-42.798485";"SR-PI";"DEL17/1";"UOP02/PI"
194380;2019-03-01;"6";"15:40:00";"GO";158;179,1;"CAIAPONIA";"Defeito Mecânico no Veículo";"Colisão traseira";"Com Vítimas Feridas";"Pleno dia";"Decrescente";"Garoa/Chuvisco";"Simples";"Não Informado";"Não";2;0;1;0;1;0;1;2;"-17.131127";"-51.882352";"SR-GO";"DEL1/5";"UOP01/GO"
194381;2019-03-01;"6";"15:50:00";"PR";376;593,6;"CURITIBA";"Falta de Atenção à Condução";"Colisão lateral";"Com Vítimas Feridas";"Pleno dia";"Decrescente";"Céu Claro";"Dupla";"Reta";"Sim";2;0;1;0;1;0;1;2;"-25.48698009";"-49.34474945";"SR-PR";"DEL7/1";"UOP04/PR"
194382;2019-03-01;"6";"16:45:00";"SP";381;75,5;"SAO PAULO";"Pista Escorregadia";"Colisão com objeto estático";"Com Vítimas Feridas";"Pleno dia";"Crescente";"Chuva";"Dupla";"Curva";"Não";3;0;2;0;1;0;2;1;"-23.3765964";"-46.56169133";"SR-SP";"DEL6/3";"UOP02/SP"
194383;2019-03-01;"6";"16:20:00";"PR";376;663,9;"GUARATUBA";"Avarias e/ou desgaste excessivo no pneu";"Saída de leito carroçável";"Com Vítimas Feridas";"Pleno dia";"Decrescente";"Garoa/Chuvisco";"Dupla";"Curva";"Não";6;0;3;0;3;0;3;2;"-25.85381689";"-48.95741701";"SR-PR";"DEL7/1";"UOP08/PR"
194384;2019-03-01;"6";"17:10:00";"PR";153;368;"RIO AZUL";"Velocidade Incompatível";"Colisão com objeto estático";"Com Vítimas Feridas";"Pleno dia";"Crescente";"Céu Claro";"Simples";"Curva";"Não";3;0;2;0;1;0;2;1;"-25.74790357";"-50.81720006";"SR-PR";"DEL7/3";"UOP04/PR"
194385;2019-03-01;"6";"16:45:00";"MG";116;418;"GOVERNADOR VALADARES";"Desobediência às normas de trânsito pelo condutor";"Colisão transversal";"Com Vítimas Feridas";"Pleno dia";"Crescente";"Sol";"Simples";"Reta";"Sim";2;0;1;0;1;0;1;2;"-18.90343939";"-41.94382131";"SR-MG";"DEL4/6";"UOP01/MG"
194386;2019-03-01;"6";"17:00:00";"PE";232;7;"RECIFE";"Falta de Atenção à Condução";"Colisão traseira";"Sem Vítimas";"Pleno dia";"Crescente";"Nublado";"Dupla";"Reta";"Sim";2;0;0;0;2;0;0;2;"-8.073346";"-34.96188";"SR-PE";"DEL11/1";"UOP01/PE"
194387;2019-03-01;"6";"16:50:00";"SP";101;50;"UBATUBA";"Falta de Atenção à Condução";"Colisão traseira";"Com Vítimas Feridas";"Pleno dia";"Decrescente";"Chuva";"Simples";"Reta";"Sim";4;0;1;0;3;0;1;3;"-23.45022";"-45.077404";"SR-SP";"DEL6";"UOP03/SP"
194388;2019-03-01;"6";"15:30:00";"RS";158;101,7;"PALMEIRA DAS MISSOES";"Falta de Atenção à Condução";"Colisão transversal";"Com Vítimas Feridas";"Pleno dia";"Decrescente";"Céu Claro";"Simples";"Interseção de vias";"Não";2;0;2;0;0;0;2;2;"-27.90769";"-53.339855";"SR-RS";"DEL08";"UOP02/RS"
194389;2019-03-01;"6";"17:10:00";"SE";101;116;"ITAPORANGA DAJUDA";"Falta de Atenção à Condução";"Colisão com objeto estático";"Com Vítimas Feridas";"Pleno dia";"Decrescente";"Céu Claro";"Dupla";"Curva";"Não";2;0;1;1;0;0;2;1;"-11.00551479";"-37.30922699";"SR-SE";"DEL20/2";"UOP01/SE"
194390;2019-03-01;"6";"16:40:00";"SP";116;73;"APARECIDA";"Falta de Atenção à Condução";"Colisão lateral";"Com Vítimas Feridas";"Pleno dia";"Decrescente";"Chuva";"Dupla";"Não Informado";"Não";4;0;1;0;3;0;1;2;"-22.869858";"-45.244387";"SR-SP";"DEL6/8";"UOP02/SP"
194391;2019-03-01;"6";"16:50:00";"CE";222;3,7;"FORTALEZA";"Não guardar distância de segurança";"Colisão traseira";"Com Vítimas Feridas";"Pleno dia";"Crescente";"Nublado";"Múltipla";"Reta";"Sim";2;0;1;0;1;0;1;2;"-3.740385";"-38.595749";"SR-CE";"DEL16/1";"UOP01/CE"
194392;2019-03-01;"6";"17:30:00";"ES";259;1,2;"JOAO NEIVA";"Falta de Atenção à Condução";"Atropelamento de Pedestre";"Com Vítimas Feridas";"Anoitecer";"Crescente";"Sol";"Simples";"Reta";"Sim";3;0;0;2;1;0;2;1;"-19.73798";"-40.377514";"SR-ES";"DEL12/2";"UOP01/ES"
194393;2019-03-01;"6";"17:50:00";"RN";226;12,7;"MACAIBA";"Ultrapassagem Indevida";"Colisão lateral";"Com Vítimas Feridas";"Anoitecer";"Crescente";"Nublado";"Simples";"Reta";"Sim";2;0;1;0;1;0;1;2;"-5.847669";"-35.312698";"SR-RN";"DEL15/1";"UOP02/RN"
194395;2019-03-01;"6";"13:30:00";"SC";282;163,6;"BOM RETIRO";"Velocidade Incompatível";"Saída de leito carroçável";"Com Vítimas Feridas";"Pleno dia";"Decrescente";"Céu Claro";"Simples";"Reta";"Não";1;0;0;1;0;0;1;1;"-27.729801";"-49.783264";"SR-SC";"DEL8/5";"UOP01/SC"
194397;2019-03-01;"6";"16:50:00";"RJ";40;78;"PETROPOLIS";"Falta de Atenção à Condução";"Colisão traseira";"Com Vítimas Feridas";"Pleno dia";"Decrescente";"Nublado";"Simples";"Reta";"Não";2;0;1;0;1;0;1;2;"-22.5111";"-43.2316";"SR-RJ";"DEL5/6";"UOP03/RJ"
194398;2019-03-01;"6";"18:00:00";"ES";262;109;"VENDA NOVA DO IMIGRANTE";"Falta de Atenção à Condução";"Colisão lateral";"Com Vítimas Feridas";"Anoitecer";"Decrescente";"Céu Claro";"Simples";"Reta";"Não";2;0;1;0;1;0;1;2;"-20.3359";"-41.1728";"SR-ES";"DEL12/1";"UOP02/ES"
194399;2019-03-01;"6";"05:00:00";"BA";101;15,2;"RIO REAL";"Condutor Dormindo";"Saída de leito carroçável";"Com Vítimas Feridas";"Amanhecer";"Decrescente";"Céu Claro";"Dupla";"Reta";"Não";2;0;1;1;0;0;2;1;"-11.6064";"-37.8807";"SR-SE";"DEL20/2";"UOP03/SE"
194400;2019-03-01;"6";"13:15:00";"SC";280;289;"PORTO UNIAO";"Falta de Atenção à Condução";"Capotamento";"Com Vítimas Feridas";"Plena Noite";"Decrescente";"Céu Claro";"Simples";"Não Informado";"Não";8;0;6;2;0;0;8;2;"-26.296299";"-50.915482";"SR-SC";"DEL8/6";"UOP04/SC"
194401;2019-03-01;"6";"17:50:00";"SC";101;126,5;"ITAJAI";"Falta de Atenção à Condução";"Colisão lateral";"Com Vítimas Feridas";"Pleno dia";"Crescente";"Nublado";"Dupla";"Não Informado";"Não";3;0;2;0;1;0;2;2;"-26.964";"-48.6832";"SR-SC";"DEL8/4";"UOP04/SC"
194402;2019-03-01;"6";"17:30:00";"CE";20;304;"CANINDE";"Defeito Mecânico no Veículo";"Atropelamento de Pedestre";"Com Vítimas Feridas";"Pleno dia";"Crescente";"Céu Claro";"Simples";"Reta";"Sim";3;0;0;2;1;0;2;1;"-4.34944";"-39.299339";"SR-CE";"DEL16/2";"UOP01/CE"
194404;2019-03-01;"6";"17:50:00";"SP";116;224,8;"GUARULHOS";"Não guardar distância de segurança";"Colisão lateral";"Com Vítimas Feridas";"Pleno dia";"Decrescente";"Nublado";"Múltipla";"Reta";"Sim";4;0;1;0;1;2;1;3;"-23.4868604";"-46.5422142";"SR-SP";"DEL6/1";"UOP01/SP"
194405;2019-03-01;"6";"18:00:00";"RN";226;1,8;"NATAL";"Desobediência às normas de trânsito pelo condutor";"Colisão lateral";"Com Vítimas Feridas";"Plena Noite";"Decrescente";"Chuva";"Dupla";"Reta";"Sim";2;0;1;0;1;0;1;2;"-5.806421";"-35.241673";"SR-RN";"DEL15/1";"UOP02/RN"
194406;2019-03-01;"6";"18:10:00";"SC";101;129;"BALNEARIO CAMBORIU";"Falta de Atenção à Condução";"Saída de leito carroçável";"Com Vítimas Feridas";"Pleno dia";"Crescente";"Céu Claro";"Dupla";"Reta";"Não";1;0;0;1;0;0;1;1;"-26.984";"-48.6695";"SR-SC";"DEL8/4";"UOP03/SC"
194407;2019-03-01;"6";"18:30:00";"SP";116;229;"SAO PAULO";"Não guardar distância de segurança";"Tombamento";"Com Vítimas Feridas";"Anoitecer";"Decrescente";"Nublado";"Múltipla";"Reta";"Sim";1;0;1;0;0;0;1;1;"-23.51375883";"-46.57668982";"SR-SP";"DEL6/1";"UOP01/SP"
194408;2019-03-01;"6";"17:45:00";"BA";242;890;"LUIS EDUARDO MAGALHAES";"Falta de Atenção à Condução";"Colisão frontal";"Com Vítimas Feridas";"Anoitecer";"Crescente";"Céu Claro";"Simples";"Reta";"Não";3;0;1;1;1;0;2;2;"-12.0800059";"-45.804991";"SR-BA";"DEL10/10";"UOP01/BA"
194409;2019-03-01;"6";"16:50:00";"PR";376;124,3;"ALTO PARANA";"Objeto estático sobre o leito carroçável";"Colisão com objeto estático";"Com Vítimas Feridas";"Pleno dia";"Decrescente";"Céu Claro";"Dupla";"Desvio Temporário";"Não";1;0;1;0;0;0;1;1;"-23.13894837";"-52.28842288";"SR-PR";"DEL7/7";"UOP05/PR"
194410;2019-03-01;"6";"18:35:00";"PI";402;7,3;"BURITI DOS LOPES";"Animais na Pista";"Atropelamento de Animal";"Com Vítimas Feridas";"Plena Noite";"Crescente";"Nublado";"Simples";"Reta";"Não";1;0;1;0;0;0;1;1;"-3.100716";"-41.842846";"SR-PI";"DEL17/5";"UOP01/PI"
194411;2019-03-01;"6";"18:50:00";"RJ";101;407,2;"ITAGUAI";"Falta de Atenção do Pedestre";"Atropelamento de Pedestre";"Com Vítimas Feridas";"Plena Noite";"Crescente";"Nublado";"Dupla";"Reta";"Sim";3;0;1;0;1;1;1;1;"-22.87717";"-43.817921";"SR-RJ";"DEL5/3";"UOP01/RJ"
194412;2019-03-01;"6";"18:15:00";"MG";40;452,8;"CAETANOPOLIS";"Velocidade Incompatível";"Colisão com objeto estático";"Com Vítimas Feridas";"Anoitecer";"Crescente";"Chuva";"Dupla";"Não Informado";"Não";1;0;1;0;0;0;1;1;"-19.33928";"-44.35828";"SR-MG";"DEL4/2";"UOP01/MG"
194413;2019-03-01;"6";"18:40:00";"RS";290;77;"GRAVATAI";"Falta de Atenção à Condução";"Colisão lateral";"Com Vítimas Feridas";"Anoitecer";"Crescente";"Céu Claro";"Dupla";"Reta";"Sim";2;0;1;0;1;0;1;2;"-29.955027";"-51.027363";"SR-RS";"DEL9/1";"UOP01/RS"
194414;2019-03-01;"6";"17:40:00";"MG";40;566;"NOVA LIMA";"Defeito Mecânico no Veículo";"Saída de leito carroçável";"Com Vítimas Feridas";"Pleno dia";"Decrescente";"Chuva";"Simples";"Reta";"Não";1;0;1;0;0;0;1;1;"-20.1863";"-43.9677";"SR-MG";"DEL4/1";"UOP02/MG"
194415;2019-03-01;"6";"18:40:00";"PR";369;163;"CAMBE";"Velocidade Incompatível";"Colisão traseira";"Sem Vítimas";"Anoitecer";"Decrescente";"Nublado";"Dupla";"Reta";"Sim";3;0;0;0;3;0;0;2;"-23.296824";"-51.280578";"SR-PR";"DEL7/7";"UOP01/PR"
194416;2019-03-01;"6";"19:15:00";"SC";101;221;"PALHOCA";"Falta de Atenção à Condução";"Colisão traseira";"Com Vítimas Feridas";"Plena Noite";"Decrescente";"Céu Claro";"Múltipla";"Reta";"Sim";3;0;1;0;1;1;1;2;"-27.7096";"-48.6544";"SR-SC";"DEL8/1";"UOP02/SC"
194417;2019-03-01;"6";"12:20:00";"RJ";116;183;"NOVA IGUACU";"Defeito Mecânico no Veículo";"Colisão lateral";"Sem Vítimas";"Pleno dia";"Crescente";"Céu Claro";"Dupla";"Reta";"Não";2;0;0;0;2;0;0;2;"-22.751593";"-43.438511";"SR-RJ";"DEL5/1";"UOP02/RJ"
194418;2019-03-01;"6";"19:10:00";"MG";40;614;"CONGONHAS";"Desobediência às normas de trânsito pelo condutor";"Colisão transversal";"Com Vítimas Feridas";"Plena Noite";"Crescente";"Chuva";"Simples";"Reta";"Sim";2;0;0;1;1;0;1;2;"-20.539";"-43.8208";"SR-MG";"DEL5";"UOP02/MG"
194419;2019-03-01;"6";"16:05:00";"RJ";116;183;"NOVA IGUACU";"Falta de Atenção à Condução";"Colisão com objeto estático";"Com Vítimas Feridas";"Pleno dia";"Crescente";"Céu Claro";"Dupla";"Reta";"Não";1;0;1;0;0;0;1;1;"-22.751593";"-43.438511";"SR-RJ";"DEL5/1";"UOP02/RJ"
194420;2019-03-01;"6";"19:00:00";"PB";230;11;"CABEDELO";"Falta de Atenção do Pedestre";"Atropelamento de Pedestre";"Com Vítimas Feridas";"Plena Noite";"Decrescente";"Nublado";"Dupla";"Reta";"Sim";2;0;0;1;1;0;1;1;"-7.0596";"-34.8506";"SR-PB";"DEL14/1";"UOP00/PB"
194421;2019-03-01;"6";"19:20:00";"SC";101;331;"TUBARAO";"Falta de Atenção à Condução";"Engavetamento";"Com Vítimas Feridas";"Plena Noite";"Decrescente";"Nublado";"Dupla";"Reta";"Sim";8;0;3;0;5;0;3;6;"-28.4608";"-48.9902";"SR-SC";"DEL8/2";"UOP01/SC"
194422;2019-03-01;"6";"18:23:00";"CE";222;297,6;"TIANGUA";"Velocidade Incompatível";"Capotamento";"Sem Vítimas";"Plena Noite";"Crescente";"Garoa/Chuvisco";"Simples";"Curva";"Não";1;0;0;0;1;0;0;1;"-3.658263";"-40.92482";"SR-CE";"DEL16/4";"UOP02/CE"
194423;2019-03-01;"6";"18:30:00";"RS";386;435,8;"NOVA SANTA RITA";"Falta de Atenção à Condução";"Colisão transversal";"Com Vítimas Feridas";"Pleno dia";"Decrescente";"Sol";"Dupla";"Interseção de vias";"Sim";3;0;1;1;1;0;2;2;"-29.846369";"-51.275738";"SR-RS";"DEL9/4";"UOP02/RS"
194424;2019-03-01;"6";"18:30:00";"ES";262;108;"VENDA NOVA DO IMIGRANTE";"Desobediência às normas de trânsito pelo condutor";"Colisão lateral";"Com Vítimas Feridas";"Plena Noite";"Crescente";"Nublado";"Simples";"Reta";"Sim";2;0;1;0;1;0;1;2;"-20.3343";"-41.1639";"SR-ES";"DEL12/1";"UOP02/ES"
194425;2019-03-01;"6";"17:50:00";"MG";116;782,3;"LEOPOLDINA";"Pista Escorregadia";"Saída de leito carroçável";"Com Vítimas Feridas";"Anoitecer";"Decrescente";"Chuva";"Simples";"Não Informado";"Não";2;0;1;0;1;0;1;1;"-21.62823428";"-42.69871294";"SR-MG";"DEL4/7";"UOP01/MG"
194426;2019-03-01;"6";"19:20:00";"SP";116;146,9;"SAO JOSE DOS CAMPOS";"Falta de Atenção à Condução";"Colisão traseira";"Com Vítimas Feridas";"Plena Noite";"Decrescente";"Chuva";"Dupla";"Desvio Temporário";"Não";3;0;1;0;2;0;1;3;"-23.19405333";"-45.86924493";"SR-SP";"DEL6/2";"UOP01/SP"
194427;2019-03-01;"6";"19:50:00";"RJ";40;104;"DUQUE DE CAXIAS";"Sinalização da via insuficiente ou inadequada";"Atropelamento de Pedestre";"Com Vítimas Fatais";"Plena Noite";"Crescente";"Chuva";"Dupla";"Reta";"Sim";3;1;0;0;0;2;0;1;"-22.6383";"-43.2839";"SR-RJ";"DEL5/1";"UOP01/RJ"
194428;2019-03-01;"6";"19:20:00";"PR";153;338,9;"IRATI";"Ingestão de Álcool";"Colisão frontal";"Com Vítimas Fatais";"Anoitecer";"Decrescente";"Céu Claro";"Simples";"Reta";"Sim";2;1;0;0;1;0;0;2;"-25.52257592";"-50.65405369";"SR-PR";"DEL7/3";"UOP04/PR"
194429;2019-03-01;"6";"19:55:00";"DF";20;20,9;"BRASILIA";"Falta de Atenção à Condução";"Colisão traseira";"Com Vítimas Feridas";"Plena Noite";"Crescente";"Céu Claro";"Dupla";"Não Informado";"Sim";2;0;0;1;1;0;1;2;"-15.607905";"-47.692791";"SR-DF";"DF";"UOP04/DF"
194430;2019-03-01;"6";"20:00:00";"SP";101;46,8;"UBATUBA";"Ingestão de Álcool";"Colisão frontal";"Sem Vítimas";"Anoitecer";"Decrescente";"Nublado";"Simples";"Reta";"Sim";2;0;0;0;2;0;0;2;"-23.424009";"-45.07489";"SR-SP";"DEL6";"UOP03/SP"
194431;2019-03-01;"6";"18:30:00";"MA";316;376,2;"BACABAL";"Não guardar distância de segurança";"Colisão traseira";"Sem Vítimas";"Anoitecer";"Crescente";"Chuva";"Simples";"Reta";"Não";2;0;0;0;2;0;0;2;"-4.212711";"-44.655064";"SR-MA";"DEL18/2";"UOP01/MA"
194432;2019-03-01;"6";"20:10:00";"SP";116;220;"GUARULHOS";"Falta de Atenção à Condução";"Colisão lateral";"Com Vítimas Feridas";"Plena Noite";"Crescente";"Céu Claro";"Múltipla";"Reta";"Sim";1;0;1;0;0;0;1;1;"-23.46584452";"-46.50083542";"SR-SP";"DEL6/1";"UOP01/SP"
194433;2019-03-01;"6";"20:10:00";"SC";101;43;"JOINVILLE";"Falta de Atenção à Condução";"Colisão com objeto estático";"Com Vítimas Feridas";"Plena Noite";"Crescente";"Nublado";"Simples";"Interseção de vias";"Sim";2;0;1;0;1;0;1;2;"-26.3401";"-48.8589";"SR-SC";"DEL8/3";"UOP01/SC"
194434;2019-03-01;"6";"20:10:00";"SP";381;89;"SAO PAULO";"Falta de Atenção à Condução";"Colisão traseira";"Sem Vítimas";"Plena Noite";"Crescente";"Nublado";"Dupla";"Reta";"Sim";2;0;0;0;2;0;0;2;"-23.484";"-46.56";"SR-SP";"DEL6/3";"UOP02/SP"
194435;2019-03-01;"6";"20:00:00";"SC";101;112,4;"ITAJAI";"Desobediência às normas de trânsito pelo condutor";"Colisão lateral";"Com Vítimas Feridas";"Pleno dia";"Crescente";"Sol";"Múltipla";"Reta";"Sim";2;0;1;0;1;0;1;2;"-26.85691136";"-48.72759646";"SR-SC";"DEL8/4";"UOP04/SC"
194436;2019-03-01;"6";"19:55:00";"SP";153;61,8;"SAO JOSE DO RIO PRETO";"Falta de Atenção à Condução";"Colisão lateral";"Com Vítimas Feridas";"Plena Noite";"Crescente";"Chuva";"Dupla";"Reta";"Sim";2;0;2;0;0;0;2;2;"-20.805029";"-49.355747";"SR-SP";"DEL6/9";"UOP01/SP"
194437;2019-03-01;"6";"20:15:00";"RS";386;10,4;"IRAI";"Ingestão de álcool e/ou substâncias psicoativas pelo pedestre";"Atropelamento de Pedestre";"Com Vítimas Fatais";"Plena Noite";"Decrescente";"Céu Claro";"Simples";"Reta";"Não";2;1;0;0;0;1;0;1;"-27.22210246";"-53.30711746";"SR-RS";"DEL08";"UOP02/RS"
194438;2019-03-01;"6";"14:10:00";"RJ";465;5;"SEROPEDICA";"Ultrapassagem Indevida";"Colisão transversal";"Com Vítimas Feridas";"Pleno dia";"Decrescente";"Sol";"Simples";"Reta";"Não";2;0;0;1;1;0;1;2;"-22.747673";"-43.699196";"SR-RJ";"DEL5/1";"UOP03/RJ"
194439;2019-03-01;"6";"19:20:00";"SP";116;477;"JACUPIRANGA";"Falta de Atenção à Condução";"Colisão transversal";"Com Vítimas Feridas";"Plena Noite";"Crescente";"Nublado";"Simples";"Reta";"Sim";2;0;1;0;1;0;1;2;"-24.70343237";"-48.00756455";"SR-SP";"DEL6/5";"UOP02/SP"
194440;2019-03-01;"6";"19:20:00";"PE";116;26;"SALGUEIRO";"Ingestão de Álcool";"Atropelamento de Pedestre";"Com Vítimas Feridas";"Plena Noite";"Decrescente";"Céu Claro";"Simples";"Reta";"Sim";2;0;1;1;0;0;2;1;"-8.069921";"-39.13364";"SR-PE";"DEL11/5";"UOP01/PE"
194441;2019-03-01;"6";"20:40:00";"ES";101;401,8;"ITAPEMIRIM";"Velocidade Incompatível";"Saída de leito carroçável";"Com Vítimas Fatais";"Plena Noite";"Decrescente";"Céu Claro";"Simples";"Curva";"Não";3;1;0;0;2;0;0;1;"-20.88915418";"-40.98995361";"SR-ES";"DEL12/3";"UOP02/ES"
194442;2019-03-01;"6";"19:30:00";"PR";277;594,7;"CASCAVEL";"Falta de Atenção do Pedestre";"Atropelamento de Pedestre";"Com Vítimas Fatais";"Anoitecer";"Crescente";"Céu Claro";"Simples";"Reta";"Não";2;1;0;0;1;0;0;1;"-25.02817";"-53.55983";"SR-PR";"DEL7/4";"UOP01/PR"
194443;2019-03-01;"6";"20:01:00";"MG";381;533,5;"ITATIAIUCU";"Velocidade Incompatível";"Saída de leito carroçável";"Com Vítimas Feridas";"Plena Noite";"Crescente";"Chuva";"Dupla";"Curva";"Sim";2;0;2;0;0;0;2;1;"-20.1781";"-44.3771";"SR-MG";"DEL4/4";"UOP03/MG"
194444;2019-03-01;"6";"17:00:00";"SC";101;107;"PENHA";"Falta de Atenção à Condução";"Queda de ocupante de veículo";"Com Vítimas Feridas";"Pleno dia";"Crescente";"Sol";"Múltipla";"Reta";"Não";1;0;1;0;0;0;1;1;"-26.8262";"-48.6904";"SR-SC";"DEL8/3";"UOP02/SC"
194445;2019-03-01;"6";"18:45:00";"PR";277;588;"CASCAVEL";"Falta de Atenção à Condução";"Colisão transversal";"Com Vítimas Feridas";"Anoitecer";"Crescente";"Céu Claro";"Simples";"Reta";"Sim";2;0;2;0;0;0;2;2;"-25.02817";"-53.55983";"SR-PR";"DEL7/4";"UOP01/PR"
194446;2019-03-01;"6";"20:50:00";"ES";101;160;"LINHARES";"Falta de Atenção à Condução";"Queda de ocupante de veículo";"Com Vítimas Feridas";"Plena Noite";"Decrescente";"Céu Claro";"Simples";"Reta";"Não";1;0;1;0;0;0;1;1;"-19.46384078";"-40.10679245";"SR-ES";"DEL12/4";"UOP01/ES"
194447;2019-03-01;"6";"17:30:00";"RS";285;383;"SANTA BARBARA DO SUL";"Não guardar distância de segurança";"Colisão lateral";"Sem Vítimas";"Pleno dia";"Crescente";"Céu Claro";"Simples";"Curva";"Não";2;0;0;0;2;0;0;2;"-28.432428";"-53.181538";"SR-RS";"DEL9/10";"UOP01/RS"
194448;2019-03-01;"6";"20:00:00";"SC";101;208,7;"SAO JOSE";"Objeto estático sobre o leito carroçável";"Colisão com objeto estático";"Com Vítimas Feridas";"Plena Noite";"Crescente";"Céu Claro";"Múltipla";"Reta";"Sim";1;0;1;0;0;0;1;1;"-27.61191704";"-48.64084125";"SR-SC";"DEL8/1";"UOP01/SC"