"id";"data_inversa";"dia_semana";"horario";"uf";"br";"km";"municipio";"causa_acidente";"tipo_acidente";"classificacao_acidente";"fase_dia";"sentido_via";"condicao_metereologica";"tipo_pista";"tracado_via";"uso_solo";"pessoas";"mortos";"feridos_leves";"feridos_graves";"ilesos";"ignorados";"feridos";"veiculos";"latitude";"longitude";"regional";"delegacia";"uop"
194632;2019-03-02;"7";"15:25:00";"SP";116;219;"GUARULHOS";"Não guardar distância de segurança";"Colisão traseira";"Com Vítimas Feridas";"Pleno dia";"Crescente";"Nublado";"Simples";"Reta";"Não";2;0;1;0;1;0;1;2;"-23.46528042";"-46.50000552";"SR-SP";"DEL6/1";"UOP01/SP"
194633;2019-03-02;"7";"15:20:00";"CE";116;67;"CHOROZINHO";"Ultrapassagem Indevida";"Colisão frontal";"Com Vítimas Feridas";"Pleno dia";"Decrescente";"Chuva";"Simples";"Reta";"Não";5;0;0;1;3;1;1;2;"-4.3222636";"-38.48971765";"SR-CE";"DEL16/3";"UOP02/CE"
194634;2019-03-02;"7";"15:45:00";"MG";381;932;"EXTREMA";"Velocidade Incompatível";"Colisão com objeto estático";"Sem Vítimas";"Pleno dia";"Decrescente";"Chuva";"Dupla";"Curva";"Não";1;0;0;0;1;0;0;1;"-22.7956";"-46.2536";"SR-MG";"DEL09";"UOP03/MG"
194635;2019-03-02;"7";"09:40:00";"RJ";101;315;"SAO GONCALO";"Falta de Atenção à Condução";"Colisão traseira";"Com Vítimas Feridas";"Pleno dia";"Decrescente";"Céu Claro";"Dupla";"Reta";"Sim";5;0;1;1;1;2;2;2;"-22.822636";"-43.084637";"SR-RJ";"DEL5/2";"UOP02/RJ"
194636;2019-03-02;"7";"15:00:00";"CE";116;386,5;"ICO";"Ingestão de Álcool";"Tombamento";"Com Vítimas Feridas";"Pleno dia";"Crescente";"Sol";"Simples";"Reta";"Não";1;0;1;0;0;0;1;1;"-6.48844828";"-38.85907173";"SR-CE";"DEL16/5";"UOP01/CE"
194637;2019-03-02;"7";"06:20:00";"RJ";116;3;"SAPUCAIA";"Falta de Atenção à Condução";"Colisão frontal";"Com Vítimas Fatais";"Amanhecer";"Crescente";"Nublado";"Simples";"Curva";"Sim";3;2;1;0;0;0;1;2;"-21.887306";"-42.679127";"SR-RJ";"DEL5/4";"UOP01/RJ"
194638;2019-03-02;"7";"15:20:00";"MG";116;527,7;"CARATINGA";"Falta de Atenção à Condução";"Colisão traseira";"Com Vítimas Feridas";"Pleno dia";"Decrescente";"Céu Claro";"Simples";"Curva";"Sim";2;0;1;0;1;0;1;2;"-19.775705";"-42.132579";"SR-MG";"DEL4/6";"UOP02/MG"
194639;2019-03-02;"7";"15:00:00";"MG";262;35,1;"MANHUACU";"Desobediência às normas de trânsito pelo condutor";"Colisão frontal";"Com Vítimas Feridas";"Pleno dia";"Crescente";"Céu Claro";"Simples";"Curva";"Não";2;0;1;0;1;0;1;2;"-20.259268";"-42.017025";"SR-MG";"DEL4/6";"UOP04/MG"
194640;2019-03-02;"7";"08:10:00";"PR";376;374,5;"ORTIGUEIRA";"Ingestão de Álcool";"Colisão lateral";"Sem Vítimas";"Pleno dia";"Crescente";"Sol";"Simples";"Curva";"Não";2;0;0;0;2;0;0;2;"-24.36492437";"-50.80524445";"SR-PR";"DEL7/3";"UOP05/PR"
194641;2019-03-02;"7";"16:20:00";"BA";324;609,4;"SIMOES FILHO";"Desobediência às normas de trânsito pelo pedestre";"Atropelamento de Pedestre";"Com Vítimas Fatais";"Pleno dia";"Crescente";"Céu Claro";"Dupla";"Reta";"Sim";2;1;0;0;1;0;0;1;"-12.83709716";"-38.41416098";"SR-BA";"DEL10/1";"UOP01/BA"
194642;2019-03-02;"7";"16:30:00";"DF";20;14;"BRASILIA";"Pista Escorregadia";"Engavetamento";"Sem Vítimas";"Anoitecer";"Crescente";"Chuva";"Dupla";"Reta";"Sim";1;0;0;0;1;0;0;1;"-15.634938";"-47.741241";"SR-DF";"DF";"UOP04/DF"
194643;2019-03-02;"7";"16:20:00";"PR";277;199,4;"PALMEIRA";"Falta de Atenção à Condução";"Colisão traseira";"Com Vítimas Feridas";"Pleno dia";"Decrescente";"Céu Claro";"Simples";"Reta";"Não";2;0;0;1;1;0;1;2;"-25.42498179";"-50.073452";"SR-PR";"DEL7/3";"UOP04/PR"
194644;2019-03-02;"7";"16:00:00";"PR";277;690,2;"SAO MIGUEL DO IGUACU";"Desobediência às normas de trânsito pelo condutor";"Colisão lateral";"Com Vítimas Feridas";"Pleno dia";"Crescente";"Céu Claro";"Dupla";"Não Informado";"Sim";4;0;2;0;1;1;2;2;"-25.36018856";"-54.2488575";"SR-PR";"DEL7/5";"UOP01/PR"
194646;2019-03-02;"7";"16:55:00";"MG";381;484;"BETIM";"Mal Súbito";"Colisão com objeto estático";"Com Vítimas Fatais";"Anoitecer";"Crescente";"Céu Claro";"Dupla";"Curva";"Sim";1;1;0;0;0;0;0;1;"-19.9557";"-44.0964";"SR-MG";"DEL4/1";"UOP03/MG"
194647;2019-03-02;"7";"16:30:00";"GO";414;439,5;"ANAPOLIS";"Ingestão de Álcool";"Colisão lateral";"Com Vítimas Feridas";"Pleno dia";"Decrescente";"Céu Claro";"Simples";"Rotatória";"Sim";2;0;1;0;1;0;1;2;"-16.3202619";"-48.8706198";"SR-GO";"DEL1/2";"UOP01/GO"
194648;2019-03-02;"7";"16:50:00";"MG";40;550,4;"NOVA LIMA";"Falta de Atenção à Condução";"Saída de leito carroçável";"Com Vítimas Fatais";"Pleno dia";"Decrescente";"Nublado";"Dupla";"Reta";"Sim";3;1;2;0;0;0;2;2;"-20.0537";"-43.9705";"SR-MG";"DEL4/1";"UOP02/MG"
194649;2019-03-02;"7";"16:00:00";"DF";20;18;"BRASILIA";"Pista Escorregadia";"Saída de leito carroçável";"Sem Vítimas";"Pleno dia";"Crescente";"Chuva";"Dupla";"Reta";"Não";1;0;0;0;1;0;0;1;"-15.616901";"-47.708927";"SR-DF";"DF";"UOP04/DF"
194650;2019-03-02;"7";"15:22:00";"RO";364;711;"PORTO VELHO";"Falta de Atenção à Condução";"Colisão traseira";"Com Vítimas Feridas";"Pleno dia";"Crescente";"Nublado";"Dupla";"Reta";"Sim";3;0;2;0;1;0;2;2;"-8.77890223";"-63.87012547";"SR-RO";"DEL21/1";"UOP01/RO"
194651;2019-03-02;"7";"16:50:00";"BA";324;518;"FEIRA DE SANTANA";"Ingestão de Álcool";"Colisão transversal";"Com Vítimas Feridas";"Pleno dia";"Decrescente";"Céu Claro";"Simples";"Interseção de vias";"Sim";3;0;0;2;1;0;2;2;"-12.26884266";"-38.93397158";"SR-BA";"DEL10/1";"UOP01/BA"
194652;2019-03-02;"7";"17:30:00";"GO";153;516;"APARECIDA DE GOIANIA";"Ingestão de Álcool";"Queda de ocupante de veículo";"Com Vítimas Feridas";"Anoitecer";"Crescente";"Nublado";"Dupla";"Desvio Temporário";"Sim";1;0;1;0;0;0;1;1;"-16.8504";"-49.2473";"SR-GO";"DEL1/1";"UOP03/GO"
194653;2019-03-02;"7";"17:25:00";"CE";116;19;"AQUIRAZ";"Desobediência às normas de trânsito pelo condutor";"Colisão transversal";"Com Vítimas Feridas";"Anoitecer";"Crescente";"Chuva";"Dupla";"Reta";"Sim";2;0;1;0;1;0;1;2;"-3.9268";"-38.5078";"SR-CE";"DEL16/1";"UOP02/CE"
194654;2019-03-02;"7";"17:40:00";"SC";282;213,6;"LAGES";"Falta de Atenção à Condução";"Colisão transversal";"Com Vítimas Feridas";"Pleno dia";"Crescente";"Céu Claro";"Simples";"Reta";"Sim";2;0;0;1;1;0;1;2;"-27.785299";"-50.261921";"SR-SC";"DEL8/5";"UOP01/SC"
194655;2019-03-02;"7";"17:30:00";"GO";20;62,1;"FORMOSA";"Não guardar distância de segurança";"Colisão traseira";"Com Vítimas Feridas";"Anoitecer";"Crescente";"Chuva";"Simples";"Reta";"Não";3;0;1;0;2;0;1;2;"-15.22989";"-47.172417";"SR-DF";"GO";"UOP04/DF"
194656;2019-03-02;"7";"17:30:00";"CE";222;313;"TIANGUA";"Ingestão de Álcool";"Colisão transversal";"Com Vítimas Feridas";"Anoitecer";"Crescente";"Garoa/Chuvisco";"Simples";"Reta";"Sim";2;0;1;1;0;0;2;2;"-3.723635";"-40.996712";"SR-CE";"DEL16/4";"UOP02/CE"
194657;2019-03-02;"7";"17:50:00";"RJ";101;322;"NITEROI";"Falta de Atenção à Condução";"Colisão lateral";"Com Vítimas Feridas";"Pleno dia";"Decrescente";"Céu Claro";"Múltipla";"Reta";"Sim";2;0;1;0;1;0;1;2;"-22.878923";"-43.110676";"SR-RJ";"DEL5/2";"UOP01/RJ"
194659;2019-03-02;"7";"11:30:00";"RJ";116;228;"PIRAI";"Desobediência às normas de trânsito pelo condutor";"Colisão transversal";"Com Vítimas Feridas";"Pleno dia";"Crescente";"Nublado";"Dupla";"Reta";"Não";2;0;0;1;1;0;1;2;"-22.672081";"-43.817894";"SR-RJ";"DEL5/7";"UOP01/RJ"
194660;2019-03-02;"7";"15:30:00";"SP";116;64;"GUARATINGUETA";"Defeito Mecânico no Veículo";"Queda de ocupante de veículo";"Com Vítimas Feridas";"Pleno dia";"Crescente";"Céu Claro";"Dupla";"Reta";"Sim";2;0;1;0;1;0;1;1;"-22.81946";"-45.184345";"SR-SP";"DEL6/8";"UOP02/SP"
194661;2019-03-02;"7";"17:50:00";"BA";101;708,4;"EUNAPOLIS";"Ingestão de Álcool";"Colisão traseira";"Com Vítimas Feridas";"Anoitecer";"Crescente";"Céu Claro";"Simples";"Reta";"Não";2;0;1;0;1;0;1;2;"-16.30419977";"-39.59635735";"SR-BA";"DEL10/9";"UOP01/BA"
194662;2019-03-02;"7";"18:00:00";"SC";101;119;"ITAJAI";"Falta de Atenção à Condução";"Colisão lateral";"Com Vítimas Feridas";"Anoitecer";"Crescente";"Céu Claro";"Dupla";"Reta";"Não";2;0;1;0;1;0;1;2;"-26.9128";"-48.7118";"SR-SC";"DEL8/4";"UOP04/SC"
194663;2019-03-02;"7";"16:55:00";"MG";262;389;"FLORESTAL";"Falta de Atenção à Condução";"Colisão traseira";"Com Vítimas Feridas";"Pleno dia";"Decrescente";"Céu Claro";"Dupla";"Reta";"Não";3;0;1;0;2;0;1;2;"-19.907";"-44.5119";"SR-MG";"DEL4/1";"UOP03/MG"
194664;2019-03-01;"6";"15:45:00";"MG";381;457;"BELO HORIZONTE";"Não guardar distância de segurança";"Colisão traseira";"Com Vítimas Feridas";"Pleno dia";"Decrescente";"Céu Claro";"Simples";"Reta";"Não";2;0;0;1;1;0;1;2;"-19.84142343";"-43.87067534";"SR-MG";"DEL4/1";"UOP01/MG"
194665;2019-03-02;"7";"17:55:00";"SC";101;21;"JOINVILLE";"Não guardar distância de segurança";"Colisão traseira";"Sem Vítimas";"Pleno dia";"Crescente";"Sol";"Dupla";"Reta";"Não";3;0;0;0;3;0;0;2;"-26.1569";"-48.9077";"SR-SC";"DEL8/3";"UOP01/SC"
194666;2019-03-02;"7";"16:25:00";"SP";153;174,3;"GUAICARA";"Falta de Atenção à Condução";"Colisão transversal";"Com Vítimas Feridas";"Pleno dia";"Decrescente";"Garoa/Chuvisco";"Simples";"Reta";"Sim";4;0;1;0;3;0;1;2;"-21.633102";"-49.787743";"SR-SP";"DEL6/07";"UOP01/SP"
194667;2019-03-02;"7";"17:40:00";"RS";290;36;"SANTO ANTONIO DA PATRULHA";"Não guardar distância de segurança";"Colisão traseira";"Com Vítimas Feridas";"Pleno dia";"Decrescente";"Céu Claro";"Dupla";"Reta";"Não";3;0;1;0;2;0;1;2;"-29.884756";"-50.61729";"SR-RS";"DEL9/3";"UOP02/RS"
194668;2019-03-02;"7";"17:25:00";"RS";470;283,9;"MONTENEGRO";"Velocidade Incompatível";"Tombamento";"Com Vítimas Feridas";"Pleno dia";"Decrescente";"Céu Claro";"Simples";"Reta";"Não";2;0;1;0;1;0;1;2;"-29.64947707";"-51.45819604";"SR-RS";"DEL9/4";"UOP02/RS"
194669;2019-03-02;"7";"18:00:00";"PA";163;1000;"SANTAREM";"Ingestão de Álcool";"Colisão transversal";"Com Vítimas Feridas";"Pleno dia";"Crescente";"Nublado";"Simples";"Interseção de vias";"Sim";2;0;1;0;1;0;1;2;"-2.46697698";"-54.72790003";"SR-PA";"DEL19/5";"UOP01/PA"
194670;2019-03-02;"7";"16:50:00";"PR";277;366;"GUARAPUAVA";"Ingestão de Álcool";"Colisão lateral";"Sem Vítimas";"Pleno dia";"Crescente";"Céu Claro";"Simples";"Reta";"Não";2;0;0;0;2;0;0;2;"-25.425388";"-51.662336";"SR-PR";"DEL7/3";"UOP02/PR"
194671;2019-03-02;"7";"18:10:00";"RJ";101;269;"RIO BONITO";"Falta de Atenção à Condução";"Queda de ocupante de veículo";"Com Vítimas Feridas";"Anoitecer";"Decrescente";"Nublado";"Dupla";"Reta";"Sim";1;0;1;0;0;0;1;1;"-22.714979";"-42.678112";"SR-RJ";"DEL5/2";"UOP03/RJ"
194672;2019-03-02;"7";"15:00:00";"SP";116;323;"JUQUITIBA";"Defeito Mecânico no Veículo";"Queda de ocupante de veículo";"Com Vítimas Feridas";"Pleno dia";"Decrescente";"Garoa/Chuvisco";"Dupla";"Reta";"Não";1;0;1;0;0;0;1;1;"-23.93657464";"-47.03562498";"SR-SP";"DEL6/4";"UOP02/SP"
194673;2019-03-02;"7";"17:15:00";"MG";40;778;"JUIZ DE FORA";"Desobediência às normas de trânsito pelo condutor";"Colisão frontal";"Sem Vítimas";"Pleno dia";"Crescente";"Céu Claro";"Simples";"Não Informado";"Não";4;0;0;0;4;0;0;2;"-21.689";"-43.4498";"SR-MG";"DEL5";"UOP01/MG"
194674;2019-03-02;"7";"18:00:00";"ES";101;231;"FUNDAO";"Desobediência às normas de trânsito pelo condutor";"Colisão transversal";"Com Vítimas Feridas";"Anoitecer";"Crescente";"Céu Claro";"Simples";"Reta";"Não";4;0;2;0;2;0;2;2;"-19.944826";"-40.407306";"SR-ES";"DEL12/2";"UOP01/ES"
194675;2019-03-02;"7";"18:50:00";"SC";101;125;"ITAJAI";"Não guardar distância de segurança";"Colisão traseira";"Com Vítimas Feridas";"Anoitecer";"Crescente";"Nublado";"Múltipla";"Reta";"Não";2;0;0;1;1;0;1;2;"-26.9557";"-48.6796";"SR-SC";"DEL8/4";"UOP04/SC"
194676;2019-03-02;"7";"18:10:00";"MG";116;416,9;"GOVERNADOR VALADARES";"Ultrapassagem Indevida";"Tombamento";"Com Vítimas Feridas";"Anoitecer";"Decrescente";"Céu Claro";"Simples";"Curva";"Sim";4;0;1;1;1;1;2;2;"-18.89630366";"-41.94773734";"SR-MG";"DEL4/6";"UOP01/MG"
194677;2019-03-02;"7";"18:00:00";"PR";163;72,8;"PLANALTO";"Ingestão de Álcool";"Colisão transversal";"Com Vítimas Feridas";"Anoitecer";"Crescente";"Céu Claro";"Simples";"Não Informado";"Não";4;0;1;0;3;0;1;2;"-25.778281";"-53.79166";"SR-PR";"DEL7/2";"UOP04/PR"
194678;2019-03-02;"7";"18:15:00";"GO";414;329;"COCALZINHO DE GOIAS";"Defeito Mecânico no Veículo";"Capotamento";"Com Vítimas Feridas";"Anoitecer";"Decrescente";"Céu Claro";"Simples";"Reta";"Não";3;0;3;0;0;0;3;1;"-15.580993";"-48.628662";"SR-GO";"DEL1/2";"UOP01/GO"
194679;2019-03-02;"7";"18:50:00";"GO";50;279;"CATALAO";"Falta de Atenção à Condução";"Colisão transversal";"Com Vítimas Feridas";"Plena Noite";"Crescente";"Nublado";"Simples";"Interseção de vias";"Sim";4;0;0;1;3;0;1;2;"-18.1739";"-47.9289";"SR-GO";"DEL1/6";"UOP01/GO"
194680;2019-03-02;"7";"18:00:00";"RJ";40;90;"PETROPOLIS";"Velocidade Incompatível";"Colisão lateral";"Com Vítimas Feridas";"Anoitecer";"Crescente";"Chuva";"Simples";"Curva";"Não";3;0;1;0;2;0;1;2;"-22.5598";"-43.2322";"SR-RJ";"DEL5/6";"UOP03/RJ"
194681;2019-03-02;"7";"18:30:00";"RJ";101;102;"CAMPOS DOS GOYTACAZES";"Falta de Atenção à Condução";"Capotamento";"Com Vítimas Feridas";"Anoitecer";"Crescente";"Chuva";"Dupla";"Reta";"Sim";6;0;1;0;5;0;1;3;"-21.895832";"-41.600277";"SR-RJ";"DEL5/8";"UOP02/RJ"
194682;2019-03-02;"7";"18:00:00";"BA";101;180;"SAO GONCALO DOS CAMPOS";"Falta de Atenção à Condução";"Colisão transversal";"Com Vítimas Feridas";"Plena Noite";"Crescente";"Céu Claro";"Simples";"Reta";"Não";2;0;1;0;1;0;1;2;"-12.42966";"-38.912374";"SR-BA";"DEL10/1";"UOP03/BA"
194683;2019-03-02;"7";"18:30:00";"ES";101;94;"JAGUARE";"Falta de Atenção à Condução";"Atropelamento de Pedestre";"Com Vítimas Feridas";"Anoitecer";"Crescente";"Nublado";"Simples";"Reta";"Sim";2;0;0;1;0;1;1;1;"-18.93248751";"-39.97254432";"SR-ES";"DEL12/4";"UOP02/ES"
194684;2019-03-02;"7";"19:10:00";"MG";153;245,1;"FRONTEIRA";"Falta de Atenção à Condução";"Colisão transversal";"Com Vítimas Feridas";"Plena Noite";"Crescente";"Céu Claro";"Simples";"Interseção de vias";"Sim";2;0;1;0;1;0;1;2;"-20.291227";"-49.202367";"SR-MG";"DEL13";"UOP02/MG"
194685;2019-03-02;"7";"19:10:00";"CE";116;15;"ITAITINGA";"Desobediência às normas de trânsito pelo condutor";"Atropelamento de Pedestre";"Com Vítimas Feridas";"Plena Noite";"Crescente";"Garoa/Chuvisco";"Dupla";"Não Informado";"Sim";2;0;1;0;0;1;1;1;"-3.891";"-38.502";"SR-CE";"DEL16/1";"UOP02/CE"
194686;2019-03-02;"7";"15:35:00";"MG";40;60,3;"PARACATU";"Falta de Atenção à Condução";"Saída de leito carroçável";"Com Vítimas Feridas";"Pleno dia";"Crescente";"Chuva";"Simples";"Reta";"Não";3;0;1;0;2;0;1;1;"-17.319412";"-46.765888";"SR-MG";"DEL4/14";"UOP01/MG"
194687;2019-03-02;"7";"19:15:00";"MG";381;583,6;"CARMOPOLIS DE MINAS";"Falta de Atenção à Condução";"Colisão traseira";"Com Vítimas Feridas";"Plena Noite";"Decrescente";"Nublado";"Dupla";"Reta";"Não";4;0;0;1;1;2;1;2;"-20.50842005";"-44.61157322";"SR-MG";"DEL4/4";"UOP01/MG"
194688;2019-02-27;"4";"06:00:00";"MG";40;476;"SETE LAGOAS";"Não guardar distância de segurança";"Tombamento";"Com Vítimas Feridas";"Amanhecer";"Crescente";"Céu Claro";"Dupla";"Reta";"Não";2;0;1;0;1;0;1;2;"-19.474533";"-44.2916915";"SR-MG";"DEL4/2";"UOP01/MG"
194689;2019-03-02;"7";"18:25:00";"MG";40;517;"RIBEIRAO DAS NEVES";"Não guardar distância de segurança";"Engavetamento";"Com Vítimas Feridas";"Plena Noite";"Decrescente";"Nublado";"Dupla";"Reta";"Sim";4;0;1;0;2;1;1;3;"-19.8351";"-44.08";"SR-MG";"DEL4/1";"UOP03/MG"
194690;2019-03-02;"7";"19:45:00";"PR";369;175;"ROLANDIA";"Ingestão de Álcool";"Colisão transversal";"Com Vítimas Feridas";"Plena Noite";"Crescente";"Céu Claro";"Simples";"Reta";"Sim";2;0;2;0;0;0;2;2;"-23.3214253";"-51.38285095";"SR-PR";"DEL7/7";"UOP01/PR"
194691;2019-03-02;"7";"19:50:00";"PR";369;41;"ANDIRA";"Desobediência às normas de trânsito pelo condutor";"Colisão frontal";"Com Vítimas Feridas";"Plena Noite";"Crescente";"Céu Claro";"Simples";"Reta";"Não";4;0;0;2;1;1;2;3;"-23.06570562";"-50.25886238";"SR-PR";"DEL7/7";"UOP06/PR"
194692;2019-03-02;"7";"19:20:00";"RS";470;224,4;"GARIBALDI";"Desobediência às normas de trânsito pelo condutor";"Colisão transversal";"Com Vítimas Feridas";"Anoitecer";"Decrescente";"Céu Claro";"Simples";"Curva";"Sim";2;0;0;1;1;0;1;2;"-29.2352855";"-51.51635539";"SR-RS";"DEL9/6";"UOP01/RS"
194693;2019-03-02;"7";"14:00:00";"SC";116;53,3;"PAPANDUVA";"Ingestão de Álcool";"Saída de leito carroçável";"Sem Vítimas";"Pleno dia";"Crescente";"Céu Claro";"Simples";"Não Informado";"Não";1;0;0;0;1;0;0;1;"-26.39325";"-50.155151";"SR-SC";"DEL8/6";"UOP01/SC"
194694;2019-03-02;"7";"16:15:00";"MT";364;471;"JANGADA";"Avarias e/ou desgaste excessivo no pneu";"Saída de leito carroçável";"Com Vítimas Feridas";"Pleno dia";"Crescente";"Chuva";"Simples";"Reta";"Não";3;0;3;0;0;0;3;1;"-15.43216994";"-56.33960724";"SR-MT";"DEL2/4";"UOP02/MT"
194695;2019-03-02;"7";"18:35:00";"MG";381;566,5;"ITAGUARA";"Velocidade Incompatível";"Saída de leito carroçável";"Sem Vítimas";"Anoitecer";"Crescente";"Chuva";"Dupla";"Curva";"Não";1;0;0;0;1;0;0;1;"-20.4025";"-44.5126";"SR-MG";"DEL4/4";"UOP03/MG"
194697;2019-03-02;"7";"20:00:00";"RN";110;1,1;"AREIA BRANCA";"Desobediência às normas de trânsito pelo condutor";"Colisão transversal";"Com Vítimas Feridas";"Plena Noite";"Crescente";"Nublado";"Simples";"Reta";"Sim";3;0;0;2;0;1;2;2;"-4.94831701";"-37.12344646";"SR-RN";"DEL15/4";"UOP01/RN"
194699;2019-03-02;"7";"19:40:00";"AL";101;179,7;"JUNQUEIRO";"Ingestão de Álcool";"Atropelamento de Pedestre";"Com Vítimas Fatais";"Plena Noite";"Decrescente";"Céu Claro";"Dupla";"Reta";"Não";2;1;0;0;1;0;0;1;"-9.88842574";"-36.39977803";"SR-AL";"DEL13/2";"UOP02/AL"
194700;2019-03-02;"7";"20:30:00";"ES";101;370;"ANCHIETA";"Ingestão de álcool e/ou substâncias psicoativas pelo pedestre";"Colisão lateral";"Com Vítimas Feridas";"Plena Noite";"Crescente";"Céu Claro";"Simples";"Curva";"Não";8;0;1;0;7;0;1;3;"-20.7701779";"-40.7605407";"SR-ES";"DEL12/3";"UOP01/ES"
194701;2019-03-02;"7";"18:45:00";"PR";376;659,5;"TIJUCAS DO SUL";"Velocidade Incompatível";"Tombamento";"Sem Vítimas";"Plena Noite";"Crescente";"Céu Claro";"Dupla";"Reta";"Não";1;0;0;0;1;0;0;1;"-25.854134";"-48.999039";"SR-PR";"DEL7/1";"UOP08/PR"
194702;2019-03-02;"7";"20:50:00";"PE";101;50,8;"PAULISTA";"Ingestão de Álcool";"Colisão traseira";"Com Vítimas Feridas";"Plena Noite";"Crescente";"Nublado";"Múltipla";"Reta";"Sim";2;0;1;0;1;0;1;2;"-7.91874974";"-34.89612937";"SR-PE";"DEL11/1";"UOP02/PE"
194703;2019-03-02;"7";"21:00:00";"GO";70;1;"AGUAS LINDAS DE GOIAS";"Falta de Atenção à Condução";"Atropelamento de Pedestre";"Com Vítimas Feridas";"Plena Noite";"Crescente";"Chuva";"Dupla";"Reta";"Sim";4;0;3;0;0;1;3;1;"-15.77579351";"-48.23259001";"SR-DF";"GO";"UOP06/DF"
194704;2019-03-02;"7";"19:30:00";"RR";401;70;"BONFIM";"Restrição de Visibilidade";"Colisão traseira";"Com Vítimas Fatais";"Plena Noite";"Decrescente";"Céu Claro";"Simples";"Reta";"Não";3;1;0;0;0;2;0;2;"3.167398";"-60.230793";"SR-RR";"UOP03/RR";""
194705;2019-03-02;"7";"04:35:00";"AM";319;41;"CAREIRO";"Defeito na Via";"Colisão frontal";"Com Vítimas Feridas";"Pleno dia";"Decrescente";"Céu Claro";"Simples";"Curva";"Não";3;0;1;1;1;0;2;2;"-3.41702";"-59.915638";"SR-AM";"UOP04/AM";""
194707;2019-03-02;"7";"19:30:00";"RS";290;156,9;"ARROIO DOS RATOS";"Falta de Atenção à Condução";"Colisão lateral";"Com Vítimas Feridas";"Plena Noite";"Crescente";"Céu Claro";"Simples";"Reta";"Não";2;0;1;0;1;0;1;2;"-30.106392";"-51.767815";"SR-RS";"DEL9/2";"UOP01/RS"
194708;2019-03-02;"7";"19:50:00";"RS";158;202,1;"CRUZ ALTA";"Defeito Mecânico no Veículo";"Incêndio";"Sem Vítimas";"Plena Noite";"Crescente";"Céu Claro";"Simples";"Não Informado";"Não";1;0;0;0;1;0;0;1;"-28.70298";"-53.600567";"SR-RS";"DEL9/10";"UOP02/RS"
194709;2019-03-02;"7";"18:31:00";"BA";324;609;"SIMOES FILHO";"Ingestão de Álcool";"Colisão traseira";"Com Vítimas Feridas";"Anoitecer";"Crescente";"Céu Claro";"Dupla";"Reta";"Não";2;0;1;0;1;0;1;2;"-12.83976919";"-38.41444194";"SR-BA";"DEL10/1";"UOP01/BA"
194710;2019-03-02;"7";"04:45:00";"RJ";40;84;"PETROPOLIS";"Velocidade Incompatível";"Colisão com objeto estático";"Sem Vítimas";"Plena Noite";"Crescente";"Nublado";"Simples";"Não Informado";"Não";1;0;0;0;0;1;0;1;"-22.52410517";"-43.23681328";"SR-RJ";"DEL5/6";"UOP03/RJ"
194711;2019-03-02;"7";"20:55:00";"PR";116;93;"SAO JOSE DOS PINHAIS";"Condutor Dormindo";"Capotamento";"Com Vítimas Feridas";"Plena Noite";"Crescente";"Nublado";"Dupla";"Reta";"Não";1;0;1;0;0;0;1;1;"-25.51923828";"-49.13390905";"SR-PR";"DEL7/1";"UOP01/PR"
194712;2019-03-02;"7";"16:30:00";"PA";163;618;"TRAIRAO";"Velocidade Incompatível";"Tombamento";"Com Vítimas Feridas";"Anoitecer";"Crescente";"Nublado";"Simples";"Curva";"Não";2;0;1;0;1;0;1;2;"-4.732783";"-56.048036";"SR-PA";"DEL19/5";"UOP01/PA"
194713;2019-03-02;"7";"21:45:00";"MA";316;560,2;"CAXIAS";"Falta de Atenção à Condução";"Queda de ocupante de veículo";"Com Vítimas Feridas";"Plena Noite";"Decrescente";"Garoa/Chuvisco";"Simples";"Reta";"Não";1;0;1;0;0;0;1;1;"-4.888779";"-43.283848";"SR-MA";"DEL18/3";"UOP02/MA"
194714;2019-03-02;"7";"20:40:00";"RS";386;193,8;"SANTO ANTONIO DO PLANALTO";"Ingestão de Álcool";"Colisão lateral";"Sem Vítimas";"Plena Noite";"Crescente";"Céu Claro";"Simples";"Reta";"Não";2;0;0;0;2;0;0;2;"-28.402239";"-52.686676";"SR-RS";"DEL08";"UOP01/RS"
194715;2019-03-02;"7";"19:30:00";"SC";280;29,5;"ARAQUARI";"Falta de Atenção à Condução";"Colisão lateral";"Com Vítimas Feridas";"Plena Noite";"Crescente";"Nublado";"Simples";"Reta";"Não";2;0;1;0;1;0;1;2;"-26.41309758";"-48.7577641";"SR-SC";"DEL8/3";"UOP03/SC"
194716;2019-03-02;"7";"19:20:00";"PI";316;12;"TERESINA";"Ingestão de Álcool";"Tombamento";"Sem Vítimas";"Plena Noite";"Decrescente";"Nublado";"Dupla";"Reta";"Não";1;0;0;0;1;0;0;1;"-5.200803";"-42.757977";"SR-PI";"DEL17/1";"UOP02/PI"
194717;2019-03-02;"7";"18:50:00";"BA";330;727,9;"JEQUIE";"Desobediência às normas de trânsito pelo condutor";"Colisão frontal";"Com Vítimas Feridas";"Plena Noite";"Decrescente";"Céu Claro";"Simples";"Reta";"Sim";2;0;0;1;1;0;1;2;"-13.87976873";"-40.03534578";"SR-BA";"DEL10/3";"UOP01/BA"
194718;2019-03-02;"7";"22:00:00";"PR";277;232,4;"FERNANDES PINHEIRO";"Falta de Atenção à Condução";"Colisão transversal";"Com Vítimas Feridas";"Plena Noite";"Crescente";"Céu Claro";"Simples";"Não Informado";"Não";6;0;3;2;1;0;5;2;"-25.46384852";"-50.56067619";"SR-PR";"DEL7/3";"UOP04/PR"