"id";"data_inversa";"dia_semana";"horario";"uf";"br";"km";"municipio";"causa_acidente";"tipo_acidente";"classificacao_acidente";"fase_dia";"sentido_via";"condicao_metereologica";"tipo_pista";"tracado_via";"uso_solo";"pessoas";"mortos";"feridos_leves";"feridos_graves";"ilesos";"ignorados";"feridos";"veiculos";"latitude";"longitude";"regional";"delegacia";"uop"
194719;2019-03-02;"7";"22:00:00";"PB";427;36,7;"POMBAL";"Velocidade Incompatível";"Tombamento";"Com Vítimas Fatais";"Plena Noite";"Decrescente";"Nublado";"Simples";"Curva";"Não";2;1;1;0;0;0;1;1;"-6.758809";"-37.768774";"SR-PB";"DEL14/3";"UOP02/PB"
194720;2019-03-02;"7";"22:00:00";"MG";354;741,5;"POUSO ALTO";"Velocidade Incompatível";"Colisão frontal";"Com Vítimas Feridas";"Plena Noite";"Crescente";"Chuva";"Simples";"Curva";"Não";2;0;2;0;0;0;2;2;"-22.22491229";"-44.93270874";"SR-MG";"DEL09";"UOP02/MG"
194721;2019-03-02;"7";"20:25:00";"SC";101;101,2;"BALNEARIO PICARRAS";"Restrição de Visibilidade";"Atropelamento de Pedestre";"Com Vítimas Feridas";"Plena Noite";"Decrescente";"Céu Claro";"Dupla";"Reta";"Sim";3;0;0;3;0;0;3;1;"-26.76866254";"-48.68592113";"SR-SC";"DEL8/3";"UOP02/SC"
194722;2019-03-02;"7";"22:30:00";"RS";472;579;"URUGUAIANA";"Desobediência às normas de trânsito pelo condutor";"Colisão transversal";"Com Vítimas Feridas";"Plena Noite";"Crescente";"Céu Claro";"Simples";"Reta";"Sim";4;0;1;1;2;0;2;2;"-29.7859";"-57.077423";"SR-RS";"DEL9/13";"UOP01/RS"
194723;2019-03-02;"7";"21:30:00";"MS";163;481,2;"CAMPO GRANDE";"Defeito Mecânico no Veículo";"Saída de leito carroçável";"Sem Vítimas";"Pleno dia";"Crescente";"Céu Claro";"Simples";"Reta";"Sim";1;0;0;0;1;0;0;1;"-20.470925";"-54.559575";"SR-MS";"DEL3/1";"UOP01/MS"
194724;2019-03-02;"7";"21:30:00";"SC";470;28;"GASPAR";"Velocidade Incompatível";"Colisão lateral";"Com Vítimas Feridas";"Plena Noite";"Crescente";"Céu Claro";"Simples";"Reta";"Não";6;0;1;0;5;0;1;3;"-26.893761";"-48.893917";"SR-SC";"DEL8/4";"UOP01/SC"
194725;2019-03-02;"7";"21:50:00";"PR";116;124,8;"FAZENDA RIO GRANDE";"Ingestão de Álcool";"Colisão lateral";"Sem Vítimas";"Plena Noite";"Decrescente";"Nublado";"Dupla";"Reta";"Sim";2;0;0;0;2;0;0;2;"-25.621508";"-49.316216";"SR-PR";"DEL7/1";"UOP03/PR"
194726;2019-03-02;"7";"21:40:00";"GO";40;10;"LUZIANIA";"Falta de Atenção à Condução";"Colisão transversal";"Sem Vítimas";"Plena Noite";"Decrescente";"Garoa/Chuvisco";"Dupla";"Reta";"Sim";2;0;0;0;1;1;0;2;"-16.131285";"-47.957923";"SR-DF";"GO";"UOP01/DF"
194727;2019-03-02;"7";"22:30:00";"PR";369;231;"JANDAIA DO SUL";"Falta de Atenção à Condução";"Colisão traseira";"Com Vítimas Feridas";"Plena Noite";"Crescente";"Céu Claro";"Simples";"Reta";"Não";5;0;0;4;0;1;4;3;"-23.62966855";"-51.67319119";"SR-PR";"DEL7/7";"UOP03/PR"
194728;2019-03-02;"7";"22:30:00";"PR";277;2,7;"PARANAGUA";"Ingestão de Álcool";"Atropelamento de Pedestre";"Com Vítimas Feridas";"Plena Noite";"Crescente";"Nublado";"Dupla";"Reta";"Sim";2;0;0;2;0;0;2;1;"-25.52784637";"-48.52765605";"SR-PR";"DEL7/1";"UOP07/PR"
194729;2019-03-02;"7";"17:30:00";"MA";226;224,3;"TUNTUM";"Desobediência às normas de trânsito pelo condutor";"Colisão frontal";"Com Vítimas Fatais";"Pleno dia";"Crescente";"Céu Claro";"Simples";"Não Informado";"Não";3;1;1;0;1;0;1;2;"-5.32265";"-44.608459";"SR-MA";"DEL18/3";"UOP01/MA"
194730;2019-03-02;"7";"20:45:00";"PR";369;192,5;"ARAPONGAS";"Falta de Atenção à Condução";"Saída de leito carroçável";"Com Vítimas Feridas";"Plena Noite";"Crescente";"Céu Claro";"Dupla";"Reta";"Não";1;0;1;0;0;0;1;1;"-23.48149348";"-51.42410517";"SR-PR";"DEL7/7";"UOP03/PR"
194732;2019-03-02;"7";"21:40:00";"MT";163;747;"SORRISO";"Desobediência às normas de trânsito pelo pedestre";"Atropelamento de Pedestre";"Com Vítimas Fatais";"Plena Noite";"Crescente";"Chuva";"Dupla";"Retorno Regulamentado";"Não";2;1;0;0;1;0;0;1;"-12.59327197";"-55.74289268";"SR-MT";"DEL2/6";"UOP01/MT"
194733;2019-03-02;"7";"21:45:00";"MT";70;524;"VARZEA GRANDE";"Velocidade Incompatível";"Colisão traseira";"Com Vítimas Feridas";"Plena Noite";"Crescente";"Chuva";"Simples";"Reta";"Não";6;0;5;0;1;0;5;2;"-15.649207";"-56.19486";"SR-MT";"DEL2/4";"UOP02/MT"
194734;2019-03-02;"7";"20:30:00";"RR";174;499;"BOA VISTA";"Falta de Atenção à Condução";"Saída de leito carroçável";"Com Vítimas Feridas";"Plena Noite";"Crescente";"Céu Claro";"Dupla";"Reta";"Sim";1;0;0;1;0;0;1;1;"2.78192347";"-60.70306778";"SR-RR";"UOP01/RR";""
194735;2019-03-02;"7";"22:05:00";"SC";163;101,2;"SAO JOSE DO CEDRO";"Falta de Atenção à Condução";"Saída de leito carroçável";"Com Vítimas Feridas";"Plena Noite";"Decrescente";"Céu Claro";"Simples";"Não Informado";"Sim";1;0;0;1;0;0;1;1;"-26.477789";"-53.506767";"SR-SC";"DEL7";"UOP03/SC"
194736;2019-03-02;"7";"23:00:00";"RJ";116;83;"TERESOPOLIS";"Falta de Atenção à Condução";"Tombamento";"Com Vítimas Feridas";"Plena Noite";"Crescente";"Nublado";"Simples";"Não Informado";"Sim";1;0;1;0;0;0;1;1;"-22.415199";"-42.950127";"SR-RJ";"DEL5/4";"UOP01/RJ"
194737;2019-03-02;"7";"23:14:00";"GO";40;12;"LUZIANIA";"Ingestão de Álcool";"Saída de leito carroçável";"Sem Vítimas";"Plena Noite";"Decrescente";"Chuva";"Dupla";"Reta";"Sim";1;0;0;0;1;0;0;1;"-16.145123";"-47.945382";"SR-DF";"GO";"UOP01/DF"
194738;2019-03-02;"7";"23:30:00";"SC";470;35,7;"GASPAR";"Falta de Atenção à Condução";"Tombamento";"Com Vítimas Feridas";"Plena Noite";"Crescente";"Céu Claro";"Simples";"Túnel";"Sim";1;0;1;0;0;0;1;1;"-26.9136445";"-48.96560043";"SR-SC";"DEL8/4";"UOP01/SC"
194739;2019-03-02;"7";"20:50:00";"PR";153;27,1;"JACAREZINHO";"Ingestão de Álcool";"Colisão frontal";"Sem Vítimas";"Plena Noite";"Crescente";"Nublado";"Simples";"Curva";"Não";2;0;0;0;2;0;0;2;"-23.191788";"-49.985718";"SR-PR";"DEL7/7";"UOP07/PR"
194740;2019-03-02;"7";"19:00:00";"MA";402;14,4;"ROSARIO";"Falta de Atenção à Condução";"Atropelamento de Pedestre";"Com Vítimas Fatais";"Plena Noite";"Crescente";"Nublado";"Simples";"Reta";"Não";2;1;0;0;0;1;0;1;"-2.948198";"-44.214413";"SR-MA";"DEL18/1";"UOP01/MA"
194741;2019-03-02;"7";"17:35:00";"PR";153;154;"VENTANIA";"Falta de Atenção à Condução";"Tombamento";"Com Vítimas Feridas";"Pleno dia";"Decrescente";"Nublado";"Simples";"Não Informado";"Não";1;0;0;1;0;0;1;1;"-24.232613";"-50.231232";"SR-PR";"DEL7/7";"UOP07/PR"
194742;2019-03-03;"1";"00:05:00";"SC";280;77;"JARAGUA DO SUL";"Falta de Atenção à Condução";"Colisão lateral";"Com Vítimas Feridas";"Plena Noite";"Crescente";"Céu Claro";"Simples";"Reta";"Não";3;0;0;2;1;0;2;2;"-26.455076";"-49.18729";"SR-SC";"DEL8/3";"UOP03/SC"
194743;2019-03-02;"7";"23:30:00";"AL";101;91,1;"ATALAIA";"Ingestão de Álcool";"Colisão com objeto estático";"Com Vítimas Feridas";"Plena Noite";"Crescente";"Céu Claro";"Dupla";"Curva";"Não";2;0;1;1;0;0;2;1;"-9.50309594";"-35.909516";"SR-AL";"DEL13/1";"UOP01/AL"
194744;2019-03-03;"1";"00:00:00";"SC";101;207;"SAO JOSE";"Não guardar distância de segurança";"Engavetamento";"Com Vítimas Feridas";"Plena Noite";"Crescente";"Ignorado";"Múltipla";"Curva";"Sim";5;0;1;0;2;2;1;4;"-27.6034";"-48.632";"SR-SC";"DEL8/1";"UOP01/SC"
194745;2019-03-03;"1";"00:10:00";"SE";101;138,5;"ESTANCIA";"Ingestão de Álcool";"Colisão traseira";"Com Vítimas Feridas";"Plena Noite";"Crescente";"Céu Claro";"Dupla";"Reta";"Não";4;0;3;0;1;0;3;2;"-11.1681";"-37.397";"SR-SE";"DEL20/2";"UOP01/SE"
194746;2019-03-03;"1";"00:20:00";"PR";376;158,8;"MANDAGUACU";"Ingestão de Álcool";"Colisão traseira";"Com Vítimas Feridas";"Plena Noite";"Crescente";"Céu Claro";"Dupla";"Reta";"Sim";2;0;1;0;1;0;1;2;"-23.352516";"-52.09127";"SR-PR";"DEL7/7";"UOP04/PR"
194748;2019-03-02;"7";"23:00:00";"BA";101;377;"GANDU";"Falta de Atenção à Condução";"Capotamento";"Com Vítimas Feridas";"Plena Noite";"Crescente";"Céu Claro";"Simples";"Reta";"Não";4;0;4;0;0;0;4;1;"-13.8415";"-39.4965";"SR-BA";"DEL10/5";"UOP03/BA"
194749;2019-03-02;"7";"12:20:00";"BA";101;375;"GANDU";"Desobediência às normas de trânsito pelo condutor";"Colisão lateral";"Sem Vítimas";"Pleno dia";"Decrescente";"Sol";"Simples";"Curva";"Não";2;0;0;0;2;0;0;2;"-13.8154";"-39.4968";"SR-BA";"DEL10/5";"UOP03/BA"
194750;2019-03-03;"1";"00:45:00";"PR";376;139,3;"NOVA ESPERANCA";"Ingestão de Álcool";"Saída de leito carroçável";"Com Vítimas Feridas";"Plena Noite";"Crescente";"Céu Claro";"Dupla";"Reta";"Não";2;0;1;1;0;0;2;1;"-23.223767";"-52.178663";"SR-PR";"DEL7/7";"UOP05/PR"
194751;2019-03-02;"7";"18:30:00";"CE";230;98,3;"FARIAS BRITO";"Falta de Atenção à Condução";"Capotamento";"Com Vítimas Feridas";"Plena Noite";"Decrescente";"Céu Claro";"Simples";"Reta";"Não";3;0;1;2;0;0;3;1;"-6.85110027";"-39.45327759";"SR-CE";"DEL16/5";"UOP01/CE"
194752;2019-03-03;"1";"01:10:00";"SE";235;1,8;"ARACAJU";"Velocidade Incompatível";"Saída de leito carroçável";"Sem Vítimas";"Plena Noite";"Crescente";"Ignorado";"Dupla";"Não Informado";"Sim";1;0;0;0;0;1;0;1;"-10.9073";"-37.0947";"SR-SE";"DEL20/1";"UOP01/SE"
194753;2019-03-03;"1";"00:30:00";"GO";60;95,2;"ANAPOLIS";"Ingestão de Álcool";"Saída de leito carroçável";"Com Vítimas Feridas";"Plena Noite";"Crescente";"Nublado";"Dupla";"Não Informado";"Sim";1;0;1;0;0;0;1;1;"-16.3679";"-48.939";"SR-GO";"DEL1/2";"UOP01/GO"
194755;2019-03-03;"1";"00:00:00";"GO";20;181,9;"SIMOLANDIA";"Ingestão de Álcool";"Colisão traseira";"Sem Vítimas";"Plena Noite";"Decrescente";"Céu Claro";"Simples";"Reta";"Sim";2;0;0;0;2;0;0;2;"-14.470801";"-46.486183";"SR-DF";"GO";"UOP05/DF"
194756;2019-03-03;"1";"00:10:00";"SC";101;255;"PAULO LOPES";"Falta de Atenção à Condução";"Colisão transversal";"Sem Vítimas";"Plena Noite";"Decrescente";"Céu Claro";"Simples";"Desvio Temporário";"Sim";2;0;0;0;1;1;0;2;"-27.9949";"-48.6853";"SR-SC";"DEL8/2";"UOP03/SC"
194757;2019-03-03;"1";"00:20:00";"MT";70;4;"BARRA DO GARCAS";"Ingestão de Álcool";"Colisão com objeto estático";"Sem Vítimas";"Plena Noite";"Decrescente";"Céu Claro";"Dupla";"Reta";"Sim";2;0;0;0;2;0;0;2;"-15.879057";"-52.285675";"SR-MT";"DEL2/8";"UOP01/MT"
194758;2019-03-02;"7";"23:20:00";"MT";70;147,5;"GENERAL CARNEIRO";"Falta de Atenção à Condução";"Tombamento";"Sem Vítimas";"Plena Noite";"Decrescente";"Céu Claro";"Simples";"Reta";"Não";1;0;0;0;1;0;0;1;"-15.587938";"-53.345737";"SR-MT";"DEL2/8";"UOP01/MT"
194759;2019-03-03;"1";"01:00:00";"PR";277;73;"SAO JOSE DOS PINHAIS";"Restrição de Visibilidade";"Colisão traseira";"Com Vítimas Feridas";"Plena Noite";"Decrescente";"Nevoeiro/Neblina";"Dupla";"Não Informado";"Sim";2;0;1;0;1;0;1;2;"-25.52066071";"-49.10812162";"SR-PR";"DEL7/1";"UOP01/PR"
194760;2019-03-03;"1";"02:39:00";"RJ";393;253;"BARRA DO PIRAI";"Velocidade Incompatível";"Capotamento";"Com Vítimas Feridas";"Plena Noite";"Crescente";"Nublado";"Simples";"Reta";"Não";2;0;0;2;0;0;2;1;"-22.453514";"-43.833321";"SR-RJ";"DEL5/5";"UOP02/RJ"
194761;2019-03-03;"1";"02:30:00";"RJ";356;169,8;"SAO JOAO DA BARRA";"Ingestão de Álcool";"Colisão traseira";"Sem Vítimas";"Plena Noite";"Decrescente";"Céu Claro";"Simples";"Reta";"Sim";2;0;0;0;2;0;0;2;"-21.718555";"-41.101276";"SR-RJ";"DEL5/8";"UOP02/RJ"
194762;2019-03-03;"1";"02:00:00";"SP";153;62;"SAO JOSE DO RIO PRETO";"Não guardar distância de segurança";"Colisão transversal";"Com Vítimas Feridas";"Plena Noite";"Crescente";"Céu Claro";"Dupla";"Reta";"Sim";3;0;2;0;1;0;2;2;"-20.81328";"-49.356758";"SR-SP";"DEL6/9";"UOP01/SP"
194763;2019-03-03;"1";"01:00:00";"MA";10;142,8;"PORTO FRANCO";"Defeito Mecânico no Veículo";"Saída de leito carroçável";"Com Vítimas Feridas";"Plena Noite";"Decrescente";"Chuva";"Simples";"Curva";"Não";2;0;2;0;0;0;2;1;"-6.477829";"-47.392159";"SR-MA";"DEL18/4";"UOP02/MA"
194764;2019-03-03;"1";"02:50:00";"SP";116;83;"ROSEIRA";"Deficiência ou não Acionamento do Sistema de Iluminação/Sinalização do Veículo";"Colisão lateral";"Com Vítimas Feridas";"Plena Noite";"Crescente";"Chuva";"Dupla";"Reta";"Não";2;0;1;0;1;0;1;2;"-22.913479";"-45.327446";"SR-SP";"DEL6";"UOP01/SP"
194765;2019-03-03;"1";"03:00:00";"MG";381;489;"BETIM";"Condutor Dormindo";"Saída de leito carroçável";"Com Vítimas Feridas";"Plena Noite";"Crescente";"Céu Claro";"Dupla";"Reta";"Sim";4;0;4;0;0;0;4;1;"-19.96245618";"-44.16455495";"SR-MG";"DEL4/1";"UOP03/MG"
194766;2019-03-03;"1";"00:50:00";"MT";163;877;"SINOP";"Ingestão de Álcool";"Queda de ocupante de veículo";"Com Vítimas Feridas";"Plena Noite";"Decrescente";"Céu Claro";"Simples";"Reta";"Não";1;0;1;0;0;0;1;1;"-11.76788135";"-55.46722412";"SR-MT";"DEL2/6";"UOP02/MT"
194767;2019-03-02;"7";"20:00:00";"MA";230;233;"SAO FELIX DE BALSAS";"Falta de Atenção à Condução";"Tombamento";"Sem Vítimas";"Plena Noite";"Decrescente";"Céu Claro";"Simples";"Não Informado";"Não";1;0;0;0;1;0;0;1;"-6.821669";"-44.83979";"SR-MA";"DEL18/5";"UOP01/MA"
194768;2019-03-03;"1";"02:45:00";"ES";101;100;"JAGUARE";"Falta de Atenção do Pedestre";"Atropelamento de Pedestre";"Com Vítimas Fatais";"Plena Noite";"Crescente";"Nublado";"Simples";"Reta";"Sim";2;1;0;0;1;0;0;1;"-18.98175553";"-39.99615849";"SR-ES";"DEL12/4";"UOP02/ES"
194769;2019-03-03;"1";"03:15:00";"PR";373;217;"IMBITUVA";"Falta de Atenção à Condução";"Tombamento";"Com Vítimas Feridas";"Plena Noite";"Decrescente";"Céu Claro";"Múltipla";"Reta";"Não";1;0;0;1;0;0;1;1;"-25.15717164";"-50.54305315";"SR-PR";"DEL7/3";"UOP01/PR"
194770;2019-03-02;"7";"23:30:00";"SC";116;174,2;"SAO CRISTOVAO DO SUL";"Velocidade Incompatível";"Tombamento";"Com Vítimas Feridas";"Plena Noite";"Decrescente";"Céu Claro";"Simples";"Curva";"Não";1;0;1;0;0;0;1;1;"-27.262749";"-50.444603";"SR-SC";"DEL8/5";"UOP03/SC"
194771;2019-03-03;"1";"02:50:00";"RS";290;31,3;"SANTO ANTONIO DA PATRULHA";"Velocidade Incompatível";"Colisão traseira";"Com Vítimas Feridas";"Plena Noite";"Crescente";"Céu Claro";"Dupla";"Reta";"Não";5;0;3;2;0;0;5;3;"-29.883911";"-50.565765";"SR-RS";"DEL9/3";"UOP02/RS"
194772;2019-03-03;"1";"03:30:00";"SC";101;123;"ITAJAI";"Ingestão de Álcool";"Colisão traseira";"Sem Vítimas";"Plena Noite";"Decrescente";"Nublado";"Dupla";"Reta";"Não";2;0;0;0;1;1;0;2;"-26.9434";"-48.6917";"SR-SC";"DEL8/4";"UOP04/SC"
194773;2019-03-03;"1";"02:50:00";"RJ";116;187,4;"NOVA IGUACU";"Restrição de Visibilidade";"Colisão transversal";"Com Vítimas Feridas";"Plena Noite";"Decrescente";"Nublado";"Dupla";"Reta";"Não";4;0;0;1;2;1;1;2;"-22.738836";"-43.472469";"SR-RJ";"DEL5/1";"UOP03/RJ"
194774;2019-03-03;"1";"01:50:00";"SC";163;70,3;"SAO MIGUEL DO OESTE";"Ingestão de Álcool";"Saída de leito carroçável";"Com Vítimas Feridas";"Plena Noite";"Crescente";"Céu Claro";"Simples";"Curva";"Sim";1;0;1;0;0;0;1;1;"-26.734585";"-53.506851";"SR-SC";"DEL7";"UOP03/SC"
194775;2019-03-03;"1";"03:15:00";"SP";116;222,6;"GUARULHOS";"Falta de Atenção à Condução";"Colisão com objeto estático";"Com Vítimas Feridas";"Plena Noite";"Decrescente";"Nublado";"Múltipla";"Reta";"Sim";2;0;1;0;1;0;1;1;"-23.47505588";"-46.52383804";"SR-SP";"DEL6/1";"UOP01/SP"
194776;2019-03-03;"1";"03:55:00";"RS";290;206,9;"RIO PARDO";"Falta de Atenção à Condução";"Colisão com objeto estático";"Sem Vítimas";"Plena Noite";"Decrescente";"Céu Claro";"Simples";"Ponte";"Não";2;0;0;0;1;1;0;2;"-30.169573";"-52.278069";"SR-RS";"DEL9/2";"UOP03/RS"
194777;2019-03-03;"1";"04:00:00";"PR";369;243;"BOM SUCESSO";"Falta de Atenção à Condução";"Colisão lateral";"Com Vítimas Feridas";"Plena Noite";"Decrescente";"Céu Claro";"Simples";"Não Informado";"Não";3;0;0;1;1;1;1;2;"-23.68440265";"-51.69696093";"SR-PR";"DEL7/7";"UOP03/PR"
194778;2019-03-03;"1";"03:40:00";"SC";101;132;"BALNEARIO CAMBORIU";"Defeito Mecânico no Veículo";"Tombamento";"Com Vítimas Feridas";"Plena Noite";"Decrescente";"Céu Claro";"Dupla";"Reta";"Não";2;0;2;0;0;0;2;1;"-26.9992";"-48.646";"SR-SC";"DEL8/4";"UOP03/SC"
194779;2019-03-03;"1";"03:50:00";"PR";369;88,9;"CORNELIO PROCOPIO";"Velocidade Incompatível";"Colisão com objeto estático";"Com Vítimas Feridas";"Plena Noite";"Crescente";"Nublado";"Dupla";"Curva";"Sim";2;0;0;2;0;0;2;1;"-23.18864363";"-50.64028859";"SR-PR";"DEL7/7";"UOP06/PR"
194781;2019-03-03;"1";"03:48:00";"MS";262;328;"CAMPO GRANDE";"Ingestão de Álcool";"Colisão frontal";"Com Vítimas Feridas";"Plena Noite";"Crescente";"Céu Claro";"Simples";"Reta";"Sim";2;0;2;0;0;0;2;2;"-20.46406476";"-54.55480258";"SR-MS";"DEL3/1";"UOP01/MS"
194782;2019-03-03;"1";"05:10:00";"SE";101;148;"ESTANCIA";"Condutor Dormindo";"Tombamento";"Sem Vítimas";"Amanhecer";"Crescente";"Nublado";"Dupla";"Rotatória";"Sim";1;0;0;0;1;0;0;1;"-11.23761111";"-37.42981911";"SR-SE";"DEL20/2";"UOP01/SE"
194783;2019-03-03;"1";"05:20:00";"DF";60;4,7;"BRASILIA";"Condutor Dormindo";"Saída de leito carroçável";"Com Vítimas Feridas";"Amanhecer";"Decrescente";"Nublado";"Dupla";"Reta";"Sim";1;0;1;0;0;0;1;1;"-15.892721";"-48.095741";"SR-DF";"DF";"UOP03/DF"
194784;2019-03-03;"1";"00:30:00";"PI";402;35,5;"PARNAIBA";"Ingestão de Álcool";"Colisão com objeto estático";"Com Vítimas Feridas";"Plena Noite";"Crescente";"Garoa/Chuvisco";"Simples";"Rotatória";"Não";3;0;1;1;1;0;2;1;"-2.94837145";"-41.73128307";"SR-PI";"DEL17/5";"UOP01/PI"
194785;2019-03-03;"1";"04:40:00";"ES";101;84;"SAO MATEUS";"Animais na Pista";"Saída de leito carroçável";"Com Vítimas Feridas";"Amanhecer";"Crescente";"Céu Claro";"Simples";"Reta";"Não";1;0;1;0;0;0;1;1;"-18.85087778";"-39.9287233";"SR-ES";"DEL12/4";"UOP02/ES"
194786;2019-03-03;"1";"05:00:00";"PR";373;262;"PRUDENTOPOLIS";"Ingestão de Álcool";"Capotamento";"Com Vítimas Feridas";"Plena Noite";"Crescente";"Céu Claro";"Simples";"Curva";"Sim";2;0;1;0;1;0;1;1;"-25.20255312";"-50.94688654";"SR-PR";"DEL7/3";"UOP01/PR"
194787;2019-03-03;"1";"05:45:00";"GO";158;157;"CAIAPONIA";"Ingestão de Álcool";"Colisão frontal";"Com Vítimas Feridas";"Amanhecer";"Crescente";"Nublado";"Simples";"Reta";"Sim";2;0;0;1;1;0;1;2;"-16.95504931";"-51.82765961";"SR-GO";"DEL1/5";"UOP01/GO"
194788;2019-03-03;"1";"03:30:00";"SC";280;29,5;"ARAQUARI";"Ingestão de Álcool";"Colisão lateral";"Com Vítimas Feridas";"Plena Noite";"Decrescente";"Nublado";"Simples";"Curva";"Não";3;0;1;0;2;0;1;3;"-26.41295345";"-48.75715256";"SR-SC";"DEL8/3";"UOP03/SC"
194789;2019-03-03;"1";"04:45:00";"PI";343;307,7;"ALTOS";"Ingestão de Álcool";"Colisão frontal";"Com Vítimas Feridas";"Amanhecer";"Decrescente";"Chuva";"Simples";"Reta";"Sim";5;0;3;1;0;1;4;2;"-5.039802";"-42.459518";"SR-PI";"DEL17/1";"UOP01/PI"
194790;2019-03-03;"1";"05:00:00";"PR";272;393;"FAROL";"Ingestão de Álcool";"Colisão lateral";"Com Vítimas Feridas";"Amanhecer";"Crescente";"Céu Claro";"Simples";"Não Informado";"Não";2;0;1;0;1;0;1;2;"-24.08564897";"-52.615242";"SR-PR";"DEL7/4";"UOP05/PR"
194791;2019-03-03;"1";"05:50:00";"SC";101;224,2;"PALHOCA";"Ingestão de Álcool";"Colisão lateral";"Com Vítimas Feridas";"Amanhecer";"Crescente";"Céu Claro";"Dupla";"Reta";"Não";2;0;1;0;1;0;1;2;"-27.7336";"-48.6407";"SR-SC";"DEL8/1";"UOP02/SC"
194792;2019-03-03;"1";"06:40:00";"SP";116;27;"SILVEIRAS";"Desobediência às normas de trânsito pelo condutor";"Colisão com objeto estático";"Com Vítimas Feridas";"Pleno dia";"Crescente";"Nublado";"Dupla";"Não Informado";"Não";5;0;3;0;2;0;3;1;"-22.620018";"-44.908443";"SR-SP";"DEL6/8";"UOP01/SP"
194793;2019-03-03;"1";"07:00:00";"SC";470;6;"NAVEGANTES";"Desobediência às normas de trânsito pelo condutor";"Colisão transversal";"Com Vítimas Feridas";"Pleno dia";"Crescente";"Céu Claro";"Simples";"Reta";"Não";5;0;4;0;1;0;4;2;"-26.852238";"-48.709545";"SR-SC";"DEL8/4";"UOP04/SC"
194795;2019-03-03;"1";"05:30:00";"ES";101;45;"CONCEICAO DA BARRA";"Ingestão de Álcool";"Colisão traseira";"Sem Vítimas";"Amanhecer";"Crescente";"Céu Claro";"Simples";"Reta";"Não";2;0;0;0;2;0;0;2;"-18.542835";"-39.905472";"SR-ES";"DEL12/4";"UOP02/ES"
194797;2019-03-03;"1";"07:40:00";"SC";101;134,5;"BALNEARIO CAMBORIU";"Falta de Atenção à Condução";"Colisão transversal";"Com Vítimas Feridas";"Pleno dia";"Crescente";"Céu Claro";"Simples";"Reta";"Sim";3;0;2;0;1;0;2;2;"-27.0049";"-48.6266";"SR-SC";"DEL8/4";"UOP03/SC"
194798;2019-03-03;"1";"06:45:00";"RS";472;122;"TRES DE MAIO";"Velocidade Incompatível";"Saída de leito carroçável";"Com Vítimas Fatais";"Pleno dia";"Decrescente";"Céu Claro";"Simples";"Curva";"Não";1;1;0;0;0;0;0;1;"-27.71932076";"-54.18748856";"SR-RS";"DEL9/10";"UOP01/RS"
194799;2019-03-03;"1";"07:55:00";"GO";153;321;"RIANAPOLIS";"Ultrapassagem Indevida";"Colisão frontal";"Com Vítimas Feridas";"Pleno dia";"Decrescente";"Sol";"Simples";"Reta";"Não";7;0;1;4;1;1;5;4;"-15.46559265";"-49.49941635";"SR-GO";"DEL1/2";"UOP02/GO"
194800;2019-03-03;"1";"03:45:00";"PR";163;198,2;"CASCAVEL";"Ingestão de Álcool";"Saída de leito carroçável";"Sem Vítimas";"Plena Noite";"Crescente";"Céu Claro";"Simples";"Reta";"Não";2;0;0;0;2;0;0;1;"-25.0442";"-53.5568";"SR-PR";"DEL7/4";"UOP06/PR"
194801;2019-03-03;"1";"07:50:00";"PR";376;661;"TIJUCAS DO SUL";"Falta de Atenção à Condução";"Tombamento";"Sem Vítimas";"Pleno dia";"Crescente";"Céu Claro";"Dupla";"Não Informado";"Não";1;0;0;0;1;0;0;1;"-25.85489824";"-48.99490356";"SR-PR";"DEL7/1";"UOP08/PR"
194802;2019-03-03;"1";"05:50:00";"MS";163;495,3;"CAMPO GRANDE";"Falta de Atenção à Condução";"Saída de leito carroçável";"Com Vítimas Feridas";"Pleno dia";"Crescente";"Céu Claro";"Múltipla";"Reta";"Não";1;0;1;0;0;0;1;1;"-20.35832242";"-54.52325821";"SR-MS";"DEL3/1";"UOP02/MS"
194803;2019-03-02;"7";"23:00:00";"RO";435;63;"COLORADO DO OESTE";"Velocidade Incompatível";"Saída de leito carroçável";"Com Vítimas Feridas";"Plena Noite";"Crescente";"Garoa/Chuvisco";"Simples";"Curva";"Não";1;0;1;0;0;0;1;1;"-13.076929";"-60.382294";"SR-RO";"DEL21/4";"UOP02/RO"
194804;2019-03-03;"1";"08:00:00";"DF";70;9,4;"BRASILIA";"Velocidade Incompatível";"Saída de leito carroçável";"Sem Vítimas";"Amanhecer";"Crescente";"Nublado";"Dupla";"Reta";"Sim";1;0;0;0;0;1;0;1;"-15.78553778";"-48.13508391";"SR-DF";"DF";"UOP06/DF"
194805;2019-03-03;"1";"08:15:00";"PR";476;118,4;"COLOMBO";"Velocidade Incompatível";"Saída de leito carroçável";"Com Vítimas Fatais";"Pleno dia";"Decrescente";"Nublado";"Dupla";"Curva";"Sim";2;1;0;0;0;1;0;1;"-25.35634";"-49.180828";"SR-PR";"DEL7/1";"UOP01/PR"
194806;2019-03-03;"1";"08:15:00";"ES";101;254,6;"SERRA";"Ingestão de Álcool";"Saída de leito carroçável";"Sem Vítimas";"Pleno dia";"Decrescente";"Sol";"Simples";"Reta";"Não";1;0;0;0;0;1;0;1;"-20.11364869";"-40.32205582";"SR-ES";"DEL12/2";"UOP01/ES"