"id";"data_inversa";"dia_semana";"horario";"uf";"br";"km";"municipio";"causa_acidente";"tipo_acidente";"classificacao_acidente";"fase_dia";"sentido_via";"condicao_metereologica";"tipo_pista";"tracado_via";"uso_solo";"pessoas";"mortos";"feridos_leves";"feridos_graves";"ilesos";"ignorados";"feridos";"veiculos";"latitude";"longitude";"regional";"delegacia";"uop"
194807;2019-03-03;"1";"06:50:00";"PB";230;151,5;"CAMPINA GRANDE";"Desobediência às normas de trânsito pelo condutor";"Colisão lateral";"Com Vítimas Feridas";"Pleno dia";"Crescente";"Nublado";"Dupla";"Interseção de vias";"Não";2;0;1;0;1;0;1;2;"-7.2587";"-35.8778";"SR-PB";"DEL14/2";"UOP01/PB"
194808;2019-03-03;"1";"07:00:00";"MS";163;258;"DOURADOS";"Falta de Atenção à Condução";"Colisão lateral";"Com Vítimas Feridas";"Pleno dia";"Decrescente";"Céu Claro";"Dupla";"Rotatória";"Sim";2;0;0;1;1;0;1;2;"-22.25804613";"-54.78237217";"SR-MS";"DEL3/4";"UOP01/MS"
194809;2019-03-03;"1";"08:00:00";"SP";116;51,3;"LORENA";"Pista Escorregadia";"Saída de leito carroçável";"Com Vítimas Feridas";"Pleno dia";"Crescente";"Garoa/Chuvisco";"Dupla";"Reta";"Não";4;0;1;3;0;0;4;1;"-22.741575";"-45.092064";"SR-SP";"DEL6/8";"UOP03/SP"
194811;2019-03-03;"1";"06:30:00";"MG";365;242,3;"BURITIZEIRO";"Defeito na Via";"Saída de leito carroçável";"Com Vítimas Feridas";"Pleno dia";"Crescente";"Céu Claro";"Simples";"Reta";"Não";2;0;2;0;0;0;2;1;"-17.777321";"-45.414726";"SR-MG";"DEL4/12";"UOP01/MG"
194812;2019-03-03;"1";"05:00:00";"TO";153;119,2;"WANDERLANDIA";"Ingestão de Álcool";"Saída de leito carroçável";"Com Vítimas Feridas";"Plena Noite";"Decrescente";"Chuva";"Simples";"Curva";"Não";3;0;1;1;1;0;2;1;"-7.02956";"-48.103001";"SR-TO";"UOP04/TO";""
194813;2019-02-28;"5";"04:30:00";"PR";277;36;"MORRETES";"Falta de Atenção à Condução";"Colisão lateral";"Com Vítimas Feridas";"Plena Noite";"Decrescente";"Nublado";"Dupla";"Não Informado";"Não";3;0;1;0;2;0;1;2;"-25.57894476";"-48.86222154";"SR-PR";"DEL7/1";"UOP07/PR"
194814;2019-03-03;"1";"04:00:00";"MT";174;530;"COMODORO";"Deficiência ou não Acionamento do Sistema de Iluminação/Sinalização do Veículo";"Colisão traseira";"Com Vítimas Feridas";"Plena Noite";"Crescente";"Chuva";"Simples";"Curva";"Não";2;0;2;0;0;0;2;1;"-13.276288";"-59.865921";"SR-MT";"DEL2/7";"UOP01/MT"
194815;2019-03-03;"1";"08:30:00";"DF";70;7,5;"BRASILIA";"Falta de Atenção do Pedestre";"Atropelamento de Pedestre";"Com Vítimas Feridas";"Pleno dia";"Decrescente";"Céu Claro";"Dupla";"Reta";"Sim";2;0;0;1;1;0;1;1;"-15.787601";"-48.114429";"SR-DF";"DF";"UOP06/DF"
194816;2019-03-03;"1";"07:15:00";"BA";324;519;"FEIRA DE SANTANA";"Ingestão de Álcool";"Colisão traseira";"Sem Vítimas";"Pleno dia";"Crescente";"Céu Claro";"Dupla";"Curva";"Sim";4;0;0;0;4;0;0;2;"-12.27184101";"-38.93650359";"SR-BA";"DEL10/1";"UOP01/BA"
194817;2019-03-03;"1";"08:50:00";"ES";101;109,2;"LINHARES";"Ultrapassagem Indevida";"Colisão lateral";"Com Vítimas Feridas";"Pleno dia";"Decrescente";"Céu Claro";"Simples";"Reta";"Não";2;0;1;0;1;0;1;1;"-19.01730182";"-40.01304757";"SR-ES";"DEL12/4";"UOP01/ES"
194818;2019-03-03;"1";"08:40:00";"SC";470;169,1;"POUSO REDONDO";"Falta de Atenção à Condução";"Colisão transversal";"Com Vítimas Feridas";"Pleno dia";"Crescente";"Sol";"Simples";"Interseção de vias";"Não";3;0;2;0;1;0;2;2;"-27.265471";"-49.882442";"SR-SC";"DEL8/4";"UOP02/SC"
194819;2019-03-02;"7";"09:00:00";"BA";101;648;"ITAPEBI";"Falta de Atenção à Condução";"Colisão transversal";"Com Vítimas Feridas";"Pleno dia";"Decrescente";"Céu Claro";"Simples";"Reta";"Não";6;0;0;3;3;0;3;2;"-15.8265";"-39.5306";"SR-BA";"DEL10/5";"UOP02/BA"
194820;2019-03-03;"1";"09:30:00";"PE";101;50,5;"ABREU E LIMA";"Falta de Atenção à Condução";"Queda de ocupante de veículo";"Com Vítimas Feridas";"Pleno dia";"Crescente";"Nublado";"Múltipla";"Reta";"Sim";1;0;1;0;0;0;1;1;"-7.9148";"-34.8984";"SR-PE";"DEL11/1";"UOP02/PE"
194821;2019-03-03;"1";"05:30:00";"MG";40;682,8;"RESSAQUINHA";"Falta de Atenção à Condução";"Colisão traseira";"Com Vítimas Feridas";"Amanhecer";"Crescente";"Céu Claro";"Simples";"Curva";"Sim";5;0;3;1;1;0;4;2;"-21.06755399";"-43.76959655";"SR-MG";"DEL5";"UOP02/MG"
194822;2019-03-03;"1";"09:34:00";"PE";232;79;"GRAVATA";"Falta de Atenção à Condução";"Saída de leito carroçável";"Com Vítimas Feridas";"Pleno dia";"Decrescente";"Céu Claro";"Dupla";"Reta";"Sim";1;0;0;1;0;0;1;1;"-8.193437";"-35.551865";"SR-PE";"DEL11/1";"UOP04/PE"
194823;2019-03-03;"1";"09:50:00";"PE";101;191;"PALMARES";"Velocidade Incompatível";"Saída de leito carroçável";"Sem Vítimas";"Pleno dia";"Crescente";"Chuva";"Dupla";"Curva";"Não";1;0;0;0;1;0;0;1;"-8.7036";"-35.6079";"SR-PE";"DEL11/1";"UOP03/PE"
194824;2019-03-03;"1";"10:00:00";"GO";60;52,9;"ABADIANIA";"Velocidade Incompatível";"Saída de leito carroçável";"Com Vítimas Feridas";"Pleno dia";"Decrescente";"Nublado";"Dupla";"Curva";"Não";1;0;1;0;0;0;1;1;"-16.1702";"-48.6402";"SR-GO";"DEL1/2";"UOP01/GO"
194825;2019-03-03;"1";"10:20:00";"RS";116;593;"ARROIO GRANDE";"Falta de Atenção à Condução";"Colisão traseira";"Com Vítimas Feridas";"Pleno dia";"Crescente";"Céu Claro";"Simples";"Não Informado";"Não";5;0;1;1;3;0;2;2;"-32.13340056";"-52.95212746";"SR-RS";"DEL9/7";"UOP03/RS"
194826;2019-03-03;"1";"10:00:00";"PE";232;99;"BEZERROS";"Desobediência às normas de trânsito pelo condutor";"Colisão lateral";"Sem Vítimas";"Pleno dia";"Decrescente";"Céu Claro";"Simples";"Rotatória";"Sim";2;0;0;0;2;0;0;2;"-8.2373145";"-35.74204445";"SR-PE";"DEL11/1";"UOP04/PE"
194827;2019-02-07;"5";"18:00:00";"PR";277;95;"CURITIBA";"Não guardar distância de segurança";"Colisão traseira";"Com Vítimas Feridas";"Pleno dia";"Decrescente";"Céu Claro";"Dupla";"Reta";"Sim";2;0;1;0;1;0;1;2;"-25.43096344";"-49.32269365";"SR-PR";"DEL7/1";"UOP04/PR"
194828;2019-03-03;"1";"10:30:00";"MG";381;158;"GOVERNADOR VALADARES";"Falta de Atenção à Condução";"Colisão transversal";"Com Vítimas Feridas";"Pleno dia";"Crescente";"Céu Claro";"Simples";"Reta";"Não";2;0;1;0;1;0;1;2;"-18.917953";"-42.013374";"SR-MG";"DEL4/6";"UOP01/MG"
194829;2019-03-03;"1";"09:10:00";"SP";116;420,7;"JUQUIA";"Falta de Atenção à Condução";"Saída de leito carroçável";"Com Vítimas Feridas";"Pleno dia";"Decrescente";"Nublado";"Dupla";"Reta";"Não";2;0;1;0;1;0;1;1;"-24.35585443";"-47.66693115";"SR-SP";"DEL6/5";"UOP01/SP"
194830;2019-03-03;"1";"10:45:00";"MG";381;527,5;"BRUMADINHO";"Velocidade Incompatível";"Colisão com objeto estático";"Com Vítimas Feridas";"Pleno dia";"Crescente";"Céu Claro";"Dupla";"Curva";"Não";1;0;0;1;0;0;1;1;"-20.167";"-44.3321";"SR-MG";"DEL4/4";"UOP03/MG"
194831;2019-03-03;"1";"10:50:00";"MG";365;13;"MONTES CLAROS";"Falta de Atenção à Condução";"Colisão transversal";"Com Vítimas Feridas";"Pleno dia";"Crescente";"Sol";"Simples";"Reta";"Não";3;0;2;0;1;0;2;2;"-16.854";"-43.971172";"SR-MG";"DEL4/12";"UOP01/MG"
194832;2019-03-03;"1";"07:45:00";"MG";381;912,9;"CAMANDUCAIA";"Fenômenos da Natureza";"Capotamento";"Com Vítimas Feridas";"Pleno dia";"Decrescente";"Chuva";"Dupla";"Curva";"Não";1;0;1;0;0;0;1;1;"-22.714";"-46.1229";"SR-MG";"DEL09";"UOP03/MG"
194833;2019-03-03;"1";"10:30:00";"SP";116;447,5;"REGISTRO";"Falta de Atenção à Condução";"Colisão traseira";"Com Vítimas Feridas";"Pleno dia";"Crescente";"Céu Claro";"Simples";"Reta";"Sim";4;0;1;0;3;0;1;2;"-24.51604616";"-47.85211086";"SR-SP";"DEL6/5";"UOP01/SP"
194834;2019-03-03;"1";"10:00:00";"AL";101;129;"SAO MIGUEL DOS CAMPOS";"Falta de Atenção à Condução";"Queda de ocupante de veículo";"Com Vítimas Feridas";"Pleno dia";"Crescente";"Céu Claro";"Simples";"Interseção de vias";"Não";1;0;1;0;0;0;1;1;"-9.75427342";"-36.06768608";"SR-AL";"DEL13/2";"UOP01/AL"
194835;2019-03-03;"1";"10:59:00";"MG";40;581;"ITABIRITO";"Defeito na Via";"Queda de ocupante de veículo";"Com Vítimas Feridas";"Pleno dia";"Crescente";"Sol";"Simples";"Reta";"Não";1;0;1;0;0;0;1;1;"-20.3105";"-43.9349";"SR-MG";"DEL4/1";"UOP02/MG"
194836;2019-03-03;"1";"11:25:00";"GO";40;7;"VALPARAISO DE GOIAS";"Falta de Atenção à Condução";"Colisão traseira";"Com Vítimas Feridas";"Pleno dia";"Decrescente";"Nublado";"Dupla";"Reta";"Sim";2;0;1;0;1;0;1;2;"-16.108482";"-47.972524";"SR-DF";"GO";"UOP01/DF"
194837;2019-03-03;"1";"10:10:00";"ES";262;59;"MARECHAL FLORIANO";"Desobediência às normas de trânsito pelo condutor";"Colisão transversal";"Com Vítimas Feridas";"Pleno dia";"Crescente";"Nublado";"Simples";"Retorno Regulamentado";"Não";3;0;1;0;2;0;1;2;"-20.4223";"-40.7767";"SR-ES";"DEL12/1";"UOP01/ES"
194838;2019-03-03;"1";"09:50:00";"RO";364;224;"PIMENTA BUENO";"Ingestão de Álcool";"Colisão traseira";"Com Vítimas Feridas";"Pleno dia";"Crescente";"Sol";"Simples";"Desvio Temporário";"Não";2;0;1;0;1;0;1;2;"-11.51492614";"-61.3539081";"SR-RO";"DEL21/2";"UOP02/RO"
194839;2019-03-03;"1";"12:05:00";"CE";116;498;"BREJO SANTO";"Velocidade Incompatível";"Colisão traseira";"Sem Vítimas";"Pleno dia";"Crescente";"Céu Claro";"Simples";"Reta";"Não";3;0;0;0;3;0;0;3;"-7.458814";"-38.974707";"SR-CE";"DEL16/5";"UOP03/CE"
194840;2019-03-03;"1";"11:50:00";"MS";163;529,3;"JARAGUARI";"Falta de Atenção à Condução";"Saída de leito carroçável";"Com Vítimas Feridas";"Pleno dia";"Crescente";"Sol";"Simples";"Não Informado";"Não";1;0;1;0;0;0;1;1;"-20.078324";"-54.429257";"SR-MS";"DEL3/1";"UOP02/MS"
194843;2019-03-03;"1";"13:00:00";"PE";232;128;"CARUARU";"Defeito na Via";"Saída de leito carroçável";"Sem Vítimas";"Pleno dia";"Crescente";"Chuva";"Dupla";"Reta";"Sim";1;0;0;0;1;0;0;1;"-8.301935";"-35.980919";"SR-PE";"DEL11/2";"UOP02/PE"
194844;2019-03-03;"1";"12:30:00";"MG";40;740,9;"SANTOS DUMONT";"Desobediência às normas de trânsito pelo condutor";"Colisão lateral";"Com Vítimas Feridas";"Pleno dia";"Decrescente";"Sol";"Simples";"Reta";"Sim";2;0;2;0;0;0;2;2;"-21.4301";"-43.5563";"SR-MG";"DEL5";"UOP01/MG"
194845;2019-03-03;"1";"12:55:00";"SP";116;290;"ITAPECERICA DA SERRA";"Defeito Mecânico no Veículo";"Tombamento";"Com Vítimas Feridas";"Pleno dia";"Crescente";"Céu Claro";"Dupla";"Curva";"Sim";2;0;2;0;0;0;2;1;"-23.72141864";"-46.88720964";"SR-SP";"DEL6/4";"UOP01/SP"
194846;2019-02-18;"2";"12:20:00";"RO";364;708;"PORTO VELHO";"Falta de Atenção à Condução";"Colisão lateral";"Sem Vítimas";"Pleno dia";"Crescente";"Céu Claro";"Dupla";"Reta";"Sim";3;0;0;0;3;0;0;3;"-8.79371072";"-63.84477876";"SR-RO";"DEL21/1";"UOP01/RO"
194847;2019-03-03;"1";"12:02:00";"RO";174;19;"VILHENA";"Não guardar distância de segurança";"Colisão transversal";"Com Vítimas Feridas";"Pleno dia";"Crescente";"Sol";"Simples";"Reta";"Não";2;0;1;0;1;0;1;2;"-12.691122";"-60.11335";"SR-RO";"DEL21/4";"UOP01/RO"
194848;2019-03-03;"1";"12:05:00";"MG";116;429,9;"GOVERNADOR VALADARES";"Avarias e/ou desgaste excessivo no pneu";"Saída de leito carroçável";"Com Vítimas Feridas";"Pleno dia";"Crescente";"Céu Claro";"Simples";"Reta";"Não";2;0;1;1;0;0;2;1;"-18.99159925";"-41.98344469";"SR-MG";"DEL4/6";"UOP01/MG"
194849;2019-03-03;"1";"12:15:00";"MT";174;506;"COMODORO";"Defeito Mecânico no Veículo";"Saída de leito carroçável";"Com Vítimas Feridas";"Pleno dia";"Decrescente";"Céu Claro";"Simples";"Reta";"Não";1;0;0;1;0;0;1;1;"-13.485441";"-59.839443";"SR-MT";"DEL2/7";"UOP01/MT"
194850;2019-02-25;"2";"16:50:00";"PR";158;534,9;"PATO BRANCO";"Falta de Atenção à Condução";"Colisão frontal";"Com Vítimas Feridas";"Pleno dia";"Decrescente";"Chuva";"Simples";"Reta";"Sim";2;0;1;0;1;0;1;2;"-26.23223292";"-52.69006491";"SR-PR";"DEL7/2";"UOP01/PR"
194851;2019-03-03;"1";"13:40:00";"PE";101;101;"CABO DE SANTO AGOSTINHO";"Falta de Atenção à Condução";"Colisão traseira";"Com Vítimas Feridas";"Pleno dia";"Decrescente";"Nublado";"Simples";"Reta";"Sim";3;0;1;0;2;0;1;2;"-8.2847";"-35.0581";"SR-PE";"DEL11/1";"UOP03/PE"
194852;2019-03-03;"1";"13:10:00";"SC";101;154;"PORTO BELO";"Falta de Atenção à Condução";"Colisão traseira";"Com Vítimas Feridas";"Pleno dia";"Decrescente";"Céu Claro";"Dupla";"Reta";"Não";2;0;1;0;1;0;1;2;"-27.163";"-48.6111";"SR-SC";"DEL8/4";"UOP03/SC"
194853;2019-03-03;"1";"13:40:00";"PE";101;79;"JABOATAO DOS GUARARAPES";"Animais na Pista";"Saída de leito carroçável";"Sem Vítimas";"Pleno dia";"Decrescente";"Chuva";"Simples";"Curva";"Sim";1;0;0;0;1;0;0;1;"-8.1533";"-34.9421";"SR-PE";"DEL11/1";"UOP01/PE"
194854;2019-03-02;"7";"05:00:00";"SC";101;338,6;"TUBARAO";"Ingestão de Substâncias Psicoativas";"Saída de leito carroçável";"Com Vítimas Feridas";"Plena Noite";"Crescente";"Céu Claro";"Múltipla";"Reta";"Não";1;0;1;0;0;0;1;1;"-28.50198176";"-49.04739532";"SR-SC";"DEL8/2";"UOP01/SC"
194855;2019-03-03;"1";"12:00:00";"MG";262;437,5;"NOVA SERRANA";"Ingestão de Álcool";"Colisão transversal";"Com Vítimas Feridas";"Pleno dia";"Decrescente";"Sol";"Dupla";"Não Informado";"Não";6;0;3;0;2;1;3;2;"-19.896221";"-44.869728";"SR-MG";"DEL4/8";"UOP03/MG"
194856;2019-03-03;"1";"13:30:00";"MS";158;81;"PARANAIBA";"Falta de Atenção à Condução";"Colisão frontal";"Com Vítimas Fatais";"Pleno dia";"Crescente";"Chuva";"Simples";"Reta";"Não";5;3;0;1;1;0;1;2;"-19.569298";"-51.240286";"SR-MS";"DEL3/8";"UOP01/MS"
194857;2019-03-03;"1";"13:15:00";"MG";262;471;"BOM DESPACHO";"Falta de Atenção à Condução";"Saída de leito carroçável";"Com Vítimas Feridas";"Pleno dia";"Crescente";"Céu Claro";"Simples";"Curva";"Não";3;0;3;0;0;0;3;1;"-19.783918";"-45.25713";"SR-MG";"DEL4/8";"UOP03/MG"
194858;2019-03-03;"1";"13:40:00";"ES";262;120,5;"CONCEICAO DO CASTELO";"Carga excessiva e/ou mal acondicionada";"Tombamento";"Com Vítimas Feridas";"Pleno dia";"Decrescente";"Sol";"Simples";"Curva";"Não";1;0;1;0;0;0;1;1;"-20.2994";"-41.2306";"SR-ES";"DEL12/1";"UOP02/ES"
194859;2019-03-03;"1";"14:30:00";"CE";222;33;"CAUCAIA";"Falta de Atenção à Condução";"Saída de leito carroçável";"Sem Vítimas";"Pleno dia";"Crescente";"Nublado";"Simples";"Reta";"Não";1;0;0;0;0;1;0;1;"-3.705494";"-38.846779";"SR-CE";"DEL16/1";"UOP01/CE"
194860;2019-03-03;"1";"09:00:00";"MS";262;79,7;"TRES LAGOAS";"Defeito Mecânico no Veículo";"Saída de leito carroçável";"Sem Vítimas";"Pleno dia";"Crescente";"Céu Claro";"Simples";"Reta";"Não";1;0;0;0;1;0;0;1;"-20.73192813";"-52.1204154";"SR-MS";"DEL3/7";"UOP02/MS"
194861;2019-03-03;"1";"14:31:00";"MS";163;348;"RIO BRILHANTE";"Condutor Dormindo";"Saída de leito carroçável";"Com Vítimas Feridas";"Pleno dia";"Crescente";"Céu Claro";"Simples";"Curva";"Não";1;0;1;0;0;0;1;1;"-21.60602804";"-54.4382932";"SR-MS";"DEL2";"UOP02/MS"
194862;2019-03-03;"1";"15:30:00";"RJ";393;261;"BARRA DO PIRAI";"Falta de Atenção à Condução";"Colisão traseira";"Com Vítimas Feridas";"Pleno dia";"Decrescente";"Chuva";"Dupla";"Reta";"Não";3;0;2;0;1;0;2;2;"-22.48809754";"-43.91322657";"SR-RJ";"DEL5/5";"UOP02/RJ"
194863;2019-03-03;"1";"15:30:00";"MG";116;581,8;"MANHUACU";"Falta de Atenção à Condução";"Colisão transversal";"Com Vítimas Feridas";"Pleno dia";"Crescente";"Sol";"Simples";"Curva";"Sim";3;0;1;0;1;1;1;2;"-20.1900351";"-42.1844101";"SR-MG";"DEL4/6";"UOP04/MG"
194864;2019-03-03;"1";"15:30:00";"RS";116;236,8;"NOVO HAMBURGO";"Defeito Mecânico no Veículo";"Tombamento";"Com Vítimas Feridas";"Pleno dia";"Decrescente";"Sol";"Dupla";"Reta";"Sim";2;0;2;0;0;0;2;1;"-29.669394";"-51.143047";"SR-RS";"DEL9/1";"UOP02/RS"
194865;2019-03-03;"1";"07:00:00";"PR";277;584;"CASCAVEL";"Ingestão de Álcool";"Colisão com objeto estático";"Sem Vítimas";"Pleno dia";"Crescente";"Céu Claro";"Simples";"Reta";"Não";1;0;0;0;1;0;0;1;"-25.02817";"-53.55983";"SR-PR";"DEL7/4";"UOP01/PR"
194866;2019-03-03;"1";"14:30:00";"BA";324;515;"FEIRA DE SANTANA";"Não guardar distância de segurança";"Colisão traseira";"Com Vítimas Feridas";"Pleno dia";"Crescente";"Céu Claro";"Simples";"Reta";"Sim";2;0;1;0;1;0;1;2;"-12.23714248";"-38.9419198";"SR-BA";"DEL10/2";"UOP01/BA"
194867;2019-03-03;"1";"15:30:00";"MG";381;946,5;"EXTREMA";"Fenômenos da Natureza";"Colisão com objeto estático";"Com Vítimas Feridas";"Pleno dia";"Decrescente";"Chuva";"Dupla";"Curva";"Sim";2;0;1;0;1;0;1;1;"-22.8661";"-46.3491";"SR-MG";"DEL09";"UOP03/MG"
194868;2019-03-03;"1";"15:45:00";"SC";470;143;"RIO DO SUL";"Velocidade Incompatível";"Colisão frontal";"Com Vítimas Feridas";"Pleno dia";"Decrescente";"Sol";"Simples";"Curva";"Sim";2;0;2;0;0;0;2;2;"-27.233143";"-49.672886";"SR-SC";"DEL8/4";"UOP02/SC"
194869;2019-03-03;"1";"16:20:00";"BA";116;468;"SANTO ESTEVAO";"Falta de Atenção do Pedestre";"Capotamento";"Com Vítimas Feridas";"Pleno dia";"Crescente";"Céu Claro";"Dupla";"Reta";"Não";1;0;1;0;0;0;1;1;"-12.46032128";"-39.27031486";"SR-BA";"DEL10/2";"UOP01/BA"
194870;2019-03-03;"1";"13:15:00";"MG";381;686,7;"LAVRAS";"Pista Escorregadia";"Saída de leito carroçável";"Sem Vítimas";"Pleno dia";"Crescente";"Chuva";"Dupla";"Curva";"Não";1;0;0;0;1;0;0;1;"-21.179";"-45.1221";"SR-MG";"DEL4/4";"UOP02/MG"
194871;2019-03-03;"1";"16:45:00";"MG";40;513;"RIBEIRAO DAS NEVES";"Falta de Atenção à Condução";"Colisão traseira";"Com Vítimas Feridas";"Pleno dia";"Crescente";"Céu Claro";"Dupla";"Curva";"Sim";2;0;0;1;1;0;1;2;"-19.8048";"-44.0972";"SR-MG";"DEL4/1";"UOP03/MG"
194872;2019-03-03;"1";"16:30:00";"ES";101;221;"IBIRACU";"Falta de Atenção à Condução";"Queda de ocupante de veículo";"Com Vítimas Feridas";"Pleno dia";"Decrescente";"Céu Claro";"Simples";"Curva";"Não";1;0;0;1;0;0;1;1;"-19.87167425";"-40.41149139";"SR-ES";"DEL12/2";"UOP01/ES"
194873;2019-03-03;"1";"16:45:00";"RN";226;5,2;"NATAL";"Falta de Atenção à Condução";"Colisão traseira";"Com Vítimas Feridas";"Anoitecer";"Crescente";"Garoa/Chuvisco";"Simples";"Reta";"Sim";2;0;1;0;1;0;1;2;"-5.8215326";"-35.26998304";"SR-RN";"DEL15/1";"UOP02/RN"
194874;2019-03-03;"1";"16:30:00";"PR";153;346,4;"REBOUCAS";"Velocidade Incompatível";"Colisão traseira";"Com Vítimas Feridas";"Pleno dia";"Crescente";"Céu Claro";"Simples";"Reta";"Não";8;0;1;0;7;0;1;2;"-25.60375";"-50.692055";"SR-PR";"DEL7/3";"UOP04/PR"
194875;2019-03-03;"1";"17:00:00";"GO";20;2,5;"FORMOSA";"Ultrapassagem Indevida";"Colisão lateral";"Sem Vítimas";"Pleno dia";"Crescente";"Chuva";"Simples";"Reta";"Sim";7;0;0;0;7;0;0;3;"-15.57056386";"-47.32361577";"SR-DF";"GO";"UOP04/DF"
194877;2019-03-03;"1";"17:15:00";"PR";369;192,7;"ARAPONGAS";"Desobediência às normas de trânsito pelo condutor";"Colisão traseira";"Com Vítimas Feridas";"Pleno dia";"Crescente";"Céu Claro";"Dupla";"Reta";"Não";5;0;2;0;3;0;2;2;"-23.476561";"-51.423761";"SR-PR";"DEL7/7";"UOP03/PR"
194878;2019-03-03;"1";"17:10:00";"GO";60;460,1;"JATAI";"Pista Escorregadia";"Saída de leito carroçável";"Com Vítimas Feridas";"Pleno dia";"Crescente";"Chuva";"Dupla";"Reta";"Não";3;0;1;0;2;0;1;1;"-17.8715";"-51.6163";"SR-GO";"DEL1/5";"UOP01/GO"
194879;2019-03-03;"1";"17:10:00";"PE";232;19,7;"MORENO";"Falta de Atenção à Condução";"Saída de leito carroçável";"Com Vítimas Feridas";"Anoitecer";"Decrescente";"Chuva";"Dupla";"Reta";"Não";1;0;1;0;0;0;1;1;"-8.098229";"-35.063194";"SR-PE";"DEL11/1";"UOP01/PE"
194880;2019-03-03;"1";"17:00:00";"RJ";116;310,8;"ITATIAIA";"Falta de Atenção à Condução";"Colisão traseira";"Com Vítimas Feridas";"Pleno dia";"Decrescente";"Chuva";"Dupla";"Reta";"Sim";2;0;1;0;1;0;1;2;"-22.46689819";"-44.49750423";"SR-RJ";"DEL5/7";"UOP03/RJ"
194881;2019-03-03;"1";"16:50:00";"CE";116;23,3;"ITAITINGA";"Falta de Atenção à Condução";"Colisão com objeto estático";"Com Vítimas Feridas";"Pleno dia";"Crescente";"Nublado";"Dupla";"Reta";"Sim";2;0;2;0;0;0;2;1;"-3.9618";"-38.5152";"SR-CE";"DEL16/1";"UOP02/CE"
194882;2019-03-03;"1";"16:30:00";"RO";364;710;"PORTO VELHO";"Pista Escorregadia";"Colisão lateral";"Com Vítimas Feridas";"Pleno dia";"Decrescente";"Chuva";"Dupla";"Reta";"Sim";2;0;1;1;0;0;2;1;"-8.78917074";"-63.85233521";"SR-RO";"DEL21/1";"UOP01/RO"
194883;2019-03-03;"1";"18:15:00";"PE";101;77;"RECIFE";"Falta de Atenção à Condução";"Colisão frontal";"Com Vítimas Feridas";"Plena Noite";"Crescente";"Céu Claro";"Simples";"Não Informado";"Sim";2;0;1;0;1;0;1;2;"-8.1368";"-34.9474";"SR-PE";"DEL11/1";"UOP01/PE"
194884;2019-03-03;"1";"16:50:00";"RS";386;430;"NOVA SANTA RITA";"Falta de Atenção à Condução";"Colisão traseira";"Com Vítimas Feridas";"Pleno dia";"Crescente";"Céu Claro";"Simples";"Reta";"Não";4;0;2;0;0;2;2;2;"-29.828415";"-51.322445";"SR-RS";"DEL9/4";"UOP02/RS"
194885;2019-03-03;"1";"14:20:00";"SC";153;112;"CONCORDIA";"Desobediência às normas de trânsito pelo condutor";"Colisão transversal";"Sem Vítimas";"Pleno dia";"Crescente";"Céu Claro";"Simples";"Reta";"Não";2;0;0;0;2;0;0;2;"-27.327526";"-51.979298";"SR-SC";"DEL7";"UOP05/SC"
194886;2019-03-03;"1";"17:30:00";"ES";101;360;"ANCHIETA";"Velocidade Incompatível";"Colisão lateral";"Com Vítimas Feridas";"Pleno dia";"Crescente";"Céu Claro";"Simples";"Desvio Temporário";"Não";3;0;0;2;0;1;2;2;"-20.7051944";"-40.717885";"SR-ES";"DEL12/3";"UOP01/ES"
194887;2019-03-03;"1";"17:30:00";"RJ";40;93;"DUQUE DE CAXIAS";"Pista Escorregadia";"Saída de leito carroçável";"Com Vítimas Feridas";"Anoitecer";"Crescente";"Chuva";"Dupla";"Curva";"Não";1;0;1;0;0;0;1;1;"-22.55696535";"-43.26301293";"SR-RJ";"DEL5/6";"UOP03/RJ"
194888;2019-03-03;"1";"18:40:00";"PE";232;49,9;"VITORIA DE SANTO ANTAO";"Animais na Pista";"Atropelamento de Animal";"Com Vítimas Feridas";"Plena Noite";"Crescente";"Nublado";"Dupla";"Reta";"Não";3;0;0;3;0;0;3;1;"-8.139056";"-35.321758";"SR-PE";"DEL11/1";"UOP04/PE"
194889;2019-03-03;"1";"18:35:00";"SC";470;92;"APIUNA";"Ingestão de álcool e/ou substâncias psicoativas pelo pedestre";"Colisão lateral";"Com Vítimas Feridas";"Anoitecer";"Decrescente";"Nublado";"Simples";"Reta";"Não";7;0;4;1;1;1;5;2;"-26.98592";"-49.373047";"SR-SC";"DEL8/4";"UOP01/SC"
194890;2019-03-03;"1";"18:40:00";"DF";70;12,4;"BRASILIA";"Falta de Atenção à Condução";"Atropelamento de Pedestre";"Com Vítimas Feridas";"Plena Noite";"Crescente";"Chuva";"Dupla";"Reta";"Sim";2;0;1;0;0;1;1;1;"-15.792243";"-48.158543";"SR-DF";"DF";"UOP06/DF"
194891;2019-03-03;"1";"18:35:00";"SP";116;60,2;"GUARATINGUETA";"Pista Escorregadia";"Tombamento";"Com Vítimas Feridas";"Plena Noite";"Crescente";"Chuva";"Dupla";"Reta";"Sim";2;0;2;0;0;0;2;1;"-22.79259175";"-45.16365767";"SR-SP";"DEL6/8";"UOP02/SP"
194892;2019-03-03;"1";"18:55:00";"AL";316;153,3;"PALMEIRA DOS INDIOS";"Ingestão de Álcool";"Colisão com objeto em movimento";"Com Vítimas Feridas";"Plena Noite";"Decrescente";"Céu Claro";"Simples";"Curva";"Sim";4;0;3;0;1;0;3;2;"-9.43107922";"-36.64980109";"SR-AL";"DEL13/3";"UOP01/AL"