"id";"data_inversa";"dia_semana";"horario";"uf";"br";"km";"municipio";"causa_acidente";"tipo_acidente";"classificacao_acidente";"fase_dia";"sentido_via";"condicao_metereologica";"tipo_pista";"tracado_via";"uso_solo";"pessoas";"mortos";"feridos_leves";"feridos_graves";"ilesos";"ignorados";"feridos";"veiculos";"latitude";"longitude";"regional";"delegacia";"uop"
194893;2019-03-03;"1";"18:10:00";"PE";428;140,5;"LAGOA GRANDE";"Defeito Mecânico no Veículo";"Incêndio";"Sem Vítimas";"Plena Noite";"Decrescente";"Céu Claro";"Simples";"Reta";"Sim";1;0;0;0;0;1;0;1;"-8.992364";"-40.270164";"SR-PE";"DEL11/6";"UOP01/PE"
194894;2019-03-03;"1";"18:10:00";"MS";163;736;"COXIM";"Avarias e/ou desgaste excessivo no pneu";"Tombamento";"Com Vítimas Feridas";"Plena Noite";"Decrescente";"Céu Claro";"Simples";"Reta";"Não";2;0;2;0;0;0;2;1;"-18.0";"-54.706909";"SR-MS";"DEL3/6";"UOP01/MS"
194895;2019-03-03;"1";"17:45:00";"PE";232;100;"BEZERROS";"Falta de Atenção à Condução";"Saída de leito carroçável";"Com Vítimas Feridas";"Anoitecer";"Decrescente";"Nublado";"Simples";"Rotatória";"Sim";3;0;3;0;0;0;3;1;"-8.237912";"-35.742977";"SR-PE";"DEL11/1";"UOP04/PE"
194896;2019-03-03;"1";"17:50:00";"RJ";40;117;"DUQUE DE CAXIAS";"Ingestão de Álcool";"Colisão traseira";"Com Vítimas Feridas";"Anoitecer";"Crescente";"Chuva";"Dupla";"Reta";"Sim";7;0;1;0;6;0;1;4;"-22.7556";"-43.2871";"SR-RJ";"DEL5/1";"UOP01/RJ"
194897;2019-03-03;"1";"16:30:00";"MG";267;28,4;"ARGIRITA";"Desobediência às normas de trânsito pelo condutor";"Colisão com objeto estático";"Com Vítimas Feridas";"Pleno dia";"Crescente";"Céu Claro";"Simples";"Reta";"Não";1;0;1;0;0;0;1;1;"-21.6416";"-42.84";"SR-MG";"DEL4/7";"UOP01/MG"
194898;2019-03-03;"1";"18:40:00";"ES";101;101,1;"JAGUARE";"Falta de Atenção à Condução";"Colisão transversal";"Com Vítimas Fatais";"Plena Noite";"Decrescente";"Céu Claro";"Simples";"Interseção de vias";"Sim";2;1;0;0;1;0;0;2;"-18.98227251";"-39.99641418";"SR-ES";"DEL12/4";"UOP02/ES"
194899;2019-03-03;"1";"19:00:00";"GO";40;23,5;"LUZIANIA";"Restrição de Visibilidade";"Saída de leito carroçável";"Sem Vítimas";"Plena Noite";"Decrescente";"Chuva";"Simples";"Reta";"Sim";3;0;0;0;3;0;0;1;"-16.236391";"-47.912182";"SR-DF";"GO";"UOP01/DF"
194900;2019-03-03;"1";"18:10:00";"MT";163;1032;"PEIXOTO DE AZEVEDO";"Não guardar distância de segurança";"Colisão traseira";"Com Vítimas Feridas";"Anoitecer";"Crescente";"Nublado";"Simples";"Reta";"Não";6;0;1;0;5;0;1;2;"-10.22078338";"-54.97054707";"SR-MT";"DEL2/6";"UOP02/MT"
194901;2019-03-03;"1";"19:35:00";"PR";476;102,4;"BOCAIUVA DO SUL";"Desobediência às normas de trânsito pelo pedestre";"Colisão lateral";"Sem Vítimas";"Plena Noite";"Crescente";"Nublado";"Simples";"Desvio Temporário";"Sim";2;0;0;0;2;0;0;2;"-25.262951";"-49.139923";"SR-PR";"DEL7/1";"UOP01/PR"
194902;2019-03-03;"1";"19:20:00";"GO";153;505,5;"APARECIDA DE GOIANIA";"Falta de Atenção à Condução";"Queda de ocupante de veículo";"Com Vítimas Feridas";"Plena Noite";"Decrescente";"Céu Claro";"Dupla";"Reta";"Sim";1;0;1;0;0;0;1;1;"-16.7537";"-49.2411";"SR-GO";"DEL1/1";"UOP01/GO"
194904;2019-03-03;"1";"19:50:00";"MG";116;695,5;"MURIAE";"Ingestão de álcool e/ou substâncias psicoativas pelo pedestre";"Tombamento";"Com Vítimas Feridas";"Plena Noite";"Decrescente";"Chuva";"Simples";"Reta";"Não";1;0;1;0;0;0;1;1;"-21.04477291";"-42.36877441";"SR-MG";"DEL4/7";"UOP02/MG"
194905;2019-03-03;"1";"18:45:00";"RR";174;509;"BOA VISTA";"Falta de Atenção do Pedestre";"Atropelamento de Pedestre";"Com Vítimas Feridas";"Plena Noite";"Crescente";"Céu Claro";"Simples";"Reta";"Sim";2;0;1;0;1;0;1;1;"2.840643";"-60.71077";"SR-RR";"UOP01/RR";""
194906;2019-03-03;"1";"19:30:00";"BA";420;331;"ITAQUARA";"Ingestão de Álcool";"Colisão lateral";"Sem Vítimas";"Plena Noite";"Decrescente";"Céu Claro";"Simples";"Reta";"Não";3;0;0;0;3;0;0;2;"-13.46195939";"-39.94040966";"SR-BA";"DEL10/3";"UOP01/BA"
194907;2019-03-03;"1";"18:40:00";"MG";40;499;"ESMERALDAS";"Desobediência às normas de trânsito pelo condutor";"Colisão traseira";"Com Vítimas Feridas";"Amanhecer";"Decrescente";"Céu Claro";"Dupla";"Reta";"Sim";2;0;1;0;0;1;1;2;"-19.7048";"-44.1699";"SR-MG";"DEL4/2";"UOP01/MG"
194908;2019-03-03;"1";"17:40:00";"MA";135;10,2;"SAO LUIS";"Mal Súbito";"Saída de leito carroçável";"Com Vítimas Feridas";"Pleno dia";"Decrescente";"Sol";"Dupla";"Reta";"Sim";1;0;0;1;0;0;1;1;"-2.655989";"-44.286297";"SR-MA";"DEL18/1";"UOP01/MA"
194909;2019-03-03;"1";"17:45:00";"SC";282;501,9;"XANXERE";"Ingestão de Álcool";"Saída de leito carroçável";"Sem Vítimas";"Pleno dia";"Decrescente";"Céu Claro";"Simples";"Reta";"Sim";1;0;0;0;1;0;0;1;"-26.882715";"-52.381729";"SR-SC";"DEL7";"UOP01/SC"
194911;2019-03-03;"1";"20:00:00";"CE";20;410;"CAUCAIA";"Falta de Atenção à Condução";"Queda de ocupante de veículo";"Com Vítimas Feridas";"Plena Noite";"Crescente";"Ignorado";"Dupla";"Reta";"Não";4;0;0;1;0;3;1;2;"-3.78990416";"-38.65230745";"SR-CE";"DEL16/1";"UOP01/CE"
194912;2019-03-03;"1";"20:50:00";"PR";476;54,5;"TUNAS DO PARANA";"Ingestão de Álcool";"Colisão frontal";"Com Vítimas Feridas";"Plena Noite";"Decrescente";"Nublado";"Simples";"Curva";"Não";3;0;1;0;2;0;1;2;"-24.95810779";"-49.09577608";"SR-PR";"DEL7/1";"UOP01/PR"
194914;2019-03-03;"1";"19:35:00";"BA";116;8;"VITORIA DA CONQUISTA";"Ingestão de Álcool";"Colisão transversal";"Com Vítimas Feridas";"Plena Noite";"Crescente";"Céu Claro";"Simples";"Reta";"Sim";3;0;1;1;1;0;2;2;"-14.84823566";"-40.88510513";"SR-BA";"DEL10/8";"UOP01/BA"
194915;2019-03-03;"1";"12:15:00";"PR";153;523;"GENERAL CARNEIRO";"Agressão Externa";"Tombamento";"Sem Vítimas";"Pleno dia";"Decrescente";"Céu Claro";"Simples";"Não Informado";"Não";1;0;0;0;1;0;0;1;"-26.5805445";"-51.44863129";"SR-PR";"DEL7/2";"UOP02/PR"
194916;2019-03-03;"1";"19:10:00";"RR";174;514;"BOA VISTA";"Restrição de Visibilidade";"Colisão traseira";"Com Vítimas Feridas";"Plena Noite";"Crescente";"Céu Claro";"Simples";"Reta";"Não";2;0;0;1;0;1;1;2;"2.888931";"-60.700974";"SR-RR";"UOP01/RR";""
194917;2019-03-03;"1";"19:45:00";"SC";280;124,5;"RIO NEGRINHO";"Desobediência às normas de trânsito pelo condutor";"Colisão transversal";"Com Vítimas Feridas";"Plena Noite";"Decrescente";"Céu Claro";"Simples";"Não Informado";"Sim";4;0;2;0;2;0;2;2;"-26.241304";"-49.475143";"SR-SC";"DEL8/6";"UOP03/SC"
194919;2019-03-03;"1";"20:15:00";"ES";101;265,5;"SERRA";"Falta de Atenção do Pedestre";"Atropelamento de Pedestre";"Com Vítimas Feridas";"Plena Noite";"Decrescente";"Céu Claro";"Múltipla";"Reta";"Sim";2;0;0;1;1;0;1;1;"-20.1879635";"-40.26814434";"SR-ES";"DEL12/2";"UOP01/ES"
194920;2019-03-03;"1";"19:00:00";"SP";116;557;"BARRA DO TURVO";"Condutor Dormindo";"Tombamento";"Sem Vítimas";"Anoitecer";"Crescente";"Céu Claro";"Dupla";"Não Informado";"Não";1;0;0;0;1;0;0;1;"-24.9899126";"-48.50777149";"SR-SP";"DEL6/5";"UOP03/SP"
194921;2019-03-03;"1";"14:10:00";"SC";101;283;"IMBITUBA";"Falta de Atenção à Condução";"Capotamento";"Com Vítimas Feridas";"Pleno dia";"Decrescente";"Céu Claro";"Dupla";"Reta";"Não";1;0;1;0;0;0;1;1;"-28.2356";"-48.7009";"SR-SC";"DEL8/2";"UOP03/SC"
194922;2019-03-03;"1";"19:55:00";"SC";101;202,8;"SAO JOSE";"Ingestão de Álcool";"Colisão traseira";"Sem Vítimas";"Plena Noite";"Decrescente";"Nublado";"Múltipla";"Interseção de vias";"Sim";2;0;0;0;2;0;0;2;"-27.5651";"-48.6144";"SR-SC";"DEL8/1";"UOP01/SC"
194923;2019-03-03;"1";"19:45:00";"RS";290;38;"SANTO ANTONIO DA PATRULHA";"Condutor Dormindo";"Colisão traseira";"Com Vítimas Feridas";"Plena Noite";"Crescente";"Nublado";"Dupla";"Reta";"Não";3;0;1;0;2;0;1;2;"-29.886322";"-50.637886";"SR-RS";"DEL9/3";"UOP02/RS"
194924;2019-03-03;"1";"18:44:00";"GO";60;64;"ABADIANIA";"Objeto estático sobre o leito carroçável";"Queda de ocupante de veículo";"Com Vítimas Feridas";"Plena Noite";"Decrescente";"Chuva";"Dupla";"Curva";"Não";1;0;1;0;0;0;1;1;"-16.1993";"-48.7348";"SR-GO";"DEL1/2";"UOP01/GO"
194925;2019-03-03;"1";"17:20:00";"MG";116;416;"GOVERNADOR VALADARES";"Falta de Atenção à Condução";"Queda de ocupante de veículo";"Com Vítimas Feridas";"Pleno dia";"Crescente";"Céu Claro";"Simples";"Retorno Regulamentado";"Sim";2;0;0;1;1;0;1;1;"-18.89209158";"-41.94714373";"SR-MG";"DEL4/6";"UOP01/MG"
194926;2019-03-03;"1";"19:25:00";"SC";101;280,6;"IMBITUBA";"Defeito Mecânico no Veículo";"Tombamento";"Com Vítimas Feridas";"Plena Noite";"Decrescente";"Céu Claro";"Dupla";"Reta";"Não";2;0;1;1;0;0;2;1;"-28.19422701";"-48.69692892";"SR-SC";"DEL8/2";"UOP03/SC"
194927;2019-03-03;"1";"20:30:00";"PA";10;4,5;"DOM ELISEU";"Falta de Atenção à Condução";"Colisão traseira";"Com Vítimas Feridas";"Plena Noite";"Crescente";"Céu Claro";"Simples";"Reta";"Não";4;0;2;1;0;1;3;2;"-4.405448";"-47.532688";"SR-PA";"DEL19/2";"UOP03/PA"
194928;2019-03-03;"1";"20:50:00";"PE";408;75,1;"PAUDALHO";"Falta de Atenção do Pedestre";"Atropelamento de Pedestre";"Com Vítimas Fatais";"Plena Noite";"Crescente";"Céu Claro";"Simples";"Curva";"Sim";2;1;0;0;0;1;0;1;"-7.91627907";"-35.16626537";"SR-PE";"DEL11/1";"UOP01/PE"
194930;2019-03-03;"1";"20:30:00";"PR";469;12;"FOZ DO IGUACU";"Falta de Atenção à Condução";"Colisão transversal";"Sem Vítimas";"Plena Noite";"Crescente";"Céu Claro";"Simples";"Interseção de vias";"Sim";2;0;0;0;2;0;0;2;"-25.57474016";"-54.55090642";"SR-PR";"DEL7/5";"UOP04/PR"
194931;2019-03-03;"1";"20:31:00";"MS";163;486,6;"CAMPO GRANDE";"Ingestão de Álcool";"Colisão traseira";"Sem Vítimas";"Plena Noite";"Crescente";"Céu Claro";"Simples";"Reta";"Sim";3;0;0;0;3;0;0;2;"-20.428166";"-54.544824";"SR-MS";"DEL3/1";"UOP02/MS"
194932;2019-03-03;"1";"19:15:00";"PB";230;240;"JUAZEIRINHO";"Ingestão de Álcool";"Colisão traseira";"Com Vítimas Feridas";"Plena Noite";"Decrescente";"Céu Claro";"Simples";"Reta";"Não";4;0;0;3;1;0;3;2;"-7.0634";"-36.563";"SR-PB";"DEL14/2";"UOP02/PB"
194933;2019-03-03;"1";"02:30:00";"RO";364;350;"JI-PARANA";"Animais na Pista";"Atropelamento de Animal";"Sem Vítimas";"Plena Noite";"Decrescente";"Chuva";"Simples";"Reta";"Não";1;0;0;0;1;0;0;1;"-10.845408";"-61.998837";"SR-RO";"DEL21/2";"UOP01/RO"
194934;2019-03-03;"1";"21:05:00";"PR";277;410,5;"CANDOI";"Velocidade Incompatível";"Saída de leito carroçável";"Com Vítimas Feridas";"Plena Noite";"Crescente";"Céu Claro";"Simples";"Não Informado";"Não";5;0;4;0;1;0;4;1;"-25.41835384";"-52.05625892";"SR-PR";"DEL7/4";"UOP03/PR"
194935;2019-03-03;"1";"21:20:00";"RS";116;151,6;"CAXIAS DO SUL";"Velocidade Incompatível";"Tombamento";"Com Vítimas Feridas";"Plena Noite";"Decrescente";"Céu Claro";"Dupla";"Curva";"Sim";2;0;1;0;1;0;1;1;"-29.176964";"-51.161751";"SR-RS";"DEL9/5";"UOP01/RS"
194936;2019-03-03;"1";"21:20:00";"PR";376;163,7;"MARINGA";"Velocidade Incompatível";"Colisão traseira";"Com Vítimas Feridas";"Plena Noite";"Crescente";"Céu Claro";"Dupla";"Reta";"Não";4;0;1;2;1;0;3;2;"-23.37720162";"-52.04562664";"SR-PR";"DEL7/7";"UOP04/PR"
194937;2019-03-03;"1";"20:30:00";"MG";381;533,6;"ITATIAIUCU";"Velocidade Incompatível";"Saída de leito carroçável";"Com Vítimas Feridas";"Plena Noite";"Decrescente";"Chuva";"Dupla";"Curva";"Não";2;0;2;0;0;0;2;1;"-20.1781";"-44.3771";"SR-MG";"DEL4/4";"UOP03/MG"
194938;2019-03-03;"1";"21:25:00";"SP";381;21;"BRAGANCA PAULISTA";"Velocidade Incompatível";"Colisão frontal";"Com Vítimas Fatais";"Plena Noite";"Crescente";"Chuva";"Dupla";"Curva";"Não";2;1;1;0;0;0;1;2;"-22.991409";"-46.508789";"SR-SP";"DEL6/3";"UOP01/SP"
194939;2019-03-03;"1";"20:50:00";"BA";116;783,9;"PLANALTO";"Ingestão de Álcool";"Colisão lateral";"Com Vítimas Feridas";"Plena Noite";"Decrescente";"Céu Claro";"Simples";"Reta";"Não";2;0;1;0;1;0;1;2;"-14.65785594";"-40.46029014";"SR-BA";"DEL10/8";"UOP02/BA"
194940;2019-03-03;"1";"21:30:00";"ES";262;103;"VENDA NOVA DO IMIGRANTE";"Falta de Atenção à Condução";"Colisão lateral";"Com Vítimas Feridas";"Plena Noite";"Decrescente";"Céu Claro";"Simples";"Reta";"Sim";2;0;1;1;0;0;2;2;"-20.3369";"-41.1213";"SR-ES";"DEL12/1";"UOP02/ES"
194941;2019-03-03;"1";"19:30:00";"MA";10;301;"ACAILANDIA";"Falta de Atenção à Condução";"Colisão lateral";"Sem Vítimas";"Plena Noite";"Decrescente";"Nublado";"Simples";"Reta";"Sim";2;0;0;0;1;1;0;2;"-5.105053";"-47.552158";"SR-MA";"DEL18/4";"UOP03/MA"
194942;2019-03-03;"1";"21:50:00";"SC";101;195,7;"BIGUACU";"Falta de Atenção do Pedestre";"Atropelamento de Pedestre";"Com Vítimas Feridas";"Plena Noite";"Crescente";"Nublado";"Múltipla";"Reta";"Não";2;0;0;1;1;0;1;1;"-27.511";"-48.643";"SR-SC";"DEL8/1";"UOP01/SC"
194945;2019-03-03;"1";"21:56:00";"CE";116;24,5;"AQUIRAZ";"Defeito Mecânico no Veículo";"Tombamento";"Com Vítimas Feridas";"Plena Noite";"Decrescente";"Chuva";"Dupla";"Reta";"Não";2;0;1;1;0;0;2;1;"-3.9708";"-38.5147";"SR-CE";"DEL16/1";"UOP02/CE"
194946;2019-03-03;"1";"20:30:00";"GO";80;39,7;"PADRE BERNARDO";"Ingestão de Álcool";"Colisão frontal";"Com Vítimas Feridas";"Plena Noite";"Decrescente";"Nublado";"Simples";"Não Informado";"Não";7;0;2;0;5;0;2;3;"-15.222777";"-48.279446";"SR-DF";"GO";"UOP06/DF"
194947;2019-03-03;"1";"22:40:00";"RJ";116;304,1;"RESENDE";"Falta de Atenção do Pedestre";"Atropelamento de Pedestre";"Com Vítimas Feridas";"Plena Noite";"Crescente";"Chuva";"Dupla";"Reta";"Sim";2;0;0;1;1;0;1;1;"-22.459236";"-44.434776";"SR-RJ";"DEL5/7";"UOP03/RJ"
194948;2019-03-03;"1";"22:56:00";"GO";40;2;"VALPARAISO DE GOIAS";"Falta de Atenção à Condução";"Colisão lateral";"Com Vítimas Feridas";"Plena Noite";"Crescente";"Garoa/Chuvisco";"Dupla";"Reta";"Sim";3;0;0;2;0;1;2;2;"-16.067129";"-47.984235";"SR-DF";"GO";"UOP01/DF"
194949;2019-03-03;"1";"16:10:00";"MT";70;726;"CACERES";"Falta de Atenção à Condução";"Capotamento";"Com Vítimas Feridas";"Pleno dia";"Decrescente";"Nublado";"Simples";"Reta";"Não";1;0;0;1;0;0;1;1;"-16.186375";"-57.608257";"SR-MT";"DEL2/3";"UOP01/MT"
194950;2019-03-03;"1";"21:40:00";"MA";10;267;"IMPERATRIZ";"Defeito na Via";"Queda de ocupante de veículo";"Com Vítimas Feridas";"Plena Noite";"Decrescente";"Chuva";"Simples";"Desvio Temporário";"Não";2;0;1;1;0;0;2;1;"-5.400108";"-47.473038";"SR-MA";"DEL18/4";"UOP01/MA"
194951;2019-03-03;"1";"22:40:00";"SE";101;55,9;"ROSARIO DO CATETE";"Animais na Pista";"Atropelamento de Animal";"Com Vítimas Feridas";"Plena Noite";"Crescente";"Céu Claro";"Simples";"Não Informado";"Não";1;0;1;0;0;0;1;1;"-10.6643193";"-37.03044891";"SR-SE";"DEL20/2";"UOP02/SE"
194952;2019-03-03;"1";"21:30:00";"MT";70;517;"VARZEA GRANDE";"Falta de Atenção à Condução";"Colisão transversal";"Com Vítimas Feridas";"Plena Noite";"Crescente";"Céu Claro";"Simples";"Reta";"Sim";2;0;0;1;1;0;1;2;"-15.70187891";"-56.15936279";"SR-MT";"DEL2/4";"UOP02/MT"
194953;2019-03-03;"1";"22:50:00";"RJ";116;132;"MAGE";"Falta de Atenção à Condução";"Colisão traseira";"Com Vítimas Feridas";"Plena Noite";"Decrescente";"Chuva";"Dupla";"Reta";"Não";2;0;2;0;0;0;2;2;"-22.649714";"-43.173559";"SR-RJ";"DEL5/4";"UOP02/RJ"
194955;2019-03-03;"1";"20:30:00";"RS";285;104;"VACARIA";"Desobediência às normas de trânsito pelo pedestre";"Atropelamento de Pedestre";"Com Vítimas Feridas";"Plena Noite";"Crescente";"Céu Claro";"Simples";"Reta";"Não";3;0;0;1;0;2;1;1;"-28.54488";"-50.790276";"SR-RS";"DEL9/5";"UOP03/RS"
194956;2019-03-03;"1";"22:38:00";"RS";386;308,9;"MARQUES DE SOUZA";"Ingestão de Álcool";"Tombamento";"Com Vítimas Feridas";"Plena Noite";"Crescente";"Céu Claro";"Simples";"Não Informado";"Não";6;0;4;0;1;1;4;2;"-29.228141";"-52.16674447";"SR-RS";"DEL9/4";"UOP01/RS"
194957;2019-03-03;"1";"20:30:00";"MG";381;529;"BRUMADINHO";"Falta de Atenção à Condução";"Tombamento";"Com Vítimas Feridas";"Plena Noite";"Crescente";"Chuva";"Dupla";"Curva";"Não";2;0;2;0;0;0;2;1;"-20.1623";"-44.3484";"SR-MG";"DEL4/4";"UOP03/MG"
194958;2019-03-03;"1";"23:05:00";"DF";60;30;"BRASILIA";"Ingestão de Álcool";"Colisão traseira";"Com Vítimas Feridas";"Plena Noite";"Crescente";"Chuva";"Dupla";"Reta";"Sim";2;0;1;0;1;0;1;2;"-16.03854";"-48.255955";"SR-DF";"DF";"UOP03/DF"
194960;2019-03-03;"1";"22:55:00";"SC";101;146,8;"ITAPEMA";"Falta de Atenção do Pedestre";"Atropelamento de Pedestre";"Com Vítimas Feridas";"Plena Noite";"Crescente";"Chuva";"Dupla";"Reta";"Não";3;0;0;2;0;1;2;1;"-27.0918";"-48.6168";"SR-SC";"DEL8/4";"UOP03/SC"
194961;2019-03-03;"1";"22:10:00";"PE";424;95,3;"GARANHUNS";"Ingestão de Álcool";"Tombamento";"Com Vítimas Feridas";"Plena Noite";"Crescente";"Céu Claro";"Simples";"Curva";"Não";1;0;1;0;0;0;1;1;"-8.9271632";"-36.49104964";"SR-PE";"DEL11/3";"UOP01/PE"
194962;2019-03-03;"1";"20:35:00";"SC";101;341;"TUBARAO";"Falta de Atenção à Condução";"Tombamento";"Com Vítimas Feridas";"Plena Noite";"Decrescente";"Nublado";"Dupla";"Reta";"Sim";1;0;1;0;0;0;1;1;"-28.5189";"-49.0538";"SR-SC";"DEL8/2";"UOP01/SC"
194964;2019-03-03;"1";"23:45:00";"MG";381;483;"BETIM";"Defeito Mecânico no Veículo";"Tombamento";"Com Vítimas Feridas";"Plena Noite";"Decrescente";"Céu Claro";"Dupla";"Não Informado";"Sim";2;0;2;0;0;0;2;1;"-19.9596";"-44.0877";"SR-MG";"DEL4/1";"UOP03/MG"
194965;2019-03-03;"1";"23:30:00";"ES";482;109;"GUACUI";"Sinalização da via insuficiente ou inadequada";"Colisão frontal";"Com Vítimas Feridas";"Plena Noite";"Crescente";"Céu Claro";"Simples";"Reta";"Sim";1;0;1;0;0;0;1;1;"-20.793587";"-41.693905";"SR-ES";"DEL12/3";"UOP02/ES"
194966;2019-03-04;"2";"00:15:00";"PR";272;368;"CAMPO MOURAO";"Ingestão de Álcool";"Colisão com objeto estático";"Com Vítimas Feridas";"Plena Noite";"Crescente";"Nublado";"Dupla";"Reta";"Sim";6;0;4;0;2;0;4;3;"-24.054752";"-52.410614";"SR-PR";"DEL7/4";"UOP05/PR"
194967;2019-03-03;"1";"22:15:00";"SC";101;255,8;"PAULO LOPES";"Falta de Atenção à Condução";"Capotamento";"Sem Vítimas";"Plena Noite";"Decrescente";"Céu Claro";"Dupla";"Curva";"Não";1;0;0;0;1;0;0;1;"-27.9949";"-48.6853";"SR-SC";"DEL8/2";"UOP03/SC"
194968;2019-03-04;"2";"00:25:00";"SC";101;330;"TUBARAO";"Ingestão de Álcool";"Tombamento";"Com Vítimas Feridas";"Plena Noite";"Crescente";"Céu Claro";"Múltipla";"Reta";"Não";1;0;1;0;0;0;1;1;"-28.4561";"-48.9819";"SR-SC";"DEL8/2";"UOP01/SC"
194969;2019-03-04;"2";"00:30:00";"ES";262;1;"CARIACICA";"Falta de Atenção à Condução";"Colisão traseira";"Com Vítimas Feridas";"Plena Noite";"Crescente";"Céu Claro";"Dupla";"Reta";"Sim";2;0;1;0;1;0;1;2;"-20.3286";"-40.355";"SR-ES";"DEL12/1";"UOP01/ES"
194970;2019-03-03;"1";"22:45:00";"SC";163;102;"SAO JOSE DO CEDRO";"Falta de Atenção à Condução";"Colisão frontal";"Com Vítimas Feridas";"Plena Noite";"Crescente";"Céu Claro";"Simples";"Reta";"Sim";7;0;2;0;5;0;2;2;"-26.45568757";"-53.51039171";"SR-SC";"DEL7";"UOP03/SC"
194971;2019-03-03;"1";"23:30:00";"PA";316;36;"SANTA IZABEL DO PARA";"Ingestão de Álcool";"Saída de leito carroçável";"Com Vítimas Feridas";"Plena Noite";"Crescente";"Nublado";"Dupla";"Curva";"Não";3;0;3;0;0;0;3;1;"-1.28288992";"-48.0644989";"SR-PA";"DEL19/1";"UOP01/PA"
194972;2019-03-03;"1";"19:00:00";"RS";285;567,3;"SAO LUIZ GONZAGA";"Ingestão de Álcool";"Capotamento";"Com Vítimas Feridas";"Anoitecer";"Decrescente";"Céu Claro";"Simples";"Reta";"Sim";4;0;2;1;1;0;3;1;"-28.417452";"-54.966869";"SR-RS";"DEL9/10";"UOP01/RS"
194973;2019-03-03;"1";"22:30:00";"MG";116;115;"ITAOBIM";"Animais na Pista";"Atropelamento de Animal";"Com Vítimas Feridas";"Plena Noite";"Decrescente";"Nublado";"Simples";"Reta";"Sim";2;0;1;1;0;0;2;1;"-16.55656498";"-41.50192905";"SR-MG";"DEL4/11";"UOP02/MG"
194974;2019-03-03;"1";"23:40:00";"MT";163;1025;"PEIXOTO DE AZEVEDO";"Ingestão de Álcool";"Tombamento";"Com Vítimas Feridas";"Plena Noite";"Crescente";"Garoa/Chuvisco";"Simples";"Reta";"Não";1;0;0;1;0;0;1;1;"-10.26830301";"-55.00854492";"SR-MT";"DEL2/6";"UOP02/MT"
194975;2019-03-04;"2";"01:10:00";"PR";376;182;"MARINGA";"Velocidade Incompatível";"Saída de leito carroçável";"Com Vítimas Feridas";"Plena Noite";"Crescente";"Céu Claro";"Dupla";"Não Informado";"Sim";2;0;2;0;0;0;2;1;"-23.43227016";"-51.88777904";"SR-PR";"DEL7/7";"UOP04/PR"
194976;2019-03-03;"1";"22:40:00";"RJ";40;114;"DUQUE DE CAXIAS";"Falta de Atenção à Condução";"Colisão com objeto estático";"Sem Vítimas";"Plena Noite";"Crescente";"Chuva";"Múltipla";"Reta";"Sim";1;0;0;0;0;1;0;1;"-22.7283";"-43.2889";"SR-RJ";"DEL5/1";"UOP01/RJ"
194977;2019-03-04;"2";"00:40:00";"GO";60;183;"ABADIA DE GOIAS";"Defeito Mecânico no Veículo";"Saída de leito carroçável";"Sem Vítimas";"Plena Noite";"Crescente";"Chuva";"Dupla";"Reta";"Não";1;0;0;0;1;0;0;1;"-16.7848";"-49.4946";"SR-GO";"DEL1/1";"UOP02/GO"
194979;2019-03-03;"1";"23:15:00";"GO";60;378;"RIO VERDE";"Pista Escorregadia";"Saída de leito carroçável";"Sem Vítimas";"Plena Noite";"Crescente";"Chuva";"Dupla";"Reta";"Sim";1;0;0;0;0;1;0;1;"-17.7481";"-50.8763";"SR-GO";"DEL1/4";"UOP01/GO"
194980;2019-03-03;"1";"23:15:00";"SC";282;496,7;"XANXERE";"Animais na Pista";"Atropelamento de Animal";"Com Vítimas Fatais";"Plena Noite";"Crescente";"Céu Claro";"Simples";"Desvio Temporário";"Não";2;1;0;1;0;0;1;1;"-26.878679";"-52.335735";"SR-SC";"DEL7";"UOP01/SC"
194981;2019-03-04;"2";"01:05:00";"PI";343;3,4;"TERESINA";"Desobediência às normas de trânsito pelo condutor";"Colisão transversal";"Com Vítimas Feridas";"Plena Noite";"Crescente";"Garoa/Chuvisco";"Múltipla";"Reta";"Sim";3;0;0;2;1;0;2;2;"-5.089569";"-42.802288";"SR-PI";"DEL17/1";"UOP01/PI"
194982;2019-03-03;"1";"16:30:00";"MT";70;602;"POCONE";"Defeito Mecânico no Veículo";"Incêndio";"Sem Vítimas";"Pleno dia";"Decrescente";"Céu Claro";"Simples";"Reta";"Não";1;0;0;0;1;0;0;1;"-15.826454";"-56.745396";"SR-MT";"DEL2/3";"UOP02/MT"
194983;2019-03-03;"1";"19:00:00";"BA";242;351,9;"LENCOIS";"Ingestão de Álcool";"Colisão frontal";"Com Vítimas Fatais";"Plena Noite";"Decrescente";"Garoa/Chuvisco";"Simples";"Não Informado";"Não";5;1;0;3;1;0;3;2;"-12.492483";"-41.328094";"SR-BA";"DEL10/6";"UOP01/BA"
194984;2019-03-04;"2";"00:50:00";"TO";153;186;"ARAGUAINA";"Desobediência às normas de trânsito pelo condutor";"Colisão frontal";"Com Vítimas Fatais";"Plena Noite";"Crescente";"Céu Claro";"Simples";"Reta";"Não";2;1;0;0;1;0;0;2;"-7.528361";"-48.402645";"SR-TO";"UOP04/TO";""
194985;2019-03-04;"2";"01:00:00";"PR";116;15;"COLOMBO";"Velocidade Incompatível";"Capotamento";"Sem Vítimas";"Plena Noite";"Decrescente";"Céu Claro";"Dupla";"Reta";"Sim";1;0;0;0;0;1;0;1;"-25.3848";"-49.1711";"SR-PR";"DEL7/1";"UOP02/PR"
194986;2019-03-03;"1";"20:35:00";"MG";381;163;"GOVERNADOR VALADARES";"Animais na Pista";"Atropelamento de Animal";"Com Vítimas Feridas";"Plena Noite";"Decrescente";"Céu Claro";"Simples";"Reta";"Não";2;0;0;1;1;0;1;1;"-18.935516";"-42.051643";"SR-MG";"DEL4/6";"UOP01/MG"