"id";"data_inversa";"dia_semana";"horario";"uf";"br";"km";"municipio";"causa_acidente";"tipo_acidente";"classificacao_acidente";"fase_dia";"sentido_via";"condicao_metereologica";"tipo_pista";"tracado_via";"uso_solo";"pessoas";"mortos";"feridos_leves";"feridos_graves";"ilesos";"ignorados";"feridos";"veiculos";"latitude";"longitude";"regional";"delegacia";"uop"
194987;2019-03-04;"2";"03:30:00";"CE";304;39;"ARACATI";"Falta de Atenção à Condução";"Colisão transversal";"Com Vítimas Feridas";"Plena Noite";"Decrescente";"Nublado";"Simples";"Reta";"Não";2;0;2;0;0;0;2;2;"-4.580046";"-37.86039";"SR-CE";"DEL16/3";"UOP03/CE"
194988;2019-03-04;"2";"03:15:00";"MG";381;664;"PERDOES";"Ingestão de Álcool";"Saída de leito carroçável";"Com Vítimas Feridas";"Plena Noite";"Crescente";"Chuva";"Dupla";"Retorno Regulamentado";"Não";1;0;1;0;0;0;1;1;"-21.0451";"-45.0002";"SR-MG";"DEL4/4";"UOP02/MG"
194989;2019-02-26;"3";"20:40:00";"MT";174;568;"COMODORO";"Falta de Atenção à Condução";"Tombamento";"Sem Vítimas";"Plena Noite";"Crescente";"Garoa/Chuvisco";"Simples";"Não Informado";"Não";1;0;0;0;1;0;0;1;"-13.024004";"-59.923141";"SR-RO";"DEL21/4";"UOP01/RO"
194990;2019-03-04;"2";"03:10:00";"GO";60;109;"GOIANAPOLIS";"Avarias e/ou desgaste excessivo no pneu";"Capotamento";"Com Vítimas Feridas";"Plena Noite";"Crescente";"Garoa/Chuvisco";"Dupla";"Não Informado";"Não";2;0;1;0;1;0;1;1;"-16.4478";"-49.0224";"SR-GO";"DEL1/1";"UOP01/GO"
194991;2019-03-04;"2";"04:20:00";"PR";369;195,1;"APUCARANA";"Ingestão de Álcool";"Colisão traseira";"Com Vítimas Feridas";"Plena Noite";"Crescente";"Céu Claro";"Dupla";"Reta";"Sim";2;0;0;1;1;0;1;2;"-23.498";"-51.423662";"SR-PR";"DEL7/7";"UOP03/PR"
194992;2019-03-04;"2";"02:45:00";"PR";272;538;"FRANCISCO ALVES";"Condutor Dormindo";"Capotamento";"Sem Vítimas";"Plena Noite";"Crescente";"Céu Claro";"Simples";"Reta";"Não";2;0;0;0;2;0;0;1;"-24.064224";"-53.841663";"SR-PR";"DEL7/6";"UOP02/PR"
194993;2019-03-03;"1";"22:35:00";"SC";470;80;"INDAIAL";"Ultrapassagem Indevida";"Colisão lateral";"Com Vítimas Feridas";"Plena Noite";"Decrescente";"Ignorado";"Simples";"Reta";"Não";5;0;1;1;3;0;2;5;"-26.948805";"-49.316097";"SR-SC";"DEL8/4";"UOP01/SC"
194994;2019-03-04;"2";"05:30:00";"MG";40;526;"CONTAGEM";"Falta de Atenção à Condução";"Queda de ocupante de veículo";"Com Vítimas Feridas";"Amanhecer";"Decrescente";"Céu Claro";"Dupla";"Reta";"Sim";2;0;1;1;0;0;2;1;"-19.9054";"-44.0476";"SR-MG";"DEL4/1";"UOP03/MG"
194995;2019-03-04;"2";"03:00:00";"GO";80;32,1;"PADRE BERNARDO";"Falta de Atenção à Condução";"Saída de leito carroçável";"Com Vítimas Fatais";"Amanhecer";"Crescente";"Chuva";"Simples";"Reta";"Não";1;1;0;0;0;0;0;1;"-15.285897";"-48.251519";"SR-DF";"GO";"UOP06/DF"
194996;2019-03-04;"2";"05:40:00";"SC";101;418,7;"ARARANGUA";"Desobediência às normas de trânsito pelo condutor";"Colisão transversal";"Com Vítimas Feridas";"Amanhecer";"Decrescente";"Nublado";"Simples";"Retorno Regulamentado";"Sim";2;0;0;1;1;0;1;2;"-28.9856";"-49.5422";"SR-SC";"DEL8/2";"UOP02/SC"
194998;2019-03-04;"2";"06:15:00";"SP";116;278,5;"EMBU DAS ARTES";"Falta de Atenção à Condução";"Capotamento";"Com Vítimas Feridas";"Amanhecer";"Crescente";"Nublado";"Dupla";"Curva";"Sim";1;0;1;0;0;0;1;1;"-23.63668378";"-46.83322105";"SR-SP";"DEL6/4";"UOP01/SP"
194999;2019-03-04;"2";"05:00:00";"RJ";116;164;"RIO DE JANEIRO";"Falta de Atenção à Condução";"Colisão com objeto estático";"Com Vítimas Fatais";"Amanhecer";"Crescente";"Céu Claro";"Dupla";"Reta";"Sim";1;1;0;0;0;0;0;1;"-22.810741";"-43.288445";"SR-RJ";"DEL5/1";"UOP01/RJ"
195000;2019-03-04;"2";"06:25:00";"PA";163;985;"SANTAREM";"Falta de Atenção à Condução";"Colisão transversal";"Com Vítimas Feridas";"Amanhecer";"Decrescente";"Céu Claro";"Simples";"Interseção de vias";"Não";2;0;1;0;1;0;1;2;"-2.59617612";"-54.71972466";"SR-PA";"DEL19/5";"UOP01/PA"
195001;2019-03-03;"1";"16:30:00";"MG";365;499;"PATROCINIO";"Falta de Atenção à Condução";"Tombamento";"Com Vítimas Feridas";"Pleno dia";"Decrescente";"Chuva";"Simples";"Reta";"Não";1;0;1;0;0;0;1;1;"-18.9285";"-47.21131";"SR-MG";"DEL4/10";"UOP01/MG"
195003;2019-03-04;"2";"06:43:00";"SC";101;135;"BALNEARIO CAMBORIU";"Falta de Atenção à Condução";"Colisão lateral";"Com Vítimas Feridas";"Pleno dia";"Decrescente";"Céu Claro";"Dupla";"Reta";"Sim";1;0;0;1;0;0;1;1;"-27.0050108";"-48.62677494";"SR-SC";"DEL8/4";"UOP03/SC"
195004;2019-03-04;"2";"06:40:00";"RS";290;33,9;"SANTO ANTONIO DA PATRULHA";"Condutor Dormindo";"Saída de leito carroçável";"Sem Vítimas";"Pleno dia";"Crescente";"Sol";"Dupla";"Reta";"Não";3;0;0;0;3;0;0;1;"-29.885815";"-50.586334";"SR-RS";"DEL9/3";"UOP02/RS"
195005;2019-03-04;"2";"04:30:00";"RO";364;238;"CACOAL";"Defeito na Via";"Tombamento";"Com Vítimas Feridas";"Plena Noite";"Crescente";"Garoa/Chuvisco";"Simples";"Não Informado";"Sim";3;0;1;0;0;2;1;1;"-11.438849";"-61.454727";"SR-RO";"DEL21/2";"UOP02/RO"
195008;2019-03-04;"2";"03:50:00";"MA";10;226,8;"GOVERNADOR EDISON LOBAO";"Falta de Atenção do Pedestre";"Atropelamento de Pedestre";"Com Vítimas Fatais";"Plena Noite";"Decrescente";"Chuva";"Simples";"Reta";"Não";2;1;0;0;1;0;0;1;"-5.736645";"-47.35976";"SR-MA";"DEL18/4";"UOP01/MA"
195009;2019-03-03;"1";"08:50:00";"BA";101;145;"TEODORO SAMPAIO";"Falta de Atenção à Condução";"Capotamento";"Sem Vítimas";"Plena Noite";"Crescente";"Céu Claro";"Simples";"Curva";"Não";1;0;0;0;1;0;0;1;"-12.2633";"-38.6589";"SR-BA";"DEL10/1";"UOP03/BA"
195010;2019-03-04;"2";"05:30:00";"MT";70;500;"CUIABA";"Falta de Atenção à Condução";"Colisão transversal";"Com Vítimas Feridas";"Amanhecer";"Decrescente";"Sol";"Simples";"Reta";"Não";2;0;0;1;1;0;1;2;"-15.682028";"-55.923443";"SR-MT";"DEL2/1";"UOP01/MT"
195011;2019-03-01;"6";"02:15:00";"PI";316;8;"TERESINA";"Falta de Atenção à Condução";"Colisão traseira";"Com Vítimas Feridas";"Plena Noite";"Crescente";"Nublado";"Simples";"Reta";"Sim";2;0;1;0;1;0;1;2;"-5.164865";"-42.768986";"SR-PI";"DEL17/1";"UOP02/PI"
195013;2019-03-04;"2";"07:20:00";"SP";116;214,6;"GUARULHOS";"Avarias e/ou desgaste excessivo no pneu";"Capotamento";"Com Vítimas Feridas";"Pleno dia";"Crescente";"Nublado";"Múltipla";"Reta";"Não";1;0;1;0;0;0;1;1;"-23.44844354";"-46.45706177";"SR-SP";"DEL6/1";"UOP01/SP"
195014;2019-03-04;"2";"06:20:00";"MS";163;396;"NOVA ALVORADA DO SUL";"Defeito Mecânico no Veículo";"Saída de leito carroçável";"Com Vítimas Feridas";"Amanhecer";"Decrescente";"Nublado";"Simples";"Reta";"Não";2;0;1;0;1;0;1;1;"-21.2019974";"-54.4628334";"SR-MS";"DEL2";"UOP01/MS"
195015;2019-03-04;"2";"00:00:00";"RJ";116;60;"TERESOPOLIS";"Falta de Atenção à Condução";"Tombamento";"Com Vítimas Feridas";"Plena Noite";"Crescente";"Céu Claro";"Simples";"Reta";"Não";1;0;1;0;0;0;1;1;"-22.236357";"-42.911083";"SR-RJ";"DEL5/4";"UOP01/RJ"
195017;2019-03-04;"2";"04:54:00";"BA";116;597;"IRAJUBA";"Condutor Dormindo";"Saída de leito carroçável";"Com Vítimas Feridas";"Plena Noite";"Crescente";"Nublado";"Simples";"Curva";"Não";1;0;1;0;0;0;1;1;"-13.1886621";"-40.00636166";"SR-BA";"DEL10/3";"UOP02/BA"
195018;2019-03-04;"2";"07:55:00";"RN";101;82,9;"NATAL";"Falta de Atenção à Condução";"Colisão lateral";"Com Vítimas Feridas";"Pleno dia";"Decrescente";"Garoa/Chuvisco";"Dupla";"Interseção de vias";"Sim";2;0;1;0;1;0;1;2;"-5.767915";"-35.274563";"SR-RN";"DEL15/2";"UOP01/RN"
195019;2019-03-04;"2";"08:00:00";"MG";50;72;"UBERLANDIA";"Desobediência às normas de trânsito pelo condutor";"Colisão transversal";"Com Vítimas Feridas";"Pleno dia";"Crescente";"Chuva";"Dupla";"Interseção de vias";"Sim";3;0;1;0;2;0;1;2;"-18.9051";"-48.2318";"SR-MG";"DEL4/15";"UOP01/MG"
195020;2019-03-04;"2";"07:30:00";"PB";101;11,2;"MAMANGUAPE";"Pista Escorregadia";"Saída de leito carroçável";"Com Vítimas Feridas";"Pleno dia";"Crescente";"Garoa/Chuvisco";"Dupla";"Retorno Regulamentado";"Sim";4;0;1;0;3;0;1;1;"-6.6035";"-35.1404";"SR-PB";"DEL14/1";"UOP03/PB"
195021;2019-03-04;"2";"07:25:00";"PR";476;155;"ARAUCARIA";"Falta de Atenção à Condução";"Colisão traseira";"Com Vítimas Feridas";"Pleno dia";"Crescente";"Sol";"Dupla";"Desvio Temporário";"Sim";2;0;0;1;1;0;1;2;"-25.58695803";"-49.40515464";"SR-PR";"DEL7/1";"UOP04/PR"
195022;2019-03-04;"2";"05:00:00";"SC";101;314;"LAGUNA";"Falta de Atenção à Condução";"Tombamento";"Com Vítimas Feridas";"Plena Noite";"Crescente";"Céu Claro";"Múltipla";"Reta";"Não";1;0;1;0;0;0;1;1;"-28.43875154";"-48.83131027";"SR-SC";"DEL8/2";"UOP01/SC"
195023;2019-03-04;"2";"08:00:00";"RJ";393;285;"VOLTA REDONDA";"Condutor Dormindo";"Colisão traseira";"Sem Vítimas";"Pleno dia";"Crescente";"Céu Claro";"Simples";"Reta";"Sim";2;0;0;0;2;0;0;2;"-22.510941";"-44.084461";"SR-RJ";"DEL5/5";"UOP02/RJ"
195024;2019-03-04;"2";"07:40:00";"BA";101;838,6;"VEREDA";"Velocidade Incompatível";"Saída de leito carroçável";"Com Vítimas Feridas";"Pleno dia";"Crescente";"Nublado";"Simples";"Curva";"Não";4;0;2;1;1;0;3;1;"-17.2283";"-39.6193";"SR-BA";"DEL10/9";"UOP01/BA"
195025;2019-03-04;"2";"08:05:00";"DF";20;20;"BRASILIA";"Falta de Atenção à Condução";"Saída de leito carroçável";"Com Vítimas Feridas";"Pleno dia";"Crescente";"Nublado";"Dupla";"Não Informado";"Sim";4;0;1;0;3;0;1;1;"-15.607905";"-47.692791";"SR-DF";"DF";"UOP04/DF"
195026;2019-03-04;"2";"08:44:00";"PB";230;28;"JOAO PESSOA";"Avarias e/ou desgaste excessivo no pneu";"Colisão transversal";"Com Vítimas Feridas";"Pleno dia";"Decrescente";"Chuva";"Dupla";"Não Informado";"Sim";3;0;1;0;2;0;1;2;"-7.16562128";"-34.8980299";"SR-PB";"DEL14/1";"UOP00/PB"
195027;2019-02-25;"2";"07:30:00";"SC";101;213;"PALHOCA";"Falta de Atenção à Condução";"Queda de ocupante de veículo";"Com Vítimas Feridas";"Pleno dia";"Decrescente";"Chuva";"Dupla";"Reta";"Sim";2;0;1;0;1;0;1;2;"-27.6446";"-48.6705";"SR-SC";"DEL8/1";"UOP02/SC"
195028;2019-03-04;"2";"08:00:00";"GO";70;2,2;"AGUAS LINDAS DE GOIAS";"Defeito Mecânico no Veículo";"Colisão com objeto estático";"Com Vítimas Feridas";"Pleno dia";"Decrescente";"Chuva";"Dupla";"Curva";"Sim";1;0;1;0;0;0;1;1;"-15.767021";"-48.229945";"SR-DF";"GO";"UOP06/DF"
195029;2019-03-04;"2";"07:35:00";"PR";376;339,8;"ORTIGUEIRA";"Condutor Dormindo";"Saída de leito carroçável";"Com Vítimas Feridas";"Pleno dia";"Crescente";"Céu Claro";"Simples";"Curva";"Não";2;0;1;1;0;0;2;1;"-24.14800672";"-50.98617554";"SR-PR";"DEL7/7";"UOP02/PR"
195031;2019-03-04;"2";"09:20:00";"SC";101;36,4;"JOINVILLE";"Pista Escorregadia";"Tombamento";"Com Vítimas Fatais";"Pleno dia";"Decrescente";"Sol";"Dupla";"Reta";"Sim";3;1;1;0;1;0;1;3;"-26.2845";"-48.8882";"SR-SC";"DEL8/3";"UOP01/SC"
195032;2019-03-04;"2";"09:00:00";"PR";376;666,4;"TIJUCAS DO SUL";"Mal Súbito";"Colisão com objeto estático";"Com Vítimas Feridas";"Pleno dia";"Decrescente";"Céu Claro";"Dupla";"Curva";"Não";3;0;2;0;1;0;2;1;"-25.8529532";"-48.9772793";"SR-PR";"DEL7/1";"UOP08/PR"
195033;2019-03-04;"2";"09:20:00";"PR";469;15;"FOZ DO IGUACU";"Falta de Atenção à Condução";"Colisão transversal";"Com Vítimas Feridas";"Pleno dia";"Decrescente";"Céu Claro";"Simples";"Reta";"Não";3;0;1;0;2;0;1;2;"-25.5813";"-54.5315";"SR-PR";"DEL7/5";"UOP04/PR"
195035;2019-03-04;"2";"06:15:00";"ES";262;165,9;"IBATIBA";"Velocidade Incompatível";"Tombamento";"Com Vítimas Fatais";"Amanhecer";"Crescente";"Sol";"Simples";"Curva";"Não";1;1;0;0;0;0;0;1;"-20.2477";"-41.5574";"SR-ES";"DEL12/1";"UOP02/ES"
195036;2019-02-24;"1";"20:30:00";"MS";262;523,9;"AQUIDAUANA";"Animais na Pista";"Atropelamento de Animal";"Com Vítimas Feridas";"Plena Noite";"Crescente";"Céu Claro";"Simples";"Reta";"Não";3;0;0;1;2;0;1;1;"-20.34319345";"-56.16731822";"SR-MS";"DEL3/3";"UOP01/MS"
195037;2019-03-04;"2";"08:30:00";"MG";365;615;"UBERLANDIA";"Velocidade Incompatível";"Saída de leito carroçável";"Com Vítimas Feridas";"Pleno dia";"Decrescente";"Céu Claro";"Dupla";"Curva";"Sim";1;0;1;0;0;0;1;1;"-18.91180801";"-48.2213974";"SR-MG";"DEL4/15";"UOP01/MG"
195038;2019-03-04;"2";"10:20:00";"SC";470;60,3;"BLUMENAU";"Falta de Atenção à Condução";"Colisão frontal";"Com Vítimas Feridas";"Pleno dia";"Crescente";"Céu Claro";"Simples";"Reta";"Sim";3;0;1;0;2;0;1;3;"-26.88056083";"-49.16756663";"SR-SC";"DEL8/4";"UOP01/SC"
195039;2019-03-04;"2";"05:40:00";"SC";470;200,8;"PONTE ALTA";"Velocidade Incompatível";"Saída de leito carroçável";"Sem Vítimas";"Plena Noite";"Crescente";"Ignorado";"Simples";"Curva";"Não";1;0;0;0;1;0;0;1;"-27.30962955";"-50.12263298";"SR-SC";"DEL8/5";"UOP03/SC"
195041;2019-03-04;"2";"09:00:00";"SC";101;133,7;"BALNEARIO CAMBORIU";"Falta de Atenção à Condução";"Colisão lateral";"Com Vítimas Feridas";"Pleno dia";"Crescente";"Céu Claro";"Dupla";"Reta";"Sim";2;0;1;0;1;0;1;2;"-27.0021";"-48.6362";"SR-SC";"DEL8/4";"UOP03/SC"
195042;2019-03-04;"2";"10:50:00";"GO";60;127,9;"GOIANAPOLIS";"Falta de Atenção à Condução";"Colisão traseira";"Com Vítimas Feridas";"Pleno dia";"Decrescente";"Céu Claro";"Dupla";"Não Informado";"Não";5;0;1;1;2;1;2;2;"-16.5412";"-49.1495";"SR-GO";"DEL1/1";"UOP01/GO"
195043;2019-03-04;"2";"07:15:00";"MG";381;931,4;"EXTREMA";"Ingestão de Álcool";"Queda de ocupante de veículo";"Com Vítimas Feridas";"Pleno dia";"Crescente";"Nublado";"Dupla";"Curva";"Não";1;0;1;0;0;0;1;1;"-22.79064591";"-46.24545425";"SR-MG";"DEL09";"UOP03/MG"
195044;2019-03-04;"2";"10:45:00";"MG";116;276,2;"TEOFILO OTONI";"Desobediência às normas de trânsito pelo condutor";"Colisão transversal";"Com Vítimas Feridas";"Pleno dia";"Decrescente";"Sol";"Dupla";"Interseção de vias";"Sim";2;0;1;0;1;0;1;2;"-17.851314";"-41.514419";"SR-MG";"DEL4/11";"UOP01/MG"
195045;2019-03-04;"2";"10:20:00";"MG";40;515,8;"RIBEIRAO DAS NEVES";"Não guardar distância de segurança";"Colisão traseira";"Com Vítimas Feridas";"Pleno dia";"Decrescente";"Céu Claro";"Dupla";"Não Informado";"Sim";2;0;1;0;1;0;1;2;"-19.81481699";"-44.09098864";"SR-MG";"DEL4/1";"UOP03/MG"
195046;2019-03-04;"2";"10:45:00";"MG";40;727;"OLIVEIRA FORTES";"Velocidade Incompatível";"Tombamento";"Com Vítimas Feridas";"Pleno dia";"Crescente";"Céu Claro";"Dupla";"Curva";"Não";1;0;1;0;0;0;1;1;"-21.3356";"-43.587";"SR-MG";"DEL5";"UOP01/MG"
195047;2019-03-04;"2";"11:20:00";"SC";470;56;"BLUMENAU";"Falta de Atenção à Condução";"Colisão transversal";"Com Vítimas Feridas";"Pleno dia";"Crescente";"Céu Claro";"Simples";"Reta";"Não";2;0;1;0;1;0;1;2;"-26.87674";"-49.127743";"SR-SC";"DEL8/4";"UOP01/SC"
195048;2019-03-04;"2";"11:30:00";"RJ";40;111;"DUQUE DE CAXIAS";"Mal Súbito";"Queda de ocupante de veículo";"Com Vítimas Feridas";"Pleno dia";"Crescente";"Nublado";"Múltipla";"Não Informado";"Sim";1;0;1;0;0;0;1;1;"-22.7008";"-43.2901";"SR-RJ";"DEL5/1";"UOP01/RJ"
195049;2019-03-04;"2";"08:20:00";"RJ";354;4,8;"RESENDE";"Defeito Mecânico no Veículo";"Saída de leito carroçável";"Com Vítimas Feridas";"Pleno dia";"Crescente";"Chuva";"Simples";"Curva";"Não";3;0;1;0;2;0;1;1;"-22.390202";"-44.756474";"SR-RJ";"DEL5/7";"UOP03/RJ"
195051;2019-03-04;"2";"11:45:00";"CE";20;419;"MARACANAU";"Desobediência às normas de trânsito pelo condutor";"Colisão transversal";"Com Vítimas Feridas";"Pleno dia";"Decrescente";"Nublado";"Dupla";"Reta";"Sim";2;0;1;0;1;0;1;2;"-3.84810731";"-38.57188409";"SR-CE";"DEL16/1";"UOP02/CE"
195052;2019-03-04;"2";"11:30:00";"PI";343;250,4;"CAMPO MAIOR";"Pista Escorregadia";"Colisão lateral";"Com Vítimas Feridas";"Pleno dia";"Crescente";"Chuva";"Simples";"Reta";"Não";2;0;0;1;1;0;1;2;"-4.725317";"-42.103371";"SR-PI";"DEL17/1";"UOP03/PI"
195053;2019-03-04;"2";"12:50:00";"ES";482;75;"ALEGRE";"Falta de Atenção à Condução";"Colisão transversal";"Com Vítimas Feridas";"Pleno dia";"Decrescente";"Sol";"Simples";"Curva";"Não";2;0;0;1;0;1;1;2;"-20.748533";"-41.475224";"SR-ES";"DEL12/3";"UOP02/ES"
195054;2019-03-04;"2";"10:05:00";"AC";364;108,5;"RIO BRANCO";"Defeito na Via";"Saída de leito carroçável";"Com Vítimas Feridas";"Pleno dia";"Decrescente";"Nublado";"Simples";"Não Informado";"Não";3;0;3;0;0;0;3;1;"-10.02113175";"-67.64916981";"SR-AC";"UOP01/AC";""
195055;2019-03-04;"2";"12:00:00";"RS";158;290,9;"JULIO DE CASTILHOS";"Falta de Atenção à Condução";"Saída de leito carroçável";"Com Vítimas Feridas";"Pleno dia";"Crescente";"Céu Claro";"Simples";"Não Informado";"Não";2;0;2;0;0;0;2;1;"-29.467546";"-53.686661";"SR-RS";"DEL9/9";"UOP01/RS"
195056;2019-03-04;"2";"12:50:00";"BA";418;75;"CARAVELAS";"Ingestão de Álcool";"Capotamento";"Com Vítimas Feridas";"Pleno dia";"Decrescente";"Chuva";"Simples";"Reta";"Não";1;0;1;0;0;0;1;1;"-17.722933";"-39.528667";"SR-BA";"DEL10/9";"UOP03/BA"
195057;2019-03-04;"2";"12:00:00";"PB";101;63,2;"SANTA RITA";"Defeito na Via";"Colisão com objeto estático";"Com Vítimas Feridas";"Pleno dia";"Decrescente";"Chuva";"Dupla";"Curva";"Não";4;0;2;0;2;0;2;1;"-7.0381";"-35.0532";"SR-PB";"DEL14/1";"UOP03/PB"
195058;2019-03-04;"2";"10:16:00";"BA";420;253,6;"MUTUIPE";"Velocidade Incompatível";"Colisão lateral";"Com Vítimas Feridas";"Pleno dia";"Decrescente";"Céu Claro";"Simples";"Curva";"Não";6;0;6;0;0;0;6;2;"-13.226853";"-39.499691";"SR-BA";"DEL10/1";"UOP02/BA"
195059;2019-03-04;"2";"12:50:00";"SC";101;295;"IMBITUBA";"Falta de Atenção à Condução";"Colisão frontal";"Com Vítimas Feridas";"Pleno dia";"Decrescente";"Céu Claro";"Simples";"Viaduto";"Sim";2;0;0;1;1;0;1;2;"-28.3342";"-48.7325";"SR-SC";"DEL8/2";"UOP03/SC"
195060;2019-03-04;"2";"13:30:00";"PE";101;99,9;"CABO DE SANTO AGOSTINHO";"Defeito Mecânico no Veículo";"Incêndio";"Com Vítimas Feridas";"Pleno dia";"Decrescente";"Ignorado";"Dupla";"Curva";"Não";2;0;1;0;1;0;1;1;"-8.2678";"-35.0531";"SR-PE";"DEL11/1";"UOP03/PE"
195061;2019-03-04;"2";"13:40:00";"SE";101;16,6;"SAO FRANCISCO";"Pista Escorregadia";"Capotamento";"Com Vítimas Feridas";"Pleno dia";"Decrescente";"Chuva";"Dupla";"Reta";"Não";4;0;3;0;1;0;3;1;"-10.295593";"-36.883125";"SR-SE";"DEL20/2";"UOP02/SE"
195062;2019-01-21;"2";"19:00:00";"BA";135;125;"RIACHAO DAS NEVES";"Condutor Dormindo";"Colisão lateral";"Com Vítimas Feridas";"Plena Noite";"Crescente";"Garoa/Chuvisco";"Simples";"Desvio Temporário";"Não";3;0;0;1;2;0;1;2;"-11.77393121";"-44.89974976";"SR-BA";"DEL10/10";"UOP01/BA"
195063;2019-03-04;"2";"12:10:00";"MG";262;797;"UBERABA";"Avarias e/ou desgaste excessivo no pneu";"Saída de leito carroçável";"Com Vítimas Feridas";"Pleno dia";"Decrescente";"Nublado";"Simples";"Reta";"Não";2;0;1;0;1;0;1;1;"-19.774576";"-47.917828";"SR-MG";"DEL13";"UOP01/MG"
195064;2019-03-04;"2";"14:00:00";"ES";101;293,8;"CARIACICA";"Falta de Atenção à Condução";"Colisão com objeto estático";"Com Vítimas Feridas";"Pleno dia";"Crescente";"Sol";"Múltipla";"Reta";"Sim";1;0;1;0;0;0;1;1;"-20.33887827";"-40.40382212";"SR-ES";"DEL12/1";"UOP01/ES"
195065;2019-03-04;"2";"12:55:00";"SC";101;264,3;"GAROPABA";"Defeito Mecânico no Veículo";"Tombamento";"Com Vítimas Feridas";"Pleno dia";"Crescente";"Céu Claro";"Dupla";"Não Informado";"Não";2;0;0;2;0;0;2;1;"-28.05731544";"-48.7178421";"SR-SC";"DEL8/2";"UOP03/SC"
195066;2019-03-04;"2";"12:30:00";"SC";282;436,3;"VARGEM BONITA";"Falta de Atenção à Condução";"Colisão transversal";"Com Vítimas Feridas";"Pleno dia";"Decrescente";"Céu Claro";"Simples";"Interseção de vias";"Não";5;0;2;0;3;0;2;2;"-26.96978499";"-51.8544066";"SR-SC";"DEL7";"UOP05/SC"
195067;2019-03-04;"2";"13:20:00";"MS";262;301,1;"CAMPO GRANDE";"Velocidade Incompatível";"Saída de leito carroçável";"Sem Vítimas";"Pleno dia";"Crescente";"Céu Claro";"Simples";"Curva";"Não";1;0;0;0;0;1;0;1;"-20.494466";"-54.304352";"SR-MS";"DEL3/1";"UOP01/MS"
195068;2019-03-04;"2";"14:00:00";"SP";116;317,8;"JUQUITIBA";"Falta de Atenção à Condução";"Queda de ocupante de veículo";"Com Vítimas Feridas";"Pleno dia";"Crescente";"Chuva";"Dupla";"Curva";"Não";1;0;1;0;0;0;1;1;"-23.92415507";"-46.99379509";"SR-SP";"DEL6/4";"UOP02/SP"
195069;2019-03-04;"2";"11:00:00";"MG";381;588,1;"CARMOPOLIS DE MINAS";"Falta de Atenção à Condução";"Saída de leito carroçável";"Com Vítimas Feridas";"Pleno dia";"Crescente";"Nublado";"Dupla";"Reta";"Não";1;0;1;0;0;0;1;1;"-20.541";"-44.6429";"SR-MG";"DEL4/4";"UOP01/MG"
195070;2019-03-04;"2";"14:20:00";"PR";116;125,9;"FAZENDA RIO GRANDE";"Falta de Atenção do Pedestre";"Atropelamento de Pedestre";"Com Vítimas Feridas";"Pleno dia";"Decrescente";"Céu Claro";"Múltipla";"Reta";"Sim";3;0;0;1;1;1;1;1;"-25.63734305";"-49.31305647";"SR-PR";"DEL7/1";"UOP03/PR"
195072;2019-03-04;"2";"11:51:00";"GO";50;261,9;"CATALAO";"Pista Escorregadia";"Colisão com objeto estático";"Com Vítimas Feridas";"Pleno dia";"Crescente";"Chuva";"Dupla";"Não Informado";"Não";1;0;1;0;0;0;1;1;"-18.0377";"-47.853";"SR-GO";"DEL1/6";"UOP01/GO"
195073;2019-03-04;"2";"14:20:00";"ES";101;293;"CARIACICA";"Falta de Atenção à Condução";"Colisão lateral";"Com Vítimas Feridas";"Pleno dia";"Crescente";"Céu Claro";"Múltipla";"Reta";"Sim";3;0;1;0;2;0;1;3;"-20.31565271";"-40.39569855";"SR-ES";"DEL12/1";"UOP01/ES"
195075;2019-03-04;"2";"14:42:00";"MG";381;578,9;"CARMOPOLIS DE MINAS";"Falta de Atenção à Condução";"Colisão com objeto estático";"Com Vítimas Feridas";"Pleno dia";"Decrescente";"Nublado";"Dupla";"Curva";"Não";1;0;1;0;0;0;1;1;"-20.4778";"-44.5849";"SR-MG";"DEL4/4";"UOP01/MG"
195076;2019-03-04;"2";"14:00:00";"SC";101;93,8;"BARRA VELHA";"Desobediência às normas de trânsito pelo condutor";"Colisão transversal";"Com Vítimas Feridas";"Pleno dia";"Decrescente";"Céu Claro";"Simples";"Não Informado";"Não";4;0;2;0;2;0;2;2;"-26.71517707";"-48.70290756";"SR-SC";"DEL8/3";"UOP02/SC"
195077;2019-03-04;"2";"14:30:00";"RS";101;49,6;"TERRA DE AREIA";"Falta de Atenção à Condução";"Saída de leito carroçável";"Com Vítimas Feridas";"Pleno dia";"Crescente";"Sol";"Dupla";"Reta";"Não";2;0;2;0;0;0;2;1;"-29.599669";"-50.080227";"SR-RS";"DEL9/3";"UOP03/RS"
195079;2019-03-04;"2";"15:40:00";"SC";101;201;"SAO JOSE";"Não guardar distância de segurança";"Colisão traseira";"Com Vítimas Feridas";"Pleno dia";"Crescente";"Céu Claro";"Dupla";"Interseção de vias";"Sim";2;0;1;0;1;0;1;2;"-27.5572";"-48.6188";"SR-SC";"DEL8/1";"UOP01/SC"
195081;2019-03-04;"2";"15:05:00";"MS";163;258;"DOURADOS";"Desobediência às normas de trânsito pelo condutor";"Colisão transversal";"Com Vítimas Feridas";"Pleno dia";"Crescente";"Sol";"Múltipla";"Interseção de vias";"Sim";3;0;1;0;2;0;1;2;"-22.25850288";"-54.7819001";"SR-MS";"DEL3/4";"UOP01/MS"