"id";"data_inversa";"dia_semana";"horario";"uf";"br";"km";"municipio";"causa_acidente";"tipo_acidente";"classificacao_acidente";"fase_dia";"sentido_via";"condicao_metereologica";"tipo_pista";"tracado_via";"uso_solo";"pessoas";"mortos";"feridos_leves";"feridos_graves";"ilesos";"ignorados";"feridos";"veiculos";"latitude";"longitude";"regional";"delegacia";"uop"
195353;2019-03-06;"4";"09:00:00";"MG";116;557,4;"SANTA BARBARA DO LESTE";"Velocidade Incompatível";"Saída de leito carroçável";"Com Vítimas Feridas";"Pleno dia";"Crescente";"Chuva";"Simples";"Curva";"Não";3;0;2;0;1;0;2;1;"-20.01148644";"-42.16007099";"SR-MG";"DEL4/6";"UOP02/MG"
195354;2019-03-06;"4";"09:30:00";"ES";101;408;"ITAPEMIRIM";"Defeito Mecânico no Veículo";"Queda de ocupante de veículo";"Com Vítimas Feridas";"Pleno dia";"Crescente";"Céu Claro";"Simples";"Reta";"Não";2;0;1;0;1;0;1;1;"-20.89068697";"-41.03879708";"SR-ES";"DEL12/3";"UOP02/ES"
195355;2019-03-06;"4";"09:10:00";"PI";343;341,6;"TERESINA";"Falta de Atenção à Condução";"Colisão transversal";"Com Vítimas Feridas";"Pleno dia";"Crescente";"Céu Claro";"Dupla";"Rotatória";"Sim";2;0;0;1;1;0;1;2;"-5.077812";"-42.744255";"SR-PI";"DEL17/1";"UOP01/PI"
195356;2019-03-06;"4";"09:35:00";"PR";376;508,6;"PONTA GROSSA";"Falta de Atenção à Condução";"Saída de leito carroçável";"Com Vítimas Feridas";"Pleno dia";"Crescente";"Céu Claro";"Dupla";"Reta";"Sim";1;0;1;0;0;0;1;1;"-25.25428794";"-50.01605392";"SR-PR";"DEL7/3";"UOP03/PR"
195357;2019-03-06;"4";"08:30:00";"RS";101;4;"TORRES";"Falta de Atenção à Condução";"Colisão traseira";"Com Vítimas Feridas";"Pleno dia";"Crescente";"Céu Claro";"Simples";"Interseção de vias";"Sim";5;0;1;0;4;0;1;2;"-29.33222497";"-49.78508308";"SR-RS";"DEL9/3";"UOP03/RS"
195359;2019-03-06;"4";"09:05:00";"RS";386;317,4;"MARQUES DE SOUZA";"Condutor Dormindo";"Colisão frontal";"Com Vítimas Fatais";"Pleno dia";"Decrescente";"Nublado";"Simples";"Reta";"Não";6;1;3;1;1;0;4;2;"-29.263786";"-52.145988";"SR-RS";"DEL9/4";"UOP01/RS"
195360;2019-03-06;"4";"07:28:00";"MS";262;381;"TERENOS";"Ingestão de Álcool";"Colisão com objeto estático";"Sem Vítimas";"Pleno dia";"Crescente";"Céu Claro";"Simples";"Curva";"Não";2;0;0;0;0;2;0;1;"-20.45577198";"-54.84474093";"SR-MS";"DEL3/1";"UOP03/MS"
195361;2019-03-06;"4";"09:15:00";"PB";230;106;"INGA";"Fenômenos da Natureza";"Colisão traseira";"Com Vítimas Feridas";"Pleno dia";"Crescente";"Sol";"Dupla";"Desvio Temporário";"Não";3;0;1;0;2;0;1;2;"-7.2083";"-35.5318";"SR-PB";"DEL14/1";"UOP02/PB"
195364;2019-03-06;"4";"07:35:00";"RJ";116;76;"TERESOPOLIS";"Falta de Atenção à Condução";"Colisão transversal";"Com Vítimas Feridas";"Pleno dia";"Decrescente";"Céu Claro";"Simples";"Reta";"Sim";2;0;0;1;1;0;1;2;"-22.36124312";"-42.94876288";"SR-RJ";"DEL5/4";"UOP01/RJ"
195366;2019-02-26;"3";"07:29:00";"PR";476;126;"CURITIBA";"Falta de Atenção à Condução";"Colisão lateral";"Com Vítimas Feridas";"Pleno dia";"Crescente";"Céu Claro";"Dupla";"Reta";"Sim";2;0;1;0;1;0;1;2;"-25.416758";"-49.223446";"SR-PR";"DEL7/1";"UOP06/PR"
195367;2019-03-06;"4";"11:15:00";"CE";116;19,9;"EUSEBIO";"Avarias e/ou desgaste excessivo no pneu";"Queda de ocupante de veículo";"Com Vítimas Feridas";"Pleno dia";"Decrescente";"Chuva";"Dupla";"Reta";"Não";1;0;1;0;0;0;1;1;"-3.91384397";"-38.50667231";"SR-CE";"DEL16/1";"UOP02/CE"
195368;2019-03-06;"4";"11:05:00";"SP";153;160,2;"PROMISSAO";"Defeito Mecânico no Veículo";"Saída de leito carroçável";"Com Vítimas Feridas";"Pleno dia";"Crescente";"Céu Claro";"Simples";"Reta";"Não";1;0;1;0;0;0;1;1;"-21.507408";"-49.780426";"SR-SP";"DEL6/07";"UOP01/SP"
195369;2019-03-06;"4";"11:25:00";"PB";230;30;"JOAO PESSOA";"Não guardar distância de segurança";"Colisão traseira";"Com Vítimas Feridas";"Pleno dia";"Decrescente";"Céu Claro";"Dupla";"Reta";"Sim";5;0;1;0;3;1;1;5;"-7.1549";"-34.9077";"SR-PB";"DEL14/1";"UOP00/PB"
195370;2019-03-06;"4";"10:00:00";"PR";116;0,5;"CAMPINA GRANDE DO SUL";"Falta de Atenção à Condução";"Saída de leito carroçável";"Sem Vítimas";"Pleno dia";"Decrescente";"Céu Claro";"Dupla";"Não Informado";"Não";1;0;0;0;1;0;0;1;"-25.0604";"-48.562973";"SR-PR";"DEL7/1";"UOP02/PR"
195371;2019-03-06;"4";"11:40:00";"RS";290;92;"PORTO ALEGRE";"Falta de Atenção à Condução";"Queda de ocupante de veículo";"Com Vítimas Feridas";"Pleno dia";"Crescente";"Sol";"Dupla";"Curva";"Sim";1;0;1;0;0;0;1;1;"-29.971916";"-51.176838";"SR-RS";"DEL9/1";"UOP01/RS"
195372;2019-03-06;"4";"11:51:00";"PR";369;198,6;"APUCARANA";"Falta de Atenção do Pedestre";"Atropelamento de Pedestre";"Com Vítimas Feridas";"Pleno dia";"Crescente";"Céu Claro";"Simples";"Reta";"Sim";3;0;0;1;1;1;1;2;"-23.531246";"-51.452992";"SR-PR";"DEL7/7";"UOP03/PR"
195373;2019-03-06;"4";"10:00:00";"RS";116;588,3;"PEDRO OSORIO";"Defeito Mecânico no Veículo";"Saída de leito carroçável";"Sem Vítimas";"Pleno dia";"Decrescente";"Céu Claro";"Simples";"Reta";"Não";3;0;0;0;3;0;0;1;"-32.08884603";"-52.89993197";"SR-RS";"DEL9/7";"UOP03/RS"
195374;2019-03-06;"4";"10:00:00";"RJ";101;262;"RIO BONITO";"Falta de Atenção à Condução";"Colisão lateral";"Com Vítimas Feridas";"Pleno dia";"Crescente";"Sol";"Dupla";"Reta";"Sim";3;0;1;1;1;0;2;2;"-22.71367506";"-42.62052996";"SR-RJ";"DEL5/2";"UOP03/RJ"
195375;2019-03-06;"4";"11:50:00";"RS";116;491;"PELOTAS";"Falta de Atenção à Condução";"Colisão com objeto estático";"Com Vítimas Feridas";"Pleno dia";"Crescente";"Sol";"Simples";"Ponte";"Não";2;0;1;0;1;0;1;1;"-31.47771401";"-52.21293878";"SR-RS";"DEL9/7";"UOP01/RS"
195376;2019-03-06;"4";"10:00:00";"PR";476;125;"CURITIBA";"Falta de Atenção à Condução";"Colisão transversal";"Com Vítimas Feridas";"Pleno dia";"Crescente";"Sol";"Múltipla";"Reta";"Sim";3;0;1;0;2;0;1;2;"-25.4083";"-49.219658";"SR-PR";"DEL7/1";"UOP06/PR"
195377;2019-03-06;"4";"10:50:00";"SC";101;41,8;"JOINVILLE";"Falta de Atenção à Condução";"Engavetamento";"Com Vítimas Feridas";"Pleno dia";"Decrescente";"Céu Claro";"Dupla";"Reta";"Sim";5;0;2;0;3;0;2;3;"-26.28215489";"-48.88973081";"SR-SC";"DEL8/3";"UOP01/SC"
195378;2019-03-06;"4";"09:30:00";"CE";222;107,5;"ITAPAJE";"Pista Escorregadia";"Saída de leito carroçável";"Com Vítimas Feridas";"Pleno dia";"Decrescente";"Chuva";"Simples";"Curva";"Não";4;0;3;0;1;0;3;1;"-3.761587";"-39.470955";"SR-CE";"DEL16/4";"UOP03/CE"
195379;2019-03-06;"4";"12:15:00";"CE";116;35;"AQUIRAZ";"Desobediência às normas de trânsito pelo condutor";"Colisão transversal";"Sem Vítimas";"Pleno dia";"Decrescente";"Chuva";"Dupla";"Retorno Regulamentado";"Não";2;0;0;0;1;1;0;2;"-4.05218058";"-38.50627716";"SR-CE";"DEL16/1";"UOP02/CE"
195380;2019-03-06;"4";"12:00:00";"PB";101;89;"JOAO PESSOA";"Não guardar distância de segurança";"Colisão traseira";"Com Vítimas Feridas";"Pleno dia";"Decrescente";"Céu Claro";"Múltipla";"Reta";"Não";2;0;1;0;1;0;1;2;"-7.1710694";"-34.89765372";"SR-PB";"DEL14/1";"UOP01/PB"
195381;2019-03-06;"4";"12:15:00";"SP";116;145;"SAO JOSE DOS CAMPOS";"Falta de Atenção à Condução";"Colisão traseira";"Com Vítimas Feridas";"Pleno dia";"Crescente";"Céu Claro";"Múltipla";"Reta";"Sim";5;0;2;0;3;0;2;3;"-23.187023";"-45.854885";"SR-SP";"DEL6/2";"UOP01/SP"
195382;2019-03-06;"4";"12:55:00";"SC";470;64,1;"INDAIAL";"Falta de Atenção à Condução";"Colisão transversal";"Com Vítimas Feridas";"Pleno dia";"Crescente";"Céu Claro";"Simples";"Reta";"Sim";3;0;1;1;1;0;2;2;"-26.869727";"-49.20311993";"SR-SC";"DEL8/4";"UOP01/SC"
195383;2019-03-06;"4";"11:30:00";"MT";163;836;"SINOP";"Desobediência às normas de trânsito pelo condutor";"Colisão lateral";"Com Vítimas Feridas";"Pleno dia";"Decrescente";"Céu Claro";"Múltipla";"Reta";"Sim";2;0;2;0;0;0;2;2;"-11.977922";"-55.517017";"SR-MT";"DEL2/6";"UOP01/MT"
195384;2019-03-06;"4";"12:40:00";"MG";381;479;"CONTAGEM";"Velocidade Incompatível";"Colisão com objeto estático";"Com Vítimas Feridas";"Pleno dia";"Decrescente";"Nublado";"Dupla";"Reta";"Sim";1;0;1;0;0;0;1;1;"-19.95889605";"-44.069202";"SR-MG";"DEL4/1";"UOP03/MG"
195386;2019-03-06;"4";"12:50:00";"MG";381;524,2;"BRUMADINHO";"Falta de Atenção à Condução";"Colisão traseira";"Com Vítimas Feridas";"Pleno dia";"Decrescente";"Nublado";"Dupla";"Reta";"Não";2;0;0;1;0;1;1;2;"-20.160736";"-44.329843";"SR-MG";"DEL4/4";"UOP03/MG"
195387;2019-03-06;"4";"12:40:00";"RJ";116;303;"RESENDE";"Velocidade Incompatível";"Colisão traseira";"Com Vítimas Feridas";"Pleno dia";"Decrescente";"Céu Claro";"Dupla";"Reta";"Sim";3;0;1;0;2;0;1;2;"-22.45434989";"-44.37845201";"SR-RJ";"DEL5/7";"UOP03/RJ"
195388;2019-03-06;"4";"11:50:00";"MG";50;70,2;"UBERLANDIA";"Desobediência às normas de trânsito pelo pedestre";"Atropelamento de Pedestre";"Com Vítimas Feridas";"Pleno dia";"Decrescente";"Céu Claro";"Dupla";"Reta";"Sim";2;0;0;1;1;0;1;1;"-18.85140204";"-48.25345932";"SR-MG";"DEL4/15";"UOP01/MG"
195389;2019-03-06;"4";"13:00:00";"CE";116;5;"FORTALEZA";"Desobediência às normas de trânsito pelo condutor";"Colisão transversal";"Com Vítimas Feridas";"Pleno dia";"Crescente";"Garoa/Chuvisco";"Dupla";"Viaduto";"Sim";2;0;0;1;1;0;1;2;"-3.79467116";"-38.50772734";"SR-CE";"DEL16/1";"UOP02/CE"
195391;2019-03-06;"4";"12:53:00";"PR";277;323,1;"GUARAPUAVA";"Falta de Atenção à Condução";"Colisão traseira";"Com Vítimas Feridas";"Pleno dia";"Decrescente";"Sol";"Simples";"Reta";"Não";3;0;1;0;2;0;1;2;"-25.36322295";"-51.24475004";"SR-PR";"DEL7/3";"UOP02/PR"
195392;2019-03-06;"4";"13:00:00";"MG";40;168,5;"JOAO PINHEIRO";"Pista Escorregadia";"Saída de leito carroçável";"Com Vítimas Feridas";"Pleno dia";"Crescente";"Chuva";"Dupla";"Reta";"Não";2;0;1;0;1;0;1;1;"-17.92333075";"-46.07469484";"SR-MG";"DEL4/14";"UOP02/MG"
195395;2019-03-06;"4";"13:20:00";"ES";101;144;"LINHARES";"Falta de Atenção à Condução";"Colisão traseira";"Com Vítimas Feridas";"Pleno dia";"Crescente";"Céu Claro";"Dupla";"Reta";"Sim";3;0;3;0;0;0;3;2;"-19.35188295";"-40.0636685";"SR-ES";"DEL12/4";"UOP01/ES"
195396;2019-03-06;"4";"13:30:00";"PR";476;124;"CURITIBA";"Não guardar distância de segurança";"Colisão traseira";"Sem Vítimas";"Pleno dia";"Crescente";"Nublado";"Dupla";"Desvio Temporário";"Sim";2;0;0;0;2;0;0;2;"-25.399845";"-49.215855";"SR-PR";"DEL7/1";"UOP06/PR"
195397;2019-03-06;"4";"12:00:00";"RO";364;429,1;"JARU";"Velocidade Incompatível";"Saída de leito carroçável";"Com Vítimas Feridas";"Pleno dia";"Decrescente";"Céu Claro";"Simples";"Não Informado";"Sim";1;0;1;0;0;0;1;1;"-10.41628317";"-62.5026501";"SR-RO";"DEL21/3";"UOP02/RO"
195398;2019-03-06;"4";"10:30:00";"SC";280;67,4;"JARAGUA DO SUL";"Desobediência às normas de trânsito pelo condutor";"Colisão transversal";"Com Vítimas Feridas";"Pleno dia";"Crescente";"Céu Claro";"Simples";"Interseção de vias";"Sim";2;0;2;0;0;0;2;2;"-26.4775146";"-49.10363575";"SR-SC";"DEL8/3";"UOP03/SC"
195399;2019-03-02;"7";"14:10:00";"MG";381;372;"SAO GONCALO DO RIO ABAIXO";"Velocidade Incompatível";"Saída de leito carroçável";"Com Vítimas Feridas";"Pleno dia";"Crescente";"Nublado";"Simples";"Reta";"Não";5;0;2;0;3;0;2;1;"-19.84250801";"-43.31533375";"SR-MG";"DEL4/1";"UOP01/MG"
195400;2019-03-06;"4";"11:15:00";"MG";262;810,7;"UBERABA";"Objeto estático sobre o leito carroçável";"Colisão com objeto estático";"Com Vítimas Feridas";"Pleno dia";"Crescente";"Sol";"Dupla";"Reta";"Sim";2;0;1;0;1;0;1;2;"-19.76051836";"-48.04440502";"SR-MG";"DEL13";"UOP01/MG"
195401;2019-03-06;"4";"13:49:00";"CE";222;159;"IRAUCUBA";"Falta de Atenção à Condução";"Colisão traseira";"Com Vítimas Feridas";"Pleno dia";"Crescente";"Garoa/Chuvisco";"Simples";"Reta";"Não";8;0;2;0;5;1;2;2;"-3.740549";"-39.867828";"SR-CE";"DEL16/4";"UOP03/CE"
195402;2019-03-06;"4";"14:00:00";"PI";343;41;"BURITI DOS LOPES";"Pista Escorregadia";"Colisão com objeto estático";"Com Vítimas Feridas";"Pleno dia";"Crescente";"Chuva";"Simples";"Curva";"Não";5;0;3;0;2;0;3;1;"-3.153329";"-41.813545";"SR-PI";"DEL17/5";"UOP01/PI"
195403;2019-03-06;"4";"12:30:00";"PI";343;139;"PIRACURUCA";"Desobediência às normas de trânsito pelo condutor";"Colisão transversal";"Com Vítimas Feridas";"Pleno dia";"Crescente";"Nublado";"Simples";"Reta";"Não";2;0;1;0;1;0;1;2;"-3.911755";"-41.71299";"SR-PI";"DEL17/2";"UOP01/PI"
195404;2019-03-06;"4";"14:00:00";"SC";101;134,3;"BALNEARIO CAMBORIU";"Não guardar distância de segurança";"Colisão traseira";"Com Vítimas Feridas";"Pleno dia";"Crescente";"Nublado";"Dupla";"Reta";"Sim";3;0;1;0;2;0;1;3;"-27.00218";"-48.636433";"SR-SC";"DEL8/4";"UOP03/SC"
195405;2019-03-06;"4";"13:55:00";"SC";101;150;"ITAPEMA";"Falta de Atenção à Condução";"Colisão lateral";"Com Vítimas Feridas";"Pleno dia";"Decrescente";"Sol";"Simples";"Reta";"Não";2;0;1;0;1;0;1;2;"-27.11744799";"-48.60940987";"SR-SC";"DEL8/4";"UOP03/SC"
195406;2019-03-06;"4";"14:00:00";"RS";471;165;"RIO PARDO";"Falta de Atenção à Condução";"Colisão traseira";"Com Vítimas Feridas";"Pleno dia";"Decrescente";"Céu Claro";"Simples";"Não Informado";"Não";2;0;1;0;1;0;1;2;"-29.947697";"-52.380466";"SR-RS";"DEL9/2";"UOP03/RS"
195407;2019-03-06;"4";"07:50:00";"RS";290;187,4;"MINAS DO LEAO";"Defeito Mecânico no Veículo";"Capotamento";"Sem Vítimas";"Pleno dia";"Decrescente";"Sol";"Simples";"Não Informado";"Não";1;0;0;0;1;0;0;1;"-30.152441";"-52.083591";"SR-RS";"DEL9/2";"UOP03/RS"
195409;2019-03-06;"4";"14:35:00";"PB";230;31;"BAYEUX";"Não guardar distância de segurança";"Colisão traseira";"Com Vítimas Feridas";"Pleno dia";"Crescente";"Céu Claro";"Dupla";"Reta";"Sim";2;0;1;0;1;0;1;2;"-7.1484";"-34.9129";"SR-PB";"DEL14/1";"UOP00/PB"
195412;2019-03-06;"4";"10:00:00";"PR";376;594;"CURITIBA";"Falta de Atenção à Condução";"Colisão traseira";"Com Vítimas Feridas";"Pleno dia";"Decrescente";"Céu Claro";"Dupla";"Reta";"Sim";3;0;0;1;2;0;1;3;"-25.48479613";"-49.34730331";"SR-PR";"DEL7/1";"UOP04/PR"
195413;2019-03-06;"4";"14:10:00";"SP";116;64,7;"GUARATINGUETA";"Defeito Mecânico no Veículo";"Tombamento";"Com Vítimas Feridas";"Pleno dia";"Crescente";"Céu Claro";"Dupla";"Reta";"Sim";2;0;0;2;0;0;2;1;"-22.81946";"-45.184345";"SR-SP";"DEL6/8";"UOP02/SP"
195414;2019-03-06;"4";"14:20:00";"PR";376;528,9;"PONTA GROSSA";"Desobediência às normas de trânsito pelo condutor";"Colisão lateral";"Com Vítimas Feridas";"Pleno dia";"Crescente";"Nublado";"Dupla";"Reta";"Não";2;0;0;1;1;0;1;2;"-25.2871997";"-49.90451843";"SR-PR";"DEL7/3";"UOP03/PR"
195415;2019-02-11;"2";"00:17:00";"SP";381;89;"GUARULHOS";"Não guardar distância de segurança";"Colisão lateral";"Com Vítimas Feridas";"Plena Noite";"Crescente";"Céu Claro";"Múltipla";"Reta";"Sim";3;0;1;0;2;0;1;2;"-23.49457868";"-46.55962944";"SR-SP";"DEL6/3";"UOP02/SP"
195416;2019-02-27;"4";"14:15:00";"PB";230;39,2;"SANTA RITA";"Falta de Atenção à Condução";"Colisão com objeto estático";"Com Vítimas Feridas";"Pleno dia";"Decrescente";"Céu Claro";"Dupla";"Reta";"Sim";2;0;1;1;0;0;2;2;"-7.1381";"-34.9707";"SR-PB";"DEL14/1";"UOP00/PB"
195418;2019-03-06;"4";"13:00:00";"PR";277;410,8;"CANDOI";"Falta de Atenção à Condução";"Tombamento";"Com Vítimas Feridas";"Pleno dia";"Crescente";"Céu Claro";"Simples";"Curva";"Não";2;0;1;1;0;0;2;1;"-25.43184986";"-52.00714351";"SR-PR";"DEL7/4";"UOP03/PR"
195420;2019-03-06;"4";"15:00:00";"MG";381;505,9;"SAO JOAQUIM DE BICAS";"Falta de Atenção do Pedestre";"Atropelamento de Pedestre";"Com Vítimas Feridas";"Pleno dia";"Crescente";"Nublado";"Dupla";"Reta";"Não";2;0;1;0;0;1;1;1;"-20.03839082";"-44.25404906";"SR-MG";"DEL4/1";"UOP03/MG"
195421;2019-03-06;"4";"15:00:00";"PB";101;83,8;"BAYEUX";"Não guardar distância de segurança";"Engavetamento";"Com Vítimas Feridas";"Pleno dia";"Crescente";"Céu Claro";"Dupla";"Reta";"Sim";4;0;1;0;3;0;1;4;"-7.1337703";"-34.92963914";"SR-PB";"DEL14/1";"UOP00/PB"
195422;2019-03-06;"4";"11:30:00";"TO";153;742;"ALVORADA";"Pista Escorregadia";"Saída de leito carroçável";"Com Vítimas Feridas";"Pleno dia";"Crescente";"Chuva";"Simples";"Reta";"Não";7;0;2;0;5;0;2;1;"-12.315458";"-49.151028";"SR-TO";"UOP01/TO";""
195423;2019-03-06;"4";"10:30:00";"BA";349;912;"CORRENTINA";"Velocidade Incompatível";"Saída de leito carroçável";"Com Vítimas Feridas";"Pleno dia";"Crescente";"Nublado";"Simples";"Reta";"Não";3;0;2;0;1;0;2;1;"-13.43587283";"-44.77323532";"SR-BA";"DEL10/10";"UOP01/BA"
195424;2019-03-06;"4";"11:40:00";"MA";135;36,3;"BACABEIRA";"Falta de Atenção à Condução";"Engavetamento";"Sem Vítimas";"Pleno dia";"Decrescente";"Nublado";"Simples";"Reta";"Não";5;0;0;0;5;0;0;5;"-2.858091";"-44.374744";"SR-MA";"DEL18/1";"UOP01/MA"
195425;2019-03-06;"4";"13:25:00";"MG";459;19,4;"CALDAS";"Falta de Atenção à Condução";"Colisão transversal";"Com Vítimas Fatais";"Pleno dia";"Decrescente";"Céu Claro";"Simples";"Reta";"Não";3;1;1;1;0;0;2;2;"-21.861633";"-46.422085";"SR-MG";"DEL13";"UOP01/MG"
195426;2019-03-06;"4";"13:30:00";"PA";316;21;"BENEVIDES";"Falta de Atenção do Pedestre";"Atropelamento de Pedestre";"Com Vítimas Feridas";"Pleno dia";"Decrescente";"Chuva";"Dupla";"Reta";"Sim";4;0;0;1;3;0;1;1;"-1.36097138";"-48.26241527";"SR-PA";"DEL19/1";"UOP01/PA"
195427;2019-03-06;"4";"14:45:00";"PR";277;12,1;"PARANAGUA";"Defeito Mecânico no Veículo";"Incêndio";"Sem Vítimas";"Pleno dia";"Decrescente";"Céu Claro";"Dupla";"Reta";"Não";1;0;0;0;1;0;0;1;"-25.568198";"-48.615292";"SR-PR";"DEL7/1";"UOP07/PR"
195428;2019-03-06;"4";"14:30:00";"PR";158;503,8;"CORONEL VIVIDA";"Defeito Mecânico no Veículo";"Saída de leito carroçável";"Sem Vítimas";"Pleno dia";"Decrescente";"Chuva";"Simples";"Curva";"Não";3;0;0;0;3;0;0;1;"-25.99111233";"-52.55704663";"SR-PR";"DEL7/2";"UOP01/PR"
195429;2019-03-06;"4";"15:55:00";"GO";153;603,3;"MORRINHOS";"Defeito Mecânico no Veículo";"Tombamento";"Com Vítimas Feridas";"Pleno dia";"Decrescente";"Chuva";"Dupla";"Não Informado";"Não";1;0;1;0;0;0;1;1;"-17.5779";"-49.1974";"SR-GO";"DEL1/3";"UOP01/GO"
195430;2019-03-06;"4";"15:30:00";"CE";222;22,5;"CAUCAIA";"Desobediência às normas de trânsito pelo condutor";"Colisão transversal";"Com Vítimas Feridas";"Pleno dia";"Crescente";"Chuva";"Simples";"Reta";"Sim";5;0;1;0;4;0;1;2;"-3.733423";"-38.750843";"SR-CE";"DEL16/1";"UOP01/CE"
195431;2019-03-06;"4";"15:00:00";"RO";364;235,5;"CACOAL";"Desobediência às normas de trânsito pelo condutor";"Colisão transversal";"Com Vítimas Feridas";"Pleno dia";"Crescente";"Céu Claro";"Simples";"Retorno Regulamentado";"Sim";2;0;0;1;0;1;1;2;"-11.44790896";"-61.43284679";"SR-RO";"DEL21/2";"UOP02/RO"
195433;2019-03-06;"4";"15:30:00";"SC";101;49,8;"JOINVILLE";"Falta de Atenção à Condução";"Colisão traseira";"Com Vítimas Feridas";"Pleno dia";"Decrescente";"Céu Claro";"Dupla";"Reta";"Não";4;0;2;0;2;0;2;2;"-26.36479799";"-48.85878798";"SR-SC";"DEL8/3";"UOP01/SC"
195434;2019-03-06;"4";"15:15:00";"SC";282;48,8;"AGUAS MORNAS";"Falta de Atenção à Condução";"Colisão frontal";"Com Vítimas Feridas";"Pleno dia";"Crescente";"Chuva";"Simples";"Curva";"Não";2;0;0;1;1;0;1;2;"-27.714352";"-48.938072";"SR-SC";"DEL8/1";"UOP03/SC"
195435;2019-03-06;"4";"16:00:00";"PR";376;474,3;"PONTA GROSSA";"Defeito na Via";"Colisão com objeto estático";"Com Vítimas Feridas";"Pleno dia";"Decrescente";"Chuva";"Dupla";"Curva";"Não";10;0;2;4;3;1;6;4;"-25.02479524";"-50.32115936";"SR-PR";"DEL7/3";"UOP01/PR"
195436;2019-03-06;"4";"15:15:00";"MG";262;363;"JUATUBA";"Defeito Mecânico no Veículo";"Saída de leito carroçável";"Com Vítimas Feridas";"Pleno dia";"Crescente";"Nublado";"Dupla";"Reta";"Não";1;0;1;0;0;0;1;1;"-19.98332997";"-44.23572401";"SR-MG";"DEL4/1";"UOP03/MG"
195437;2019-03-06;"4";"16:30:00";"MG";262;380;"JUATUBA";"Velocidade Incompatível";"Saída de leito carroçável";"Com Vítimas Feridas";"Pleno dia";"Decrescente";"Chuva";"Dupla";"Curva";"Não";1;0;1;0;0;0;1;1;"-19.947864";"-44.381226";"SR-MG";"DEL4/1";"UOP03/MG"
195438;2019-03-06;"4";"16:00:00";"ES";262;0,6;"VITORIA";"Falta de Atenção à Condução";"Colisão lateral";"Sem Vítimas";"Pleno dia";"Decrescente";"Céu Claro";"Dupla";"Ponte";"Sim";2;0;0;0;2;0;0;2;"-20.3228383";"-40.35407804";"SR-ES";"DEL12/1";"UOP01/ES"
195439;2019-03-06;"4";"16:30:00";"CE";116;3;"FORTALEZA";"Falta de Atenção do Pedestre";"Atropelamento de Pedestre";"Com Vítimas Feridas";"Pleno dia";"Decrescente";"Nublado";"Múltipla";"Reta";"Sim";2;0;1;1;0;0;2;1;"-3.77659971";"-38.51518127";"SR-CE";"DEL16/1";"UOP02/CE"
195440;2019-03-06;"4";"15:00:00";"MG";116;339,9;"CAMPANARIO";"Velocidade Incompatível";"Saída de leito carroçável";"Com Vítimas Feridas";"Pleno dia";"Crescente";"Chuva";"Simples";"Reta";"Não";4;0;2;0;2;0;2;1;"-18.31161008";"-41.75557576";"SR-MG";"DEL4/11";"UOP01/MG"
195441;2019-03-06;"4";"16:25:00";"SP";153;61,3;"SAO JOSE DO RIO PRETO";"Falta de Atenção à Condução";"Colisão traseira";"Com Vítimas Feridas";"Pleno dia";"Decrescente";"Sol";"Dupla";"Reta";"Não";2;0;1;0;1;0;1;2;"-20.805029";"-49.355747";"SR-SP";"DEL6/9";"UOP01/SP"
195443;2019-03-06;"4";"14:55:00";"PI";343;271;"CAMPO MAIOR";"Avarias e/ou desgaste excessivo no pneu";"Tombamento";"Com Vítimas Feridas";"Pleno dia";"Crescente";"Céu Claro";"Simples";"Reta";"Não";2;0;2;0;0;0;2;1;"-4.860838";"-42.207615";"SR-PI";"DEL17/1";"UOP03/PI"
195444;2019-03-06;"4";"15:15:00";"RS";285;512,8;"VITORIA DAS MISSOES";"Fenômenos da Natureza";"Saída de leito carroçável";"Com Vítimas Feridas";"Pleno dia";"Decrescente";"Chuva";"Simples";"Reta";"Não";2;0;1;0;1;0;1;1;"-28.403116";"-54.413624";"SR-RS";"DEL9/10";"UOP01/RS"
195445;2019-03-06;"4";"13:00:00";"MS";163;14,9;"MUNDO NOVO";"Desobediência às normas de trânsito pelo condutor";"Tombamento";"Com Vítimas Feridas";"Pleno dia";"Decrescente";"Garoa/Chuvisco";"Simples";"Reta";"Sim";1;0;1;0;0;0;1;1;"-23.95007428";"-54.30870967";"SR-MS";"DEL3/09";"UOP02/MS"
195447;2019-03-06;"4";"16:10:00";"GO";60;460,2;"JATAI";"Pista Escorregadia";"Saída de leito carroçável";"Com Vítimas Feridas";"Pleno dia";"Crescente";"Chuva";"Dupla";"Reta";"Não";5;0;1;0;4;0;1;1;"-17.8715";"-51.6163";"SR-GO";"DEL1/5";"UOP01/GO"
195448;2019-03-06;"4";"17:10:00";"SE";101;105;"SAO CRISTOVAO";"Falta de Atenção à Condução";"Colisão traseira";"Com Vítimas Feridas";"Pleno dia";"Crescente";"Céu Claro";"Dupla";"Reta";"Não";5;0;2;1;2;0;3;2;"-10.95819288";"-37.23646402";"SR-SE";"DEL20/2";"UOP01/SE"
195449;2019-03-06;"4";"16:30:00";"PE";424;83,9;"GARANHUNS";"Falta de Atenção à Condução";"Capotamento";"Com Vítimas Feridas";"Pleno dia";"Decrescente";"Céu Claro";"Simples";"Desvio Temporário";"Não";3;0;2;1;0;0;3;1;"-8.84593423";"-36.52457016";"SR-PE";"DEL11/3";"UOP01/PE"