"id";"data_inversa";"dia_semana";"horario";"uf";"br";"km";"municipio";"causa_acidente";"tipo_acidente";"classificacao_acidente";"fase_dia";"sentido_via";"condicao_metereologica";"tipo_pista";"tracado_via";"uso_solo";"pessoas";"mortos";"feridos_leves";"feridos_graves";"ilesos";"ignorados";"feridos";"veiculos";"latitude";"longitude";"regional";"delegacia";"uop"
195450;2019-03-06;"4";"12:30:00";"BA";415;32;"ILHEUS";"Animais na Pista";"Colisão transversal";"Com Vítimas Feridas";"Pleno dia";"Decrescente";"Sol";"Simples";"Curva";"Não";3;0;1;0;1;1;1;2;"-14.8482";"-39.281986";"SR-BA";"DEL10/5";"UOP01/BA"
195451;2019-03-06;"4";"13:00:00";"SC";282;516,9;"XAXIM";"Condutor Dormindo";"Saída de leito carroçável";"Com Vítimas Feridas";"Pleno dia";"Decrescente";"Sol";"Simples";"Reta";"Não";1;0;1;0;0;0;1;1;"-26.930862";"-52.499157";"SR-SC";"DEL7";"UOP01/SC"
195452;2019-03-06;"4";"14:20:00";"RS";290;615;"ALEGRETE";"Defeito na Via";"Saída de leito carroçável";"Com Vítimas Feridas";"Pleno dia";"Decrescente";"Céu Claro";"Simples";"Reta";"Não";1;0;1;0;0;0;1;1;"-29.944811";"-56.087933";"SR-RS";"DEL9/13";"UOP02/RS"
195453;2019-03-06;"4";"17:35:00";"PR";277;22;"PARANAGUA";"Falta de Atenção à Condução";"Colisão lateral";"Com Vítimas Feridas";"Pleno dia";"Decrescente";"Garoa/Chuvisco";"Dupla";"Reta";"Não";2;0;1;0;1;0;1;2;"-25.54566194";"-48.67953696";"SR-PR";"DEL7/1";"UOP07/PR"
195454;2019-03-06;"4";"16:30:00";"RJ";116;228;"PIRAI";"Falta de Atenção à Condução";"Colisão traseira";"Sem Vítimas";"Pleno dia";"Decrescente";"Chuva";"Simples";"Curva";"Não";3;0;0;0;3;0;0;3;"-22.660623";"-43.82667";"SR-RJ";"DEL5/7";"UOP01/RJ"
195455;2019-03-06;"4";"17:55:00";"PR";277;52;"SAO JOSE DOS PINHAIS";"Falta de Atenção à Condução";"Queda de ocupante de veículo";"Com Vítimas Feridas";"Pleno dia";"Crescente";"Nublado";"Múltipla";"Curva";"Não";2;0;1;0;1;0;1;1;"-25.5919376";"-48.91592194";"SR-PR";"DEL7/1";"UOP06/PR"
195456;2019-03-06;"4";"17:40:00";"RS";158;328,8;"SANTA MARIA";"Falta de Atenção à Condução";"Colisão transversal";"Com Vítimas Feridas";"Pleno dia";"Decrescente";"Céu Claro";"Múltipla";"Reta";"Não";2;0;1;0;1;0;1;2;"-29.71112906";"-53.81968204";"SR-RS";"DEL9/9";"UOP01/RS"
195457;2019-03-06;"4";"18:00:00";"BA";101;896;"NOVA VICOSA";"Sinalização da via insuficiente ou inadequada";"Capotamento";"Sem Vítimas";"Plena Noite";"Crescente";"Céu Claro";"Simples";"Curva";"Não";2;0;0;0;2;0;0;1;"-17.89587195";"-39.81936412";"SR-BA";"DEL10/9";"UOP03/BA"
195458;2019-03-06;"4";"17:35:00";"SC";280;55,7;"GUARAMIRIM";"Falta de Atenção à Condução";"Engavetamento";"Sem Vítimas";"Pleno dia";"Decrescente";"Chuva";"Simples";"Reta";"Sim";4;0;0;0;4;0;0;4;"-26.47584353";"-48.9937858";"SR-SC";"DEL8/3";"UOP03/SC"
195459;2019-03-06;"4";"17:50:00";"AP";210;104,9;"PORTO GRANDE";"Desobediência às normas de trânsito pelo condutor";"Colisão transversal";"Com Vítimas Feridas";"Pleno dia";"Crescente";"Céu Claro";"Simples";"Reta";"Sim";3;0;1;1;1;0;2;2;"0.6985633";"-51.39692189";"SR-AP";"UOP01/AP";""
195461;2019-03-06;"4";"18:00:00";"MG";365;613;"UBERLANDIA";"Falta de Atenção à Condução";"Colisão traseira";"Com Vítimas Feridas";"Anoitecer";"Decrescente";"Céu Claro";"Simples";"Reta";"Sim";2;0;1;0;1;0;1;2;"-18.884602";"-48.26594";"SR-MG";"DEL4/15";"UOP01/MG"
195462;2019-03-06;"4";"18:00:00";"BA";101;808,6;"ITAMARAJU";"Falta de Atenção à Condução";"Colisão traseira";"Com Vítimas Feridas";"Anoitecer";"Crescente";"Céu Claro";"Simples";"Reta";"Sim";2;0;1;0;1;0;1;2;"-17.19644104";"-39.59171792";"SR-BA";"DEL10/9";"UOP01/BA"
195463;2019-03-06;"4";"18:20:00";"RN";110;63,1;"MOSSORO";"Não guardar distância de segurança";"Colisão frontal";"Com Vítimas Feridas";"Plena Noite";"Decrescente";"Céu Claro";"Simples";"Reta";"Não";6;0;2;2;2;0;4;3;"-5.335151";"-37.32956197";"SR-RN";"DEL15/4";"UOP01/RN"
195464;2019-03-06;"4";"17:50:00";"SC";101;382;"ICARA";"Pista Escorregadia";"Saída de leito carroçável";"Com Vítimas Feridas";"Anoitecer";"Crescente";"Chuva";"Múltipla";"Reta";"Não";3;0;3;0;0;0;3;1;"-28.75966988";"-49.28552404";"SR-SC";"DEL8/2";"UOP02/SC"
195465;2019-03-06;"4";"16:20:00";"RJ";101;271;"RIO BONITO";"Falta de Atenção à Condução";"Atropelamento de Pedestre";"Com Vítimas Feridas";"Pleno dia";"Crescente";"Nublado";"Dupla";"Reta";"Não";3;0;2;0;1;0;2;1;"-22.72045701";"-42.69081116";"SR-RJ";"DEL5/2";"UOP03/RJ"
195466;2019-03-06;"4";"18:50:00";"SC";470;185,4;"POUSO REDONDO";"Pista Escorregadia";"Saída de leito carroçável";"Com Vítimas Feridas";"Plena Noite";"Decrescente";"Chuva";"Simples";"Reta";"Não";1;0;1;0;0;0;1;1;"-27.254034";"-50.036575";"SR-SC";"DEL8/4";"UOP02/SC"
195467;2019-03-06;"4";"19:00:00";"SC";470;185,5;"POUSO REDONDO";"Defeito na Via";"Colisão traseira";"Com Vítimas Feridas";"Plena Noite";"Decrescente";"Chuva";"Simples";"Reta";"Não";3;0;1;0;2;0;1;3;"-27.254034";"-50.036575";"SR-SC";"DEL8/4";"UOP02/SC"
195468;2019-03-06;"4";"18:35:00";"GO";60;94,3;"ANAPOLIS";"Não guardar distância de segurança";"Engavetamento";"Com Vítimas Feridas";"Anoitecer";"Crescente";"Nublado";"Dupla";"Reta";"Sim";5;0;1;0;4;0;1;5;"-16.35804247";"-48.93152833";"SR-GO";"DEL1/2";"UOP01/GO"
195469;2019-03-06;"4";"18:40:00";"SC";101;117;"ITAJAI";"Defeito Mecânico no Veículo";"Queda de ocupante de veículo";"Com Vítimas Feridas";"Plena Noite";"Crescente";"Nublado";"Dupla";"Reta";"Não";3;0;1;1;1;0;2;2;"-26.88747187";"-48.72252969";"SR-SC";"DEL8/4";"UOP04/SC"
195470;2019-03-06;"4";"19:10:00";"RS";116;267;"CANOAS";"Falta de Atenção à Condução";"Colisão lateral";"Com Vítimas Feridas";"Plena Noite";"Decrescente";"Céu Claro";"Múltipla";"Reta";"Sim";2;0;1;0;1;0;1;2;"-29.94142398";"-51.17697062";"SR-RS";"DEL9/1";"UOP01/RS"
195471;2019-03-06;"4";"18:40:00";"SP";381;82;"SAO PAULO";"Falta de Atenção à Condução";"Colisão traseira";"Com Vítimas Feridas";"Plena Noite";"Decrescente";"Garoa/Chuvisco";"Múltipla";"Reta";"Não";3;0;1;0;2;0;1;3;"-23.44482133";"-46.56829834";"SR-SP";"DEL6/3";"UOP02/SP"
195472;2019-03-06;"4";"18:30:00";"SP";116;548,9;"BARRA DO TURVO";"Velocidade Incompatível";"Saída de leito carroçável";"Com Vítimas Feridas";"Plena Noite";"Crescente";"Chuva";"Dupla";"Curva";"Não";1;0;1;0;0;0;1;1;"-24.9543124";"-48.45133781";"SR-SP";"DEL6/5";"UOP03/SP"
195474;2019-03-06;"4";"19:00:00";"SC";101;209;"SAO JOSE";"Avarias e/ou desgaste excessivo no pneu";"Queda de ocupante de veículo";"Com Vítimas Feridas";"Plena Noite";"Crescente";"Céu Claro";"Dupla";"Reta";"Sim";2;0;2;0;0;0;2;1;"-27.61000542";"-48.63895057";"SR-SC";"DEL8/1";"UOP01/SC"
195475;2019-03-06;"4";"15:30:00";"MT";70;517;"VARZEA GRANDE";"Falta de Atenção à Condução";"Colisão transversal";"Sem Vítimas";"Pleno dia";"Crescente";"Céu Claro";"Simples";"Rotatória";"Sim";2;0;0;0;2;0;0;2;"-15.67656485";"-56.17594034";"SR-MT";"DEL2/4";"UOP02/MT"
195476;2019-03-06;"4";"16:30:00";"MA";222;301,8;"VITORIA DO MEARIM";"Pista Escorregadia";"Colisão frontal";"Com Vítimas Feridas";"Pleno dia";"Decrescente";"Chuva";"Simples";"Reta";"Não";6;0;4;1;1;0;5;2;"-3.50607593";"-44.88339932";"SR-MA";"DEL18/2";"UOP02/MA"
195477;2019-03-06;"4";"18:30:00";"RJ";101;282;"ITABORAI";"Falta de Atenção à Condução";"Atropelamento de Pedestre";"Com Vítimas Feridas";"Plena Noite";"Crescente";"Céu Claro";"Dupla";"Reta";"Sim";2;0;1;0;1;0;1;1;"-22.7371391";"-42.79664601";"SR-RJ";"DEL5/2";"UOP03/RJ"
195478;2019-03-06;"4";"18:45:00";"RS";290;25,6;"SANTO ANTONIO DA PATRULHA";"Avarias e/ou desgaste excessivo no pneu";"Queda de ocupante de veículo";"Com Vítimas Feridas";"Plena Noite";"Crescente";"Nublado";"Dupla";"Reta";"Não";2;0;2;0;0;0;2;1;"-29.87995385";"-50.51027834";"SR-RS";"DEL9/3";"UOP02/RS"
195479;2019-03-06;"4";"19:55:00";"GO";60;30;"ALEXANIA";"Ingestão de Álcool";"Colisão traseira";"Sem Vítimas";"Plena Noite";"Decrescente";"Nublado";"Dupla";"Reta";"Sim";2;0;0;0;2;0;0;2;"-16.09361269";"-48.491292";"SR-DF";"GO";"UOP03/DF"
195480;2019-03-06;"4";"19:00:00";"AL";101;200;"SAO SEBASTIAO";"Animais na Pista";"Capotamento";"Sem Vítimas";"Plena Noite";"Crescente";"Céu Claro";"Dupla";"Reta";"Sim";1;0;0;0;1;0;0;1;"-9.95081664";"-36.54113619";"SR-AL";"DEL13/2";"UOP02/AL"
195481;2019-03-06;"4";"17:15:00";"SP";116;506;"CAJATI";"Velocidade Incompatível";"Colisão com objeto estático";"Com Vítimas Feridas";"Pleno dia";"Decrescente";"Chuva";"Dupla";"Curva";"Não";2;0;1;0;1;0;1;1;"-24.81722485";"-48.20920944";"SR-SP";"DEL6/5";"UOP02/SP"
195482;2019-03-06;"4";"18:30:00";"PE";232;308;"SERTANIA";"Animais na Pista";"Atropelamento de Animal";"Com Vítimas Feridas";"Plena Noite";"Crescente";"Céu Claro";"Simples";"Desvio Temporário";"Não";2;0;0;1;1;0;1;1;"-8.1709842";"-37.45960426";"SR-PE";"DEL11/3";"UOP02/PE"
195483;2019-03-06;"4";"19:10:00";"PA";10;76;"ULIANOPOLIS";"Deficiência ou não Acionamento do Sistema de Iluminação/Sinalização do Veículo";"Colisão traseira";"Com Vítimas Feridas";"Plena Noite";"Crescente";"Nublado";"Simples";"Reta";"Sim";3;0;2;0;1;0;2;2;"-3.78238206";"-47.50497977";"SR-PA";"DEL19/2";"UOP03/PA"
195485;2019-03-06;"4";"18:50:00";"RJ";116;213;"SEROPEDICA";"Defeito Mecânico no Veículo";"Incêndio";"Sem Vítimas";"Plena Noite";"Crescente";"Céu Claro";"Dupla";"Reta";"Não";1;0;0;0;1;0;0;1;"-22.713438";"-43.734085";"SR-RJ";"DEL5/1";"UOP03/RJ"
195486;2019-03-06;"4";"19:00:00";"SC";282;2;"FLORIANOPOLIS";"Falta de Atenção à Condução";"Colisão traseira";"Com Vítimas Feridas";"Plena Noite";"Crescente";"Nublado";"Dupla";"Reta";"Sim";4;0;1;1;2;0;2;3;"-27.603289";"-48.590416";"SR-SC";"DEL8/1";"UOP01/SC"
195487;2019-03-06;"4";"16:50:00";"RO";364;10;"VILHENA";"Desobediência às normas de trânsito pelo condutor";"Colisão traseira";"Com Vítimas Feridas";"Pleno dia";"Crescente";"Nublado";"Dupla";"Reta";"Sim";3;0;1;0;2;0;1;2;"-12.75194006";"-60.10600907";"SR-RO";"DEL21/4";"UOP01/RO"
195488;2019-03-06;"4";"20:00:00";"SC";101;173,8;"BIGUACU";"Falta de Atenção do Pedestre";"Atropelamento de Pedestre";"Com Vítimas Fatais";"Plena Noite";"Crescente";"Céu Claro";"Dupla";"Reta";"Não";2;1;0;0;1;0;0;1;"-27.32203197";"-48.62757785";"SR-SC";"DEL8/4";"UOP03/SC"
195489;2019-02-08;"6";"00:45:00";"PR";476;248,8;"LAPA";"Velocidade Incompatível";"Tombamento";"Com Vítimas Feridas";"Plena Noite";"Crescente";"Nublado";"Múltipla";"Curva";"Não";1;0;0;1;0;0;1;1;"-25.86219712";"-50.13696671";"SR-PR";"DEL7/2";"UOP03/PR"
195490;2019-03-06;"4";"14:20:00";"MT";70;241,2;"POXOREO";"Falta de Atenção à Condução";"Saída de leito carroçável";"Com Vítimas Feridas";"Pleno dia";"Decrescente";"Céu Claro";"Simples";"Curva";"Não";1;0;1;0;0;0;1;1;"-15.61807719";"-54.03831482";"SR-MT";"DEL2/5";"UOP01/MT"
195491;2019-03-06;"4";"19:30:00";"CE";222;213,4;"FORQUILHA";"Pista Escorregadia";"Saída de leito carroçável";"Com Vítimas Feridas";"Plena Noite";"Crescente";"Chuva";"Simples";"Reta";"Não";2;0;1;0;1;0;1;1;"-3.780111";"-40.281521";"SR-CE";"DEL16/4";"UOP01/CE"
195492;2019-03-06;"4";"19:35:00";"MS";267;569,8;"CARACOL";"Animais na Pista";"Atropelamento de Animal";"Com Vítimas Feridas";"Plena Noite";"Decrescente";"Céu Claro";"Simples";"Reta";"Sim";1;0;0;1;0;0;1;1;"-21.73132304";"-56.87500196";"SR-MS";"DEL3/5";"UOP01/MS"
195493;2019-03-06;"4";"08:00:00";"RR";174;292;"CARACARAI";"Falta de Atenção à Condução";"Saída de leito carroçável";"Sem Vítimas";"Pleno dia";"Decrescente";"Céu Claro";"Dupla";"Curva";"Não";1;0;0;0;0;1;0;1;"1.431944";"-60.726667";"SR-RR";"UOP01/RR";""
195494;2019-03-06;"4";"20:25:00";"MG";40;648,4;"CRISTIANO OTONI";"Desobediência às normas de trânsito pelo condutor";"Colisão transversal";"Com Vítimas Feridas";"Plena Noite";"Crescente";"Céu Claro";"Simples";"Reta";"Não";2;0;1;0;1;0;1;2;"-20.80885498";"-43.80831265";"SR-MG";"DEL5";"UOP02/MG"
195495;2019-03-06;"4";"21:10:00";"PE";101;22,6;"GOIANA";"Falta de Atenção à Condução";"Colisão traseira";"Com Vítimas Feridas";"Plena Noite";"Crescente";"Céu Claro";"Dupla";"Reta";"Não";3;0;1;0;2;0;1;2;"-7.67583307";"-34.92870811";"SR-PE";"DEL11/1";"UOP02/PE"
195496;2019-03-06;"4";"21:00:00";"GO";364;8,3;"SAO SIMAO";"Falta de Atenção à Condução";"Colisão transversal";"Com Vítimas Feridas";"Pleno dia";"Crescente";"Nublado";"Simples";"Reta";"Não";3;0;2;0;1;0;2;2;"-18.99708968";"-50.56448048";"SR-GO";"DEL1/5";"UOP02/GO"
195497;2019-03-06;"4";"21:15:00";"PR";163;267;"TOLEDO";"Falta de Atenção à Condução";"Capotamento";"Sem Vítimas";"Plena Noite";"Crescente";"Nublado";"Simples";"Reta";"Não";1;0;0;0;0;1;0;1;"-24.6318893";"-53.87961212";"SR-PR";"DEL7/4";"UOP01/PR"
195498;2019-03-06;"4";"20:20:00";"MG";365;825,7;"SANTA VITORIA";"Defeito na Via";"Saída de leito carroçável";"Com Vítimas Feridas";"Plena Noite";"Crescente";"Nublado";"Simples";"Curva";"Não";1;0;1;0;0;0;1;1;"-18.88297757";"-50.14140179";"SR-MG";"DEL4/15";"UOP03/MG"
195499;2019-03-06;"4";"22:00:00";"GO";60;33,9;"ALEXANIA";"Falta de Atenção à Condução";"Colisão traseira";"Com Vítimas Feridas";"Plena Noite";"Decrescente";"Nublado";"Dupla";"Não Informado";"Sim";3;0;1;1;1;0;2;2;"-16.0963";"-48.5202";"SR-DF";"GO";"UOP03/DF"
195500;2019-03-06;"4";"21:40:00";"SP";381;49,4;"ATIBAIA";"Falta de Atenção à Condução";"Colisão traseira";"Com Vítimas Feridas";"Plena Noite";"Crescente";"Garoa/Chuvisco";"Dupla";"Reta";"Sim";2;0;1;0;1;0;1;2;"-23.21033846";"-46.59259915";"SR-SP";"DEL6/3";"UOP02/SP"
195501;2019-03-06;"4";"21:00:00";"PR";277;104;"CAMPO LARGO";"Falta de Atenção do Pedestre";"Atropelamento de Pedestre";"Com Vítimas Feridas";"Plena Noite";"Crescente";"Garoa/Chuvisco";"Dupla";"Não Informado";"Sim";2;0;1;0;1;0;1;1;"-25.43360943";"-49.40701425";"SR-PR";"DEL7/1";"UOP04/PR"
195502;2019-03-06;"4";"22:00:00";"PR";376;162;"MARINGA";"Falta de Atenção à Condução";"Colisão traseira";"Com Vítimas Feridas";"Plena Noite";"Decrescente";"Chuva";"Dupla";"Reta";"Sim";2;0;1;0;1;0;1;2;"-23.37710685";"-52.04510993";"SR-PR";"DEL7/7";"UOP04/PR"
195503;2019-03-06;"4";"17:40:00";"AP";156;400;"TARTARUGALZINHO";"Condutor Dormindo";"Tombamento";"Com Vítimas Feridas";"Anoitecer";"Crescente";"Ignorado";"Simples";"Reta";"Não";1;0;1;0;0;0;1;1;"1.44344914";"-50.89043738";"SR-AP";"UOP02/AP";""
195504;2019-03-06;"4";"22:10:00";"RS";116;447,4;"SAO LOURENCO DO SUL";"Restrição de Visibilidade";"Colisão transversal";"Com Vítimas Feridas";"Plena Noite";"Decrescente";"Ignorado";"Simples";"Reta";"Não";3;0;1;0;2;0;1;2;"-31.16835709";"-52.02887634";"SR-RS";"DEL9/2";"UOP02/RS"
195505;2019-03-06;"4";"23:35:00";"SC";280;51,9;"GUARAMIRIM";"Falta de Atenção à Condução";"Colisão transversal";"Sem Vítimas";"Plena Noite";"Decrescente";"Chuva";"Simples";"Reta";"Sim";2;0;0;0;2;0;0;2;"-26.47125";"-48.971232";"SR-SC";"DEL8/3";"UOP03/SC"
195506;2019-03-07;"5";"00:30:00";"AL";104;64;"MURICI";"Objeto estático sobre o leito carroçável";"Colisão com objeto estático";"Com Vítimas Feridas";"Plena Noite";"Decrescente";"Céu Claro";"Simples";"Reta";"Não";1;0;1;0;0;0;1;1;"-9.3301775";"-35.90512004";"SR-AL";"DEL13/1";"UOP02/AL"
195507;2019-03-06;"4";"23:15:00";"MG";50;31,9;"ARAGUARI";"Falta de Atenção à Condução";"Colisão lateral";"Com Vítimas Feridas";"Plena Noite";"Crescente";"Céu Claro";"Dupla";"Reta";"Não";1;0;1;0;0;0;1;1;"-18.62419107";"-48.11705236";"SR-MG";"DEL4/15";"UOP02/MG"
195508;2019-03-06;"4";"20:10:00";"MT";364;311;"CAMPO VERDE";"Falta de Atenção à Condução";"Colisão transversal";"Com Vítimas Feridas";"Plena Noite";"Crescente";"Céu Claro";"Dupla";"Reta";"Não";3;0;1;0;2;0;1;2;"-15.81397503";"-55.247677";"SR-MT";"DEL2/1";"UOP02/MT"
195509;2019-03-07;"5";"00:30:00";"MG";381;405;"BOM JESUS DO AMPARO";"Defeito Mecânico no Veículo";"Saída de leito carroçável";"Com Vítimas Feridas";"Plena Noite";"Crescente";"Céu Claro";"Simples";"Curva";"Não";1;0;0;1;0;0;1;1;"-19.74358347";"-43.55101725";"SR-MG";"DEL4/1";"UOP01/MG"
195510;2019-03-06;"4";"23:05:00";"SC";153;81;"IRANI";"Velocidade Incompatível";"Saída de leito carroçável";"Com Vítimas Feridas";"Plena Noite";"Decrescente";"Chuva";"Simples";"Curva";"Não";1;0;1;0;0;0;1;1;"-27.120626";"-51.922867";"SR-SC";"DEL7";"UOP05/SC"
195511;2019-03-07;"5";"03:30:00";"PR";376;183;"SARANDI";"Desobediência às normas de trânsito pelo pedestre";"Atropelamento de Pedestre";"Com Vítimas Feridas";"Plena Noite";"Decrescente";"Nublado";"Dupla";"Reta";"Sim";2;0;0;1;1;0;1;2;"-23.44159097";"-51.87067398";"SR-PR";"DEL7/7";"UOP04/PR"
195512;2019-03-06;"4";"16:40:00";"MT";364;276;"JACIARA";"Defeito Mecânico no Veículo";"Colisão traseira";"Com Vítimas Feridas";"Pleno dia";"Decrescente";"Sol";"Simples";"Reta";"Não";7;0;0;1;6;0;1;7;"-15.95344474";"-54.99098104";"SR-MT";"DEL2/1";"UOP02/MT"
195514;2019-03-06;"4";"21:20:00";"MT";364;310,8;"JACIARA";"Falta de Atenção à Condução";"Colisão traseira";"Com Vítimas Fatais";"Plena Noite";"Crescente";"Ignorado";"Dupla";"Reta";"Não";4;1;1;0;2;0;1;4;"-15.81540349";"-55.23875092";"SR-MT";"DEL2/1";"UOP02/MT"
195515;2019-03-07;"5";"04:30:00";"RJ";116;198;"QUEIMADOS";"Objeto estático sobre o leito carroçável";"Tombamento";"Com Vítimas Feridas";"Plena Noite";"Crescente";"Céu Claro";"Dupla";"Reta";"Não";1;0;1;0;0;0;1;1;"-22.72952183";"-43.57481597";"SR-RJ";"DEL5/1";"UOP03/RJ"
195518;2019-03-07;"5";"05:00:00";"ES";259;1,6;"JOAO NEIVA";"Falta de Atenção à Condução";"Colisão com objeto estático";"Com Vítimas Feridas";"Amanhecer";"Decrescente";"Céu Claro";"Simples";"Reta";"Não";4;0;4;0;0;0;4;1;"-19.73798";"-40.377514";"SR-ES";"DEL12/2";"UOP01/ES"
195519;2019-03-07;"5";"06:00:00";"GO";153;491;"GOIANIA";"Falta de Atenção à Condução";"Colisão lateral";"Com Vítimas Feridas";"Pleno dia";"Decrescente";"Céu Claro";"Dupla";"Curva";"Sim";3;0;1;1;1;0;2;2;"-16.632614";"-49.205086";"SR-GO";"DEL1/1";"UOP01/GO"
195520;2019-03-07;"5";"06:00:00";"RJ";116;94,7;"GUAPIMIRIM";"Velocidade Incompatível";"Tombamento";"Com Vítimas Feridas";"Amanhecer";"Decrescente";"Nublado";"Simples";"Curva";"Não";1;0;1;0;0;0;1;1;"-22.46643519";"-43.00088701";"SR-RJ";"DEL5/4";"UOP02/RJ"
195521;2019-03-07;"5";"01:00:00";"SC";470;222,3;"SAO CRISTOVAO DO SUL";"Condutor Dormindo";"Colisão traseira";"Com Vítimas Feridas";"Plena Noite";"Crescente";"Garoa/Chuvisco";"Dupla";"Reta";"Não";4;0;3;0;1;0;3;2;"-27.316019";"-50.327316";"SR-SC";"DEL8/5";"UOP03/SC"
195522;2019-03-07;"5";"06:15:00";"RJ";116;111,8;"GUAPIMIRIM";"Falta de Atenção à Condução";"Capotamento";"Com Vítimas Feridas";"Pleno dia";"Crescente";"Céu Claro";"Dupla";"Reta";"Não";1;0;1;0;0;0;1;1;"-22.55838319";"-42.99482067";"SR-RJ";"DEL5/4";"UOP02/RJ"
195523;2019-03-07;"5";"02:20:00";"MG";262;41,8;"MANHUACU";"Animais na Pista";"Atropelamento de Animal";"Com Vítimas Feridas";"Plena Noite";"Crescente";"Nublado";"Simples";"Reta";"Não";1;0;0;1;0;0;1;1;"-20.27444334";"-42.05896416";"SR-MG";"DEL4/6";"UOP04/MG"
195524;2019-03-07;"5";"06:50:00";"SC";470;50,2;"BLUMENAU";"Desobediência às normas de trânsito pelo condutor";"Colisão transversal";"Com Vítimas Feridas";"Pleno dia";"Decrescente";"Nublado";"Simples";"Interseção de vias";"Não";2;0;1;0;1;0;1;2;"-26.860662";"-49.065159";"SR-SC";"DEL8/4";"UOP01/SC"
195525;2019-03-07;"5";"05:10:00";"RR";401;2;"BOA VISTA";"Falta de Atenção à Condução";"Colisão lateral";"Com Vítimas Feridas";"Amanhecer";"Crescente";"Céu Claro";"Simples";"Ponte";"Sim";2;0;0;1;1;0;1;2;"2.79809718";"-60.6745759";"SR-RR";"UOP01/RR";""
195526;2019-03-07;"5";"05:00:00";"RJ";101;198,9;"CASIMIRO DE ABREU";"Não guardar distância de segurança";"Atropelamento de Pedestre";"Com Vítimas Fatais";"Amanhecer";"Decrescente";"Céu Claro";"Dupla";"Reta";"Não";2;1;0;0;0;1;0;1;"-22.49157993";"-42.12771201";"SR-RJ";"DEL5/2";"UOP04/RJ"
195527;2019-03-07;"5";"06:40:00";"MG";381;674,5;"PERDOES";"Velocidade Incompatível";"Tombamento";"Com Vítimas Feridas";"Pleno dia";"Crescente";"Céu Claro";"Dupla";"Não Informado";"Não";1;0;0;1;0;0;1;1;"-21.08922774";"-45.06786069";"SR-MG";"DEL4/4";"UOP02/MG"
195529;2019-03-07;"5";"06:40:00";"CE";116;14;"FORTALEZA";"Animais na Pista";"Queda de ocupante de veículo";"Com Vítimas Feridas";"Pleno dia";"Decrescente";"Chuva";"Dupla";"Reta";"Não";1;0;1;0;0;0;1;1;"-3.86973356";"-38.49827361";"SR-CE";"DEL16/1";"UOP02/CE"
195530;2019-02-19;"3";"11:30:00";"ES";101;283;"CARIACICA";"Desobediência às normas de trânsito pelo condutor";"Colisão transversal";"Sem Vítimas";"Pleno dia";"Crescente";"Sol";"Dupla";"Reta";"Não";2;0;0;0;2;0;0;2;"-20.232684";"-40.36798596";"SR-ES";"DEL12/1";"UOP01/ES"
195531;2019-03-07;"5";"08:15:00";"GO";40;8,2;"VALPARAISO DE GOIAS";"Desobediência às normas de trânsito pelo condutor";"Colisão transversal";"Sem Vítimas";"Pleno dia";"Decrescente";"Céu Claro";"Dupla";"Reta";"Sim";2;0;0;0;2;0;0;2;"-16.116158";"-47.96761";"SR-DF";"GO";"UOP01/DF"
195532;2019-03-07;"5";"07:15:00";"PR";476;122;"CURITIBA";"Não guardar distância de segurança";"Colisão traseira";"Com Vítimas Feridas";"Pleno dia";"Decrescente";"Chuva";"Dupla";"Reta";"Sim";2;0;1;0;1;0;1;2;"-25.392904";"-49.209557";"SR-PR";"DEL7/1";"UOP01/PR"
195533;2019-03-07;"5";"01:30:00";"MG";381;889,3;"CAMBUI";"Velocidade Incompatível";"Saída de leito carroçável";"Sem Vítimas";"Plena Noite";"Crescente";"Nublado";"Dupla";"Curva";"Não";1;0;0;0;1;0;0;1;"-22.57874206";"-46.04473491";"SR-MG";"DEL09";"UOP03/MG"
195534;2019-03-07;"5";"06:45:00";"PR";476;148;"ARAUCARIA";"Falta de Atenção à Condução";"Colisão traseira";"Sem Vítimas";"Pleno dia";"Crescente";"Chuva";"Dupla";"Reta";"Não";2;0;0;0;2;0;0;2;"-25.557121";"-49.348732";"SR-PR";"DEL7/1";"UOP04/PR"
195535;2019-03-07;"5";"02:30:00";"MG";40;105,2;"LAGOA GRANDE";"Restrição de Visibilidade";"Saída de leito carroçável";"Com Vítimas Feridas";"Plena Noite";"Decrescente";"Céu Claro";"Simples";"Reta";"Não";4;0;1;0;3;0;1;1;"-17.59772779";"-46.48049362";"SR-MG";"DEL4/14";"UOP01/MG"
195536;2019-03-07;"5";"07:30:00";"AL";316;251,8;"PILAR";"Falta de Atenção à Condução";"Colisão lateral";"Com Vítimas Feridas";"Pleno dia";"Crescente";"Céu Claro";"Simples";"Reta";"Sim";2;0;0;1;1;0;1;2;"-9.56369581";"-35.97111969";"SR-AL";"DEL13/1";"UOP01/AL"
195537;2019-03-07;"5";"07:35:00";"PR";163;273,1;"QUATRO PONTES";"Ultrapassagem Indevida";"Saída de leito carroçável";"Com Vítimas Feridas";"Amanhecer";"Decrescente";"Nublado";"Simples";"Reta";"Não";2;0;1;0;1;0;1;2;"-24.61125308";"-53.95455801";"SR-PR";"DEL7/4";"UOP01/PR"