"id";"data_inversa";"dia_semana";"horario";"uf";"br";"km";"municipio";"causa_acidente";"tipo_acidente";"classificacao_acidente";"fase_dia";"sentido_via";"condicao_metereologica";"tipo_pista";"tracado_via";"uso_solo";"pessoas";"mortos";"feridos_leves";"feridos_graves";"ilesos";"ignorados";"feridos";"veiculos";"latitude";"longitude";"regional";"delegacia";"uop"
195538;2019-03-07;"5";"03:03:00";"RJ";40;92;"DUQUE DE CAXIAS";"Falta de Atenção à Condução";"Saída de leito carroçável";"Com Vítimas Feridas";"Plena Noite";"Crescente";"Céu Claro";"Simples";"Reta";"Não";1;0;1;0;0;0;1;1;"-22.59016007";"-43.27922344";"SR-RJ";"DEL5/6";"UOP03/RJ"
195539;2019-03-07;"5";"07:45:00";"RS";116;252,5;"SAPUCAIA DO SUL";"Falta de Atenção à Condução";"Tombamento";"Com Vítimas Feridas";"Pleno dia";"Decrescente";"Sol";"Dupla";"Reta";"Sim";1;0;1;0;0;0;1;1;"-29.80913395";"-51.1675292";"SR-RS";"DEL9/1";"UOP02/RS"
195540;2019-03-07;"5";"08:00:00";"MG";262;142,3;"RIO CASCA";"Velocidade Incompatível";"Saída de leito carroçável";"Com Vítimas Feridas";"Pleno dia";"Decrescente";"Céu Claro";"Simples";"Reta";"Não";1;0;1;0;0;0;1;1;"-20.05797999";"-42.72123709";"SR-MG";"DEL4/3";"UOP03/MG"
195541;2019-03-07;"5";"07:30:00";"RS";101;86;"OSORIO";"Falta de Atenção à Condução";"Colisão lateral";"Com Vítimas Feridas";"Pleno dia";"Decrescente";"Nublado";"Dupla";"Rotatória";"Sim";2;0;1;0;1;0;1;2;"-29.8754149";"-50.25734711";"SR-RS";"DEL9/3";"UOP01/RS"
195542;2019-03-07;"5";"07:35:00";"PR";376;353,2;"ORTIGUEIRA";"Velocidade Incompatível";"Capotamento";"Com Vítimas Feridas";"Pleno dia";"Decrescente";"Chuva";"Dupla";"Reta";"Não";1;0;0;1;0;0;1;1;"-24.26411094";"-50.89419525";"SR-PR";"DEL7/3";"UOP05/PR"
195543;2019-03-07;"5";"07:00:00";"GO";40;7,7;"VALPARAISO DE GOIAS";"Falta de Atenção do Pedestre";"Atropelamento de Pedestre";"Com Vítimas Feridas";"Pleno dia";"Decrescente";"Céu Claro";"Dupla";"Reta";"Sim";3;0;1;1;1;0;2;1;"-16.108482";"-47.972524";"SR-DF";"GO";"UOP01/DF"
195544;2019-03-07;"5";"07:10:00";"MS";163;626;"SAO GABRIEL DO OESTE";"Defeito Mecânico no Veículo";"Incêndio";"Com Vítimas Feridas";"Pleno dia";"Decrescente";"Sol";"Dupla";"Reta";"Não";1;0;1;0;0;0;1;1;"-19.308123";"-54.623557";"SR-MS";"DEL3/6";"UOP02/MS"
195546;2019-03-07;"5";"08:10:00";"SC";101;218,8;"PALHOCA";"Desobediência às normas de trânsito pelo condutor";"Colisão lateral";"Com Vítimas Feridas";"Pleno dia";"Decrescente";"Céu Claro";"Múltipla";"Reta";"Sim";3;0;1;1;1;0;2;2;"-27.6758601";"-48.67052525";"SR-SC";"DEL8/1";"UOP02/SC"
195548;2019-02-13;"4";"07:30:00";"PR";277;410;"CANDOI";"Velocidade Incompatível";"Tombamento";"Sem Vítimas";"Pleno dia";"Crescente";"Nublado";"Simples";"Curva";"Não";1;0;0;0;1;0;0;1;"-25.43184986";"-52.00714351";"SR-PR";"DEL7/4";"UOP03/PR"
195549;2019-03-07;"5";"08:15:00";"RS";116;1;"PORTO ALEGRE";"Falta de Atenção à Condução";"Tombamento";"Com Vítimas Feridas";"Pleno dia";"Crescente";"Sol";"Dupla";"Reta";"Sim";1;0;1;0;0;0;1;1;"-29.9766891";"-51.17869562";"SR-RS";"DEL9/5";"UOP03/RS"
195551;2019-03-06;"4";"20:05:00";"PR";476;211,7;"LAPA";"Desobediência às normas de trânsito pelo condutor";"Colisão frontal";"Com Vítimas Feridas";"Plena Noite";"Crescente";"Chuva";"Simples";"Reta";"Não";3;0;0;1;2;0;1;3;"-25.7841";"-49.857063";"SR-PR";"DEL7/2";"UOP03/PR"
195552;2019-03-07;"5";"07:37:00";"RJ";101;313;"SAO GONCALO";"Desobediência às normas de trânsito pelo condutor";"Colisão lateral";"Com Vítimas Feridas";"Pleno dia";"Crescente";"Céu Claro";"Dupla";"Reta";"Não";2;0;1;0;1;0;1;2;"-22.81049093";"-43.06983304";"SR-RJ";"DEL5/2";"UOP02/RJ"
195554;2019-03-07;"5";"09:00:00";"AP";210;0,3;"MACAPA";"Falta de Atenção à Condução";"Colisão transversal";"Com Vítimas Feridas";"Pleno dia";"Crescente";"Nublado";"Dupla";"Interseção de vias";"Sim";2;0;1;0;1;0;1;2;"0.07780012";"-51.06097";"SR-AP";"UOP01/AP";""
195555;2019-03-07;"5";"09:30:00";"PE";101;60;"RECIFE";"Falta de Atenção à Condução";"Colisão traseira";"Sem Vítimas";"Pleno dia";"Crescente";"Sol";"Dupla";"Curva";"Sim";2;0;0;0;2;0;0;2;"-7.98344307";"-34.93176727";"SR-PE";"DEL11/1";"UOP02/PE"
195556;2019-03-07;"5";"09:20:00";"DF";40;7;"BRASILIA";"Condutor Dormindo";"Colisão com objeto estático";"Com Vítimas Feridas";"Pleno dia";"Crescente";"Céu Claro";"Dupla";"Reta";"Sim";2;0;1;0;1;0;1;1;"-16.038666";"-47.979691";"SR-DF";"DF";"UOP01/DF"
195557;2019-03-03;"1";"08:15:00";"BA";101;618;"MASCOTE";"Velocidade Incompatível";"Tombamento";"Com Vítimas Feridas";"Pleno dia";"Crescente";"Céu Claro";"Simples";"Curva";"Não";1;0;1;0;0;0;1;1;"-15.75042705";"-39.4801369";"SR-BA";"DEL10/5";"UOP02/BA"
195558;2019-03-07;"5";"10:10:00";"MG";262;362;"JUATUBA";"Falta de Atenção à Condução";"Saída de leito carroçável";"Com Vítimas Feridas";"Pleno dia";"Crescente";"Céu Claro";"Dupla";"Reta";"Não";3;0;3;0;0;0;3;1;"-19.98332997";"-44.23572401";"SR-MG";"DEL4/1";"UOP03/MG"
195559;2019-01-18;"6";"17:50:00";"CE";116;16;"FORTALEZA";"Não guardar distância de segurança";"Colisão traseira";"Com Vítimas Feridas";"Plena Noite";"Crescente";"Céu Claro";"Dupla";"Reta";"Não";2;0;0;1;1;0;1;2;"-3.8998";"-38.5038";"SR-CE";"DEL16/1";"UOP02/CE"
195560;2019-02-19;"3";"23:50:00";"RJ";101;70;"CAMPOS DOS GOYTACAZES";"Animais na Pista";"Atropelamento de Animal";"Sem Vítimas";"Plena Noite";"Decrescente";"Nevoeiro/Neblina";"Simples";"Reta";"Sim";1;0;0;0;1;0;0;1;"-21.781011";"-41.373363";"SR-RJ";"DEL5/8";"UOP02/RJ"
195561;2019-03-07;"5";"09:20:00";"CE";116;28,9;"ITAITINGA";"Falta de Atenção à Condução";"Colisão traseira";"Com Vítimas Feridas";"Pleno dia";"Crescente";"Nublado";"Dupla";"Reta";"Sim";4;0;2;0;2;0;2;2;"-3.993072";"-38.516277";"SR-CE";"DEL16/1";"UOP02/CE"
195562;2019-03-07;"5";"09:30:00";"RR";174;468;"BOA VISTA";"Fenômenos da Natureza";"Queda de ocupante de veículo";"Com Vítimas Feridas";"Pleno dia";"Decrescente";"Céu Claro";"Simples";"Reta";"Não";1;0;1;0;0;0;1;1;"2.599424";"-60.876957";"SR-RR";"UOP01/RR";""
195564;2019-03-07;"5";"08:10:00";"SC";101;274;"IMBITUBA";"Falta de Atenção à Condução";"Colisão com objeto estático";"Sem Vítimas";"Pleno dia";"Crescente";"Nublado";"Simples";"Viaduto";"Não";1;0;0;0;1;0;0;1;"-28.129852";"-48.69322";"SR-SC";"DEL8/2";"UOP03/SC"
195565;2019-03-07;"5";"08:30:00";"SC";282;111;"ALFREDO WAGNER";"Velocidade Incompatível";"Colisão frontal";"Com Vítimas Feridas";"Pleno dia";"Crescente";"Chuva";"Simples";"Curva";"Não";4;0;2;0;2;0;2;3;"-27.733616";"-49.367538";"SR-SC";"DEL8/1";"UOP03/SC"
195566;2019-03-07;"5";"10:15:00";"SC";470;123;"IBIRAMA";"Velocidade Incompatível";"Saída de leito carroçável";"Com Vítimas Feridas";"Pleno dia";"Crescente";"Nublado";"Múltipla";"Curva";"Não";1;0;1;0;0;0;1;1;"-27.106783";"-49.522049";"SR-SC";"DEL8/4";"UOP02/SC"
195567;2019-03-07;"5";"10:25:00";"PR";369;39;"ANDIRA";"Desobediência às normas de trânsito pelo condutor";"Queda de ocupante de veículo";"Com Vítimas Feridas";"Pleno dia";"Crescente";"Nublado";"Simples";"Interseção de vias";"Não";3;0;1;0;2;0;1;3;"-23.0585686";"-50.24846077";"SR-PR";"DEL7/7";"UOP06/PR"
195568;2019-03-07;"5";"11:00:00";"RS";290;78;"GRAVATAI";"Falta de Atenção à Condução";"Colisão traseira";"Com Vítimas Feridas";"Pleno dia";"Crescente";"Céu Claro";"Múltipla";"Reta";"Sim";4;0;1;0;3;0;1;3;"-29.954178";"-51.037735";"SR-RS";"DEL9/1";"UOP01/RS"
195569;2019-03-07;"5";"09:10:00";"SC";280;56,3;"GUARAMIRIM";"Falta de Atenção à Condução";"Colisão transversal";"Com Vítimas Feridas";"Pleno dia";"Crescente";"Garoa/Chuvisco";"Simples";"Interseção de vias";"Sim";2;0;0;1;1;0;1;2;"-26.47944683";"-49.00593281";"SR-SC";"DEL8/3";"UOP03/SC"
195570;2019-03-07;"5";"07:30:00";"BA";116;822,3;"VITORIA DA CONQUISTA";"Falta de Atenção à Condução";"Colisão lateral";"Com Vítimas Feridas";"Pleno dia";"Crescente";"Céu Claro";"Simples";"Reta";"Sim";1;0;1;0;0;0;1;1;"-14.85254978";"-40.84991455";"SR-BA";"DEL10/8";"UOP01/BA"
195571;2019-03-07;"5";"10:50:00";"PR";277;723;"FOZ DO IGUACU";"Falta de Atenção à Condução";"Engavetamento";"Com Vítimas Feridas";"Pleno dia";"Crescente";"Chuva";"Dupla";"Reta";"Sim";5;0;1;0;4;0;1;4;"-25.49878215";"-54.52985294";"SR-PR";"DEL7/5";"UOP01/PR"
195572;2019-03-07;"5";"12:10:00";"RJ";493;20;"MAGE";"Falta de Atenção à Condução";"Colisão transversal";"Com Vítimas Feridas";"Pleno dia";"Crescente";"Céu Claro";"Simples";"Reta";"Sim";3;0;2;0;1;0;2;2;"-22.663639";"-43.036495";"SR-RJ";"DEL5/4";"UOP02/RJ"
195575;2019-03-07;"5";"11:30:00";"MA";316;507;"CAXIAS";"Defeito Mecânico no Veículo";"Saída de leito carroçável";"Com Vítimas Feridas";"Pleno dia";"Crescente";"Céu Claro";"Simples";"Desvio Temporário";"Não";5;0;2;1;2;0;3;1;"-4.73321";"-43.705372";"SR-MA";"DEL18/3";"UOP02/MA"
195576;2019-03-07;"5";"13:30:00";"GO";60;116,3;"TEREZOPOLIS DE GOIAS";"Pista Escorregadia";"Capotamento";"Com Vítimas Feridas";"Pleno dia";"Decrescente";"Chuva";"Dupla";"Não Informado";"Não";2;0;2;0;0;0;2;1;"-16.4732";"-49.0789";"SR-GO";"DEL1/1";"UOP01/GO"
195577;2019-03-07;"5";"13:20:00";"AP";210;1,6;"MACAPA";"Falta de Atenção à Condução";"Atropelamento de Pedestre";"Com Vítimas Feridas";"Pleno dia";"Crescente";"Chuva";"Múltipla";"Reta";"Sim";2;0;1;0;1;0;1;1;"0.07816717";"-51.06998693";"SR-AP";"UOP01/AP";""
195578;2019-03-07;"5";"13:00:00";"PR";116;38,4;"CAMPINA GRANDE DO SUL";"Velocidade Incompatível";"Colisão com objeto estático";"Com Vítimas Feridas";"Pleno dia";"Crescente";"Chuva";"Dupla";"Curva";"Sim";5;0;2;0;3;0;2;2;"-25.15134481";"-48.85946274";"SR-PR";"DEL7/1";"UOP02/PR"
195579;2019-03-07;"5";"10:45:00";"GO";153;357;"JARAGUA";"Desobediência às normas de trânsito pelo condutor";"Colisão transversal";"Com Vítimas Feridas";"Pleno dia";"Decrescente";"Nublado";"Simples";"Rotatória";"Sim";2;0;1;0;1;0;1;2;"-15.725415";"-49.327385";"SR-GO";"DEL1/2";"UOP02/GO"
195581;2019-03-07;"5";"14:05:00";"BA";367;82,9;"EUNAPOLIS";"Falta de Atenção à Condução";"Colisão traseira";"Com Vítimas Feridas";"Pleno dia";"Crescente";"Sol";"Simples";"Reta";"Sim";2;0;0;1;1;0;1;2;"-16.37256267";"-39.57064408";"SR-BA";"DEL10/9";"UOP01/BA"
195582;2019-03-07;"5";"13:00:00";"RS";386;442;"CANOAS";"Falta de Atenção à Condução";"Colisão frontal";"Com Vítimas Fatais";"Pleno dia";"Crescente";"Céu Claro";"Dupla";"Reta";"Não";6;3;0;0;2;1;0;3;"-29.89006688";"-51.2103653";"SR-RS";"DEL9/1";"UOP01/RS"
195583;2019-03-07;"5";"10:10:00";"MG";262;484;"BOM DESPACHO";"Condutor Dormindo";"Colisão com objeto estático";"Com Vítimas Feridas";"Pleno dia";"Decrescente";"Céu Claro";"Simples";"Reta";"Não";1;0;1;0;0;0;1;1;"-19.78539973";"-45.28487104";"SR-MG";"DEL4/8";"UOP03/MG"
195584;2019-03-07;"5";"13:32:00";"RJ";101;72,6;"CAMPOS DOS GOYTACAZES";"Condutor Dormindo";"Colisão frontal";"Com Vítimas Feridas";"Pleno dia";"Crescente";"Céu Claro";"Simples";"Reta";"Não";5;0;2;2;1;0;4;2;"-21.796022";"-41.392239";"SR-RJ";"DEL5/8";"UOP02/RJ"
195585;2019-03-07;"5";"14:00:00";"RJ";101;328;"NITEROI";"Falta de Atenção à Condução";"Colisão traseira";"Com Vítimas Feridas";"Pleno dia";"Crescente";"Céu Claro";"Dupla";"Reta";"Sim";2;0;1;0;1;0;1;2;"-22.87028692";"-43.16579699";"SR-RJ";"DEL5/2";"UOP01/RJ"
195587;2019-03-07;"5";"14:10:00";"PE";232;75;"GRAVATA";"Objeto estático sobre o leito carroçável";"Incêndio";"Sem Vítimas";"Pleno dia";"Decrescente";"Sol";"Dupla";"Reta";"Não";2;0;0;0;2;0;0;2;"-8.19737799";"-35.525476";"SR-PE";"DEL11/1";"UOP04/PE"
195588;2019-03-07;"5";"14:00:00";"RJ";116;285,5;"BARRA MANSA";"Falta de Atenção à Condução";"Colisão com objeto estático";"Com Vítimas Feridas";"Pleno dia";"Crescente";"Céu Claro";"Dupla";"Curva";"Sim";3;0;1;0;2;0;1;2;"-22.50496778";"-44.22509483";"SR-RJ";"DEL5/7";"UOP02/RJ"
195589;2019-03-07;"5";"14:30:00";"RN";304;43,8;"MOSSORO";"Não guardar distância de segurança";"Colisão traseira";"Com Vítimas Feridas";"Pleno dia";"Crescente";"Nublado";"Dupla";"Reta";"Não";2;0;0;1;0;1;1;2;"-5.21815835";"-37.36500124";"SR-RN";"DEL15/4";"UOP01/RN"
195590;2019-03-07;"5";"14:30:00";"PR";277;577;"CASCAVEL";"Falta de Atenção à Condução";"Queda de ocupante de veículo";"Com Vítimas Feridas";"Pleno dia";"Crescente";"Céu Claro";"Simples";"Reta";"Não";1;0;1;0;0;0;1;1;"-24.98510305";"-53.33984701";"SR-PR";"DEL7/4";"UOP01/PR"
195591;2019-03-07;"5";"14:50:00";"MG";40;576;"ITABIRITO";"Falta de Atenção à Condução";"Colisão transversal";"Com Vítimas Feridas";"Pleno dia";"Crescente";"Céu Claro";"Dupla";"Reta";"Não";3;0;2;0;1;0;2;2;"-20.26485707";"-43.9573481";"SR-MG";"DEL4/1";"UOP02/MG"
195592;2019-03-07;"5";"14:45:00";"RS";386;5;"IRAI";"Falta de Atenção à Condução";"Colisão lateral";"Com Vítimas Feridas";"Pleno dia";"Decrescente";"Chuva";"Simples";"Reta";"Sim";2;0;0;1;1;0;1;2;"-27.190504";"-53.265858";"SR-RS";"DEL08";"UOP02/RS"
195593;2019-03-07;"5";"14:50:00";"SC";470;171;"POUSO REDONDO";"Falta de Atenção à Condução";"Colisão transversal";"Com Vítimas Feridas";"Pleno dia";"Crescente";"Céu Claro";"Simples";"Reta";"Não";2;0;1;0;1;0;1;2;"-27.260828";"-49.900455";"SR-SC";"DEL8/4";"UOP02/SC"
195594;2019-03-07;"5";"12:25:00";"AC";364;124,5;"RIO BRANCO";"Desobediência às normas de trânsito pelo condutor";"Colisão lateral";"Com Vítimas Feridas";"Pleno dia";"Decrescente";"Nublado";"Dupla";"Reta";"Sim";2;0;1;0;1;0;1;2;"-10.01152469";"-67.79140099";"SR-AC";"UOP01/AC";""
195595;2019-03-07;"5";"15:40:00";"SE";235;52,4;"ITABAIANA";"Desobediência às normas de trânsito pelo condutor";"Colisão lateral";"Com Vítimas Feridas";"Pleno dia";"Decrescente";"Céu Claro";"Simples";"Reta";"Sim";2;0;0;1;1;0;1;2;"-10.693279";"-37.437557";"SR-SE";"DEL20/1";"UOP02/SE"
195596;2019-03-07;"5";"15:30:00";"BA";324;553,8;"AMELIA RODRIGUES";"Não guardar distância de segurança";"Colisão transversal";"Com Vítimas Feridas";"Pleno dia";"Crescente";"Céu Claro";"Dupla";"Reta";"Não";4;0;1;2;1;0;3;1;"-12.45504393";"-38.70402395";"SR-BA";"DEL10/1";"UOP01/BA"
195601;2019-03-07;"5";"14:50:00";"MG";262;889,2;"CAMPO FLORIDO";"Velocidade Incompatível";"Capotamento";"Com Vítimas Feridas";"Pleno dia";"Crescente";"Chuva";"Dupla";"Curva";"Não";3;0;0;1;2;0;1;1;"-19.73859196";"-48.67801666";"SR-MG";"DEL13";"UOP02/MG"
195602;2019-03-07;"5";"15:30:00";"RJ";40;112;"DUQUE DE CAXIAS";"Desobediência às normas de trânsito pelo condutor";"Atropelamento de Pedestre";"Com Vítimas Fatais";"Pleno dia";"Crescente";"Céu Claro";"Múltipla";"Reta";"Sim";4;1;1;0;1;1;1;3;"-22.7004454";"-43.29014851";"SR-RJ";"DEL5/1";"UOP01/RJ"
195603;2019-03-07;"5";"15:00:00";"MA";316;438;"PERITORO";"Pista Escorregadia";"Capotamento";"Com Vítimas Feridas";"Pleno dia";"Decrescente";"Nublado";"Simples";"Curva";"Não";1;0;1;0;0;0;1;1;"-4.420809";"-44.224987";"SR-MA";"DEL18/3";"UOP01/MA"
195604;2019-03-07;"5";"16:30:00";"RJ";101;325;"NITEROI";"Falta de Atenção à Condução";"Colisão traseira";"Com Vítimas Feridas";"Pleno dia";"Decrescente";"Céu Claro";"Dupla";"Reta";"Não";3;0;2;0;1;0;2;2;"-22.87292569";"-43.13625699";"SR-RJ";"DEL5/2";"UOP01/RJ"
195605;2019-03-07;"5";"16:20:00";"SC";101;121,7;"ITAJAI";"Não guardar distância de segurança";"Colisão traseira";"Sem Vítimas";"Pleno dia";"Crescente";"Céu Claro";"Dupla";"Reta";"Não";3;0;0;0;3;0;0;3;"-26.92103178";"-48.70856446";"SR-SC";"DEL8/4";"UOP04/SC"
195606;2019-03-07;"5";"15:40:00";"SP";116;412,8;"JUQUIA";"Velocidade Incompatível";"Colisão traseira";"Com Vítimas Fatais";"Pleno dia";"Decrescente";"Chuva";"Dupla";"Reta";"Não";2;1;0;0;1;0;0;2;"-24.33708698";"-47.63946533";"SR-SP";"DEL6/5";"UOP01/SP"
195607;2019-03-07;"5";"16:30:00";"SP";116;128,5;"CACAPAVA";"Falta de Atenção à Condução";"Engavetamento";"Com Vítimas Feridas";"Pleno dia";"Decrescente";"Chuva";"Dupla";"Reta";"Sim";3;0;0;1;2;0;1;3;"-23.11454664";"-45.71105567";"SR-SP";"DEL6";"UOP02/SP"
195608;2019-03-07;"5";"17:35:00";"RS";153;47;"ERECHIM";"Velocidade Incompatível";"Colisão transversal";"Com Vítimas Feridas";"Pleno dia";"Decrescente";"Nublado";"Múltipla";"Interseção de vias";"Não";2;0;0;1;1;0;1;2;"-27.64530366";"-52.24998023";"SR-RS";"DEL08";"UOP04/RS"
195609;2019-03-07;"5";"15:40:00";"SP";116;561,5;"BARRA DO TURVO";"Falta de Atenção à Condução";"Capotamento";"Com Vítimas Feridas";"Pleno dia";"Crescente";"Nublado";"Dupla";"Curva";"Não";1;0;1;0;0;0;1;1;"-24.96489519";"-48.47854614";"SR-SP";"DEL6/5";"UOP03/SP"
195610;2019-03-07;"5";"17:50:00";"SC";101;216;"PALHOCA";"Desobediência às normas de trânsito pelo condutor";"Colisão transversal";"Com Vítimas Feridas";"Pleno dia";"Crescente";"Céu Claro";"Dupla";"Interseção de vias";"Sim";2;0;1;0;1;0;1;2;"-27.64676074";"-48.67229648";"SR-SC";"DEL8/1";"UOP02/SC"
195611;2019-03-07;"5";"16:30:00";"MA";230;7,1;"BARAO DE GRAJAU";"Falta de Atenção à Condução";"Saída de leito carroçável";"Com Vítimas Feridas";"Pleno dia";"Decrescente";"Céu Claro";"Simples";"Reta";"Não";1;0;1;0;0;0;1;1;"-6.73917454";"-43.0675607";"SR-PI";"DEL17/3";"UOP01/PI"
195613;2019-03-07;"5";"17:20:00";"RJ";101;121,8;"CAMPOS DOS GOYTACAZES";"Condutor Dormindo";"Capotamento";"Com Vítimas Feridas";"Pleno dia";"Crescente";"Céu Claro";"Dupla";"Reta";"Não";2;0;1;1;0;0;2;1;"-22.03520162";"-41.69372827";"SR-RJ";"DEL5/8";"UOP02/RJ"
195614;2019-03-07;"5";"18:00:00";"GO";153;503;"GOIANIA";"Não guardar distância de segurança";"Engavetamento";"Sem Vítimas";"Pleno dia";"Crescente";"Nublado";"Dupla";"Reta";"Sim";5;0;0;0;5;0;0;5;"-16.7366";"-49.243";"SR-GO";"DEL1/1";"UOP01/GO"
195616;2019-03-07;"5";"18:00:00";"RN";405;1;"MOSSORO";"Falta de Atenção à Condução";"Colisão lateral";"Com Vítimas Feridas";"Plena Noite";"Decrescente";"Céu Claro";"Dupla";"Reta";"Sim";2;0;2;0;0;0;2;2;"-5.19170196";"-37.361471";"SR-RN";"DEL15/4";"UOP02/RN"
195618;2019-03-07;"5";"09:30:00";"SC";116;265;"CAPAO ALTO";"Falta de Atenção à Condução";"Colisão lateral";"Com Vítimas Feridas";"Pleno dia";"Decrescente";"Nublado";"Simples";"Curva";"Não";2;0;0;1;1;0;1;2;"-27.93678308";"-50.47036393";"SR-SC";"DEL8/5";"UOP02/SC"
195619;2019-03-07;"5";"17:05:00";"GO";60;181;"ABADIA DE GOIAS";"Falta de Atenção à Condução";"Colisão traseira";"Sem Vítimas";"Pleno dia";"Crescente";"Chuva";"Dupla";"Reta";"Não";2;0;0;0;1;1;0;2;"-16.7709";"-49.4844";"SR-GO";"DEL1/1";"UOP02/GO"
195620;2019-03-07;"5";"17:45:00";"SP";381;61;"MAIRIPORA";"Falta de Atenção à Condução";"Colisão com objeto estático";"Com Vítimas Feridas";"Anoitecer";"Crescente";"Nublado";"Dupla";"Desvio Temporário";"Não";2;0;1;0;1;0;1;1;"-23.29023381";"-46.58168793";"SR-SP";"DEL6/3";"UOP02/SP"
195621;2019-03-07;"5";"18:10:00";"PR";277;3;"PARANAGUA";"Falta de Atenção à Condução";"Colisão transversal";"Com Vítimas Feridas";"Pleno dia";"Decrescente";"Céu Claro";"Simples";"Não Informado";"Sim";3;0;1;0;2;0;1;2;"-25.53790663";"-48.5574693";"SR-PR";"DEL7/1";"UOP07/PR"
195622;2019-03-07;"5";"17:50:00";"RJ";101;62;"CAMPOS DOS GOYTACAZES";"Ingestão de Álcool";"Colisão traseira";"Sem Vítimas";"Anoitecer";"Crescente";"Céu Claro";"Simples";"Reta";"Sim";2;0;0;0;2;0;0;2;"-21.73473386";"-41.32504025";"SR-RJ";"DEL5/8";"UOP01/RJ"
195624;2019-03-07;"5";"18:10:00";"SC";101;202;"SAO JOSE";"Não guardar distância de segurança";"Engavetamento";"Com Vítimas Feridas";"Pleno dia";"Decrescente";"Céu Claro";"Simples";"Reta";"Sim";4;0;2;0;2;0;2;3;"-27.55711595";"-48.61897889";"SR-SC";"DEL8/1";"UOP01/SC"
195625;2019-03-07;"5";"16:00:00";"RS";386;178;"CARAZINHO";"Falta de Atenção do Pedestre";"Atropelamento de Pedestre";"Com Vítimas Feridas";"Pleno dia";"Decrescente";"Nublado";"Simples";"Reta";"Não";2;0;1;0;1;0;1;1;"-28.2883";"-52.759373";"SR-RS";"DEL08";"UOP01/RS"
195626;2019-03-07;"5";"18:35:00";"RN";405;3,5;"MOSSORO";"Desobediência às normas de trânsito pelo condutor";"Colisão frontal";"Com Vítimas Feridas";"Plena Noite";"Crescente";"Ignorado";"Simples";"Reta";"Sim";3;0;0;2;1;0;2;2;"-5.19386547";"-37.38052995";"SR-RN";"DEL15/4";"UOP02/RN"
195627;2019-03-07;"5";"18:30:00";"RS";287;247,5;"SANTA MARIA";"Falta de Atenção à Condução";"Tombamento";"Com Vítimas Feridas";"Pleno dia";"Decrescente";"Céu Claro";"Simples";"Não Informado";"Não";2;0;1;0;0;1;1;1;"-29.69991534";"-53.84176017";"SR-RS";"DEL9/9";"UOP01/RS"
195628;2019-03-07;"5";"16:00:00";"SC";153;111,3;"CONCORDIA";"Desobediência às normas de trânsito pelo condutor";"Colisão lateral";"Com Vítimas Feridas";"Pleno dia";"Crescente";"Céu Claro";"Simples";"Interseção de vias";"Não";2;0;1;0;1;0;1;2;"-27.32938017";"-51.97906494";"SR-SC";"DEL7";"UOP05/SC"
195629;2019-03-07;"5";"16:00:00";"RJ";101;521;"ANGRA DOS REIS";"Não guardar distância de segurança";"Capotamento";"Com Vítimas Feridas";"Pleno dia";"Decrescente";"Céu Claro";"Dupla";"Curva";"Não";4;0;3;0;1;0;3;1;"-23.00313345";"-44.4598209";"SR-RJ";"DEL5/3";"UOP03/RJ"
195630;2019-03-07;"5";"18:25:00";"PE";424;24,5;"PEDRA";"Não guardar distância de segurança";"Colisão traseira";"Com Vítimas Feridas";"Anoitecer";"Crescente";"Céu Claro";"Simples";"Reta";"Não";4;0;1;1;2;0;2;3;"-8.5409921";"-36.91079815";"SR-PE";"DEL11/3";"UOP02/PE"
195631;2019-03-07;"5";"18:30:00";"SC";470;70,8;"INDAIAL";"Falta de Atenção à Condução";"Colisão lateral";"Com Vítimas Feridas";"Anoitecer";"Decrescente";"Céu Claro";"Simples";"Reta";"Não";2;0;1;0;1;0;1;2;"-26.889374";"-49.254478";"SR-SC";"DEL8/4";"UOP01/SC"
195632;2019-03-07;"5";"18:55:00";"MG";40;632;"CONSELHEIRO LAFAIETE";"Desobediência às normas de trânsito pelo condutor";"Colisão transversal";"Com Vítimas Feridas";"Plena Noite";"Decrescente";"Céu Claro";"Dupla";"Interseção de vias";"Sim";6;0;4;1;1;0;5;2;"-20.67759919";"-43.79440069";"SR-MG";"DEL5";"UOP02/MG"
195633;2019-03-07;"5";"18:00:00";"PR";163;266;"TOLEDO";"Falta de Atenção à Condução";"Colisão traseira";"Com Vítimas Feridas";"Anoitecer";"Crescente";"Chuva";"Simples";"Reta";"Não";3;0;1;0;2;0;1;2;"-24.63157003";"-53.88020396";"SR-PR";"DEL7/4";"UOP01/PR"
195635;2019-03-07;"5";"18:40:00";"ES";101;136,5;"LINHARES";"Não guardar distância de segurança";"Colisão traseira";"Com Vítimas Feridas";"Plena Noite";"Decrescente";"Nublado";"Simples";"Reta";"Não";3;0;0;3;0;0;3;2;"-19.28406301";"-40.08688713";"SR-ES";"DEL12/4";"UOP01/ES"
195636;2019-03-07;"5";"18:37:00";"AL";104;37;"UNIAO DOS PALMARES";"Falta de Atenção à Condução";"Colisão lateral";"Com Vítimas Feridas";"Plena Noite";"Crescente";"Céu Claro";"Simples";"Reta";"Não";2;0;0;1;1;0;1;2;"-9.17491283";"-36.02935415";"SR-AL";"DEL13/1";"UOP02/AL"
195637;2019-02-22;"6";"13:25:00";"PB";230;20,1;"JOAO PESSOA";"Avarias e/ou desgaste excessivo no pneu";"Colisão traseira";"Com Vítimas Feridas";"Pleno dia";"Decrescente";"Sol";"Dupla";"Reta";"Sim";3;0;1;0;2;0;1;2;"-7.13744372";"-34.85363874";"SR-PB";"DEL14/1";"UOP00/PB"