"id";"data_inversa";"dia_semana";"horario";"uf";"br";"km";"municipio";"causa_acidente";"tipo_acidente";"classificacao_acidente";"fase_dia";"sentido_via";"condicao_metereologica";"tipo_pista";"tracado_via";"uso_solo";"pessoas";"mortos";"feridos_leves";"feridos_graves";"ilesos";"ignorados";"feridos";"veiculos";"latitude";"longitude";"regional";"delegacia";"uop"
195638;2019-03-07;"5";"18:00:00";"RJ";40;124;"RIO DE JANEIRO";"Desobediência às normas de trânsito pelo condutor";"Colisão lateral";"Com Vítimas Feridas";"Anoitecer";"Crescente";"Céu Claro";"Dupla";"Reta";"Sim";2;0;1;0;1;0;1;2;"-22.807953";"-43.289124";"SR-RJ";"DEL5/1";"UOP01/RJ"
195639;2019-03-07;"5";"19:45:00";"RS";116;530,1;"CAPAO DO LEAO";"Desobediência às normas de trânsito pelo condutor";"Colisão transversal";"Com Vítimas Feridas";"Plena Noite";"Decrescente";"Céu Claro";"Simples";"Interseção de vias";"Sim";3;0;1;1;1;0;2;2;"-31.7590834";"-52.43687971";"SR-RS";"DEL9/7";"UOP01/RS"
195640;2019-03-07;"5";"19:00:00";"CE";116;3;"FORTALEZA";"Falta de Atenção à Condução";"Colisão traseira";"Com Vítimas Feridas";"Plena Noite";"Decrescente";"Céu Claro";"Dupla";"Reta";"Sim";2;0;1;0;1;0;1;2;"-3.77866493";"-38.51490171";"SR-CE";"DEL16/1";"UOP02/CE"
195641;2019-03-07;"5";"20:25:00";"RN";101;113;"PARNAMIRIM";"Falta de Atenção à Condução";"Colisão traseira";"Com Vítimas Feridas";"Plena Noite";"Crescente";"Céu Claro";"Dupla";"Rotatória";"Não";4;0;1;0;3;0;1;2;"-5.973247";"-35.26489";"SR-RN";"DEL15/1";"UOP01/RN"
195642;2019-03-07;"5";"18:20:00";"PR";116;116;"CURITIBA";"Falta de Atenção à Condução";"Colisão lateral";"Com Vítimas Feridas";"Anoitecer";"Crescente";"Nublado";"Dupla";"Reta";"Sim";2;0;1;0;1;0;1;2;"-25.55468195";"-49.27402397";"SR-PR";"DEL7/1";"UOP06/PR"
195644;2019-03-07;"5";"19:00:00";"RS";471;171;"RIO PARDO";"Falta de Atenção à Condução";"Colisão transversal";"Com Vítimas Feridas";"Anoitecer";"Crescente";"Chuva";"Simples";"Interseção de vias";"Sim";2;0;1;0;1;0;1;2;"-29.9967";"-52.368134";"SR-RS";"DEL9/2";"UOP03/RS"
195647;2019-03-07;"5";"18:40:00";"RJ";40;109;"DUQUE DE CAXIAS";"Não guardar distância de segurança";"Colisão traseira";"Com Vítimas Feridas";"Plena Noite";"Crescente";"Céu Claro";"Múltipla";"Reta";"Sim";3;0;1;0;2;0;1;2;"-22.67374628";"-43.28638368";"SR-RJ";"DEL5/1";"UOP01/RJ"
195648;2019-03-07;"5";"20:00:00";"MG";262;192,2;"BELA VISTA DE MINAS";"Condutor Dormindo";"Saída de leito carroçável";"Com Vítimas Feridas";"Plena Noite";"Crescente";"Céu Claro";"Simples";"Reta";"Não";1;0;0;1;0;0;1;1;"-19.86964295";"-43.08306896";"SR-MG";"DEL4/3";"UOP01/MG"
195649;2019-03-07;"5";"20:00:00";"MA";230;401;"BALSAS";"Falta de Atenção à Condução";"Colisão traseira";"Com Vítimas Feridas";"Plena Noite";"Decrescente";"Céu Claro";"Simples";"Reta";"Sim";2;0;0;1;1;0;1;2;"-7.49775316";"-46.02672145";"SR-MA";"DEL18/5";"UOP01/MA"
195650;2019-03-07;"5";"18:50:00";"RO";364;711,6;"PORTO VELHO";"Desobediência às normas de trânsito pelo condutor";"Colisão transversal";"Com Vítimas Feridas";"Plena Noite";"Crescente";"Céu Claro";"Simples";"Reta";"Sim";2;0;1;0;1;0;1;2;"-8.78153947";"-63.86531369";"SR-RO";"DEL21/1";"UOP01/RO"
195651;2019-03-07;"5";"19:00:00";"PB";104;137,1;"QUEIMADAS";"Falta de Atenção do Pedestre";"Atropelamento de Pedestre";"Com Vítimas Feridas";"Plena Noite";"Crescente";"Céu Claro";"Simples";"Reta";"Sim";2;0;1;1;0;0;2;1;"-7.352277";"-35.90094";"SR-PB";"DEL14/2";"UOP03/PB"
195652;2019-03-07;"5";"21:30:00";"PA";10;114;"PARAGOMINAS";"Falta de Atenção à Condução";"Saída de leito carroçável";"Com Vítimas Feridas";"Plena Noite";"Crescente";"Céu Claro";"Simples";"Ponte";"Não";1;0;1;0;0;0;1;1;"-3.442999";"-47.460514";"SR-PA";"DEL19/2";"UOP03/PA"
195653;2019-03-07;"5";"22:00:00";"CE";304;50,8;"ARACATI";"Falta de Atenção à Condução";"Colisão traseira";"Com Vítimas Fatais";"Plena Noite";"Decrescente";"Chuva";"Simples";"Reta";"Não";2;1;0;0;0;1;0;2;"-4.573488";"-37.762367";"SR-CE";"DEL16/3";"UOP03/CE"
195654;2019-03-07;"5";"22:15:00";"PE";101;62,5;"RECIFE";"Falta de Atenção à Condução";"Colisão traseira";"Com Vítimas Feridas";"Plena Noite";"Decrescente";"Nublado";"Dupla";"Reta";"Sim";3;0;1;0;2;0;1;2;"-7.99905898";"-34.93899295";"SR-PE";"DEL11/1";"UOP02/PE"
195655;2019-03-07;"5";"22:00:00";"RS";386;445,2;"CANOAS";"Pista Escorregadia";"Tombamento";"Sem Vítimas";"Plena Noite";"Crescente";"Garoa/Chuvisco";"Dupla";"Reta";"Não";1;0;0;0;1;0;0;1;"-29.892885";"-51.192703";"SR-RS";"DEL9/1";"UOP01/RS"
195656;2019-03-07;"5";"20:40:00";"GO";60;134,8;"GOIANIA";"Ingestão de Álcool";"Queda de ocupante de veículo";"Com Vítimas Feridas";"Plena Noite";"Crescente";"Céu Claro";"Dupla";"Não Informado";"Não";2;0;2;0;0;0;2;1;"-16.5827";"-49.1876";"SR-GO";"DEL1/1";"UOP01/GO"
195657;2019-03-07;"5";"22:55:00";"MG";365;480;"PATROCINIO";"Falta de Atenção à Condução";"Tombamento";"Com Vítimas Feridas";"Plena Noite";"Crescente";"Céu Claro";"Simples";"Reta";"Não";1;0;1;0;0;0;1;1;"-18.89211322";"-47.06972105";"SR-MG";"DEL4/10";"UOP01/MG"
195658;2019-03-07;"5";"21:45:00";"RO";319;58,3;"PORTO VELHO";"Falta de Atenção do Pedestre";"Colisão transversal";"Com Vítimas Feridas";"Plena Noite";"Decrescente";"Nublado";"Dupla";"Reta";"Não";1;0;1;0;0;0;1;1;"-8.74312677";"-63.91232371";"SR-RO";"DEL21/1";"UOP01/RO"
195659;2019-03-07;"5";"20:10:00";"RR";174;512;"BOA VISTA";"Animais na Pista";"Colisão com objeto estático";"Sem Vítimas";"Plena Noite";"Crescente";"Céu Claro";"Simples";"Reta";"Não";1;0;0;0;1;0;0;1;"2.871991";"-60.697308";"SR-RR";"UOP01/RR";""
195660;2019-03-07;"5";"20:20:00";"MA";10;188;"CAMPESTRE DO MARANHAO";"Ultrapassagem Indevida";"Colisão traseira";"Com Vítimas Feridas";"Plena Noite";"Decrescente";"Nublado";"Simples";"Não Informado";"Não";7;0;7;0;0;0;7;2;"-6.071698";"-47.382061";"SR-MA";"DEL18/4";"UOP01/MA"
195661;2019-03-07;"5";"22:15:00";"TO";226;1,2;"AGUIARNOPOLIS";"Falta de Atenção à Condução";"Colisão frontal";"Sem Vítimas";"Plena Noite";"Crescente";"Nublado";"Simples";"Não Informado";"Sim";2;0;0;0;2;0;0;2;"-6.561846";"-47.467415";"SR-TO";"UOP05/TO";""
195663;2019-03-07;"5";"21:40:00";"GO";60;333;"SANTO ANTONIO DA BARRA";"Avarias e/ou desgaste excessivo no pneu";"Incêndio";"Com Vítimas Feridas";"Plena Noite";"Decrescente";"Céu Claro";"Dupla";"Não Informado";"Não";1;0;1;0;0;0;1;1;"-17.5502";"-50.5451";"SR-GO";"DEL1/4";"UOP01/GO"
195664;2019-03-07;"5";"22:45:00";"SC";282;495,1;"XANXERE";"Avarias e/ou desgaste excessivo no pneu";"Saída de leito carroçável";"Sem Vítimas";"Plena Noite";"Crescente";"Nublado";"Simples";"Curva";"Não";1;0;0;0;1;0;0;1;"-26.875349";"-52.327076";"SR-SC";"DEL7";"UOP01/SC"
195666;2019-03-08;"6";"00:20:00";"PE";104;64;"CARUARU";"Falta de Atenção à Condução";"Colisão com objeto estático";"Com Vítimas Feridas";"Plena Noite";"Decrescente";"Céu Claro";"Dupla";"Interseção de vias";"Sim";2;0;1;0;1;0;1;1;"-8.2783";"-35.9815";"SR-PE";"DEL11/2";"UOP01/PE"
195667;2019-03-07;"5";"21:10:00";"PB";230;460;"SOUSA";"Falta de Atenção à Condução";"Colisão frontal";"Com Vítimas Feridas";"Plena Noite";"Decrescente";"Céu Claro";"Simples";"Reta";"Não";3;0;0;2;0;1;2;2;"-6.764722";"-38.221943";"SR-PB";"DEL14/3";"UOP03/PB"
195668;2019-03-08;"6";"00:14:00";"PR";376;620,6;"SAO JOSE DOS PINHAIS";"Falta de Atenção à Condução";"Saída de leito carroçável";"Sem Vítimas";"Plena Noite";"Crescente";"Céu Claro";"Simples";"Reta";"Não";1;0;0;0;1;0;0;1;"-25.60925907";"-49.17205834";"SR-PR";"DEL7/1";"UOP08/PR"
195669;2019-03-08;"6";"01:20:00";"SC";470;59;"BLUMENAU";"Ingestão de Álcool";"Colisão frontal";"Com Vítimas Feridas";"Plena Noite";"Crescente";"Nublado";"Simples";"Curva";"Não";2;0;0;1;1;0;1;2;"-26.882812";"-49.1548";"SR-SC";"DEL8/4";"UOP01/SC"
195670;2019-03-08;"6";"01:15:00";"RJ";101;407;"ITAGUAI";"Ingestão de Álcool";"Colisão traseira";"Sem Vítimas";"Plena Noite";"Decrescente";"Céu Claro";"Dupla";"Viaduto";"Não";3;0;0;0;3;0;0;2;"-22.88161182";"-43.82575035";"SR-RJ";"DEL5/3";"UOP01/RJ"
195671;2019-03-08;"6";"00:50:00";"MT";163;1057;"GUARANTA DO NORTE";"Condutor Dormindo";"Saída de leito carroçável";"Com Vítimas Feridas";"Plena Noite";"Decrescente";"Céu Claro";"Simples";"Reta";"Não";1;0;1;0;0;0;1;1;"-9.98812398";"-54.90692139";"SR-MT";"DEL2/6";"UOP02/MT"
195672;2019-03-08;"6";"04:00:00";"SP";116;342;"MIRACATU";"Condutor Dormindo";"Saída de leito carroçável";"Sem Vítimas";"Plena Noite";"Decrescente";"Nublado";"Dupla";"Reta";"Não";1;0;0;0;1;0;0;1;"-24.01587182";"-47.16799736";"SR-SP";"DEL6/4";"UOP02/SP"
195673;2019-03-08;"6";"05:00:00";"MG";381;800,4;"SAO GONCALO DO SAPUCAI";"Ingestão de Álcool";"Saída de leito carroçável";"Com Vítimas Feridas";"Amanhecer";"Decrescente";"Céu Claro";"Dupla";"Retorno Regulamentado";"Não";6;0;5;1;0;0;6;1;"-21.93174007";"-45.61206937";"SR-MG";"DEL09";"UOP02/MG"
195674;2019-03-08;"6";"05:20:00";"RJ";101;94;"CAMPOS DOS GOYTACAZES";"Falta de Atenção à Condução";"Colisão traseira";"Com Vítimas Feridas";"Amanhecer";"Decrescente";"Céu Claro";"Dupla";"Reta";"Não";3;0;0;2;0;1;2;2;"-21.86517883";"-41.53963896";"SR-RJ";"DEL5/8";"UOP02/RJ"
195675;2019-03-08;"6";"05:30:00";"MG";381;932,3;"EXTREMA";"Defeito Mecânico no Veículo";"Tombamento";"Sem Vítimas";"Plena Noite";"Crescente";"Nublado";"Dupla";"Curva";"Não";1;0;0;0;1;0;0;1;"-22.81198015";"-46.28431295";"SR-MG";"DEL09";"UOP03/MG"
195676;2019-03-08;"6";"04:20:00";"PR";153;331,7;"IRATI";"Ingestão de Álcool";"Colisão com objeto estático";"Com Vítimas Feridas";"Plena Noite";"Decrescente";"Garoa/Chuvisco";"Dupla";"Reta";"Não";1;0;1;0;0;0;1;1;"-25.463053";"-50.623066";"SR-PR";"DEL7/3";"UOP04/PR"
195677;2019-03-08;"6";"05:40:00";"GO";20;138,9;"ALVORADA DO NORTE";"Falta de Atenção à Condução";"Colisão frontal";"Com Vítimas Feridas";"Pleno dia";"Decrescente";"Céu Claro";"Simples";"Reta";"Não";8;0;1;7;0;0;8;2;"-14.786891";"-46.694374";"SR-DF";"GO";"UOP05/DF"
195678;2019-03-08;"6";"06:15:00";"ES";101;144,9;"LINHARES";"Falta de Atenção à Condução";"Colisão lateral";"Com Vítimas Feridas";"Pleno dia";"Decrescente";"Céu Claro";"Múltipla";"Interseção de vias";"Sim";7;0;3;2;2;0;5;3;"-19.36089598";"-40.06464018";"SR-ES";"DEL12/4";"UOP01/ES"
195680;2019-03-08;"6";"04:20:00";"SC";116;234,8;"CORREIA PINTO";"Condutor Dormindo";"Saída de leito carroçável";"Com Vítimas Feridas";"Plena Noite";"Crescente";"Céu Claro";"Simples";"Curva";"Não";3;0;3;0;0;0;3;1;"-27.70240496";"-50.33486119";"SR-SC";"DEL8/5";"UOP01/SC"
195681;2019-03-08;"6";"07:15:00";"PR";277;74;"CURITIBA";"Falta de Atenção à Condução";"Colisão lateral";"Com Vítimas Feridas";"Pleno dia";"Crescente";"Nublado";"Dupla";"Interseção de vias";"Não";2;0;1;0;1;0;1;2;"-25.4533632";"-49.2429312";"SR-PR";"DEL7/1";"UOP01/PR"
195682;2019-03-08;"6";"06:15:00";"RS";392;26,5;"RIO GRANDE";"Condutor Dormindo";"Saída de leito carroçável";"Com Vítimas Feridas";"Pleno dia";"Crescente";"Céu Claro";"Dupla";"Curva";"Não";1;0;1;0;0;0;1;1;"-32.07835445";"-52.25665029";"SR-RS";"DEL9/7";"UOP02/RS"
195683;2019-03-08;"6";"06:00:00";"MT";163;842;"SINOP";"Condutor Dormindo";"Colisão transversal";"Com Vítimas Feridas";"Amanhecer";"Crescente";"Nublado";"Simples";"Reta";"Não";2;0;1;0;1;0;1;2;"-11.92479503";"-55.5117839";"SR-MT";"DEL2/6";"UOP02/MT"
195684;2019-03-08;"6";"07:35:00";"BA";116;422,1;"FEIRA DE SANTANA";"Falta de Atenção à Condução";"Colisão traseira";"Sem Vítimas";"Pleno dia";"Decrescente";"Céu Claro";"Dupla";"Rotatória";"Sim";2;0;0;0;2;0;0;2;"-12.23071506";"-38.96474004";"SR-BA";"DEL10/2";"UOP01/BA"
195685;2019-03-08;"6";"07:45:00";"DF";20;13;"BRASILIA";"Falta de Atenção à Condução";"Colisão lateral";"Com Vítimas Feridas";"Pleno dia";"Crescente";"Céu Claro";"Dupla";"Reta";"Sim";2;0;1;0;1;0;1;2;"-15.638752";"-47.749599";"SR-DF";"DF";"UOP04/DF"
195686;2019-03-08;"6";"07:08:00";"CE";116;3;"FORTALEZA";"Não guardar distância de segurança";"Colisão traseira";"Sem Vítimas";"Pleno dia";"Decrescente";"Céu Claro";"Dupla";"Reta";"Sim";3;0;0;0;3;0;0;3;"-3.77866493";"-38.51490171";"SR-CE";"DEL16/1";"UOP02/CE"
195687;2019-03-08;"6";"06:30:00";"MG";116;410;"GOVERNADOR VALADARES";"Desobediência às normas de trânsito pelo condutor";"Tombamento";"Com Vítimas Feridas";"Pleno dia";"Crescente";"Céu Claro";"Dupla";"Retorno Regulamentado";"Sim";2;0;0;1;1;0;1;1;"-18.855625";"-41.975623";"SR-MG";"DEL4/6";"UOP01/MG"
195688;2019-03-08;"6";"00:40:00";"MG";116;414;"GOVERNADOR VALADARES";"Velocidade Incompatível";"Saída de leito carroçável";"Com Vítimas Feridas";"Plena Noite";"Decrescente";"Céu Claro";"Simples";"Reta";"Sim";1;0;0;1;0;0;1;1;"-18.88102703";"-41.95910802";"SR-MG";"DEL4/6";"UOP01/MG"
195690;2019-03-08;"6";"07:20:00";"MA";316;264,1;"SANTA INES";"Defeito na Via";"Atropelamento de Pedestre";"Com Vítimas Feridas";"Pleno dia";"Decrescente";"Nublado";"Simples";"Reta";"Sim";2;0;1;0;1;0;1;1;"-3.673308";"-45.362946";"SR-MA";"DEL18/2";"UOP02/MA"
195691;2019-03-08;"6";"07:50:00";"PR";277;629;"CEU AZUL";"Não guardar distância de segurança";"Engavetamento";"Com Vítimas Feridas";"Pleno dia";"Crescente";"Céu Claro";"Simples";"Não Informado";"Não";9;0;1;0;8;0;1;4;"-25.1109378";"-53.79095078";"SR-PR";"DEL7/5";"UOP02/PR"
195692;2019-03-08;"6";"07:20:00";"CE";116;10;"FORTALEZA";"Falta de Atenção à Condução";"Colisão traseira";"Com Vítimas Feridas";"Pleno dia";"Decrescente";"Céu Claro";"Múltipla";"Reta";"Sim";3;0;2;0;1;0;2;2;"-3.83603805";"-38.5027281";"SR-CE";"DEL16/1";"UOP02/CE"
195693;2019-03-08;"6";"07:35:00";"RN";101;97,5;"NATAL";"Desobediência às normas de trânsito pelo condutor";"Colisão transversal";"Sem Vítimas";"Pleno dia";"Decrescente";"Céu Claro";"Simples";"Interseção de vias";"Sim";2;0;0;0;2;0;0;2;"-5.85758898";"-35.21271205";"SR-RN";"DEL15/1";"UOP01/RN"
195694;2019-03-08;"6";"07:30:00";"PR";376;528;"PONTA GROSSA";"Desobediência às normas de trânsito pelo condutor";"Colisão traseira";"Com Vítimas Feridas";"Pleno dia";"Crescente";"Chuva";"Dupla";"Não Informado";"Não";3;0;2;0;0;1;2;2;"-25.33411669";"-49.85609969";"SR-PR";"DEL7/3";"UOP03/PR"
195695;2019-03-08;"6";"08:00:00";"DF";80;28;"BRASILIA";"Velocidade Incompatível";"Colisão frontal";"Com Vítimas Feridas";"Pleno dia";"Crescente";"Céu Claro";"Simples";"Não Informado";"Não";2;0;0;1;1;0;1;2;"-15.59611386";"-48.20314765";"SR-DF";"DF";"UOP06/DF"
195696;2019-03-08;"6";"07:50:00";"CE";222;7,5;"CAUCAIA";"Não guardar distância de segurança";"Colisão traseira";"Com Vítimas Feridas";"Pleno dia";"Crescente";"Céu Claro";"Dupla";"Reta";"Não";3;0;1;0;2;0;1;2;"-3.736507";"-38.65337";"SR-CE";"DEL16/1";"UOP01/CE"
195697;2019-03-08;"6";"08:30:00";"PE";408;61,9;"CARPINA";"Ultrapassagem Indevida";"Colisão frontal";"Com Vítimas Fatais";"Pleno dia";"Decrescente";"Céu Claro";"Simples";"Curva";"Não";2;1;0;0;1;0;0;2;"-7.835165";"-35.244032";"SR-PE";"DEL11/1";"UOP01/PE"
195698;2019-03-08;"6";"07:30:00";"SC";280;7,1;"SAO FRANCISCO DO SUL";"Falta de Atenção à Condução";"Tombamento";"Com Vítimas Feridas";"Amanhecer";"Crescente";"Nublado";"Simples";"Reta";"Não";1;0;1;0;0;0;1;1;"-26.27127101";"-48.64129599";"SR-SC";"DEL8/3";"UOP03/SC"
195699;2019-03-08;"6";"06:30:00";"MG";153;203,3;"FRUTAL";"Velocidade Incompatível";"Saída de leito carroçável";"Sem Vítimas";"Amanhecer";"Crescente";"Nublado";"Simples";"Interseção de vias";"Não";1;0;0;0;1;0;0;1;"-20.01723093";"-49.04675064";"SR-MG";"DEL13";"UOP02/MG"
195700;2019-03-08;"6";"08:12:00";"PR";476;141;"CURITIBA";"Defeito Mecânico no Veículo";"Danos eventuais";"Com Vítimas Feridas";"Pleno dia";"Crescente";"Garoa/Chuvisco";"Múltipla";"Reta";"Sim";4;0;1;0;1;2;1;2;"-25.528614";"-49.298798";"SR-PR";"DEL7/1";"UOP06/PR"
195701;2019-03-08;"6";"08:55:00";"SC";282;232;"LAGES";"Desobediência às normas de trânsito pelo condutor";"Colisão frontal";"Com Vítimas Feridas";"Pleno dia";"Crescente";"Céu Claro";"Simples";"Reta";"Não";3;0;0;1;2;0;1;2;"-27.785076";"-50.445385";"SR-SC";"DEL8/5";"UOP02/SC"
195702;2019-03-08;"6";"07:40:00";"SP";116;147,2;"SAO JOSE DOS CAMPOS";"Falta de Atenção à Condução";"Colisão traseira";"Com Vítimas Feridas";"Pleno dia";"Decrescente";"Céu Claro";"Múltipla";"Reta";"Não";2;0;1;0;1;0;1;2;"-23.19542994";"-45.87176303";"SR-SP";"DEL6/2";"UOP01/SP"
195704;2019-03-07;"5";"23:38:00";"RS";290;655,9;"URUGUAIANA";"Falta de Atenção à Condução";"Colisão lateral";"Sem Vítimas";"Plena Noite";"Crescente";"Céu Claro";"Simples";"Reta";"Não";1;0;0;0;1;0;0;1;"-30.005001";"-56.468792";"SR-RS";"DEL9/13";"UOP01/RS"
195705;2019-03-08;"6";"08:45:00";"RS";386;264,6;"FONTOURA XAVIER";"Avarias e/ou desgaste excessivo no pneu";"Colisão frontal";"Com Vítimas Feridas";"Pleno dia";"Decrescente";"Chuva";"Simples";"Curva";"Não";4;0;3;0;1;0;3;3;"-28.93729388";"-52.37597823";"SR-RS";"DEL9/4";"UOP04/RS"
195706;2019-03-08;"6";"08:50:00";"PR";369;141;"IBIPORA";"Velocidade Incompatível";"Tombamento";"Com Vítimas Feridas";"Pleno dia";"Crescente";"Céu Claro";"Simples";"Não Informado";"Sim";1;0;1;0;0;0;1;1;"-23.27648926";"-51.06234846";"SR-PR";"DEL7/7";"UOP01/PR"
195707;2019-03-08;"6";"08:45:00";"PB";230;65,6;"SAO MIGUEL DE TAIPU";"Desobediência às normas de trânsito pelo condutor";"Colisão transversal";"Com Vítimas Feridas";"Pleno dia";"Crescente";"Sol";"Dupla";"Não Informado";"Não";2;0;1;0;0;1;1;2;"-7.1911";"-35.1832";"SR-PB";"DEL14/1";"UOP02/PB"
195708;2019-03-08;"6";"01:30:00";"BA";242;227;"ITABERABA";"Animais na Pista";"Colisão traseira";"Com Vítimas Feridas";"Plena Noite";"Decrescente";"Céu Claro";"Simples";"Não Informado";"Sim";41;0;0;1;40;0;1;2;"-12.51259728";"-40.29557913";"SR-BA";"DEL10/6";"UOP02/BA"
195709;2019-03-08;"6";"09:40:00";"SC";470;44;"GASPAR";"Não guardar distância de segurança";"Colisão traseira";"Sem Vítimas";"Pleno dia";"Crescente";"Céu Claro";"Simples";"Reta";"Não";3;0;0;0;3;0;0;3;"-26.870665";"-49.021896";"SR-SC";"DEL8/4";"UOP01/SC"
195710;2019-03-08;"6";"09:55:00";"PR";376;187;"MARIALVA";"Falta de Atenção à Condução";"Colisão traseira";"Com Vítimas Fatais";"Pleno dia";"Decrescente";"Céu Claro";"Dupla";"Reta";"Não";3;1;0;0;1;1;0;2;"-23.4584418";"-51.8429741";"SR-PR";"DEL7/7";"UOP04/PR"
195711;2019-03-08;"6";"05:10:00";"MG";381;932,1;"EXTREMA";"Falta de Atenção à Condução";"Colisão traseira";"Com Vítimas Feridas";"Amanhecer";"Crescente";"Céu Claro";"Dupla";"Curva";"Sim";3;0;2;0;1;0;2;2;"-22.81198015";"-46.28431295";"SR-MG";"DEL09";"UOP03/MG"
195712;2019-03-07;"5";"20:25:00";"GO";40;10;"LUZIANIA";"Falta de Atenção à Condução";"Colisão lateral";"Com Vítimas Feridas";"Plena Noite";"Crescente";"Nublado";"Dupla";"Reta";"Sim";2;0;1;0;1;0;1;2;"-16.131285";"-47.957923";"SR-DF";"GO";"UOP01/DF"
195713;2019-02-05;"3";"06:00:00";"PB";230;66;"SAO MIGUEL DE TAIPU";"Pista Escorregadia";"Saída de leito carroçável";"Com Vítimas Feridas";"Pleno dia";"Crescente";"Chuva";"Dupla";"Não Informado";"Não";7;0;1;0;5;1;1;5;"-7.18468688";"-35.19706341";"SR-PB";"DEL14/1";"UOP02/PB"
195714;2019-03-08;"6";"08:32:00";"PB";104;114;"LAGOA SECA";"Defeito Mecânico no Veículo";"Saída de leito carroçável";"Sem Vítimas";"Pleno dia";"Crescente";"Céu Claro";"Simples";"Reta";"Sim";2;0;0;0;2;0;0;2;"-7.1620139";"-35.85712429";"SR-PB";"DEL14/2";"UOP04/PB"
195715;2019-03-08;"6";"10:25:00";"RS";290;102,8;"PORTO ALEGRE";"Desobediência às normas de trânsito pelo condutor";"Colisão lateral";"Sem Vítimas";"Pleno dia";"Crescente";"Céu Claro";"Dupla";"Reta";"Não";2;0;0;0;1;1;0;2;"-29.987228";"-51.25613";"SR-RS";"DEL9/1";"UOP01/RS"
195716;2019-03-08;"6";"10:30:00";"PA";163;1002;"SANTAREM";"Não guardar distância de segurança";"Tombamento";"Com Vítimas Feridas";"Pleno dia";"Decrescente";"Céu Claro";"Simples";"Reta";"Sim";1;0;1;0;0;0;1;1;"-2.45567004";"-54.72854541";"SR-PA";"DEL19/5";"UOP01/PA"
195717;2019-03-08;"6";"07:30:00";"SC";116;162,3;"PONTE ALTA DO NORTE";"Falta de Atenção à Condução";"Tombamento";"Com Vítimas Feridas";"Pleno dia";"Crescente";"Nublado";"Simples";"Curva";"Não";1;0;1;0;0;0;1;1;"-27.12566109";"-50.45721887";"SR-SC";"DEL8/5";"UOP03/SC"
195719;2019-03-08;"6";"10:30:00";"RJ";493;109;"SEROPEDICA";"Velocidade Incompatível";"Colisão com objeto estático";"Com Vítimas Fatais";"Pleno dia";"Decrescente";"Céu Claro";"Dupla";"Reta";"Não";5;1;4;0;0;0;4;1;"-22.78095938";"-43.7490499";"SR-RJ";"DEL5/3";"UOP01/RJ"
195720;2019-03-08;"6";"10:55:00";"SP";116;94;"PINDAMONHANGABA";"Avarias e/ou desgaste excessivo no pneu";"Saída de leito carroçável";"Com Vítimas Feridas";"Pleno dia";"Decrescente";"Sol";"Dupla";"Reta";"Não";1;0;1;0;0;0;1;1;"-22.96083987";"-45.42156507";"SR-SP";"DEL6";"UOP01/SP"
195721;2019-03-08;"6";"10:45:00";"SC";282;106,7;"ALFREDO WAGNER";"Defeito na Via";"Saída de leito carroçável";"Com Vítimas Feridas";"Pleno dia";"Crescente";"Nublado";"Simples";"Reta";"Não";3;0;3;0;0;0;3;1;"-27.697609";"-49.344734";"SR-SC";"DEL8/1";"UOP03/SC"
195722;2019-03-08;"6";"11:45:00";"CE";222;5;"CAUCAIA";"Desobediência às normas de trânsito pelo condutor";"Colisão transversal";"Com Vítimas Feridas";"Pleno dia";"Decrescente";"Céu Claro";"Dupla";"Reta";"Sim";2;0;2;0;0;0;2;2;"-3.7438971";"-38.6183418";"SR-CE";"DEL16/1";"UOP01/CE"
195723;2019-03-08;"6";"10:50:00";"PR";369;172,7;"ROLANDIA";"Falta de Atenção à Condução";"Colisão transversal";"Com Vítimas Feridas";"Pleno dia";"Crescente";"Sol";"Simples";"Reta";"Sim";2;0;1;0;0;1;1;2;"-23.30623735";"-51.3634336";"SR-PR";"DEL7/7";"UOP01/PR"
195724;2019-03-08;"6";"10:25:00";"RS";287;353;"JAGUARI";"Velocidade Incompatível";"Saída de leito carroçável";"Com Vítimas Feridas";"Pleno dia";"Crescente";"Céu Claro";"Simples";"Não Informado";"Não";1;0;0;1;0;0;1;1;"-29.48975959";"-54.68065023";"SR-RS";"DEL9/12";"UOP02/RS"
195725;2019-03-08;"6";"11:45:00";"SP";153;205,7;"GETULINA";"Desobediência às normas de trânsito pelo condutor";"Tombamento";"Com Vítimas Feridas";"Pleno dia";"Decrescente";"Céu Claro";"Simples";"Desvio Temporário";"Não";2;0;1;0;0;1;1;1;"-21.864478";"-49.906608";"SR-SP";"DEL6/07";"UOP02/SP"
195726;2019-03-08;"6";"11:35:00";"RS";470;215,1;"BENTO GONCALVES";"Desobediência às normas de trânsito pelo condutor";"Queda de ocupante de veículo";"Com Vítimas Feridas";"Pleno dia";"Crescente";"Chuva";"Simples";"Não Informado";"Sim";3;0;1;0;1;1;1;2;"-29.16023696";"-51.52877659";"SR-RS";"DEL9/6";"UOP01/RS"
195727;2019-03-08;"6";"12:09:00";"GO";153;497,1;"GOIANIA";"Fenômenos da Natureza";"Colisão com objeto estático";"Com Vítimas Feridas";"Pleno dia";"Crescente";"Chuva";"Múltipla";"Reta";"Sim";2;0;1;0;1;0;1;1;"-16.6854";"-49.2338";"SR-GO";"DEL1/1";"UOP01/GO"