"id";"data_inversa";"dia_semana";"horario";"uf";"br";"km";"municipio";"causa_acidente";"tipo_acidente";"classificacao_acidente";"fase_dia";"sentido_via";"condicao_metereologica";"tipo_pista";"tracado_via";"uso_solo";"pessoas";"mortos";"feridos_leves";"feridos_graves";"ilesos";"ignorados";"feridos";"veiculos";"latitude";"longitude";"regional";"delegacia";"uop"
195728;2019-03-08;"6";"12:04:00";"PR";277;454;"LARANJEIRAS DO SUL";"Desobediência às normas de trânsito pelo condutor";"Colisão transversal";"Com Vítimas Feridas";"Pleno dia";"Decrescente";"Céu Claro";"Simples";"Interseção de vias";"Não";2;0;2;0;0;0;2;2;"-25.38553376";"-52.41061276";"SR-PR";"DEL7/4";"UOP03/PR"
195729;2019-03-08;"6";"11:30:00";"RJ";116;142;"DUQUE DE CAXIAS";"Falta de Atenção à Condução";"Colisão lateral";"Com Vítimas Feridas";"Pleno dia";"Decrescente";"Céu Claro";"Dupla";"Reta";"Não";4;0;3;0;1;0;3;2;"-22.64922485";"-43.23171616";"SR-RJ";"DEL5/4";"UOP02/RJ"
195730;2019-03-08;"6";"12:29:00";"RS";290;91,3;"PORTO ALEGRE";"Desobediência às normas de trânsito pelo condutor";"Colisão transversal";"Com Vítimas Feridas";"Pleno dia";"Decrescente";"Céu Claro";"Simples";"Reta";"Não";2;0;1;0;1;0;1;2;"-29.969055";"-51.167439";"SR-RS";"DEL9/1";"UOP01/RS"
195731;2019-03-08;"6";"12:00:00";"RJ";116;125;"MAGE";"Falta de Atenção à Condução";"Derramamento de carga";"Sem Vítimas";"Pleno dia";"Decrescente";"Céu Claro";"Dupla";"Curva";"Sim";1;0;0;0;1;0;0;1;"-22.65156898";"-43.07769901";"SR-RJ";"DEL5/4";"UOP02/RJ"
195732;2019-03-08;"6";"11:30:00";"PB";101;60,5;"SANTA RITA";"Condutor Dormindo";"Saída de leito carroçável";"Com Vítimas Feridas";"Pleno dia";"Crescente";"Sol";"Dupla";"Não Informado";"Não";1;0;1;0;0;0;1;1;"-7.00141407";"-35.06459811";"SR-PB";"DEL14/1";"UOP03/PB"
195733;2019-03-08;"6";"11:50:00";"RO";364;20,3;"VILHENA";"Falta de Atenção à Condução";"Saída de leito carroçável";"Com Vítimas Feridas";"Pleno dia";"Decrescente";"Garoa/Chuvisco";"Simples";"Desvio Temporário";"Não";9;0;8;0;1;0;8;1;"-12.72595705";"-60.192765";"SR-RO";"DEL21/4";"UOP01/RO"
195734;2019-03-08;"6";"12:50:00";"MG";40;468;"SETE LAGOAS";"Falta de Atenção do Pedestre";"Atropelamento de Pedestre";"Com Vítimas Feridas";"Pleno dia";"Crescente";"Céu Claro";"Dupla";"Reta";"Sim";2;0;1;0;0;1;1;1;"-19.45630182";"-44.30941888";"SR-MG";"DEL4/2";"UOP01/MG"
195735;2019-03-08;"6";"12:50:00";"PR";116;16,5;"COLOMBO";"Não guardar distância de segurança";"Colisão traseira";"Com Vítimas Feridas";"Pleno dia";"Crescente";"Nublado";"Dupla";"Reta";"Sim";2;0;1;0;1;0;1;2;"-25.38754865";"-49.17837203";"SR-PR";"DEL7/1";"UOP02/PR"
195736;2019-03-08;"6";"12:05:00";"MG";381;897;"CAMBUI";"Condutor Dormindo";"Colisão com objeto estático";"Com Vítimas Feridas";"Pleno dia";"Decrescente";"Nublado";"Dupla";"Reta";"Sim";1;0;1;0;0;0;1;1;"-22.60003072";"-46.05751991";"SR-MG";"DEL09";"UOP03/MG"
195737;2019-03-08;"6";"13:10:00";"SC";101;136,8;"BALNEARIO CAMBORIU";"Falta de Atenção à Condução";"Colisão traseira";"Com Vítimas Feridas";"Pleno dia";"Decrescente";"Céu Claro";"Dupla";"Reta";"Sim";2;0;0;1;1;0;1;2;"-27.008113";"-48.617245";"SR-SC";"DEL8/4";"UOP03/SC"
195739;2019-03-08;"6";"12:50:00";"PR";376;171,6;"MARINGA";"Falta de Atenção à Condução";"Colisão traseira";"Com Vítimas Feridas";"Pleno dia";"Decrescente";"Nublado";"Dupla";"Reta";"Sim";3;0;1;0;2;0;1;2;"-23.41822772";"-51.97500595";"SR-PR";"DEL7/7";"UOP04/PR"
195740;2019-03-08;"6";"12:00:00";"RJ";356;112;"CARDOSO MOREIRA";"Falta de Atenção à Condução";"Tombamento";"Com Vítimas Feridas";"Pleno dia";"Crescente";"Céu Claro";"Simples";"Reta";"Não";1;0;1;0;0;0;1;1;"-21.57390604";"-41.44489732";"SR-RJ";"DEL5/8";"UOP03/RJ"
195741;2019-03-08;"6";"13:45:00";"SC";101;137,7;"BALNEARIO CAMBORIU";"Falta de Atenção à Condução";"Colisão lateral";"Com Vítimas Feridas";"Pleno dia";"Decrescente";"Sol";"Dupla";"Reta";"Sim";2;0;1;0;1;0;1;2;"-27.0157238";"-48.61192763";"SR-SC";"DEL8/4";"UOP03/SC"
195742;2019-03-08;"6";"13:45:00";"ES";101;443,5;"MIMOSO DO SUL";"Condutor Dormindo";"Colisão lateral";"Com Vítimas Feridas";"Pleno dia";"Crescente";"Céu Claro";"Simples";"Curva";"Não";2;0;1;0;1;0;1;2;"-21.09789425";"-41.25305078";"SR-ES";"DEL12/3";"UOP02/ES"
195743;2019-03-08;"6";"13:40:00";"CE";20;408;"CAUCAIA";"Falta de Atenção à Condução";"Colisão lateral";"Com Vítimas Feridas";"Pleno dia";"Crescente";"Céu Claro";"Dupla";"Reta";"Sim";2;0;1;0;1;0;1;2;"-3.76999035";"-38.67006282";"SR-CE";"DEL16/1";"UOP01/CE"
195744;2019-03-08;"6";"13:45:00";"ES";101;68,1;"SAO MATEUS";"Defeito Mecânico no Veículo";"Colisão lateral";"Com Vítimas Feridas";"Pleno dia";"Decrescente";"Sol";"Simples";"Rotatória";"Sim";3;0;0;1;1;1;1;2;"-18.726597";"-39.85975";"SR-ES";"DEL12/4";"UOP02/ES"
195745;2019-03-08;"6";"12:55:00";"RS";290;24,8;"SANTO ANTONIO DA PATRULHA";"Condutor Dormindo";"Saída de leito carroçável";"Com Vítimas Feridas";"Pleno dia";"Decrescente";"Céu Claro";"Múltipla";"Reta";"Não";2;0;1;0;1;0;1;1;"-29.882015";"-50.493973";"SR-RS";"DEL9/3";"UOP02/RS"
195746;2019-02-12;"3";"12:15:00";"AL";104;38,8;"UNIAO DOS PALMARES";"Falta de Atenção do Pedestre";"Atropelamento de Pedestre";"Com Vítimas Feridas";"Pleno dia";"Decrescente";"Nublado";"Simples";"Reta";"Não";2;0;0;1;1;0;1;1;"-9.18961146";"-36.02715254";"SR-AL";"DEL13/1";"UOP02/AL"
195748;2019-03-08;"6";"14:15:00";"PR";376;149;"PRESIDENTE CASTELO BRANCO";"Falta de Atenção à Condução";"Colisão traseira";"Com Vítimas Feridas";"Pleno dia";"Crescente";"Garoa/Chuvisco";"Dupla";"Reta";"Não";4;0;1;0;3;0;1;2;"-23.29216468";"-52.12876506";"SR-PR";"DEL7/7";"UOP04/PR"
195749;2019-03-08;"6";"13:20:00";"ES";101;343,3;"GUARAPARI";"Falta de Atenção à Condução";"Colisão lateral";"Sem Vítimas";"Pleno dia";"Crescente";"Sol";"Simples";"Curva";"Não";2;0;0;0;2;0;0;2;"-20.66191662";"-40.59045821";"SR-ES";"DEL12/3";"UOP01/ES"
195750;2019-03-08;"6";"13:30:00";"SC";280;68;"JARAGUA DO SUL";"Falta de Atenção à Condução";"Colisão transversal";"Com Vítimas Feridas";"Pleno dia";"Crescente";"Nublado";"Simples";"Reta";"Não";2;0;1;0;1;0;1;2;"-26.47277719";"-49.11098612";"SR-SC";"DEL8/3";"UOP03/SC"
195751;2019-03-08;"6";"08:20:00";"RS";285;119;"VACARIA";"Não guardar distância de segurança";"Colisão traseira";"Com Vítimas Feridas";"Pleno dia";"Decrescente";"Céu Claro";"Simples";"Reta";"Sim";3;0;1;1;1;0;2;2;"-28.501478";"-50.919212";"SR-RS";"DEL9/5";"UOP03/RS"
195753;2019-03-08;"6";"13:40:00";"MG";116;511,2;"UBAPORANGA";"Ingestão de Álcool";"Colisão frontal";"Com Vítimas Feridas";"Pleno dia";"Decrescente";"Céu Claro";"Simples";"Curva";"Sim";3;0;1;1;1;0;2;2;"-19.65371791";"-42.11137522";"SR-MG";"DEL4/6";"UOP02/MG"
195754;2019-03-08;"6";"14:25:00";"RS";287;247,9;"SANTA MARIA";"Não guardar distância de segurança";"Colisão traseira";"Com Vítimas Feridas";"Pleno dia";"Decrescente";"Garoa/Chuvisco";"Simples";"Não Informado";"Sim";3;0;1;0;2;0;1;2;"-29.69991534";"-53.84176017";"SR-RS";"DEL9/9";"UOP01/RS"
195755;2019-03-08;"6";"16:10:00";"PE";232;106;"BEZERROS";"Falta de Atenção à Condução";"Saída de leito carroçável";"Com Vítimas Feridas";"Pleno dia";"Decrescente";"Céu Claro";"Dupla";"Reta";"Não";1;0;0;1;0;0;1;1;"-8.26300269";"-35.79029821";"SR-PE";"DEL11/2";"UOP02/PE"
195756;2019-03-08;"6";"13:30:00";"GO";364;74,3;"CACHOEIRA ALTA";"Defeito Mecânico no Veículo";"Capotamento";"Com Vítimas Feridas";"Pleno dia";"Crescente";"Céu Claro";"Simples";"Reta";"Não";1;0;1;0;0;0;1;1;"-18.62234902";"-51.03120983";"SR-GO";"DEL1/5";"UOP02/GO"
195757;2019-03-08;"6";"15:17:00";"PE";408;64,7;"CARPINA";"Desobediência às normas de trânsito pelo condutor";"Capotamento";"Com Vítimas Fatais";"Pleno dia";"Crescente";"Sol";"Dupla";"Reta";"Sim";2;1;0;0;0;1;0;2;"-7.846511";"-35.24029";"SR-PE";"DEL11/1";"UOP01/PE"
195758;2019-03-08;"6";"15:15:00";"PR";277;132,4;"CAMPO LARGO";"Falta de Atenção à Condução";"Tombamento";"Sem Vítimas";"Pleno dia";"Crescente";"Céu Claro";"Dupla";"Não Informado";"Não";1;0;0;0;1;0;0;1;"-25.4720858";"-49.681433";"SR-PR";"DEL7/1";"UOP05/PR"
195759;2019-03-08;"6";"14:25:00";"RO";364;700;"PORTO VELHO";"Desobediência às normas de trânsito pelo condutor";"Colisão traseira";"Com Vítimas Feridas";"Pleno dia";"Crescente";"Céu Claro";"Dupla";"Reta";"Não";3;0;1;0;2;0;1;2;"-8.80049426";"-63.76902";"SR-RO";"DEL21/1";"UOP01/RO"
195760;2019-03-08;"6";"16:10:00";"SC";101;322,9;"CAPIVARI DE BAIXO";"Objeto estático sobre o leito carroçável";"Queda de ocupante de veículo";"Com Vítimas Feridas";"Pleno dia";"Decrescente";"Céu Claro";"Dupla";"Não Informado";"Não";1;0;1;0;0;0;1;1;"-28.42491971";"-48.90238108";"SR-SC";"DEL8/2";"UOP01/SC"
195761;2019-03-08;"6";"15:50:00";"SP";101;47,8;"UBATUBA";"Falta de Atenção à Condução";"Colisão transversal";"Com Vítimas Feridas";"Pleno dia";"Crescente";"Sol";"Simples";"Rotatória";"Sim";2;0;1;0;1;0;1;2;"-23.43371784";"-45.0861311";"SR-SP";"DEL6";"UOP03/SP"
195762;2019-03-08;"6";"16:00:00";"PE";101;77,8;"RECIFE";"Desobediência às normas de trânsito pelo condutor";"Colisão transversal";"Com Vítimas Feridas";"Pleno dia";"Crescente";"Sol";"Simples";"Reta";"Sim";2;0;0;1;1;0;1;2;"-8.126982";"-34.94386";"SR-PE";"DEL11/1";"UOP01/PE"
195763;2019-03-08;"6";"16:15:00";"PR";369;106,5;"URAI";"Desobediência às normas de trânsito pelo condutor";"Colisão lateral";"Com Vítimas Feridas";"Pleno dia";"Crescente";"Céu Claro";"Simples";"Desvio Temporário";"Não";2;0;0;1;1;0;1;2;"-23.25688911";"-50.76636314";"SR-PR";"DEL7/7";"UOP06/PR"
195764;2019-03-08;"6";"16:15:00";"PE";101;49,7;"ABREU E LIMA";"Falta de Atenção do Pedestre";"Atropelamento de Pedestre";"Com Vítimas Feridas";"Pleno dia";"Crescente";"Céu Claro";"Múltipla";"Reta";"Sim";2;0;0;1;1;0;1;1;"-7.9005152";"-34.90180641";"SR-PE";"DEL11/1";"UOP02/PE"
195766;2019-03-08;"6";"12:45:00";"SE";235;54;"ITABAIANA";"Falta de Atenção à Condução";"Colisão transversal";"Com Vítimas Feridas";"Pleno dia";"Decrescente";"Sol";"Simples";"Reta";"Sim";2;0;0;1;1;0;1;2;"-10.676047";"-37.443279";"SR-SE";"DEL20/1";"UOP02/SE"
195768;2019-03-08;"6";"15:05:00";"MG";381;940;"EXTREMA";"Falta de Atenção à Condução";"Tombamento";"Com Vítimas Feridas";"Pleno dia";"Decrescente";"Céu Claro";"Dupla";"Curva";"Sim";1;0;1;0;0;0;1;1;"-22.85421396";"-46.33740277";"SR-MG";"DEL09";"UOP03/MG"
195769;2019-03-08;"6";"15:30:00";"GO";364;203,5;"JATAI";"Falta de Atenção à Condução";"Colisão traseira";"Sem Vítimas";"Pleno dia";"Decrescente";"Nublado";"Simples";"Reta";"Não";2;0;0;0;2;0;0;2;"-17.909494";"-51.782795";"SR-GO";"DEL1/5";"UOP01/GO"
195770;2019-03-08;"6";"16:05:00";"SC";116;193,1;"PONTE ALTA";"Velocidade Incompatível";"Tombamento";"Com Vítimas Feridas";"Pleno dia";"Decrescente";"Nublado";"Simples";"Curva";"Não";3;0;3;0;0;0;3;1;"-27.37129308";"-50.42970441";"SR-SC";"DEL8/5";"UOP03/SC"
195771;2019-03-08;"6";"16:39:00";"PA";155;327;"MARABA";"Defeito na Via";"Queda de ocupante de veículo";"Com Vítimas Feridas";"Pleno dia";"Crescente";"Céu Claro";"Simples";"Reta";"Não";1;0;1;0;0;0;1;1;"-5.51314591";"-49.07405227";"SR-PA";"DEL19/3";"UOP01/PA"
195772;2019-03-08;"6";"16:00:00";"ES";262;90,9;"1S MARTINS";"Ingestão de Álcool";"Tombamento";"Sem Vítimas";"Pleno dia";"Decrescente";"Nublado";"Múltipla";"Interseção de vias";"Sim";1;0;0;0;1;0;0;1;"-20.37864461";"-41.03293777";"SR-ES";"DEL12/1";"UOP02/ES"
195773;2019-03-08;"6";"16:00:00";"PR";376;182;"MARINGA";"Desobediência às normas de trânsito pelo condutor";"Colisão transversal";"Com Vítimas Feridas";"Pleno dia";"Crescente";"Chuva";"Múltipla";"Rotatória";"Sim";3;0;0;1;2;0;1;3;"-23.43684112";"-51.87880764";"SR-PR";"DEL7/7";"UOP04/PR"
195774;2019-03-08;"6";"13:00:00";"CE";222;98;"UMIRIM";"Pista Escorregadia";"Colisão com objeto estático";"Com Vítimas Feridas";"Pleno dia";"Crescente";"Chuva";"Simples";"Reta";"Não";2;0;2;0;0;0;2;1;"-3.71746887";"-39.40524604";"SR-CE";"DEL16/4";"UOP03/CE"
195775;2019-03-08;"6";"12:15:00";"SC";280;33,2;"ARAQUARI";"Falta de Atenção à Condução";"Colisão transversal";"Com Vítimas Feridas";"Pleno dia";"Decrescente";"Nublado";"Simples";"Reta";"Não";4;0;4;0;0;0;4;2;"-26.42638586";"-48.78844857";"SR-SC";"DEL8/3";"UOP03/SC"
195776;2019-03-08;"6";"16:45:00";"PB";230;25;"JOAO PESSOA";"Não guardar distância de segurança";"Colisão traseira";"Sem Vítimas";"Pleno dia";"Crescente";"Sol";"Dupla";"Interseção de vias";"Sim";3;0;0;0;3;0;0;3;"-7.165266";"-34.894441";"SR-PB";"DEL14/1";"UOP00/PB"
195777;2019-03-08;"6";"15:00:00";"SC";280;55,1;"GUARAMIRIM";"Falta de Atenção à Condução";"Colisão transversal";"Com Vítimas Feridas";"Pleno dia";"Decrescente";"Sol";"Simples";"Reta";"Sim";3;0;2;0;1;0;2;2;"-26.47731968";"-48.99704397";"SR-SC";"DEL8/3";"UOP03/SC"
195778;2019-03-08;"6";"16:00:00";"PI";316;4,6;"TERESINA";"Falta de Atenção à Condução";"Colisão lateral";"Sem Vítimas";"Pleno dia";"Crescente";"Céu Claro";"Múltipla";"Reta";"Não";2;0;0;0;2;0;0;2;"-5.13655894";"-42.78900388";"SR-PI";"DEL17/1";"UOP02/PI"
195779;2019-03-08;"6";"17:18:00";"PR";376;292;"MAUA DA SERRA";"Pista Escorregadia";"Tombamento";"Com Vítimas Feridas";"Pleno dia";"Crescente";"Chuva";"Simples";"Reta";"Sim";1;0;1;0;0;0;1;1;"-23.91151143";"-51.18467934";"SR-PR";"DEL7/7";"UOP02/PR"
195781;2019-03-08;"6";"17:10:00";"SE";101;18,4;"SAO FRANCISCO";"Desobediência às normas de trânsito pelo condutor";"Colisão lateral";"Com Vítimas Feridas";"Pleno dia";"Crescente";"Sol";"Dupla";"Não Informado";"Não";2;0;0;1;1;0;1;2;"-10.34945479";"-36.90020084";"SR-SE";"DEL20/2";"UOP02/SE"
195782;2019-03-08;"6";"15:30:00";"MG";381;429;"SABARA";"Falta de Atenção à Condução";"Colisão traseira";"Sem Vítimas";"Pleno dia";"Decrescente";"Céu Claro";"Simples";"Não Informado";"Não";3;0;0;0;3;0;0;3;"-19.7865074";"-43.66945803";"SR-MG";"DEL4/1";"UOP01/MG"
195783;2019-03-08;"6";"17:00:00";"SC";282;0,4;"FLORIANOPOLIS";"Falta de Atenção à Condução";"Colisão transversal";"Com Vítimas Feridas";"Pleno dia";"Crescente";"Céu Claro";"Dupla";"Reta";"Não";4;0;2;0;2;0;2;3;"-27.59845";"-48.571995";"SR-SC";"DEL8/1";"UOP01/SC"
195784;2019-03-08;"6";"17:05:00";"RS";116;260,8;"CANOAS";"Avarias e/ou desgaste excessivo no pneu";"Tombamento";"Com Vítimas Feridas";"Pleno dia";"Decrescente";"Céu Claro";"Dupla";"Reta";"Sim";1;0;1;0;0;0;1;1;"-29.88415081";"-51.18032455";"SR-RS";"DEL9/1";"UOP01/RS"
195785;2019-03-08;"6";"16:20:00";"RS";116;418,7;"CRISTAL";"Desobediência às normas de trânsito pelo condutor";"Colisão transversal";"Com Vítimas Feridas";"Pleno dia";"Crescente";"Chuva";"Simples";"Reta";"Não";3;0;1;0;2;0;1;2;"-30.95241694";"-51.96069403";"SR-RS";"DEL9/2";"UOP02/RS"
195786;2019-03-08;"6";"17:10:00";"PE";101;74;"RECIFE";"Velocidade Incompatível";"Tombamento";"Com Vítimas Feridas";"Pleno dia";"Decrescente";"Céu Claro";"Simples";"Curva";"Não";1;0;1;0;0;0;1;1;"-8.102984";"-34.948243";"SR-PE";"DEL11/1";"UOP01/PE"
195787;2019-03-08;"6";"17:25:00";"SC";101;21;"JOINVILLE";"Ingestão de Álcool";"Tombamento";"Com Vítimas Feridas";"Pleno dia";"Decrescente";"Sol";"Dupla";"Curva";"Não";1;0;1;0;0;0;1;1;"-26.14793022";"-48.90894562";"SR-SC";"DEL8/3";"UOP01/SC"
195788;2019-03-08;"6";"17:10:00";"GO";153;499,5;"GOIANIA";"Velocidade Incompatível";"Colisão traseira";"Com Vítimas Feridas";"Anoitecer";"Crescente";"Nublado";"Dupla";"Não Informado";"Sim";4;0;1;1;2;0;2;2;"-16.7033";"-49.2311";"SR-GO";"DEL1/1";"UOP01/GO"
195790;2019-03-08;"6";"16:10:00";"SC";101;416,7;"ARARANGUA";"Avarias e/ou desgaste excessivo no pneu";"Tombamento";"Com Vítimas Feridas";"Pleno dia";"Crescente";"Nublado";"Dupla";"Reta";"Não";1;0;1;0;0;0;1;1;"-28.96708874";"-49.52338825";"SR-SC";"DEL8/2";"UOP02/SC"
195791;2019-03-08;"6";"17:45:00";"ES";101;145;"LINHARES";"Velocidade Incompatível";"Colisão lateral";"Com Vítimas Feridas";"Anoitecer";"Crescente";"Céu Claro";"Simples";"Reta";"Sim";2;0;1;0;1;0;1;2;"-19.36089598";"-40.06464018";"SR-ES";"DEL12/4";"UOP01/ES"
195792;2019-03-08;"6";"18:00:00";"RS";285;300;"PASSO FUNDO";"Falta de Atenção à Condução";"Colisão frontal";"Com Vítimas Feridas";"Pleno dia";"Crescente";"Nublado";"Simples";"Reta";"Não";2;0;2;0;0;0;2;2;"-28.229494";"-52.441837";"SR-RS";"DEL08";"UOP03/RS"
195793;2019-03-08;"6";"15:40:00";"MG";262;32;"MANHUACU";"Falta de Atenção à Condução";"Colisão transversal";"Com Vítimas Fatais";"Pleno dia";"Decrescente";"Céu Claro";"Simples";"Reta";"Não";2;1;0;0;1;0;0;2;"-20.25556389";"-41.99814902";"SR-MG";"DEL4/6";"UOP04/MG"
195795;2019-03-08;"6";"18:15:00";"ES";101;1,5;"SERRA";"Desobediência às normas de trânsito pelo condutor";"Colisão lateral";"Com Vítimas Feridas";"Plena Noite";"Decrescente";"Céu Claro";"Dupla";"Reta";"Sim";3;0;1;0;1;1;1;2;"-20.24542997";"-40.28288148";"SR-ES";"DEL12/2";"UOP01/ES"
195796;2019-03-08;"6";"17:30:00";"RN";101;106;"PARNAMIRIM";"Falta de Atenção à Condução";"Colisão lateral";"Com Vítimas Feridas";"Plena Noite";"Decrescente";"Céu Claro";"Simples";"Reta";"Sim";2;0;1;0;1;0;1;2;"-5.91056401";"-35.26130795";"SR-RN";"DEL15/1";"UOP01/RN"
195797;2019-03-08;"6";"18:10:00";"SP";116;149,7;"SAO JOSE DOS CAMPOS";"Falta de Atenção à Condução";"Colisão traseira";"Com Vítimas Feridas";"Anoitecer";"Crescente";"Sol";"Múltipla";"Não Informado";"Sim";2;0;1;0;1;0;1;2;"-23.20700047";"-45.88626861";"SR-SP";"DEL6/2";"UOP01/SP"
195798;2019-03-08;"6";"18:15:00";"MG";381;453,9;"SABARA";"Animais na Pista";"Atropelamento de Animal";"Com Vítimas Feridas";"Anoitecer";"Decrescente";"Céu Claro";"Simples";"Reta";"Sim";1;0;1;0;0;0;1;1;"-19.85197588";"-43.88851019";"SR-MG";"DEL4/1";"UOP01/MG"
195799;2019-03-08;"6";"17:52:00";"PE";101;64;"RECIFE";"Falta de Atenção à Condução";"Colisão transversal";"Com Vítimas Feridas";"Anoitecer";"Decrescente";"Nublado";"Múltipla";"Reta";"Sim";2;0;1;0;1;0;1;2;"-8.018544";"-34.941818";"SR-PE";"DEL11/1";"UOP01/PE"
195800;2019-03-08;"6";"18:45:00";"MG";365;620;"UBERLANDIA";"Pista Escorregadia";"Colisão lateral";"Com Vítimas Feridas";"Plena Noite";"Crescente";"Céu Claro";"Dupla";"Reta";"Não";3;0;2;0;1;0;2;2;"-18.90349687";"-48.28130603";"SR-MG";"DEL4/15";"UOP01/MG"
195801;2019-03-08;"6";"14:40:00";"MG";116;16,6;"CACHOEIRA DE PAJEU";"Defeito Mecânico no Veículo";"Incêndio";"Sem Vítimas";"Pleno dia";"Decrescente";"Céu Claro";"Simples";"Reta";"Não";1;0;0;0;1;0;0;1;"-15.81176708";"-41.38078596";"SR-BA";"DEL10/8";"UOP03/BA"
195802;2019-03-08;"6";"14:20:00";"MT";174;255;"VALE DE SAO 1S";"Falta de Atenção à Condução";"Colisão traseira";"Com Vítimas Feridas";"Pleno dia";"Crescente";"Céu Claro";"Simples";"Reta";"Não";2;0;0;1;1;0;1;2;"-15.45834474";"-59.09723762";"SR-MT";"DEL2/7";"UOP01/MT"
195803;2019-03-08;"6";"18:30:00";"PR";163;194,5;"SANTA TEREZA DO OESTE";"Pista Escorregadia";"Saída de leito carroçável";"Com Vítimas Feridas";"Plena Noite";"Crescente";"Chuva";"Dupla";"Curva";"Não";1;0;1;0;0;0;1;1;"-25.047568";"-53.55674";"SR-PR";"DEL7/4";"UOP06/PR"
195804;2019-03-08;"6";"18:00:00";"SP";381;7;"VARGEM";"Desobediência às normas de trânsito pelo condutor";"Colisão lateral";"Com Vítimas Feridas";"Anoitecer";"Decrescente";"Nublado";"Dupla";"Reta";"Não";3;0;1;0;1;1;1;3;"-22.905385";"-46.422421";"SR-SP";"DEL6/3";"UOP01/SP"
195805;2019-03-08;"6";"18:45:00";"RS";392;352,4;"SANTA MARIA";"Não guardar distância de segurança";"Colisão traseira";"Com Vítimas Feridas";"Plena Noite";"Decrescente";"Chuva";"Simples";"Reta";"Sim";4;0;1;0;3;0;1;3;"-29.720404";"-53.807632";"SR-RS";"DEL9/9";"UOP01/RS"
195806;2019-03-08;"6";"16:30:00";"BA";110;364;"CATU";"Ingestão de Álcool";"Colisão lateral";"Com Vítimas Feridas";"Pleno dia";"Decrescente";"Céu Claro";"Simples";"Reta";"Não";2;0;2;0;0;0;2;2;"-12.34733568";"-38.38847001";"SR-BA";"DEL10/1";"UOP04/BA"
195807;2019-03-08;"6";"18:00:00";"RJ";493;68;"NOVA IGUACU";"Falta de Atenção à Condução";"Saída de leito carroçável";"Com Vítimas Feridas";"Anoitecer";"Decrescente";"Céu Claro";"Dupla";"Reta";"Não";5;0;1;0;4;0;1;3;"-22.681841";"-43.456564";"SR-RJ";"DEL5/1";"UOP03/RJ"
195808;2019-03-08;"6";"19:20:00";"RS";293;1;"PELOTAS";"Não guardar distância de segurança";"Colisão traseira";"Com Vítimas Feridas";"Plena Noite";"Decrescente";"Chuva";"Simples";"Reta";"Sim";4;0;1;0;3;0;1;2;"-31.760326";"-52.356205";"SR-RS";"DEL9/7";"UOP01/RS"
195809;2019-03-08;"6";"18:15:00";"MS";163;255,3;"DOURADOS";"Desobediência às normas de trânsito pelo condutor";"Colisão traseira";"Com Vítimas Feridas";"Anoitecer";"Crescente";"Céu Claro";"Dupla";"Reta";"Sim";2;0;1;0;1;0;1;2;"-22.2109474";"-54.7133088";"SR-MS";"DEL3/4";"UOP01/MS"
195810;2019-03-08;"6";"19:00:00";"PR";158;529;"PATO BRANCO";"Falta de Atenção à Condução";"Saída de leito carroçável";"Com Vítimas Feridas";"Plena Noite";"Decrescente";"Chuva";"Simples";"Curva";"Sim";2;0;1;1;0;0;2;1;"-26.18598618";"-52.66855971";"SR-PR";"DEL7/2";"UOP01/PR"
195811;2019-03-08;"6";"17:45:00";"SC";101;135;"BALNEARIO CAMBORIU";"Falta de Atenção à Condução";"Colisão traseira";"Com Vítimas Feridas";"Pleno dia";"Decrescente";"Céu Claro";"Dupla";"Reta";"Sim";3;0;1;0;2;0;1;3;"-27.0050108";"-48.62677494";"SR-SC";"DEL8/4";"UOP03/SC"
195812;2019-03-08;"6";"18:30:00";"RS";285;204,5;"LAGOA VERMELHA";"Falta de Atenção à Condução";"Colisão frontal";"Com Vítimas Fatais";"Anoitecer";"Decrescente";"Nublado";"Simples";"Desvio Temporário";"Não";9;1;5;1;2;0;6;5;"-28.214172";"-51.570881";"SR-RS";"DEL08";"UOP05/RS"
195813;2019-03-08;"6";"17:10:00";"PB";230;454,8;"SOUSA";"Animais na Pista";"Atropelamento de Animal";"Com Vítimas Feridas";"Pleno dia";"Crescente";"Céu Claro";"Simples";"Reta";"Não";2;0;1;1;0;0;2;1;"-6.779642";"-38.163119";"SR-PB";"DEL14/3";"UOP03/PB"
195814;2019-03-08;"6";"19:10:00";"SP";381;78,8;"SAO PAULO";"Defeito Mecânico no Veículo";"Colisão traseira";"Com Vítimas Feridas";"Plena Noite";"Crescente";"Céu Claro";"Dupla";"Não Informado";"Sim";18;0;17;0;1;0;17;2;"-23.39620774";"-46.57355227";"SR-SP";"DEL6/3";"UOP02/SP"
195815;2019-03-08;"6";"14:10:00";"SC";163;117,2;"DIONISIO CERQUEIRA";"Ingestão de Álcool";"Saída de leito carroçável";"Sem Vítimas";"Pleno dia";"Crescente";"Nublado";"Simples";"Não Informado";"Não";1;0;0;0;1;0;0;1;"-26.35440989";"-53.54347981";"SR-SC";"DEL7";"UOP04/SC"
195816;2019-03-08;"6";"18:15:00";"PR";369;137;"IBIPORA";"Desobediência às normas de trânsito pelo condutor";"Colisão transversal";"Com Vítimas Feridas";"Anoitecer";"Decrescente";"Nublado";"Simples";"Rotatória";"Sim";3;0;2;0;0;1;2;2;"-23.2707454";"-51.04451358";"SR-PR";"DEL7/7";"UOP01/PR"