"id";"data_inversa";"dia_semana";"horario";"uf";"br";"km";"municipio";"causa_acidente";"tipo_acidente";"classificacao_acidente";"fase_dia";"sentido_via";"condicao_metereologica";"tipo_pista";"tracado_via";"uso_solo";"pessoas";"mortos";"feridos_leves";"feridos_graves";"ilesos";"ignorados";"feridos";"veiculos";"latitude";"longitude";"regional";"delegacia";"uop"
195906;2019-03-09;"7";"07:50:00";"PR";277;722,6;"FOZ DO IGUACU";"Falta de Atenção à Condução";"Colisão lateral";"Com Vítimas Feridas";"Pleno dia";"Crescente";"Céu Claro";"Dupla";"Reta";"Sim";2;0;1;0;1;0;1;2;"-25.49494908";"-54.52095097";"SR-PR";"DEL7/5";"UOP01/PR"
195907;2019-03-09;"7";"08:30:00";"PR";476;108;"COLOMBO";"Velocidade Incompatível";"Tombamento";"Sem Vítimas";"Pleno dia";"Decrescente";"Céu Claro";"Simples";"Curva";"Não";1;0;0;0;1;0;0;1;"-25.298958";"-49.152153";"SR-PR";"DEL7/1";"UOP01/PR"
195908;2019-03-09;"7";"08:40:00";"PA";316;51,2;"CASTANHAL";"Restrição de Visibilidade";"Colisão com objeto em movimento";"Com Vítimas Feridas";"Pleno dia";"Crescente";"Céu Claro";"Dupla";"Curva";"Não";1;0;1;0;0;0;1;1;"-1.30696138";"-48.03478";"SR-PA";"DEL19/1";"UOP02/PA"
195909;2019-03-09;"7";"09:10:00";"MG";262;38,4;"MANHUACU";"Desobediência às normas de trânsito pelo condutor";"Colisão lateral";"Com Vítimas Feridas";"Pleno dia";"Decrescente";"Céu Claro";"Simples";"Reta";"Sim";5;0;1;1;1;2;2;3;"-20.26305859";"-42.03684948";"SR-MG";"DEL4/6";"UOP04/MG"
195910;2019-03-09;"7";"09:25:00";"SC";101;206;"SAO JOSE";"Não guardar distância de segurança";"Colisão traseira";"Com Vítimas Feridas";"Pleno dia";"Crescente";"Céu Claro";"Múltipla";"Reta";"Sim";3;0;1;0;2;0;1;3;"-27.59193546";"-48.61824557";"SR-SC";"DEL8/1";"UOP01/SC"
195911;2019-03-09;"7";"09:00:00";"BA";415;49,4;"ITABUNA";"Falta de Atenção à Condução";"Colisão transversal";"Com Vítimas Feridas";"Pleno dia";"Decrescente";"Céu Claro";"Simples";"Reta";"Sim";2;0;1;0;1;0;1;2;"-14.81574494";"-39.29612388";"SR-BA";"DEL10/5";"UOP01/BA"
195913;2019-03-09;"7";"08:40:00";"RS";290;215;"PANTANO GRANDE";"Falta de Atenção à Condução";"Saída de leito carroçável";"Sem Vítimas";"Pleno dia";"Decrescente";"Garoa/Chuvisco";"Simples";"Túnel";"Sim";1;0;0;0;1;0;0;1;"-30.188616";"-52.366409";"SR-RS";"DEL9/2";"UOP03/RS"
195914;2019-03-09;"7";"09:40:00";"AL";316;268;"SATUBA";"Falta de Atenção à Condução";"Colisão transversal";"Com Vítimas Feridas";"Pleno dia";"Crescente";"Céu Claro";"Simples";"Não Informado";"Não";2;0;1;0;1;0;1;2;"-9.58021969";"-35.83876014";"SR-AL";"DEL13/2";"UOP01/AL"
195915;2019-03-09;"7";"10:00:00";"SP";116;230,4;"SAO PAULO";"Falta de Atenção do Pedestre";"Atropelamento de Pedestre";"Com Vítimas Fatais";"Pleno dia";"Crescente";"Sol";"Múltipla";"Reta";"Sim";2;1;0;0;1;0;0;2;"-23.52251783";"-46.5855702";"SR-SP";"DEL6/1";"UOP01/SP"
195916;2019-03-09;"7";"05:40:00";"PI";343;617;"FLORIANO";"Defeito na Via";"Saída de leito carroçável";"Sem Vítimas";"Amanhecer";"Decrescente";"Nublado";"Simples";"Reta";"Não";1;0;0;0;1;0;0;1;"-6.929653";"-43.186806";"SR-PI";"DEL17/3";"UOP01/PI"
195917;2019-03-03;"1";"23:00:00";"BA";324;587;"CANDEIAS";"Falta de Atenção à Condução";"Capotamento";"Sem Vítimas";"Plena Noite";"Decrescente";"Céu Claro";"Dupla";"Reta";"Sim";1;0;0;0;0;1;0;1;"-12.64715411";"-38.47504041";"SR-BA";"DEL10/1";"UOP01/BA"
195918;2019-03-09;"7";"09:40:00";"RJ";40;32,9;"AREAL";"Velocidade Incompatível";"Capotamento";"Com Vítimas Feridas";"Pleno dia";"Decrescente";"Céu Claro";"Dupla";"Curva";"Não";4;0;1;0;3;0;1;1;"-22.19935287";"-43.15764401";"SR-RJ";"DEL5/6";"UOP01/RJ"
195920;2019-03-09;"7";"10:30:00";"RN";101;101;"PARNAMIRIM";"Falta de Atenção do Pedestre";"Atropelamento de Pedestre";"Com Vítimas Feridas";"Pleno dia";"Decrescente";"Céu Claro";"Múltipla";"Reta";"Sim";2;0;0;1;1;0;1;1;"-5.88681084";"-35.23143404";"SR-RN";"DEL15/1";"UOP01/RN"
195921;2019-03-09;"7";"07:00:00";"SC";470;285,6;"BRUNOPOLIS";"Ingestão de Álcool";"Colisão frontal";"Com Vítimas Fatais";"Pleno dia";"Crescente";"Nublado";"Simples";"Reta";"Não";3;1;0;1;1;0;1;2;"-27.33111";"-50.90443";"SR-SC";"DEL7";"UOP08/SC"
195922;2019-03-09;"7";"10:20:00";"SP";381;88;"GUARULHOS";"Falta de Atenção à Condução";"Queda de ocupante de veículo";"Com Vítimas Feridas";"Pleno dia";"Crescente";"Céu Claro";"Múltipla";"Reta";"Sim";2;0;1;0;0;1;1;2;"-23.47469314";"-46.56112919";"SR-SP";"DEL6/3";"UOP02/SP"
195923;2019-03-09;"7";"08:30:00";"MA";230;403;"BALSAS";"Falta de Atenção à Condução";"Colisão com objeto estático";"Com Vítimas Feridas";"Pleno dia";"Decrescente";"Céu Claro";"Simples";"Rotatória";"Sim";1;0;0;1;0;0;1;1;"-7.51686308";"-46.03524183";"SR-MA";"DEL18/5";"UOP01/MA"
195924;2019-03-09;"7";"10:43:00";"PR";476;122;"CURITIBA";"Não guardar distância de segurança";"Colisão traseira";"Com Vítimas Feridas";"Pleno dia";"Decrescente";"Sol";"Múltipla";"Interseção de vias";"Sim";3;0;1;0;2;0;1;2;"-25.385775";"-49.203377";"SR-PR";"DEL7/1";"UOP01/PR"
195926;2019-03-09;"7";"10:45:00";"PR";277;83;"CURITIBA";"Não guardar distância de segurança";"Engavetamento";"Sem Vítimas";"Pleno dia";"Crescente";"Céu Claro";"Dupla";"Desvio Temporário";"Sim";4;0;0;0;4;0;0;4;"-25.568939";"-49.181978";"SR-PR";"DEL7/1";"UOP01/PR"
195927;2019-03-09;"7";"04:00:00";"PE";232;516;"SALGUEIRO";"Ingestão de Álcool";"Queda de ocupante de veículo";"Sem Vítimas";"Amanhecer";"Crescente";"Céu Claro";"Simples";"Reta";"Não";1;0;0;0;1;0;0;1;"-8.06595076";"-39.18871694";"SR-PE";"DEL11/5";"UOP01/PE"
195928;2019-03-09;"7";"09:30:00";"SC";280;231,5;"CANOINHAS";"Falta de Atenção do Pedestre";"Atropelamento de Pedestre";"Com Vítimas Fatais";"Pleno dia";"Decrescente";"Nublado";"Simples";"Rotatória";"Sim";3;1;0;0;1;1;0;1;"-26.19056372";"-50.37506104";"SR-SC";"DEL8/6";"UOP04/SC"
195929;2019-03-09;"7";"09:20:00";"MT";364;268;"JACIARA";"Defeito Mecânico no Veículo";"Tombamento";"Com Vítimas Feridas";"Pleno dia";"Crescente";"Céu Claro";"Simples";"Desvio Temporário";"Não";2;0;1;0;1;0;1;1;"-15.98124307";"-54.93240309";"SR-MT";"DEL2/1";"UOP02/MT"
195930;2019-03-09;"7";"10:10:00";"MS";163;402,7;"NOVA ALVORADA DO SUL";"Velocidade Incompatível";"Colisão frontal";"Com Vítimas Feridas";"Pleno dia";"Crescente";"Chuva";"Simples";"Reta";"Não";5;0;4;1;0;0;5;2;"-21.15025399";"-54.47667485";"SR-MS";"DEL2";"UOP01/MS"
195931;2019-03-09;"7";"08:30:00";"MG";50;15;"ARAGUARI";"Condutor Dormindo";"Saída de leito carroçável";"Com Vítimas Feridas";"Pleno dia";"Crescente";"Céu Claro";"Simples";"Rotatória";"Não";1;0;1;0;0;0;1;1;"-18.54683487";"-48.05117222";"SR-MG";"DEL4/15";"UOP02/MG"
195932;2019-03-09;"7";"11:30:00";"PR";376;78,3;"GUAIRACA";"Ingestão de Álcool";"Colisão frontal";"Com Vítimas Fatais";"Pleno dia";"Crescente";"Nublado";"Simples";"Reta";"Não";2;1;0;0;1;0;0;2;"-22.95697439";"-52.66854195";"SR-PR";"DEL7/7";"UOP05/PR"
195933;2019-03-09;"7";"11:30:00";"SP";381;86,8;"GUARULHOS";"Falta de Atenção à Condução";"Colisão transversal";"Sem Vítimas";"Pleno dia";"Crescente";"Céu Claro";"Dupla";"Reta";"Sim";6;0;0;0;6;0;0;2;"-23.45930499";"-46.57161179";"SR-SP";"DEL6/3";"UOP02/SP"
195934;2019-03-09;"7";"11:30:00";"SP";101;41;"UBATUBA";"Ingestão de Álcool";"Colisão transversal";"Com Vítimas Feridas";"Pleno dia";"Decrescente";"Céu Claro";"Simples";"Reta";"Não";2;0;1;0;1;0;1;2;"-23.41371346";"-45.04819393";"SR-SP";"DEL6";"UOP03/SP"
195935;2019-03-09;"7";"11:10:00";"PB";230;156,2;"CAMPINA GRANDE";"Desobediência às normas de trânsito pelo condutor";"Colisão transversal";"Com Vítimas Feridas";"Pleno dia";"Decrescente";"Céu Claro";"Simples";"Reta";"Sim";2;0;0;1;0;1;1;2;"-7.2693";"-35.9138";"SR-PB";"DEL14/2";"UOP01/PB"
195936;2019-03-09;"7";"12:10:00";"GO";40;7,3;"VALPARAISO DE GOIAS";"Falta de Atenção à Condução";"Colisão lateral";"Com Vítimas Feridas";"Pleno dia";"Decrescente";"Céu Claro";"Dupla";"Reta";"Sim";2;0;2;0;0;0;2;2;"-16.108482";"-47.972524";"SR-DF";"GO";"UOP01/DF"
195937;2019-03-09;"7";"11:50:00";"RJ";101;66,8;"CAMPOS DOS GOYTACAZES";"Velocidade Incompatível";"Queda de ocupante de veículo";"Com Vítimas Feridas";"Pleno dia";"Crescente";"Sol";"Simples";"Rotatória";"Sim";1;0;1;0;0;0;1;1;"-21.76090387";"-41.34788959";"SR-RJ";"DEL5/8";"UOP02/RJ"
195938;2019-03-09;"7";"12:25:00";"SC";282;5;"SAO JOSE";"Falta de Atenção à Condução";"Colisão lateral";"Sem Vítimas";"Pleno dia";"Decrescente";"Céu Claro";"Múltipla";"Não Informado";"Sim";3;0;0;0;2;1;0;2;"-27.588425";"-48.612919";"SR-SC";"DEL8/1";"UOP01/SC"
195940;2019-03-09;"7";"09:00:00";"GO";80;12;"PADRE BERNARDO";"Defeito na Via";"Saída de leito carroçável";"Com Vítimas Feridas";"Pleno dia";"Crescente";"Céu Claro";"Simples";"Reta";"Não";4;0;0;1;3;0;1;1;"-15.441895";"-48.197696";"SR-DF";"GO";"UOP06/DF"
195941;2019-03-09;"7";"08:50:00";"BA";116;597,4;"IRAJUBA";"Velocidade Incompatível";"Capotamento";"Com Vítimas Feridas";"Pleno dia";"Decrescente";"Céu Claro";"Simples";"Curva";"Não";2;0;2;0;0;0;2;1;"-13.1886621";"-40.00636166";"SR-BA";"DEL10/3";"UOP02/BA"
195942;2019-03-09;"7";"12:30:00";"RJ";116;304;"RESENDE";"Desobediência às normas de trânsito pelo condutor";"Colisão transversal";"Com Vítimas Feridas";"Pleno dia";"Decrescente";"Céu Claro";"Simples";"Rotatória";"Sim";2;0;1;0;1;0;1;2;"-22.4550412";"-44.38649998";"SR-RJ";"DEL5/7";"UOP03/RJ"
195943;2019-03-09;"7";"12:30:00";"ES";101;254;"SERRA";"Ingestão de Álcool";"Queda de ocupante de veículo";"Com Vítimas Feridas";"Pleno dia";"Decrescente";"Sol";"Simples";"Reta";"Sim";1;0;1;0;0;0;1;1;"-20.1100364";"-40.32740141";"SR-ES";"DEL12/2";"UOP01/ES"
195944;2019-03-09;"7";"12:20:00";"GO";60;98;"ANAPOLIS";"Falta de Atenção à Condução";"Colisão lateral";"Com Vítimas Feridas";"Pleno dia";"Decrescente";"Sol";"Simples";"Reta";"Sim";2;0;1;0;1;0;1;2;"-16.3846";"-48.9541";"SR-GO";"DEL1/2";"UOP01/GO"
195945;2019-03-09;"7";"13:00:00";"MG";365;705,9;"MONTE ALEGRE DE MINAS";"Falta de Atenção à Condução";"Colisão frontal";"Com Vítimas Feridas";"Pleno dia";"Decrescente";"Céu Claro";"Dupla";"Curva";"Não";3;0;1;2;0;0;3;2;"-18.88029779";"-49.04540696";"SR-MG";"DEL4/15";"UOP03/MG"
195946;2019-03-09;"7";"12:15:00";"MG";116;273,3;"TEOFILO OTONI";"Falta de Atenção à Condução";"Colisão lateral";"Com Vítimas Feridas";"Pleno dia";"Crescente";"Céu Claro";"Simples";"Reta";"Não";8;0;7;0;1;0;7;3;"-17.82616139";"-41.50619857";"SR-MG";"DEL4/11";"UOP01/MG"
195947;2019-03-09;"7";"09:50:00";"MG";262;777;"UBERABA";"Fenômenos da Natureza";"Incêndio";"Sem Vítimas";"Pleno dia";"Decrescente";"Céu Claro";"Simples";"Reta";"Não";1;0;0;0;1;0;0;1;"-19.73029928";"-47.73733298";"SR-MG";"DEL13";"UOP01/MG"
195948;2019-03-09;"7";"10:25:00";"SC";163;68,8;"SAO MIGUEL DO OESTE";"Não guardar distância de segurança";"Colisão traseira";"Sem Vítimas";"Pleno dia";"Crescente";"Chuva";"Dupla";"Não Informado";"Sim";3;0;0;0;2;1;0;3;"-26.73142963";"-53.5104239";"SR-SC";"DEL7";"UOP03/SC"
195949;2019-03-09;"7";"13:59:00";"SE";235;29;"AREIA BRANCA";"Desobediência às normas de trânsito pelo condutor";"Colisão lateral";"Com Vítimas Feridas";"Pleno dia";"Crescente";"Céu Claro";"Simples";"Curva";"Não";2;0;1;0;1;0;1;2;"-10.790907";"-37.284542";"SR-SE";"DEL20/1";"UOP01/SE"
195950;2019-03-09;"7";"12:34:00";"MG";262;485;"BOM DESPACHO";"Defeito Mecânico no Veículo";"Tombamento";"Com Vítimas Feridas";"Pleno dia";"Crescente";"Céu Claro";"Simples";"Reta";"Não";2;0;1;0;1;0;1;1;"-19.78606988";"-45.29440001";"SR-MG";"DEL4/8";"UOP03/MG"
195951;2019-03-09;"7";"13:15:00";"PR";116;108,8;"CURITIBA";"Falta de Atenção do Pedestre";"Atropelamento de Pedestre";"Com Vítimas Feridas";"Pleno dia";"Crescente";"Céu Claro";"Dupla";"Reta";"Não";2;0;0;1;1;0;1;2;"-25.56552097";"-49.24501486";"SR-PR";"DEL7/1";"UOP01/PR"
195952;2019-03-09;"7";"14:05:00";"RS";290;71;"GRAVATAI";"Condutor Dormindo";"Saída de leito carroçável";"Com Vítimas Feridas";"Pleno dia";"Crescente";"Chuva";"Múltipla";"Curva";"Sim";1;0;0;1;0;0;1;1;"-29.951347";"-50.965858";"SR-RS";"DEL9/3";"UOP02/RS"
195953;2019-03-09;"7";"14:05:00";"GO";60;199;"GUAPO";"Ingestão de Álcool";"Colisão traseira";"Com Vítimas Feridas";"Pleno dia";"Decrescente";"Céu Claro";"Dupla";"Reta";"Não";2;0;1;0;1;0;1;1;"-16.8669";"-49.608";"SR-GO";"DEL1/1";"UOP02/GO"
195954;2019-03-09;"7";"14:25:00";"MG";40;463;"SETE LAGOAS";"Ingestão de Álcool";"Saída de leito carroçável";"Com Vítimas Feridas";"Pleno dia";"Decrescente";"Céu Claro";"Dupla";"Não Informado";"Não";1;0;1;0;0;0;1;1;"-19.42224803";"-44.33870213";"SR-MG";"DEL4/2";"UOP01/MG"
195955;2019-03-09;"7";"13:20:00";"RJ";40;68,1;"PETROPOLIS";"Velocidade Incompatível";"Colisão com objeto estático";"Com Vítimas Feridas";"Pleno dia";"Decrescente";"Céu Claro";"Dupla";"Curva";"Não";1;0;1;0;0;0;1;1;"-22.4381808";"-43.18488009";"SR-RJ";"DEL5/6";"UOP03/RJ"
195956;2019-03-09;"7";"14:35:00";"ES";101;282,2;"CARIACICA";"Falta de Atenção à Condução";"Colisão com objeto estático";"Com Vítimas Fatais";"Pleno dia";"Decrescente";"Céu Claro";"Dupla";"Curva";"Não";2;1;0;0;0;1;0;2;"-20.22694";"-40.36458";"SR-ES";"DEL12/1";"UOP01/ES"
195958;2019-03-09;"7";"14:40:00";"SC";101;206;"SAO JOSE";"Falta de Atenção à Condução";"Colisão lateral";"Com Vítimas Feridas";"Pleno dia";"Decrescente";"Céu Claro";"Múltipla";"Reta";"Sim";2;0;1;0;1;0;1;2;"-27.58313237";"-48.61532885";"SR-SC";"DEL8/1";"UOP01/SC"
195959;2019-03-09;"7";"14:54:00";"PA";163;980;"SANTAREM";"Falta de Atenção à Condução";"Colisão lateral";"Com Vítimas Feridas";"Pleno dia";"Crescente";"Céu Claro";"Simples";"Reta";"Sim";2;0;0;1;1;0;1;2;"-2.63482156";"-54.74836014";"SR-PA";"DEL19/5";"UOP01/PA"
195961;2019-03-09;"7";"13:20:00";"MS";262;378,1;"TERENOS";"Falta de Atenção à Condução";"Saída de leito carroçável";"Com Vítimas Feridas";"Pleno dia";"Crescente";"Céu Claro";"Simples";"Reta";"Não";1;0;1;0;0;0;1;1;"-20.47320109";"-54.84204341";"SR-MS";"DEL3/1";"UOP03/MS"
195962;2019-03-09;"7";"14:50:00";"MG";40;467,7;"SETE LAGOAS";"Não guardar distância de segurança";"Colisão com objeto estático";"Com Vítimas Feridas";"Pleno dia";"Crescente";"Céu Claro";"Dupla";"Reta";"Sim";2;0;2;0;0;0;2;1;"-19.45261";"-44.31413";"SR-MG";"DEL4/2";"UOP01/MG"
195964;2019-03-09;"7";"12:30:00";"CE";222;26;"CAUCAIA";"Defeito Mecânico no Veículo";"Colisão frontal";"Com Vítimas Feridas";"Pleno dia";"Crescente";"Nublado";"Simples";"Reta";"Não";5;0;3;1;1;0;4;3;"-3.723467";"-38.785534";"SR-CE";"DEL16/1";"UOP01/CE"
195965;2019-03-09;"7";"08:15:00";"MG";262;378,5;"JUATUBA";"Velocidade Incompatível";"Saída de leito carroçável";"Com Vítimas Feridas";"Pleno dia";"Decrescente";"Céu Claro";"Dupla";"Não Informado";"Não";1;0;1;0;0;0;1;1;"-19.93236406";"-44.42596436";"SR-MG";"DEL4/1";"UOP03/MG"
195966;2019-03-09;"7";"15:20:00";"GO";60;453;"JATAI";"Desobediência às normas de trânsito pelo condutor";"Saída de leito carroçável";"Com Vítimas Feridas";"Pleno dia";"Crescente";"Chuva";"Dupla";"Curva";"Não";2;0;2;0;0;0;2;1;"-17.8565";"-51.5532";"SR-GO";"DEL1/5";"UOP01/GO"
195967;2019-03-09;"7";"15:45:00";"PR";277;1,3;"PARANAGUA";"Falta de Atenção à Condução";"Colisão transversal";"Com Vítimas Feridas";"Pleno dia";"Decrescente";"Sol";"Dupla";"Rotatória";"Sim";2;0;1;0;1;0;1;2;"-25.5205";"-48.5095";"SR-PR";"DEL7/1";"UOP07/PR"
195968;2019-03-09;"7";"14:40:00";"MT";163;772;"SORRISO";"Avarias e/ou desgaste excessivo no pneu";"Saída de leito carroçável";"Com Vítimas Feridas";"Pleno dia";"Crescente";"Nublado";"Simples";"Reta";"Não";2;0;1;0;0;1;1;1;"-12.40511";"-55.62419";"SR-MT";"DEL2/6";"UOP01/MT"
195969;2019-03-09;"7";"14:50:00";"RS";285;277;"MATO CASTELHANO";"Falta de Atenção à Condução";"Saída de leito carroçável";"Com Vítimas Feridas";"Pleno dia";"Decrescente";"Céu Claro";"Simples";"Reta";"Não";1;0;1;0;0;0;1;1;"-28.260334";"-52.22662";"SR-RS";"DEL08";"UOP03/RS"
195970;2019-03-09;"7";"15:40:00";"SC";470;32,9;"GASPAR";"Falta de Atenção à Condução";"Colisão transversal";"Com Vítimas Feridas";"Pleno dia";"Decrescente";"Céu Claro";"Simples";"Reta";"Não";2;0;1;0;1;0;1;2;"-26.901793";"-48.931812";"SR-SC";"DEL8/4";"UOP01/SC"
195971;2019-03-09;"7";"16:00:00";"PR";476;121,8;"CURITIBA";"Falta de Atenção à Condução";"Colisão lateral";"Com Vítimas Feridas";"Pleno dia";"Crescente";"Sol";"Múltipla";"Interseção de vias";"Sim";2;0;1;0;1;0;1;2;"-25.3833863";"-49.20084357";"SR-PR";"DEL7/1";"UOP01/PR"
195973;2019-03-09;"7";"13:50:00";"CE";116;47,9;"PACAJUS";"Desobediência às normas de trânsito pelo condutor";"Colisão lateral";"Com Vítimas Fatais";"Pleno dia";"Decrescente";"Céu Claro";"Dupla";"Reta";"Não";3;1;0;2;0;0;2;2;"-4.14746618";"-38.47778184";"SR-CE";"DEL16/1";"UOP02/CE"
195974;2019-03-09;"7";"16:15:00";"ES";262;4,6;"CARIACICA";"Falta de Atenção à Condução";"Colisão lateral";"Com Vítimas Feridas";"Pleno dia";"Decrescente";"Céu Claro";"Múltipla";"Não Informado";"Sim";2;0;1;0;1;0;1;2;"-20.33609327";"-40.37812784";"SR-ES";"DEL12/1";"UOP01/ES"
195975;2019-03-09;"7";"15:30:00";"PB";104;113,8;"LAGOA SECA";"Desobediência às normas de trânsito pelo condutor";"Colisão transversal";"Sem Vítimas";"Pleno dia";"Decrescente";"Céu Claro";"Simples";"Reta";"Sim";2;0;0;0;1;1;0;2;"-7.16010011";"-35.85643714";"SR-PB";"DEL14/2";"UOP04/PB"
195976;2019-03-09;"7";"15:10:00";"RJ";116;79;"TERESOPOLIS";"Falta de Atenção à Condução";"Colisão transversal";"Com Vítimas Feridas";"Pleno dia";"Decrescente";"Sol";"Simples";"Curva";"Sim";2;0;0;1;1;0;1;2;"-22.381704";"-42.954777";"SR-RJ";"DEL5/4";"UOP01/RJ"
195977;2019-03-09;"7";"15:40:00";"CE";222;128,1;"ITAPAJE";"Avarias e/ou desgaste excessivo no pneu";"Saída de leito carroçável";"Com Vítimas Feridas";"Pleno dia";"Crescente";"Chuva";"Simples";"Curva";"Não";3;0;1;0;2;0;1;1;"-3.704279";"-39.615295";"SR-CE";"DEL16/4";"UOP03/CE"
195978;2019-03-09;"7";"16:35:00";"SC";101;197,3;"BIGUACU";"Falta de Atenção à Condução";"Queda de ocupante de veículo";"Com Vítimas Feridas";"Pleno dia";"Crescente";"Nublado";"Dupla";"Reta";"Sim";1;0;1;0;0;0;1;1;"-27.51844497";"-48.63848496";"SR-SC";"DEL8/1";"UOP01/SC"
195979;2019-03-09;"7";"16:10:00";"SC";101;88,4;"BARRA VELHA";"Falta de Atenção à Condução";"Colisão lateral";"Com Vítimas Feridas";"Pleno dia";"Crescente";"Sol";"Múltipla";"Curva";"Sim";4;0;1;0;2;1;1;4;"-26.64253985";"-48.68950684";"SR-SC";"DEL8/3";"UOP02/SC"
195980;2019-03-09;"7";"16:00:00";"RO";364;190,4;"PIMENTA BUENO";"Falta de Atenção à Condução";"Colisão traseira";"Com Vítimas Feridas";"Pleno dia";"Crescente";"Nublado";"Simples";"Reta";"Não";3;0;1;2;0;0;3;2;"-11.720654";"-61.145984";"SR-RO";"DEL21/2";"UOP02/RO"
195981;2019-03-09;"7";"16:00:00";"PB";230;20,8;"JOAO PESSOA";"Condutor Dormindo";"Capotamento";"Com Vítimas Feridas";"Pleno dia";"Crescente";"Céu Claro";"Dupla";"Reta";"Sim";6;0;2;0;4;0;2;2;"-7.1337";"-34.8544";"SR-PB";"DEL14/1";"UOP00/PB"
195982;2019-03-09;"7";"15:40:00";"MT";364;402;"CUIABA";"Não guardar distância de segurança";"Colisão traseira";"Com Vítimas Feridas";"Pleno dia";"Decrescente";"Nublado";"Dupla";"Desvio Temporário";"Sim";3;0;2;0;1;0;2;2;"-15.650908";"-55.99766";"SR-MT";"DEL2/1";"UOP01/MT"
195984;2019-03-09;"7";"16:00:00";"SC";101;366,9;"ICARA";"Falta de Atenção à Condução";"Saída de leito carroçável";"Com Vítimas Feridas";"Pleno dia";"Decrescente";"Chuva";"Dupla";"Não Informado";"Não";2;0;2;0;0;0;2;1;"-28.68718511";"-49.15621795";"SR-SC";"DEL8/2";"UOP01/SC"
195985;2019-03-09;"7";"17:02:00";"MG";40;618,5;"CONGONHAS";"Desobediência às normas de trânsito pelo condutor";"Colisão transversal";"Com Vítimas Feridas";"Pleno dia";"Crescente";"Céu Claro";"Simples";"Reta";"Não";3;0;2;0;1;0;2;2;"-20.5615888";"-43.81227278";"SR-MG";"DEL5";"UOP02/MG"
195986;2019-03-09;"7";"16:30:00";"PB";101;85;"BAYEUX";"Velocidade Incompatível";"Colisão lateral";"Sem Vítimas";"Pleno dia";"Decrescente";"Sol";"Dupla";"Reta";"Sim";4;0;0;0;4;0;0;3;"-7.14291446";"-34.9193351";"SR-PB";"DEL14/1";"UOP00/PB"
195987;2019-03-09;"7";"15:48:00";"MS";163;221,6;"CAARAPO";"Defeito Mecânico no Veículo";"Saída de leito carroçável";"Com Vítimas Feridas";"Pleno dia";"Crescente";"Céu Claro";"Simples";"Reta";"Não";4;0;3;0;1;0;3;1;"-22.53054966";"-54.85199511";"SR-MS";"DEL3/4";"UOP02/MS"
195988;2019-03-09;"7";"15:50:00";"SC";282;228,1;"LAGES";"Falta de Atenção à Condução";"Colisão frontal";"Com Vítimas Feridas";"Pleno dia";"Decrescente";"Chuva";"Simples";"Não Informado";"Não";2;0;1;0;1;0;1;2;"-27.791557";"-50.4077";"SR-SC";"DEL8/5";"UOP02/SC"
195989;2019-03-09;"7";"17:30:00";"DF";20;11,3;"BRASILIA";"Agressão Externa";"Saída de leito carroçável";"Com Vítimas Feridas";"Pleno dia";"Crescente";"Céu Claro";"Dupla";"Reta";"Sim";3;0;3;0;0;0;3;1;"-15.64654";"-47.766422";"SR-DF";"DF";"UOP04/DF"
195990;2019-03-09;"7";"17:00:00";"SC";101;69,4;"ARAQUARI";"Falta de Atenção à Condução";"Saída de leito carroçável";"Com Vítimas Feridas";"Pleno dia";"Crescente";"Sol";"Dupla";"Reta";"Não";1;0;1;0;0;0;1;1;"-26.50298009";"-48.72814515";"SR-SC";"DEL8/3";"UOP02/SC"
195991;2019-03-09;"7";"17:15:00";"ES";101;305;"VIANA";"Desobediência às normas de trânsito pelo condutor";"Colisão transversal";"Com Vítimas Feridas";"Pleno dia";"Crescente";"Céu Claro";"Dupla";"Não Informado";"Sim";3;0;1;0;2;0;1;2;"-20.38392";"-40.461254";"SR-ES";"DEL12/3";"UOP01/ES"
195992;2019-03-09;"7";"14:30:00";"RJ";116;163;"RIO DE JANEIRO";"Falta de Atenção à Condução";"Colisão lateral";"Com Vítimas Feridas";"Pleno dia";"Crescente";"Sol";"Múltipla";"Desvio Temporário";"Sim";3;0;1;0;2;0;1;2;"-22.81959437";"-43.31732246";"SR-RJ";"DEL5/1";"UOP01/RJ"
195993;2019-03-09;"7";"17:10:00";"MG";40;553;"NOVA LIMA";"Velocidade Incompatível";"Saída de leito carroçável";"Sem Vítimas";"Anoitecer";"Decrescente";"Chuva";"Dupla";"Curva";"Sim";1;0;0;0;0;1;0;1;"-20.06863326";"-43.98194759";"SR-MG";"DEL4/1";"UOP02/MG"
195994;2019-03-09;"7";"16:10:00";"SC";282;610,4;"MARAVILHA";"Desobediência às normas de trânsito pelo condutor";"Colisão transversal";"Com Vítimas Feridas";"Pleno dia";"Decrescente";"Céu Claro";"Simples";"Desvio Temporário";"Não";2;0;1;0;1;0;1;2;"-26.756321";"-53.230247";"SR-SC";"DEL7";"UOP02/SC"
195995;2019-03-09;"7";"17:00:00";"SC";101;137;"BALNEARIO CAMBORIU";"Falta de Atenção à Condução";"Colisão lateral";"Com Vítimas Feridas";"Pleno dia";"Decrescente";"Nublado";"Dupla";"Reta";"Não";2;0;0;1;1;0;1;2;"-27.0157238";"-48.61192763";"SR-SC";"DEL8/4";"UOP03/SC"