"id";"data_inversa";"dia_semana";"horario";"uf";"br";"km";"municipio";"causa_acidente";"tipo_acidente";"classificacao_acidente";"fase_dia";"sentido_via";"condicao_metereologica";"tipo_pista";"tracado_via";"uso_solo";"pessoas";"mortos";"feridos_leves";"feridos_graves";"ilesos";"ignorados";"feridos";"veiculos";"latitude";"longitude";"regional";"delegacia";"uop"
196089;2019-03-10;"1";"04:50:00";"PR";277;688;"SAO MIGUEL DO IGUACU";"Ingestão de Álcool";"Colisão transversal";"Com Vítimas Feridas";"Plena Noite";"Decrescente";"Céu Claro";"Dupla";"Retorno Regulamentado";"Sim";4;0;3;0;1;0;3;2;"-25.34525482";"-54.23408504";"SR-PR";"DEL7/5";"UOP01/PR"
196090;2019-03-10;"1";"06:00:00";"DF";20;9,3;"BRASILIA";"Falta de Atenção à Condução";"Colisão lateral";"Com Vítimas Feridas";"Pleno dia";"Decrescente";"Céu Claro";"Dupla";"Reta";"Sim";7;0;5;1;1;0;6;2;"-15.654671";"-47.782917";"SR-DF";"DF";"UOP04/DF"
196091;2019-03-10;"1";"05:20:00";"SE";235;29;"AREIA BRANCA";"Falta de Atenção à Condução";"Colisão frontal";"Com Vítimas Feridas";"Pleno dia";"Crescente";"Céu Claro";"Simples";"Curva";"Não";2;0;0;2;0;0;2;2;"-10.790907";"-37.284542";"SR-SE";"DEL20/1";"UOP01/SE"
196092;2019-03-10;"1";"05:50:00";"PR";116;97,5;"SAO JOSE DOS PINHAIS";"Falta de Atenção à Condução";"Colisão traseira";"Com Vítimas Feridas";"Amanhecer";"Decrescente";"Nublado";"Dupla";"Reta";"Não";2;0;1;0;1;0;1;2;"-25.5319476";"-49.14459229";"SR-PR";"DEL7/1";"UOP01/PR"
196093;2019-03-09;"7";"22:00:00";"BA";242;142;"RAFAEL JAMBEIRO";"Ultrapassagem Indevida";"Colisão frontal";"Com Vítimas Fatais";"Plena Noite";"Decrescente";"Céu Claro";"Simples";"Reta";"Não";13;3;5;4;1;0;9;5;"-12.55587588";"-39.53856083";"SR-BA";"DEL10/6";"UOP02/BA"
196094;2019-03-10;"1";"01:30:00";"MT";70;697,1;"CACERES";"Falta de Atenção à Condução";"Tombamento";"Com Vítimas Feridas";"Plena Noite";"Decrescente";"Nublado";"Simples";"Não Informado";"Não";1;0;1;0;0;0;1;1;"-16.21556185";"-57.4183132";"SR-MT";"DEL2/3";"UOP01/MT"
196095;2019-03-10;"1";"06:30:00";"MG";50;70;"UBERLANDIA";"Ingestão de Álcool";"Colisão traseira";"Sem Vítimas";"Pleno dia";"Decrescente";"Céu Claro";"Dupla";"Reta";"Sim";2;0;0;0;2;0;0;2;"-18.85140204";"-48.25345932";"SR-MG";"DEL4/15";"UOP01/MG"
196096;2019-03-10;"1";"04:20:00";"SC";280;57,9;"GUARAMIRIM";"Ingestão de Álcool";"Colisão com objeto estático";"Sem Vítimas";"Plena Noite";"Decrescente";"Garoa/Chuvisco";"Simples";"Rotatória";"Sim";1;0;0;0;0;1;0;1;"-26.47418409";"-49.02028799";"SR-SC";"DEL8/3";"UOP03/SC"
196097;2019-03-10;"1";"05:50:00";"RJ";40;121;"DUQUE DE CAXIAS";"Ingestão de Álcool";"Saída de leito carroçável";"Sem Vítimas";"Amanhecer";"Crescente";"Céu Claro";"Múltipla";"Reta";"Sim";1;0;0;0;0;1;0;1;"-22.78185499";"-43.28571273";"SR-RJ";"DEL5/1";"UOP01/RJ"
196098;2019-03-10;"1";"06:00:00";"RJ";40;115;"DUQUE DE CAXIAS";"Falta de Atenção à Condução";"Colisão com objeto estático";"Com Vítimas Feridas";"Amanhecer";"Crescente";"Céu Claro";"Múltipla";"Reta";"Sim";2;0;1;0;0;1;1;2;"-22.72756999";"-43.2891609";"SR-RJ";"DEL5/1";"UOP01/RJ"
196100;2019-03-10;"1";"01:00:00";"RS";285;644;"SANTO ANTONIO DAS MISSOES";"Ingestão de Álcool";"Saída de leito carroçável";"Sem Vítimas";"Plena Noite";"Crescente";"Céu Claro";"Simples";"Reta";"Não";1;0;0;0;1;0;0;1;"-28.606682";"-55.703793";"SR-RS";"DEL9/12";"UOP01/RS"
196101;2019-03-10;"1";"05:30:00";"PR";272;368,3;"CAMPO MOURAO";"Ingestão de Álcool";"Colisão traseira";"Com Vítimas Feridas";"Plena Noite";"Crescente";"Céu Claro";"Dupla";"Reta";"Sim";3;0;0;2;1;0;2;2;"-24.05475193";"-52.41061403";"SR-PR";"DEL7/4";"UOP05/PR"
196102;2019-03-10;"1";"06:35:00";"RJ";101;297;"ITABORAI";"Falta de Atenção à Condução";"Colisão lateral";"Com Vítimas Feridas";"Amanhecer";"Crescente";"Céu Claro";"Simples";"Reta";"Sim";2;0;1;0;1;0;1;2;"-22.76942037";"-42.91873581";"SR-RJ";"DEL5/2";"UOP02/RJ"
196103;2019-03-10;"1";"06:15:00";"RJ";101;312,7;"SAO GONCALO";"Falta de Atenção à Condução";"Queda de ocupante de veículo";"Com Vítimas Feridas";"Pleno dia";"Decrescente";"Sol";"Dupla";"Reta";"Não";1;0;1;0;0;0;1;1;"-22.80546555";"-43.06156967";"SR-RJ";"DEL5/2";"UOP02/RJ"
196105;2019-03-10;"1";"07:00:00";"PR";153;511,5;"GENERAL CARNEIRO";"Pista Escorregadia";"Colisão frontal";"Com Vítimas Fatais";"Pleno dia";"Decrescente";"Chuva";"Simples";"Reta";"Não";2;1;1;0;0;0;1;2;"-26.53816574";"-51.42065048";"SR-PR";"DEL7/2";"UOP02/PR"
196106;2019-02-14;"5";"12:50:00";"PR";277;553,8;"CASCAVEL";"Restrição de Visibilidade";"Colisão traseira";"Com Vítimas Feridas";"Pleno dia";"Crescente";"Nublado";"Simples";"Reta";"Não";4;0;0;3;1;0;3;2;"-25.02817";"-53.55983";"SR-PR";"DEL7/4";"UOP02/PR"
196107;2019-03-10;"1";"06:50:00";"MS";60;568,8;"NIOAQUE";"Defeito na Via";"Queda de ocupante de veículo";"Com Vítimas Feridas";"Pleno dia";"Crescente";"Céu Claro";"Simples";"Reta";"Não";1;0;0;1;0;0;1;1;"-21.32413597";"-56.00136425";"SR-MS";"DEL3/5";"UOP01/MS"
196109;2019-03-10;"1";"08:00:00";"BA";415;22;"ILHEUS";"Não guardar distância de segurança";"Colisão traseira";"Com Vítimas Feridas";"Pleno dia";"Crescente";"Céu Claro";"Simples";"Reta";"Não";5;0;3;0;2;0;3;3;"-14.8482";"-39.281986";"SR-BA";"DEL10/5";"UOP01/BA"
196110;2019-03-10;"1";"08:35:00";"SC";282;16;"PALHOCA";"Falta de Atenção à Condução";"Queda de ocupante de veículo";"Com Vítimas Feridas";"Pleno dia";"Crescente";"Céu Claro";"Múltipla";"Rotatória";"Não";2;0;1;0;1;0;1;2;"-27.658611";"-48.681847";"SR-SC";"DEL8/1";"UOP02/SC"
196111;2019-02-26;"3";"11:30:00";"PE";101;147;"RIBEIRAO";"Condutor Dormindo";"Colisão traseira";"Com Vítimas Feridas";"Pleno dia";"Decrescente";"Céu Claro";"Dupla";"Reta";"Não";2;0;1;0;1;0;1;2;"-8.475417";"-35.37169";"SR-PE";"DEL11/1";"UOP03/PE"
196112;2019-03-10;"1";"08:35:00";"BA";101;750,1;"ITABELA";"Não guardar distância de segurança";"Colisão lateral";"Com Vítimas Feridas";"Pleno dia";"Crescente";"Céu Claro";"Simples";"Não Informado";"Não";2;0;1;0;1;0;1;2;"-16.61076838";"-39.54600155";"SR-BA";"DEL10/9";"UOP01/BA"
196114;2019-03-10;"1";"07:40:00";"SC";101;371;"ICARA";"Condutor Dormindo";"Saída de leito carroçável";"Com Vítimas Feridas";"Pleno dia";"Decrescente";"Chuva";"Dupla";"Curva";"Não";5;0;2;0;3;0;2;1;"-28.70403682";"-49.2008731";"SR-SC";"DEL8/2";"UOP01/SC"
196115;2019-03-10;"1";"08:10:00";"RJ";101;275;"TANGUA";"Condutor Dormindo";"Colisão lateral";"Com Vítimas Feridas";"Pleno dia";"Decrescente";"Céu Claro";"Dupla";"Reta";"Não";2;0;1;0;1;0;1;2;"-22.73653355";"-42.72909106";"SR-RJ";"DEL5/2";"UOP03/RJ"
196116;2019-03-10;"1";"09:00:00";"SP";116;206;"GUARULHOS";"Falta de Atenção à Condução";"Colisão lateral";"Com Vítimas Feridas";"Pleno dia";"Crescente";"Nublado";"Múltipla";"Reta";"Não";3;0;1;0;2;0;1;2;"-23.41722629";"-46.37510292";"SR-SP";"DEL6/1";"UOP01/SP"
196117;2019-03-10;"1";"08:40:00";"CE";304;40,2;"ARACATI";"Desobediência às normas de trânsito pelo condutor";"Colisão transversal";"Com Vítimas Feridas";"Pleno dia";"Crescente";"Céu Claro";"Simples";"Reta";"Não";3;0;2;0;1;0;2;2;"-4.57971887";"-37.84978867";"SR-CE";"DEL16/3";"UOP03/CE"
196119;2019-03-10;"1";"04:30:00";"MG";116;804,4;"ALEM PARAIBA";"Velocidade Incompatível";"Tombamento";"Sem Vítimas";"Plena Noite";"Crescente";"Céu Claro";"Simples";"Curva";"Não";1;0;0;0;0;1;0;1;"-21.79286161";"-42.71488284";"SR-MG";"DEL4/7";"UOP01/MG"
196120;2019-03-10;"1";"08:50:00";"PI";316;59;"MONSENHOR GIL";"Falta de Atenção à Condução";"Colisão traseira";"Sem Vítimas";"Pleno dia";"Crescente";"Céu Claro";"Simples";"Reta";"Sim";2;0;0;0;2;0;0;2;"-5.566377";"-42.61396";"SR-PI";"DEL17/1";"UOP02/PI"
196121;2019-03-10;"1";"09:40:00";"PB";230;72,9;"SOBRADO";"Velocidade Incompatível";"Colisão com objeto estático";"Com Vítimas Fatais";"Pleno dia";"Decrescente";"Sol";"Dupla";"Curva";"Não";1;1;0;0;0;0;0;1;"-7.1907";"-35.2418";"SR-PB";"DEL14/1";"UOP02/PB"
196122;2019-03-10;"1";"10:10:00";"GO";60;4,9;"SANTO ANTONIO DO DESCOBERTO";"Velocidade Incompatível";"Colisão com objeto estático";"Com Vítimas Feridas";"Pleno dia";"Decrescente";"Céu Claro";"Dupla";"Curva";"Não";1;0;0;1;0;0;1;1;"-16.10503017";"-48.29203606";"SR-DF";"GO";"UOP03/DF"
196123;2019-03-10;"1";"10:20:00";"SE";101;58;"ROSARIO DO CATETE";"Falta de Atenção à Condução";"Colisão transversal";"Com Vítimas Feridas";"Pleno dia";"Crescente";"Céu Claro";"Simples";"Reta";"Não";4;0;0;2;2;0;2;2;"-10.65974535";"-37.02841043";"SR-SE";"DEL20/2";"UOP02/SE"
196124;2019-03-10;"1";"09:25:00";"GO";40;7;"VALPARAISO DE GOIAS";"Ingestão de Álcool";"Colisão traseira";"Sem Vítimas";"Pleno dia";"Crescente";"Céu Claro";"Dupla";"Reta";"Sim";2;0;0;0;2;0;0;2;"-16.108482";"-47.972524";"SR-DF";"GO";"UOP01/DF"
196125;2019-03-10;"1";"10:00:00";"SP";116;212;"GUARULHOS";"Falta de Atenção à Condução";"Colisão com objeto estático";"Com Vítimas Feridas";"Pleno dia";"Crescente";"Sol";"Múltipla";"Reta";"Sim";1;0;1;0;0;0;1;1;"-23.43608315";"-46.42805094";"SR-SP";"DEL6/1";"UOP01/SP"
196126;2019-03-10;"1";"10:10:00";"RS";116;260,9;"CANOAS";"Ingestão de Álcool";"Colisão com objeto estático";"Com Vítimas Feridas";"Pleno dia";"Crescente";"Céu Claro";"Simples";"Reta";"Sim";1;0;0;1;0;0;1;1;"-29.879208";"-51.18045622";"SR-RS";"DEL9/1";"UOP01/RS"
196127;2019-03-10;"1";"10:50:00";"PB";101;77;"SANTA RITA";"Animais na Pista";"Colisão traseira";"Com Vítimas Feridas";"Pleno dia";"Decrescente";"Céu Claro";"Dupla";"Reta";"Não";6;0;1;0;5;0;1;2;"-7.09947194";"-34.96574283";"SR-PB";"DEL14/1";"UOP00/PB"
196128;2019-03-09;"7";"22:00:00";"PR";476;260;"SAO MATEUS DO SUL";"Velocidade Incompatível";"Saída de leito carroçável";"Sem Vítimas";"Plena Noite";"Decrescente";"Nublado";"Múltipla";"Curva";"Não";1;0;0;0;1;0;0;1;"-25.887142";"-50.246178";"SR-PR";"DEL7/2";"UOP03/PR"
196130;2019-03-10;"1";"06:30:00";"MS";267;32;"BATAGUASSU";"Velocidade Incompatível";"Capotamento";"Com Vítimas Feridas";"Pleno dia";"Decrescente";"Céu Claro";"Múltipla";"Não Informado";"Não";1;0;1;0;0;0;1;1;"-21.73094727";"-52.44889984";"SR-MS";"DEL2";"UOP04/MS"
196132;2019-03-10;"1";"11:45:00";"PE";232;432,8;"SERRA TALHADA";"Ultrapassagem Indevida";"Colisão frontal";"Com Vítimas Fatais";"Pleno dia";"Decrescente";"Céu Claro";"Simples";"Não Informado";"Não";2;1;0;0;1;0;0;2;"-8.00516838";"-38.49070587";"SR-PE";"DEL11/4";"UOP01/PE"
196133;2019-03-10;"1";"12:25:00";"SP";116;5;"GUARULHOS";"Falta de Atenção à Condução";"Colisão lateral";"Com Vítimas Feridas";"Pleno dia";"Decrescente";"Céu Claro";"Simples";"Reta";"Não";2;0;1;1;0;0;2;2;"-23.43348819";"-46.49348574";"SR-SP";"DEL6/1";"UOP01/SP"
196134;2019-03-10;"1";"12:50:00";"SE";101;93,7;"NOSSA SENHORA DO SOCORRO";"Falta de Atenção à Condução";"Colisão com objeto estático";"Com Vítimas Fatais";"Pleno dia";"Decrescente";"Céu Claro";"Dupla";"Curva";"Sim";3;1;0;0;2;0;0;2;"-10.90212319";"-37.14494787";"SR-SE";"DEL20/1";"UOP01/SE"
196136;2019-03-10;"1";"13:00:00";"RJ";116;279;"BARRA MANSA";"Falta de Atenção à Condução";"Colisão lateral";"Com Vítimas Feridas";"Pleno dia";"Decrescente";"Sol";"Dupla";"Curva";"Não";2;0;1;0;1;0;1;2;"-22.55271018";"-44.17778004";"SR-RJ";"DEL5/7";"UOP02/RJ"
196137;2019-03-10;"1";"10:50:00";"MG";381;523,9;"BRUMADINHO";"Falta de Atenção à Condução";"Queda de ocupante de veículo";"Com Vítimas Feridas";"Pleno dia";"Decrescente";"Céu Claro";"Dupla";"Interseção de vias";"Não";1;0;0;1;0;0;1;1;"-20.1530682";"-44.32617552";"SR-MG";"DEL4/4";"UOP03/MG"
196138;2019-03-10;"1";"13:25:00";"PR";376;405,8;"TIBAGI";"Condutor Dormindo";"Colisão lateral";"Com Vítimas Feridas";"Pleno dia";"Decrescente";"Céu Claro";"Simples";"Não Informado";"Não";3;0;1;0;2;0;1;2;"-24.634064";"-50.636837";"SR-PR";"DEL7/3";"UOP05/PR"
196139;2019-03-10;"1";"05:00:00";"BA";242;498;"OLIVEIRA DOS BREJINHOS";"Defeito Mecânico no Veículo";"Tombamento";"Sem Vítimas";"Pleno dia";"Decrescente";"Céu Claro";"Simples";"Reta";"Não";1;0;0;0;1;0;0;1;"-12.37392274";"-42.4332979";"SR-BA";"DEL10/6";"UOP01/BA"
196140;2019-03-10;"1";"08:30:00";"MT";70;379,6;"CAMPO VERDE";"Desobediência às normas de trânsito pelo condutor";"Colisão frontal";"Com Vítimas Feridas";"Pleno dia";"Crescente";"Céu Claro";"Simples";"Reta";"Não";2;0;0;1;1;0;1;2;"-15.50814794";"-55.11189906";"SR-MT";"DEL2/5";"UOP01/MT"
196141;2019-03-09;"7";"18:30:00";"MA";222;519;"BURITICUPU";"Animais na Pista";"Colisão traseira";"Com Vítimas Feridas";"Anoitecer";"Crescente";"Céu Claro";"Simples";"Reta";"Sim";2;0;1;0;1;0;1;2;"-4.3492158";"-46.39916298";"SR-MA";"DEL18/2";"UOP02/MA"
196142;2019-03-10;"1";"13:30:00";"SC";101;363;"SANGAO";"Defeito Mecânico no Veículo";"Colisão com objeto estático";"Sem Vítimas";"Pleno dia";"Crescente";"Garoa/Chuvisco";"Dupla";"Reta";"Não";1;0;0;0;1;0;0;1;"-28.67634681";"-49.12963202";"SR-SC";"DEL8/2";"UOP01/SC"
196143;2019-03-10;"1";"06:40:00";"RS";386;244,2;"SOLEDADE";"Falta de Atenção à Condução";"Saída de leito carroçável";"Com Vítimas Feridas";"Amanhecer";"Crescente";"Céu Claro";"Simples";"Reta";"Sim";3;0;1;1;0;1;2;1;"-28.8053556";"-52.50597954";"SR-RS";"DEL9/4";"UOP04/RS"
196144;2019-03-10;"1";"13:05:00";"SP";116;132,9;"CACAPAVA";"Defeito Mecânico no Veículo";"Capotamento";"Com Vítimas Feridas";"Pleno dia";"Decrescente";"Céu Claro";"Dupla";"Reta";"Não";3;0;2;0;0;1;2;2;"-23.13169757";"-45.74481322";"SR-SP";"DEL6";"UOP02/SP"
196146;2019-03-10;"1";"13:40:00";"DF";60;13;"BRASILIA";"Ingestão de Álcool";"Colisão com objeto estático";"Sem Vítimas";"Pleno dia";"Crescente";"Céu Claro";"Simples";"Reta";"Sim";1;0;0;0;1;0;0;1;"-15.926557";"-48.166969";"SR-DF";"DF";"UOP03/DF"
196148;2019-03-10;"1";"13:30:00";"CE";20;365,1;"MARANGUAPE";"Avarias e/ou desgaste excessivo no pneu";"Colisão com objeto estático";"Com Vítimas Feridas";"Pleno dia";"Crescente";"Garoa/Chuvisco";"Simples";"Curva";"Não";1;0;1;0;0;0;1;1;"-4.00204446";"-38.95080295";"SR-CE";"DEL16/2";"UOP01/CE"
196149;2019-03-10;"1";"10:30:00";"MG";116;815;"ALEM PARAIBA";"Falta de Atenção à Condução";"Colisão transversal";"Com Vítimas Feridas";"Pleno dia";"Decrescente";"Sol";"Simples";"Reta";"Não";3;0;1;0;1;1;1;2;"-21.85959781";"-42.66339194";"SR-MG";"DEL4/7";"UOP01/MG"
196150;2019-03-10;"1";"14:20:00";"PR";373;215,8;"IMBITUVA";"Desobediência às normas de trânsito pelo condutor";"Colisão transversal";"Com Vítimas Feridas";"Pleno dia";"Crescente";"Nublado";"Simples";"Reta";"Não";3;0;1;0;2;0;1;2;"-25.15460675";"-50.53263107";"SR-PR";"DEL7/3";"UOP01/PR"
196151;2019-03-10;"1";"14:25:00";"RJ";393;154,9;"TRES RIOS";"Velocidade Incompatível";"Tombamento";"Sem Vítimas";"Pleno dia";"Crescente";"Céu Claro";"Simples";"Curva";"Não";1;0;0;0;1;0;0;1;"-22.08014828";"-43.04767077";"SR-RJ";"DEL5/6";"UOP02/RJ"
196152;2019-03-10;"1";"14:40:00";"ES";101;427,3;"ATILIO VIVACQUA";"Velocidade Incompatível";"Colisão transversal";"Com Vítimas Fatais";"Pleno dia";"Crescente";"Céu Claro";"Simples";"Reta";"Não";4;2;0;0;1;1;0;2;"-21.01229992";"-41.14715009";"SR-ES";"DEL12/3";"UOP02/ES"
196154;2019-03-10;"1";"14:00:00";"DF";80;29,4;"BRASILIA";"Velocidade Incompatível";"Colisão lateral";"Com Vítimas Fatais";"Pleno dia";"Crescente";"Nublado";"Simples";"Curva";"Não";14;1;6;3;4;0;9;4;"-15.5885132";"-48.19284797";"SR-DF";"DF";"UOP06/DF"
196155;2019-03-10;"1";"15:00:00";"SC";470;55,2;"BLUMENAU";"Desobediência às normas de trânsito pelo condutor";"Colisão transversal";"Com Vítimas Feridas";"Pleno dia";"Crescente";"Chuva";"Simples";"Reta";"Sim";2;0;0;1;1;0;1;2;"-26.875601";"-49.117992";"SR-SC";"DEL8/4";"UOP01/SC"
196156;2019-03-10;"1";"14:50:00";"PB";230;256,7;"JUNCO DO SERIDO";"Falta de Atenção à Condução";"Colisão transversal";"Com Vítimas Fatais";"Pleno dia";"Crescente";"Céu Claro";"Simples";"Reta";"Não";3;1;0;1;1;0;1;2;"-7.0177";"-36.6742";"SR-PB";"DEL14/3";"UOP01/PB"
196157;2019-03-10;"1";"14:10:00";"MS";60;528,1;"NIOAQUE";"Falta de Atenção à Condução";"Saída de leito carroçável";"Com Vítimas Feridas";"Pleno dia";"Decrescente";"Céu Claro";"Simples";"Reta";"Não";4;0;4;0;0;0;4;1;"-21.12904108";"-55.73015002";"SR-MS";"DEL3/5";"UOP01/MS"
196158;2019-03-10;"1";"14:55:00";"PR";373;275,6;"PRUDENTOPOLIS";"Desobediência às normas de trânsito pelo condutor";"Colisão traseira";"Com Vítimas Feridas";"Pleno dia";"Crescente";"Sol";"Simples";"Reta";"Não";2;0;0;1;1;0;1;2;"-25.25482841";"-51.06799702";"SR-PR";"DEL7/3";"UOP01/PR"
196159;2019-03-10;"1";"11:15:00";"RS";285;146;"MUITOS CAPOES";"Velocidade Incompatível";"Saída de leito carroçável";"Com Vítimas Feridas";"Pleno dia";"Decrescente";"Nublado";"Simples";"Curva";"Não";3;0;1;2;0;0;3;1;"-28.357988";"-51.106682";"SR-RS";"DEL9/5";"UOP03/RS"
196160;2019-03-10;"1";"14:20:00";"MG";381;169,3;"GOVERNADOR VALADARES";"Desobediência às normas de trânsito pelo condutor";"Colisão transversal";"Com Vítimas Feridas";"Pleno dia";"Crescente";"Sol";"Simples";"Reta";"Não";3;0;2;0;1;0;2;2;"-18.96700208";"-42.09033791";"SR-MG";"DEL4/6";"UOP01/MG"
196161;2019-03-10;"1";"15:15:00";"MG";50;157,1;"UBERABA";"Velocidade Incompatível";"Colisão frontal";"Com Vítimas Feridas";"Pleno dia";"Crescente";"Nublado";"Simples";"Túnel";"Não";3;0;2;0;1;0;2;2;"-19.62528388";"-48.01556068";"SR-MG";"DEL13";"UOP01/MG"
196162;2019-03-10;"1";"12:55:00";"MT";364;233;"RONDONOPOLIS";"Falta de Atenção à Condução";"Saída de leito carroçável";"Sem Vítimas";"Pleno dia";"Decrescente";"Céu Claro";"Dupla";"Reta";"Não";1;0;0;0;0;1;0;1;"-16.23998594";"-54.78133861";"SR-MT";"DEL2/2";"UOP01/MT"
196163;2019-03-10;"1";"14:30:00";"MS";158;256;"TRES LAGOAS";"Desobediência às normas de trânsito pelo condutor";"Colisão frontal";"Com Vítimas Fatais";"Pleno dia";"Decrescente";"Céu Claro";"Simples";"Reta";"Não";2;1;0;0;1;0;0;2;"-20.69083899";"-51.76561399";"SR-MS";"DEL3/7";"UOP01/MS"
196164;2019-03-10;"1";"14:40:00";"RO";364;196,9;"PIMENTA BUENO";"Falta de Atenção à Condução";"Colisão lateral";"Com Vítimas Feridas";"Pleno dia";"Decrescente";"Céu Claro";"Simples";"Reta";"Sim";2;0;1;0;1;0;1;2;"-11.67987036";"-61.18766248";"SR-RO";"DEL21/2";"UOP02/RO"
196165;2019-03-10;"1";"15:50:00";"PE";101;36,9;"ITAPISSUMA";"Ingestão de Álcool";"Colisão lateral";"Com Vítimas Feridas";"Pleno dia";"Crescente";"Céu Claro";"Dupla";"Reta";"Não";3;0;1;0;2;0;1;2;"-7.788367";"-34.92981702";"SR-PE";"DEL11/1";"UOP02/PE"
196171;2019-03-10;"1";"16:15:00";"RS";290;33,4;"SANTO ANTONIO DA PATRULHA";"Mal Súbito";"Saída de leito carroçável";"Com Vítimas Feridas";"Pleno dia";"Crescente";"Nublado";"Dupla";"Reta";"Não";2;0;1;0;1;0;1;1;"-29.885815";"-50.586334";"SR-RS";"DEL9/3";"UOP02/RS"
196172;2019-03-10;"1";"16:06:00";"SC";470;98,3;"APIUNA";"Falta de Atenção à Condução";"Colisão transversal";"Com Vítimas Feridas";"Pleno dia";"Crescente";"Nublado";"Simples";"Reta";"Sim";3;0;1;0;0;2;1;2;"-27.045143";"-49.394142";"SR-SC";"DEL8/4";"UOP01/SC"
196173;2019-03-10;"1";"15:00:00";"PR";163;252,8;"TOLEDO";"Desobediência às normas de trânsito pelo condutor";"Colisão traseira";"Com Vítimas Feridas";"Pleno dia";"Decrescente";"Céu Claro";"Simples";"Reta";"Não";7;0;2;0;5;0;2;2;"-24.6895249";"-53.74927497";"SR-PR";"DEL7/4";"UOP01/PR"
196174;2019-03-10;"1";"16:20:00";"PE";101;85;"JABOATAO DOS GUARARAPES";"Ingestão de Álcool";"Colisão transversal";"Sem Vítimas";"Pleno dia";"Crescente";"Céu Claro";"Simples";"Reta";"Sim";2;0;0;0;2;0;0;2;"-8.18065563";"-34.95965322";"SR-PE";"DEL11/1";"UOP03/PE"
196175;2019-03-10;"1";"15:00:00";"RO";435;126;"CEREJEIRAS";"Ingestão de Álcool";"Queda de ocupante de veículo";"Com Vítimas Feridas";"Pleno dia";"Crescente";"Sol";"Simples";"Reta";"Não";1;0;1;0;0;0;1;1;"-13.188992";"-60.837076";"SR-RO";"DEL21/4";"UOP02/RO"
196176;2019-03-10;"1";"16:40:00";"CE";116;4;"FORTALEZA";"Falta de Atenção à Condução";"Colisão lateral";"Com Vítimas Feridas";"Pleno dia";"Decrescente";"Nublado";"Múltipla";"Reta";"Sim";2;0;1;0;1;0;1;2;"-3.7867209";"-38.5114568";"SR-CE";"DEL16/1";"UOP02/CE"
196177;2019-03-10;"1";"15:19:00";"SC";101;145;"ITAPEMA";"Falta de Atenção à Condução";"Engavetamento";"Sem Vítimas";"Pleno dia";"Decrescente";"Sol";"Dupla";"Reta";"Não";3;0;0;0;3;0;0;3;"-27.08139206";"-48.60130993";"SR-SC";"DEL8/4";"UOP03/SC"
196178;2019-03-10;"1";"17:05:00";"PI";343;329,8;"TERESINA";"Ingestão de Álcool";"Tombamento";"Com Vítimas Feridas";"Pleno dia";"Crescente";"Céu Claro";"Simples";"Reta";"Não";1;0;1;0;0;0;1;1;"-5.064808";"-42.641769";"SR-PI";"DEL17/1";"UOP01/PI"
196179;2019-03-10;"1";"15:35:00";"SC";101;256,9;"PAULO LOPES";"Velocidade Incompatível";"Saída de leito carroçável";"Com Vítimas Feridas";"Pleno dia";"Decrescente";"Garoa/Chuvisco";"Dupla";"Curva";"Não";4;0;4;0;0;0;4;1;"-27.99084416";"-48.68056684";"SR-SC";"DEL8/2";"UOP03/SC"
196180;2019-03-10;"1";"13:21:00";"SP";116;143;"SAO JOSE DOS CAMPOS";"Objeto estático sobre o leito carroçável";"Colisão com objeto estático";"Com Vítimas Feridas";"Pleno dia";"Crescente";"Céu Claro";"Dupla";"Reta";"Não";2;0;2;0;0;0;2;1;"-23.17849879";"-45.83787411";"SR-SP";"DEL6";"UOP02/SP"
196182;2019-03-10;"1";"17:20:00";"RS";290;19;"SANTO ANTONIO DA PATRULHA";"Falta de Atenção à Condução";"Colisão traseira";"Sem Vítimas";"Pleno dia";"Decrescente";"Nublado";"Múltipla";"Reta";"Sim";2;0;0;0;2;0;0;2;"-29.884407";"-50.444893";"SR-RS";"DEL9/3";"UOP02/RS"
196183;2019-03-10;"1";"16:31:00";"GO";20;76;"FORMOSA";"Pista Escorregadia";"Tombamento";"Com Vítimas Fatais";"Pleno dia";"Crescente";"Chuva";"Simples";"Reta";"Não";2;1;0;0;1;0;0;2;"-15.119323";"-47.125378";"SR-DF";"GO";"UOP05/DF"
196184;2019-03-10;"1";"15:50:00";"SC";153;75,2;"IRANI";"Desobediência às normas de trânsito pelo condutor";"Colisão transversal";"Com Vítimas Fatais";"Pleno dia";"Crescente";"Nublado";"Simples";"Curva";"Não";5;3;0;1;0;1;1;2;"-27.0849";"-51.909855";"SR-SC";"DEL7";"UOP05/SC"
196185;2019-03-10;"1";"17:30:00";"GO";153;206,4;"URUACU";"Velocidade Incompatível";"Saída de leito carroçável";"Com Vítimas Feridas";"Pleno dia";"Crescente";"Céu Claro";"Simples";"Não Informado";"Não";4;0;0;1;0;3;1;1;"-14.57149712";"-49.15675342";"SR-GO";"DEL1/7";"UOP02/GO"
196186;2019-03-10;"1";"17:00:00";"PE";101;81,7;"JABOATAO DOS GUARARAPES";"Falta de Atenção à Condução";"Colisão traseira";"Com Vítimas Feridas";"Anoitecer";"Decrescente";"Céu Claro";"Múltipla";"Reta";"Sim";3;0;1;0;2;0;1;2;"-8.1597489";"-34.94024569";"SR-PE";"DEL11/1";"UOP03/PE"
196187;2019-03-10;"1";"17:20:00";"RS";285;263;"MATO CASTELHANO";"Ingestão de Álcool";"Saída de leito carroçável";"Com Vítimas Feridas";"Pleno dia";"Decrescente";"Céu Claro";"Simples";"Reta";"Não";1;0;1;0;0;0;1;1;"-28.307638";"-52.109058";"SR-RS";"DEL08";"UOP03/RS"