"id";"data_inversa";"dia_semana";"horario";"uf";"br";"km";"municipio";"causa_acidente";"tipo_acidente";"classificacao_acidente";"fase_dia";"sentido_via";"condicao_metereologica";"tipo_pista";"tracado_via";"uso_solo";"pessoas";"mortos";"feridos_leves";"feridos_graves";"ilesos";"ignorados";"feridos";"veiculos";"latitude";"longitude";"regional";"delegacia";"uop"
196278;2019-03-11;"2";"03:30:00";"PE";423;50;"CACHOEIRINHA";"Condutor Dormindo";"Saída de leito carroçável";"Sem Vítimas";"Plena Noite";"Decrescente";"Nublado";"Simples";"Reta";"Não";1;0;0;0;1;0;0;1;"-8.57335227";"-36.28367654";"SR-PE";"DEL11/3";"UOP01/PE"
196279;2019-03-11;"2";"05:24:00";"MT";158;706;"BARRA DO GARCAS";"Falta de Atenção à Condução";"Colisão lateral";"Com Vítimas Feridas";"Amanhecer";"Crescente";"Nublado";"Simples";"Reta";"Não";6;0;4;0;2;0;4;2;"-15.10820998";"-52.21274494";"SR-MT";"DEL2/8";"UOP01/MT"
196280;2019-03-11;"2";"05:00:00";"MS";267;34,4;"BATAGUASSU";"Velocidade Incompatível";"Capotamento";"Sem Vítimas";"Amanhecer";"Crescente";"Chuva";"Dupla";"Curva";"Não";1;0;0;0;1;0;0;1;"-21.74042791";"-52.46505607";"SR-MS";"DEL2";"UOP04/MS"
196281;2019-03-11;"2";"06:40:00";"SC";470;62,4;"INDAIAL";"Falta de Atenção à Condução";"Colisão lateral";"Com Vítimas Feridas";"Pleno dia";"Crescente";"Céu Claro";"Simples";"Curva";"Sim";4;0;2;0;2;0;2;3;"-26.874521";"-49.182938";"SR-SC";"DEL8/4";"UOP01/SC"
196282;2019-03-11;"2";"06:30:00";"PE";101;122,2;"ESCADA";"Condutor Dormindo";"Saída de leito carroçável";"Sem Vítimas";"Pleno dia";"Crescente";"Céu Claro";"Dupla";"Reta";"Não";2;0;0;0;2;0;0;1;"-8.35922";"-35.19582";"SR-PE";"DEL11/1";"UOP03/PE"
196283;2019-03-11;"2";"05:45:00";"SP";488;5;"APARECIDA";"Pista Escorregadia";"Queda de ocupante de veículo";"Com Vítimas Feridas";"Amanhecer";"Crescente";"Nublado";"Dupla";"Curva";"Não";1;0;1;0;0;0;1;1;"-22.865681";"-45.25523";"SR-SP";"DEL6/8";"UOP02/SP"
196284;2019-03-11;"2";"06:10:00";"SP";116;300,4;"SAO LOURENCO DA SERRA";"Pista Escorregadia";"Queda de ocupante de veículo";"Com Vítimas Feridas";"Pleno dia";"Decrescente";"Chuva";"Dupla";"Não Informado";"Não";1;0;1;0;0;0;1;1;"-23.80425272";"-46.92143625";"SR-SP";"DEL6/4";"UOP01/SP"
196285;2019-03-11;"2";"05:12:00";"RS";392;14,1;"RIO GRANDE";"Animais na Pista";"Tombamento";"Sem Vítimas";"Plena Noite";"Decrescente";"Céu Claro";"Dupla";"Reta";"Não";1;0;0;0;1;0;0;1;"-32.11915816";"-52.15522135";"SR-RS";"DEL9/7";"UOP02/RS"
196286;2019-03-11;"2";"03:00:00";"MA";10;154;"PORTO FRANCO";"Condutor Dormindo";"Saída de leito carroçável";"Com Vítimas Feridas";"Amanhecer";"Crescente";"Céu Claro";"Simples";"Reta";"Sim";2;0;1;0;1;0;1;1;"-6.373761";"-47.380894";"SR-MA";"DEL18/4";"UOP02/MA"
196287;2019-03-11;"2";"05:40:00";"RS";392;6,8;"RIO GRANDE";"Animais na Pista";"Tombamento";"Sem Vítimas";"Plena Noite";"Decrescente";"Céu Claro";"Simples";"Reta";"Sim";1;0;0;0;1;0;0;1;"-32.0849901";"-52.10592673";"SR-RS";"DEL9/7";"UOP02/RS"
196288;2019-03-11;"2";"06:30:00";"DF";60;9,7;"BRASILIA";"Restrição de Visibilidade";"Atropelamento de Pedestre";"Com Vítimas Fatais";"Amanhecer";"Decrescente";"Nevoeiro/Neblina";"Dupla";"Reta";"Não";4;1;1;0;2;0;1;3;"-15.906293";"-48.139965";"SR-DF";"DF";"UOP03/DF"
196289;2019-03-11;"2";"07:10:00";"SP";101;46,5;"UBATUBA";"Condutor Dormindo";"Colisão frontal";"Com Vítimas Feridas";"Pleno dia";"Crescente";"Chuva";"Simples";"Curva";"Sim";3;0;1;1;1;0;2;3;"-23.42887008";"-45.0811333";"SR-SP";"DEL6";"UOP03/SP"
196291;2019-03-11;"2";"06:30:00";"BA";324;622;"SALVADOR";"Falta de Atenção à Condução";"Colisão traseira";"Sem Vítimas";"Pleno dia";"Crescente";"Céu Claro";"Múltipla";"Reta";"Sim";2;0;0;0;2;0;0;2;"-12.91888605";"-38.46502095";"SR-BA";"DEL10/1";"UOP01/BA"
196294;2019-03-11;"2";"06:30:00";"RJ";393;282,1;"VOLTA REDONDA";"Não guardar distância de segurança";"Colisão traseira";"Com Vítimas Feridas";"Amanhecer";"Crescente";"Nublado";"Simples";"Ponte";"Não";5;0;1;0;4;0;1;4;"-22.47846347";"-44.06324571";"SR-RJ";"DEL5/5";"UOP02/RJ"
196295;2019-03-11;"2";"07:20:00";"RN";110;49,9;"MOSSORO";"Não guardar distância de segurança";"Colisão traseira";"Sem Vítimas";"Pleno dia";"Decrescente";"Céu Claro";"Dupla";"Reta";"Sim";2;0;0;0;2;0;0;2;"-5.21645975";"-37.32927128";"SR-RN";"DEL15/4";"UOP01/RN"
196296;2019-03-11;"2";"06:50:00";"SC";282;4,7;"FLORIANOPOLIS";"Não guardar distância de segurança";"Colisão traseira";"Com Vítimas Feridas";"Amanhecer";"Decrescente";"Nublado";"Múltipla";"Reta";"Sim";2;0;1;0;1;0;1;2;"-27.592646";"-48.604034";"SR-SC";"DEL8/1";"UOP01/SC"
196298;2019-03-11;"2";"08:00:00";"ES";101;304;"VIANA";"Ingestão de Álcool";"Engavetamento";"Sem Vítimas";"Pleno dia";"Decrescente";"Sol";"Dupla";"Reta";"Sim";3;0;0;0;3;0;0;3;"-20.3800645";"-40.45431391";"SR-ES";"DEL12/1";"UOP01/ES"
196299;2019-03-11;"2";"06:45:00";"RN";101;81,6;"SAO GONCALO DO AMARANTE";"Animais na Pista";"Atropelamento de Animal";"Com Vítimas Feridas";"Pleno dia";"Crescente";"Céu Claro";"Dupla";"Reta";"Sim";1;0;1;0;0;0;1;1;"-5.76469466";"-35.28295988";"SR-RN";"DEL15/2";"UOP01/RN"
196300;2019-03-11;"2";"07:40:00";"PR";116;18,6;"CURITIBA";"Não guardar distância de segurança";"Colisão lateral";"Com Vítimas Feridas";"Pleno dia";"Crescente";"Nublado";"Dupla";"Não Informado";"Sim";2;0;1;0;1;0;1;2;"-25.385775";"-49.203377";"SR-PR";"DEL7/1";"UOP02/PR"
196301;2019-03-11;"2";"07:00:00";"PB";230;159,6;"CAMPINA GRANDE";"Desobediência às normas de trânsito pelo condutor";"Colisão transversal";"Com Vítimas Feridas";"Pleno dia";"Decrescente";"Céu Claro";"Simples";"Interseção de vias";"Sim";3;0;1;2;0;0;3;2;"-7.252";"-35.9334";"SR-PB";"DEL14/2";"UOP01/PB"
196302;2019-03-11;"2";"07:50:00";"RS";285;335;"CARAZINHO";"Falta de Atenção à Condução";"Colisão traseira";"Com Vítimas Feridas";"Pleno dia";"Crescente";"Céu Claro";"Simples";"Reta";"Não";3;0;2;0;1;0;2;2;"-28.314695";"-52.750206";"SR-RS";"DEL08";"UOP03/RS"
196303;2019-03-11;"2";"06:00:00";"SP";116;222;"GUARULHOS";"Falta de Atenção à Condução";"Colisão traseira";"Com Vítimas Feridas";"Amanhecer";"Crescente";"Garoa/Chuvisco";"Múltipla";"Reta";"Sim";2;0;1;0;1;0;1;1;"-23.47093408";"-46.51631097";"SR-SP";"DEL6/1";"UOP01/SP"
196304;2019-03-11;"2";"08:00:00";"ES";101;264;"SERRA";"Desobediência às normas de trânsito pelo condutor";"Colisão lateral";"Com Vítimas Feridas";"Pleno dia";"Decrescente";"Céu Claro";"Múltipla";"Reta";"Sim";3;0;1;1;1;0;2;2;"-20.17603319";"-40.26597803";"SR-ES";"DEL12/2";"UOP01/ES"
196305;2019-03-11;"2";"08:30:00";"BA";324;619,7;"SALVADOR";"Não guardar distância de segurança";"Colisão lateral";"Com Vítimas Feridas";"Pleno dia";"Crescente";"Sol";"Dupla";"Reta";"Sim";1;0;1;0;0;0;1;1;"-12.90269729";"-38.45378458";"SR-BA";"DEL10/1";"UOP01/BA"
196307;2019-03-11;"2";"08:00:00";"GO";153;502,8;"GOIANIA";"Desobediência às normas de trânsito pelo condutor";"Colisão traseira";"Com Vítimas Feridas";"Pleno dia";"Decrescente";"Sol";"Dupla";"Reta";"Sim";4;0;2;0;2;0;2;3;"-16.7287";"-49.2424";"SR-GO";"DEL1/1";"UOP01/GO"
196308;2019-03-11;"2";"07:30:00";"MG";50;194,3;"DELTA";"Defeito Mecânico no Veículo";"Incêndio";"Sem Vítimas";"Pleno dia";"Decrescente";"Nublado";"Dupla";"Reta";"Não";1;0;0;0;1;0;0;1;"-19.887439";"-47.848374";"SR-MG";"DEL13";"UOP01/MG"
196310;2019-03-11;"2";"07:35:00";"RN";406;151,2;"CEARA-MIRIM";"Falta de Atenção à Condução";"Tombamento";"Com Vítimas Feridas";"Pleno dia";"Decrescente";"Sol";"Simples";"Reta";"Sim";1;0;1;0;0;0;1;1;"-5.65094554";"-35.42341594";"SR-RN";"DEL15/2";"UOP01/RN"
196311;2019-03-11;"2";"08:45:00";"PR";476;122,9;"CURITIBA";"Falta de Atenção à Condução";"Colisão lateral";"Com Vítimas Feridas";"Pleno dia";"Crescente";"Nublado";"Múltipla";"Reta";"Sim";3;0;1;0;1;1;1;3;"-25.385775";"-49.203377";"SR-PR";"DEL7/1";"UOP06/PR"
196312;2019-03-11;"2";"07:45:00";"SC";101;38,5;"JOINVILLE";"Desobediência às normas de trânsito pelo condutor";"Colisão transversal";"Com Vítimas Feridas";"Pleno dia";"Decrescente";"Nublado";"Múltipla";"Interseção de vias";"Sim";2;0;1;0;1;0;1;2;"-26.25472505";"-48.90561309";"SR-SC";"DEL8/3";"UOP01/SC"
196313;2019-03-11;"2";"09:00:00";"CE";20;367,8;"MARANGUAPE";"Desobediência às normas de trânsito pelo condutor";"Saída de leito carroçável";"Com Vítimas Feridas";"Pleno dia";"Decrescente";"Céu Claro";"Simples";"Reta";"Não";2;0;2;0;0;0;2;1;"-3.99412332";"-38.9348798";"SR-CE";"DEL16/2";"UOP01/CE"
196314;2019-03-11;"2";"08:25:00";"BA";116;827,3;"VITORIA DA CONQUISTA";"Falta de Atenção à Condução";"Colisão transversal";"Com Vítimas Feridas";"Pleno dia";"Crescente";"Sol";"Simples";"Reta";"Sim";2;0;1;0;0;1;1;2;"-14.8884";"-40.86086";"SR-BA";"DEL10/8";"UOP01/BA"
196315;2019-03-11;"2";"07:00:00";"SC";470;29;"GASPAR";"Falta de Atenção à Condução";"Colisão frontal";"Com Vítimas Feridas";"Pleno dia";"Crescente";"Nublado";"Simples";"Reta";"Não";3;0;0;1;2;0;1;2;"-26.89362";"-48.903973";"SR-SC";"DEL8/4";"UOP01/SC"
196317;2019-03-11;"2";"08:55:00";"PB";101;31,6;"MAMANGUAPE";"Defeito Mecânico no Veículo";"Queda de ocupante de veículo";"Com Vítimas Feridas";"Pleno dia";"Crescente";"Céu Claro";"Dupla";"Reta";"Não";2;0;2;0;0;0;2;1;"-6.758091";"-35.13408691";"SR-PB";"DEL14/1";"UOP03/PB"
196318;2019-03-11;"2";"07:50:00";"MG";116;757,5;"LEOPOLDINA";"Condutor Dormindo";"Colisão frontal";"Com Vítimas Feridas";"Pleno dia";"Decrescente";"Céu Claro";"Simples";"Reta";"Não";3;0;1;1;1;0;2;2;"-21.49867034";"-42.59199078";"SR-MG";"DEL4/7";"UOP01/MG"
196319;2019-03-11;"2";"07:50:00";"PR";476;108;"COLOMBO";"Falta de Atenção à Condução";"Colisão lateral";"Com Vítimas Feridas";"Pleno dia";"Crescente";"Céu Claro";"Simples";"Curva";"Não";2;0;1;0;1;0;1;2;"-25.298958";"-49.152153";"SR-PR";"DEL7/1";"UOP01/PR"
196320;2019-03-11;"2";"07:30:00";"MG";251;353,9;"PADRE CARVALHO";"Carga excessiva e/ou mal acondicionada";"Saída de leito carroçável";"Com Vítimas Feridas";"Pleno dia";"Decrescente";"Céu Claro";"Simples";"Reta";"Não";1;0;1;0;0;0;1;1;"-16.27666394";"-42.55328994";"SR-MG";"DEL4/12";"UOP01/MG"
196321;2019-03-11;"2";"09:15:00";"PR";476;155;"ARAUCARIA";"Falta de Atenção à Condução";"Colisão transversal";"Com Vítimas Feridas";"Pleno dia";"Decrescente";"Nublado";"Dupla";"Reta";"Sim";2;0;1;0;1;0;1;2;"-25.590897";"-49.410622";"SR-PR";"DEL7/1";"UOP04/PR"
196322;2019-03-11;"2";"08:40:00";"PI";316;8;"TERESINA";"Falta de Atenção à Condução";"Colisão lateral";"Com Vítimas Feridas";"Pleno dia";"Decrescente";"Nublado";"Simples";"Reta";"Sim";2;0;1;1;0;0;2;1;"-5.16483402";"-42.76899508";"SR-PI";"DEL17/1";"UOP02/PI"
196323;2019-03-11;"2";"09:00:00";"PR";116;89;"PIRAQUARA";"Falta de Atenção à Condução";"Colisão traseira";"Com Vítimas Feridas";"Pleno dia";"Decrescente";"Nublado";"Dupla";"Curva";"Não";3;0;0;1;1;1;1;3;"-25.482074";"-49.105324";"SR-PR";"DEL7/1";"UOP01/PR"
196324;2019-03-11;"2";"06:00:00";"MS";60;90;"PARAISO DAS AGUAS";"Falta de Atenção à Condução";"Capotamento";"Com Vítimas Feridas";"Amanhecer";"Decrescente";"Ignorado";"Simples";"Reta";"Não";3;0;0;3;0;0;3;1;"-19.23484228";"-53.13721993";"SR-MS";"DEL3/6";"UOP02/MS"
196326;2019-02-28;"5";"11:50:00";"SC";282;4,6;"SAO JOSE";"Falta de Atenção à Condução";"Colisão traseira";"Com Vítimas Feridas";"Pleno dia";"Decrescente";"Céu Claro";"Dupla";"Não Informado";"Sim";3;0;1;0;2;0;1;3;"-27.592646";"-48.604034";"SR-SC";"DEL8/1";"UOP01/SC"
196327;2019-03-11;"2";"09:35:00";"PE";104;24;"TAQUARITINGA DO NORTE";"Não guardar distância de segurança";"Colisão traseira";"Com Vítimas Fatais";"Pleno dia";"Decrescente";"Sol";"Simples";"Não Informado";"Não";3;1;0;1;1;0;1;2;"-7.977156";"-36.103249";"SR-PE";"DEL11/2";"UOP01/PE"
196328;2019-03-11;"2";"09:30:00";"SP";116;178,3;"GUARAREMA";"Falta de Atenção à Condução";"Colisão transversal";"Com Vítimas Feridas";"Pleno dia";"Crescente";"Nublado";"Dupla";"Reta";"Não";5;0;4;0;1;0;4;2;"-23.327667";"-46.128108";"SR-SP";"DEL6/2";"UOP01/SP"
196329;2019-03-11;"2";"09:15:00";"SP";116;271;"TABOAO DA SERRA";"Desobediência às normas de trânsito pelo condutor";"Colisão transversal";"Com Vítimas Feridas";"Pleno dia";"Decrescente";"Nublado";"Dupla";"Reta";"Não";3;0;1;0;2;0;1;2;"-23.61809286";"-46.80556302";"SR-SP";"DEL6/4";"UOP01/SP"
196330;2019-03-11;"2";"10:04:00";"PR";476;133,1;"CURITIBA";"Falta de Atenção à Condução";"Colisão lateral";"Com Vítimas Feridas";"Pleno dia";"Decrescente";"Nublado";"Múltipla";"Reta";"Sim";2;0;1;0;1;0;1;2;"-25.469219";"-49.254143";"SR-PR";"DEL7/1";"UOP06/PR"
196331;2019-03-04;"2";"06:20:00";"PR";277;636;"CEU AZUL";"Falta de Atenção à Condução";"Saída de leito carroçável";"Com Vítimas Feridas";"Amanhecer";"Crescente";"Céu Claro";"Simples";"Não Informado";"Não";5;0;3;2;0;0;5;1;"-25.144945";"-53.83749";"SR-PR";"DEL7/5";"UOP02/PR"
196332;2019-03-11;"2";"07:40:00";"SC";282;377;"HERVAL DOESTE";"Falta de Atenção à Condução";"Colisão traseira";"Com Vítimas Feridas";"Pleno dia";"Crescente";"Nublado";"Simples";"Não Informado";"Não";3;0;1;0;2;0;1;2;"-27.216974";"-51.470055";"SR-SC";"DEL7";"UOP07/SC"
196333;2019-03-11;"2";"08:34:00";"MG";381;387,8;"SAO GONCALO DO RIO ABAIXO";"Desobediência às normas de trânsito pelo condutor";"Colisão lateral";"Com Vítimas Feridas";"Pleno dia";"Decrescente";"Garoa/Chuvisco";"Simples";"Reta";"Sim";8;0;2;3;2;1;5;3;"-19.82399687";"-43.38644743";"SR-MG";"DEL4/1";"UOP01/MG"
196334;2019-03-11;"2";"09:00:00";"GO";40;97,5;"CRISTALINA";"Falta de Atenção à Condução";"Colisão traseira";"Com Vítimas Feridas";"Pleno dia";"Crescente";"Chuva";"Simples";"Não Informado";"Não";2;0;1;0;1;0;1;2;"-16.764631";"-47.595763";"SR-DF";"GO";"UOP02/DF"
196335;2019-03-11;"2";"08:45:00";"SC";282;516;"XAXIM";"Velocidade Incompatível";"Tombamento";"Com Vítimas Feridas";"Pleno dia";"Decrescente";"Nublado";"Simples";"Curva";"Não";1;0;1;0;0;0;1;1;"-26.930862";"-52.499157";"SR-SC";"DEL7";"UOP01/SC"
196336;2019-03-01;"6";"23:00:00";"MS";267;546,4;"BELA VISTA";"Defeito Mecânico no Veículo";"Saída de leito carroçável";"Com Vítimas Feridas";"Plena Noite";"Crescente";"Céu Claro";"Simples";"Reta";"Não";2;0;1;0;1;0;1;1;"-21.626";"-56.6955";"SR-MS";"DEL3/5";"UOP01/MS"
196337;2019-03-11;"2";"10:50:00";"PR";376;248;"APUCARANA";"Mal Súbito";"Colisão traseira";"Com Vítimas Feridas";"Pleno dia";"Decrescente";"Nublado";"Dupla";"Reta";"Não";2;0;1;0;1;0;1;2;"-23.62178992";"-51.38837894";"SR-PR";"DEL7/7";"UOP03/PR"
196338;2019-03-11;"2";"10:50:00";"SC";101;36,5;"JOINVILLE";"Falta de Atenção à Condução";"Colisão traseira";"Com Vítimas Feridas";"Pleno dia";"Decrescente";"Nublado";"Dupla";"Reta";"Não";2;0;1;0;1;0;1;2;"-26.24573198";"-48.9101069";"SR-SC";"DEL8/3";"UOP01/SC"
196340;2019-03-11;"2";"10:50:00";"PE";101;81,9;"JABOATAO DOS GUARARAPES";"Não guardar distância de segurança";"Colisão traseira";"Com Vítimas Feridas";"Pleno dia";"Crescente";"Céu Claro";"Dupla";"Curva";"Sim";2;0;1;0;1;0;1;2;"-8.1597489";"-34.94024569";"SR-PE";"DEL11/1";"UOP03/PE"
196341;2019-03-11;"2";"07:10:00";"MT";364;346;"SANTO ANTONIO DO LEVERGER";"Falta de Atenção à Condução";"Colisão traseira";"Sem Vítimas";"Pleno dia";"Crescente";"Céu Claro";"Dupla";"Reta";"Não";3;0;0;0;3;0;0;3;"-15.81193889";"-55.53981241";"SR-MT";"DEL2/1";"UOP01/MT"
196342;2019-03-11;"2";"11:00:00";"SC";470;156;"TROMBUDO CENTRAL";"Velocidade Incompatível";"Saída de leito carroçável";"Com Vítimas Feridas";"Pleno dia";"Crescente";"Nublado";"Simples";"Curva";"Não";1;0;1;0;0;0;1;1;"-27.27911975";"-49.75776672";"SR-SC";"DEL8/4";"UOP02/SC"
196343;2019-03-11;"2";"10:50:00";"MG";381;813,7;"CAREACU";"Defeito Mecânico no Veículo";"Queda de ocupante de veículo";"Com Vítimas Feridas";"Pleno dia";"Crescente";"Nublado";"Dupla";"Não Informado";"Não";1;0;1;0;0;0;1;1;"-22.02050819";"-45.68185319";"SR-MG";"DEL09";"UOP02/MG"
196345;2019-03-11;"2";"12:00:00";"PA";316;60;"CASTANHAL";"Falta de Atenção à Condução";"Colisão transversal";"Com Vítimas Feridas";"Pleno dia";"Decrescente";"Chuva";"Dupla";"Retorno Regulamentado";"Sim";3;0;2;0;1;0;2;2;"-1.29772957";"-47.95528793";"SR-PA";"DEL19/1";"UOP02/PA"
196346;2019-03-11;"2";"12:00:00";"ES";101;266,3;"SERRA";"Falta de Atenção à Condução";"Colisão transversal";"Com Vítimas Feridas";"Pleno dia";"Crescente";"Sol";"Múltipla";"Interseção de vias";"Sim";3;0;0;3;0;0;3;3;"-20.190199";"-40.26828891";"SR-ES";"DEL12/2";"UOP01/ES"
196347;2019-03-11;"2";"10:20:00";"ES";259;48,8;"COLATINA";"Mal Súbito";"Tombamento";"Com Vítimas Feridas";"Pleno dia";"Decrescente";"Céu Claro";"Simples";"Curva";"Não";1;0;1;0;0;0;1;1;"-19.53246635";"-40.63127697";"SR-ES";"DEL12/2";"UOP01/ES"
196348;2019-03-11;"2";"11:40:00";"PA";155;336;"MARABA";"Condutor Dormindo";"Saída de leito carroçável";"Com Vítimas Feridas";"Pleno dia";"Crescente";"Céu Claro";"Simples";"Reta";"Não";3;0;1;0;1;1;1;1;"-5.43208099";"-49.07610155";"SR-PA";"DEL19/3";"UOP01/PA"
196349;2019-03-10;"1";"23:00:00";"MT";70;10;"BARRA DO GARCAS";"Ingestão de Álcool";"Saída de leito carroçável";"Com Vítimas Feridas";"Plena Noite";"Crescente";"Céu Claro";"Simples";"Reta";"Não";1;0;1;0;0;0;1;1;"-15.87887296";"-52.35139847";"SR-MT";"DEL2/8";"UOP01/MT"
196350;2019-03-11;"2";"11:20:00";"RO";364;710;"PORTO VELHO";"Falta de Atenção à Condução";"Colisão lateral";"Com Vítimas Feridas";"Pleno dia";"Decrescente";"Nublado";"Simples";"Reta";"Sim";2;0;1;0;1;0;1;2;"-8.78367361";"-63.86251872";"SR-RO";"DEL21/1";"UOP01/RO"
196352;2019-03-11;"2";"11:30:00";"SC";101;211,8;"PALHOCA";"Não guardar distância de segurança";"Engavetamento";"Com Vítimas Feridas";"Pleno dia";"Decrescente";"Nublado";"Múltipla";"Reta";"Sim";4;0;1;0;3;0;1;3;"-27.62329313";"-48.65245588";"SR-SC";"DEL8/1";"UOP02/SC"
196353;2019-03-11;"2";"12:30:00";"RS";158;307;"ITAARA";"Fenômenos da Natureza";"Danos eventuais";"Sem Vítimas";"Pleno dia";"Crescente";"Céu Claro";"Simples";"Reta";"Sim";1;0;0;0;1;0;0;1;"-29.58657901";"-53.76610319";"SR-RS";"DEL9/9";"UOP01/RS"
196354;2019-03-11;"2";"13:10:00";"SP";116;212;"GUARULHOS";"Falta de Atenção à Condução";"Colisão traseira";"Sem Vítimas";"Pleno dia";"Crescente";"Céu Claro";"Múltipla";"Desvio Temporário";"Sim";2;0;0;0;2;0;0;2;"-23.43608315";"-46.42805094";"SR-SP";"DEL6/1";"UOP01/SP"
196355;2019-02-14;"5";"10:00:00";"PR";277;41,5;"MORRETES";"Defeito Mecânico no Veículo";"Colisão com objeto estático";"Sem Vítimas";"Pleno dia";"Crescente";"Chuva";"Dupla";"Desvio Temporário";"Não";2;0;0;0;2;0;0;2;"-25.58062986";"-48.8763346";"SR-PR";"DEL7/1";"UOP06/PR"
196356;2019-03-11;"2";"12:45:00";"MG";381;335;"NOVA ERA";"Carga excessiva e/ou mal acondicionada";"Derramamento de carga";"Sem Vítimas";"Pleno dia";"Decrescente";"Céu Claro";"Simples";"Curva";"Não";1;0;0;0;1;0;0;1;"-19.81700707";"-43.06661887";"SR-MG";"DEL4/3";"UOP01/MG"
196357;2019-03-11;"2";"12:05:00";"SP";153;162,2;"PROMISSAO";"Desobediência às normas de trânsito pelo condutor";"Colisão lateral";"Com Vítimas Feridas";"Pleno dia";"Crescente";"Sol";"Simples";"Reta";"Não";3;0;1;1;1;0;2;2;"-21.52532797";"-49.78132669";"SR-SP";"DEL6/07";"UOP01/SP"
196358;2019-03-11;"2";"13:00:00";"PB";230;48,9;"SANTA RITA";"Falta de Atenção à Condução";"Colisão lateral";"Com Vítimas Feridas";"Pleno dia";"Crescente";"Céu Claro";"Dupla";"Retorno Regulamentado";"Não";3;0;2;0;0;1;2;2;"-7.18012455";"-35.04763306";"SR-PB";"DEL14/1";"UOP02/PB"
196359;2019-03-11;"2";"13:30:00";"GO";60;184;"ABADIA DE GOIAS";"Defeito Mecânico no Veículo";"Tombamento";"Com Vítimas Feridas";"Pleno dia";"Crescente";"Nublado";"Dupla";"Reta";"Não";2;0;2;0;0;0;2;1;"-16.7899";"-49.5019";"SR-GO";"DEL1/1";"UOP02/GO"
196360;2019-03-11;"2";"13:35:00";"RS";158;324;"SANTA MARIA";"Falta de Atenção à Condução";"Colisão traseira";"Com Vítimas Feridas";"Pleno dia";"Decrescente";"Céu Claro";"Simples";"Interseção de vias";"Sim";2;0;1;0;1;0;1;2;"-29.7016225";"-53.79301071";"SR-RS";"DEL9/9";"UOP01/RS"
196361;2019-03-11;"2";"13:40:00";"SC";101;216,5;"PALHOCA";"Desobediência às normas de trânsito pelo condutor";"Colisão transversal";"Com Vítimas Feridas";"Pleno dia";"Decrescente";"Nublado";"Dupla";"Interseção de vias";"Sim";2;0;1;0;1;0;1;2;"-27.65981409";"-48.67747798";"SR-SC";"DEL8/1";"UOP02/SC"
196362;2019-03-11;"2";"11:50:00";"GO";60;92,3;"ANAPOLIS";"Desobediência às normas de trânsito pelo condutor";"Colisão traseira";"Com Vítimas Feridas";"Pleno dia";"Decrescente";"Céu Claro";"Dupla";"Retorno Regulamentado";"Sim";2;0;1;0;1;0;1;2;"-16.3491";"-48.9095";"SR-GO";"DEL1/2";"UOP01/GO"
196363;2019-03-11;"2";"13:10:00";"PR";153;353,2;"REBOUCAS";"Falta de Atenção à Condução";"Saída de leito carroçável";"Com Vítimas Feridas";"Pleno dia";"Crescente";"Céu Claro";"Simples";"Curva";"Não";1;0;1;0;0;0;1;1;"-25.62594193";"-50.719173";"SR-PR";"DEL7/3";"UOP04/PR"
196364;2019-03-11;"2";"14:00:00";"SP";116;150,1;"SAO JOSE DOS CAMPOS";"Falta de Atenção à Condução";"Capotamento";"Com Vítimas Feridas";"Pleno dia";"Decrescente";"Garoa/Chuvisco";"Múltipla";"Desvio Temporário";"Sim";1;0;1;0;0;0;1;1;"-23.21184711";"-45.89144826";"SR-SP";"DEL6/2";"UOP01/SP"
196365;2019-03-11;"2";"12:20:00";"MT";364;250;"JUSCIMEIRA";"Defeito Mecânico no Veículo";"Incêndio";"Sem Vítimas";"Pleno dia";"Decrescente";"Sol";"Dupla";"Não Informado";"Não";1;0;0;0;1;0;0;1;"-16.12029135";"-54.85333523";"SR-MT";"DEL2/2";"UOP01/MT"
196366;2019-03-11;"2";"12:50:00";"RO";174;14;"VILHENA";"Falta de Atenção à Condução";"Colisão lateral";"Com Vítimas Feridas";"Pleno dia";"Crescente";"Céu Claro";"Simples";"Reta";"Não";2;0;1;0;1;0;1;2;"-12.73306632";"-60.12981255";"SR-RO";"DEL21/4";"UOP01/RO"
196367;2019-03-11;"2";"13:55:00";"RJ";116;126;"MAGE";"Fenômenos da Natureza";"Colisão com objeto estático";"Sem Vítimas";"Pleno dia";"Decrescente";"Chuva";"Dupla";"Curva";"Sim";1;0;0;0;1;0;0;1;"-22.66311288";"-43.11579502";"SR-RJ";"DEL5/4";"UOP02/RJ"
196368;2019-02-10;"1";"23:00:00";"PB";230;406;"POMBAL";"Falta de Atenção à Condução";"Colisão frontal";"Com Vítimas Feridas";"Plena Noite";"Decrescente";"Céu Claro";"Simples";"Reta";"Sim";4;0;1;1;1;1;2;2;"-6.7842";"-37.7987";"SR-PB";"DEL14/3";"UOP02/PB"
196369;2019-03-11;"2";"14:40:00";"SC";470;49,6;"BLUMENAU";"Falta de Atenção à Condução";"Colisão transversal";"Com Vítimas Feridas";"Pleno dia";"Crescente";"Nublado";"Simples";"Curva";"Sim";3;0;1;0;2;0;1;3;"-26.860662";"-49.065159";"SR-SC";"DEL8/4";"UOP01/SC"
196370;2019-03-11;"2";"14:30:00";"RN";101;77,4;"NATAL";"Desobediência às normas de trânsito pelo condutor";"Colisão transversal";"Com Vítimas Feridas";"Pleno dia";"Decrescente";"Céu Claro";"Dupla";"Reta";"Sim";2;0;0;1;1;0;1;2;"-5.73180495";"-35.29112135";"SR-RN";"DEL15/2";"UOP01/RN"