"id";"data_inversa";"dia_semana";"horario";"uf";"br";"km";"municipio";"causa_acidente";"tipo_acidente";"classificacao_acidente";"fase_dia";"sentido_via";"condicao_metereologica";"tipo_pista";"tracado_via";"uso_solo";"pessoas";"mortos";"feridos_leves";"feridos_graves";"ilesos";"ignorados";"feridos";"veiculos";"latitude";"longitude";"regional";"delegacia";"uop"
196372;2019-03-11;"2";"11:45:00";"BA";101;457;"URUCUCA";"Velocidade Incompatível";"Saída de leito carroçável";"Com Vítimas Feridas";"Pleno dia";"Crescente";"Céu Claro";"Simples";"Reta";"Não";3;0;1;2;0;0;3;1;"-14.5094199";"-39.33219556";"SR-BA";"DEL10/5";"UOP01/BA"
196375;2019-03-11;"2";"14:30:00";"GO";153;513,6;"APARECIDA DE GOIANIA";"Falta de Atenção à Condução";"Saída de leito carroçável";"Com Vítimas Feridas";"Pleno dia";"Crescente";"Céu Claro";"Dupla";"Curva";"Sim";2;0;1;0;1;0;1;1;"-16.8244";"-49.2421";"SR-GO";"DEL1/1";"UOP03/GO"
196378;2019-03-11;"2";"14:30:00";"MT";70;522;"VARZEA GRANDE";"Falta de Atenção à Condução";"Queda de ocupante de veículo";"Com Vítimas Feridas";"Pleno dia";"Decrescente";"Nublado";"Simples";"Reta";"Não";1;0;1;0;0;0;1;1;"-15.65246154";"-56.1926651";"SR-MT";"DEL2/4";"UOP02/MT"
196379;2019-03-11;"2";"15:40:00";"PE";232;308,9;"SERTANIA";"Desobediência às normas de trânsito pelo condutor";"Colisão traseira";"Sem Vítimas";"Pleno dia";"Crescente";"Céu Claro";"Simples";"Reta";"Não";3;0;0;0;3;0;0;3;"-8.1709842";"-37.45960426";"SR-PE";"DEL11/3";"UOP02/PE"
196380;2019-03-11;"2";"15:10:00";"CE";222;313;"TIANGUA";"Desobediência às normas de trânsito pelo condutor";"Colisão transversal";"Com Vítimas Feridas";"Pleno dia";"Crescente";"Nublado";"Simples";"Reta";"Sim";2;0;0;1;1;0;1;2;"-3.73120947";"-41.00101948";"SR-CE";"DEL16/4";"UOP02/CE"
196381;2019-03-11;"2";"16:00:00";"SC";101;206;"SAO JOSE";"Não guardar distância de segurança";"Colisão lateral";"Com Vítimas Feridas";"Pleno dia";"Crescente";"Céu Claro";"Múltipla";"Não Informado";"Sim";3;0;2;0;0;1;2;2;"-27.59193546";"-48.61824557";"SR-SC";"DEL8/1";"UOP01/SC"
196382;2019-03-11;"2";"14:30:00";"RJ";493;23;"MAGE";"Não guardar distância de segurança";"Engavetamento";"Com Vítimas Feridas";"Pleno dia";"Decrescente";"Céu Claro";"Simples";"Reta";"Sim";4;0;1;0;3;0;1;4;"-22.65705297";"-43.061742";"SR-RJ";"DEL5/4";"UOP02/RJ"
196383;2019-03-11;"2";"14:00:00";"RJ";116;86;"TERESOPOLIS";"Defeito Mecânico no Veículo";"Saída de leito carroçável";"Com Vítimas Feridas";"Pleno dia";"Crescente";"Nublado";"Simples";"Curva";"Não";3;0;2;0;1;0;2;1;"-22.43671224";"-42.94971377";"SR-RJ";"DEL5/4";"UOP01/RJ"
196384;2019-03-11;"2";"16:45:00";"SC";470;147;"RIO DO SUL";"Falta de Atenção à Condução";"Colisão transversal";"Com Vítimas Feridas";"Pleno dia";"Crescente";"Nublado";"Simples";"Curva";"Não";3;0;2;0;1;0;2;2;"-27.24516775";"-49.69184875";"SR-SC";"DEL8/4";"UOP02/SC"
196385;2019-03-11;"2";"12:40:00";"MG";116;457,3;"ENGENHEIRO CALDAS";"Desobediência às normas de trânsito pelo condutor";"Colisão transversal";"Com Vítimas Feridas";"Pleno dia";"Crescente";"Céu Claro";"Simples";"Reta";"Sim";3;0;2;0;1;0;2;2;"-19.2086853";"-42.05227849";"SR-MG";"DEL4/6";"UOP02/MG"
196386;2019-03-11;"2";"16:50:00";"GO";153;495,6;"GOIANIA";"Ingestão de Álcool";"Colisão traseira";"Sem Vítimas";"Pleno dia";"Crescente";"Sol";"Simples";"Reta";"Sim";3;0;0;0;3;0;0;3;"-16.6681";"-49.2263";"SR-GO";"DEL1/1";"UOP01/GO"
196387;2019-01-02;"4";"10:30:00";"RS";386;173,6;"CARAZINHO";"Não guardar distância de segurança";"Colisão traseira";"Com Vítimas Feridas";"Pleno dia";"Crescente";"Céu Claro";"Simples";"Não Informado";"Não";3;0;2;0;1;0;2;3;"-28.258726";"-52.794571";"SR-RS";"DEL08";"UOP01/RS"
196388;2019-03-11;"2";"16:10:00";"SP";116;548;"BARRA DO TURVO";"Velocidade Incompatível";"Colisão com objeto estático";"Com Vítimas Feridas";"Pleno dia";"Crescente";"Garoa/Chuvisco";"Simples";"Não Informado";"Não";3;0;1;0;2;0;1;1;"-24.95393";"-48.447268";"SR-SP";"DEL6/5";"UOP03/SP"
196389;2019-03-11;"2";"17:05:00";"GO";153;541,5;"HIDROLANDIA";"Desobediência às normas de trânsito pelo condutor";"Colisão traseira";"Com Vítimas Feridas";"Pleno dia";"Decrescente";"Céu Claro";"Dupla";"Não Informado";"Não";2;0;1;0;1;0;1;2;"-17.0648";"-49.2252";"SR-GO";"DEL1/1";"UOP03/GO"
196391;2019-03-11;"2";"17:15:00";"SC";282;392,5;"JOACABA";"Falta de Atenção à Condução";"Colisão traseira";"Com Vítimas Feridas";"Pleno dia";"Crescente";"Chuva";"Simples";"Reta";"Não";3;0;1;0;2;0;1;2;"-27.164942";"-51.56567";"SR-SC";"DEL7";"UOP07/SC"
196392;2019-03-11;"2";"16:30:00";"PR";272;523;"FRANCISCO ALVES";"Objeto estático sobre o leito carroçável";"Colisão com objeto em movimento";"Com Vítimas Feridas";"Anoitecer";"Crescente";"Céu Claro";"Simples";"Curva";"Não";3;0;1;0;1;1;1;1;"-24.06581399";"-53.84976994";"SR-PR";"DEL7/6";"UOP02/PR"
196393;2019-03-11;"2";"17:00:00";"RS";285;510,3;"ENTRE-IJUIS";"Falta de Atenção à Condução";"Colisão transversal";"Com Vítimas Feridas";"Pleno dia";"Crescente";"Sol";"Simples";"Reta";"Não";5;0;2;0;3;0;2;2;"-28.39683674";"-54.37916994";"SR-RS";"DEL9/10";"UOP01/RS"
196394;2019-03-11;"2";"17:35:00";"ES";101;401;"ITAPEMIRIM";"Falta de Atenção à Condução";"Colisão lateral";"Com Vítimas Feridas";"Pleno dia";"Decrescente";"Céu Claro";"Simples";"Reta";"Não";2;0;1;0;1;0;1;2;"-20.88555512";"-40.98236676";"SR-ES";"DEL12/3";"UOP02/ES"
196395;2019-03-11;"2";"16:35:00";"PR";369;482;"CORBELIA";"Defeito Mecânico no Veículo";"Tombamento";"Com Vítimas Feridas";"Pleno dia";"Crescente";"Nublado";"Simples";"Reta";"Não";2;0;2;0;0;0;2;1;"-24.6524";"-53.2195";"SR-PR";"DEL7/4";"UOP04/PR"
196396;2019-03-11;"2";"15:50:00";"SC";280;128,4;"RIO NEGRINHO";"Falta de Atenção à Condução";"Colisão transversal";"Sem Vítimas";"Pleno dia";"Crescente";"Nublado";"Múltipla";"Não Informado";"Sim";6;0;0;0;6;0;0;2;"-26.24317941";"-49.51320018";"SR-SC";"DEL8/6";"UOP03/SC"
196397;2019-03-11;"2";"15:30:00";"MT";174;5;"PONTES E LACERDA";"Falta de Atenção à Condução";"Colisão com objeto estático";"Com Vítimas Feridas";"Pleno dia";"Crescente";"Céu Claro";"Simples";"Reta";"Sim";2;0;2;0;0;0;2;1;"-15.22588943";"-59.31861877";"SR-MT";"DEL2/7";"UOP01/MT"
196398;2019-03-11;"2";"09:00:00";"PE";316;338,5;"PETROLANDIA";"Desobediência às normas de trânsito pelo condutor";"Colisão traseira";"Com Vítimas Feridas";"Pleno dia";"Decrescente";"Céu Claro";"Simples";"Reta";"Não";7;0;6;0;1;0;6;2;"-8.77632707";"-38.34362105";"SR-PE";"DEL11/4";"UOP02/PE"
196400;2019-03-11;"2";"11:35:00";"PE";232;417,8;"SERRA TALHADA";"Falta de Atenção à Condução";"Saída de leito carroçável";"Com Vítimas Feridas";"Pleno dia";"Crescente";"Céu Claro";"Simples";"Reta";"Não";1;0;0;1;0;0;1;1;"-8.000298";"-38.361745";"SR-PE";"DEL11/4";"UOP01/PE"
196401;2019-03-11;"2";"17:45:00";"SP";116;217;"GUARULHOS";"Não guardar distância de segurança";"Colisão traseira";"Com Vítimas Feridas";"Anoitecer";"Decrescente";"Nublado";"Múltipla";"Reta";"Sim";3;0;1;0;2;0;1;2;"-23.45648038";"-46.47668764";"SR-SP";"DEL6/1";"UOP01/SP"
196402;2019-03-11;"2";"17:45:00";"DF";70;7,7;"BRASILIA";"Falta de Atenção à Condução";"Colisão lateral";"Com Vítimas Feridas";"Anoitecer";"Crescente";"Nublado";"Dupla";"Desvio Temporário";"Sim";2;0;1;0;1;0;1;2;"-15.787601";"-48.114429";"SR-DF";"DF";"UOP06/DF"
196403;2019-03-11;"2";"17:10:00";"MT";163;993;"TERRA NOVA DO NORTE";"Falta de Atenção à Condução";"Colisão traseira";"Com Vítimas Feridas";"Anoitecer";"Crescente";"Céu Claro";"Simples";"Reta";"Não";2;0;2;0;0;0;2;2;"-10.66871497";"-55.13684205";"SR-MT";"DEL2/6";"UOP02/MT"
196404;2019-03-11;"2";"16:40:00";"RS";386;75,3;"BOA VISTA DAS MISSOES";"Desobediência às normas de trânsito pelo condutor";"Colisão frontal";"Com Vítimas Feridas";"Pleno dia";"Crescente";"Céu Claro";"Simples";"Reta";"Não";2;0;2;0;0;0;2;2;"-27.706947";"-53.291302";"SR-RS";"DEL08";"UOP02/RS"
196405;2019-03-11;"2";"18:15:00";"SC";101;203;"SAO JOSE";"Desobediência às normas de trânsito pelo condutor";"Colisão frontal";"Com Vítimas Feridas";"Pleno dia";"Crescente";"Céu Claro";"Múltipla";"Reta";"Sim";2;0;1;0;1;0;1;2;"-27.5650044";"-48.61460082";"SR-SC";"DEL8/1";"UOP01/SC"
196406;2019-03-11;"2";"18:35:00";"DF";60;6;"BRASILIA";"Falta de Atenção à Condução";"Colisão traseira";"Com Vítimas Feridas";"Anoitecer";"Crescente";"Nublado";"Dupla";"Reta";"Sim";2;0;1;0;1;0;1;2;"-15.898933";"-48.116291";"SR-DF";"DF";"UOP03/DF"
196407;2019-03-11;"2";"16:55:00";"MS";163;432;"CAMPO GRANDE";"Ingestão de Álcool";"Colisão lateral";"Sem Vítimas";"Pleno dia";"Crescente";"Céu Claro";"Múltipla";"Reta";"Não";2;0;0;0;2;0;0;2;"-20.88288151";"-54.50462222";"SR-MS";"DEL3/1";"UOP01/MS"
196408;2019-03-11;"2";"17:45:00";"GO";153;182;"CAMPINORTE";"Avarias e/ou desgaste excessivo no pneu";"Saída de leito carroçável";"Com Vítimas Feridas";"Pleno dia";"Crescente";"Nublado";"Simples";"Reta";"Não";2;0;1;0;1;0;1;1;"-14.360892";"-49.158459";"SR-GO";"DEL1/7";"UOP02/GO"
196409;2019-03-11;"2";"17:10:00";"SC";280;55;"GUARAMIRIM";"Falta de Atenção à Condução";"Colisão transversal";"Com Vítimas Feridas";"Pleno dia";"Crescente";"Nublado";"Simples";"Reta";"Sim";2;0;1;0;1;0;1;2;"-26.47584353";"-48.9937858";"SR-SC";"DEL8/3";"UOP03/SC"
196410;2019-03-11;"2";"18:50:00";"PA";230;116;"MARABA";"Desobediência às normas de trânsito pelo condutor";"Colisão transversal";"Com Vítimas Feridas";"Anoitecer";"Crescente";"Nublado";"Dupla";"Reta";"Sim";2;0;1;0;1;0;1;2;"-5.35947454";"-49.08301084";"SR-PA";"DEL19/3";"UOP01/PA"
196411;2019-03-11;"2";"14:50:00";"MT";364;289;"JACIARA";"Velocidade Incompatível";"Colisão com objeto estático";"Sem Vítimas";"Pleno dia";"Crescente";"Céu Claro";"Dupla";"Curva";"Não";3;0;0;0;2;1;0;2;"-15.90640833";"-55.08298593";"SR-MT";"DEL2/1";"UOP02/MT"
196412;2019-03-11;"2";"18:25:00";"PR";277;1;"PARANAGUA";"Falta de Atenção à Condução";"Colisão transversal";"Com Vítimas Feridas";"Plena Noite";"Decrescente";"Nublado";"Simples";"Rotatória";"Sim";2;0;1;0;1;0;1;2;"-25.568198";"-48.615292";"SR-PR";"DEL7/1";"UOP07/PR"
196413;2019-03-11;"2";"19:00:00";"GO";70;2;"AGUAS LINDAS DE GOIAS";"Defeito Mecânico no Veículo";"Saída de leito carroçável";"Com Vítimas Feridas";"Plena Noite";"Crescente";"Nublado";"Dupla";"Curva";"Não";2;0;2;0;0;0;2;1;"-15.767021";"-48.229945";"SR-DF";"GO";"UOP06/DF"
196414;2019-03-11;"2";"18:05:00";"PR";163;288;"MARECHAL CANDIDO RONDON";"Velocidade Incompatível";"Tombamento";"Sem Vítimas";"Anoitecer";"Crescente";"Nublado";"Múltipla";"Curva";"Não";1;0;0;0;1;0;0;1;"-24.51982917";"-54.07015985";"SR-PR";"DEL7/6";"UOP04/PR"
196415;2019-03-11;"2";"19:10:00";"PR";476;158,9;"ARAUCARIA";"Falta de Atenção à Condução";"Colisão transversal";"Sem Vítimas";"Anoitecer";"Decrescente";"Nublado";"Simples";"Reta";"Não";2;0;0;0;2;0;0;2;"-25.613539";"-49.424255";"SR-PR";"DEL7/1";"UOP04/PR"
196418;2019-03-11;"2";"17:45:00";"RJ";101;289;"ITABORAI";"Não guardar distância de segurança";"Colisão transversal";"Com Vítimas Feridas";"Anoitecer";"Decrescente";"Nublado";"Simples";"Retorno Regulamentado";"Sim";2;0;1;0;0;1;1;2;"-22.76376316";"-42.85172094";"SR-RJ";"DEL5/2";"UOP03/RJ"
196421;2019-03-11;"2";"19:10:00";"PR";376;634;"SAO JOSE DOS PINHAIS";"Restrição de Visibilidade";"Colisão com objeto estático";"Sem Vítimas";"Plena Noite";"Crescente";"Garoa/Chuvisco";"Dupla";"Reta";"Sim";1;0;0;0;1;0;0;1;"-25.73029716";"-49.13356446";"SR-PR";"DEL7/1";"UOP08/PR"
196422;2019-03-11;"2";"19:15:00";"PE";423;48;"CACHOEIRINHA";"Animais na Pista";"Tombamento";"Com Vítimas Feridas";"Plena Noite";"Crescente";"Céu Claro";"Simples";"Reta";"Não";1;0;1;0;0;0;1;1;"-8.55743702";"-36.27516696";"SR-PE";"DEL11/3";"UOP01/PE"
196423;2019-03-11;"2";"19:00:00";"BA";324;625;"SALVADOR";"Falta de Atenção do Pedestre";"Atropelamento de Pedestre";"Com Vítimas Feridas";"Plena Noite";"Decrescente";"Céu Claro";"Múltipla";"Reta";"Sim";5;0;1;0;4;0;1;4;"-12.94194706";"-38.47081224";"SR-BA";"DEL10/1";"UOP01/BA"
196424;2019-03-11;"2";"18:15:00";"CE";116;33;"HORIZONTE";"Falta de Atenção à Condução";"Colisão traseira";"Com Vítimas Feridas";"Plena Noite";"Crescente";"Céu Claro";"Dupla";"Reta";"Não";2;0;1;0;1;0;1;2;"-4.03469893";"-38.51047275";"SR-CE";"DEL16/1";"UOP02/CE"
196425;2019-03-11;"2";"19:50:00";"ES";101;267,5;"SERRA";"Desobediência às normas de trânsito pelo condutor";"Colisão transversal";"Sem Vítimas";"Plena Noite";"Decrescente";"Céu Claro";"Múltipla";"Reta";"Sim";2;0;0;0;1;1;0;2;"-20.19930999";"-40.26884609";"SR-ES";"DEL12/2";"UOP01/ES"
196426;2019-03-11;"2";"19:40:00";"MG";365;301;"JOAO PINHEIRO";"Defeito na Via";"Saída de leito carroçável";"Com Vítimas Feridas";"Plena Noite";"Decrescente";"Ignorado";"Simples";"Reta";"Não";4;0;4;0;0;0;4;1;"-18.142";"-45.749";"SR-MG";"DEL4/10";"UOP01/MG"
196427;2019-03-11;"2";"20:00:00";"TO";153;140;"ARAGUAINA";"Desobediência às normas de trânsito pelo condutor";"Colisão lateral";"Com Vítimas Feridas";"Anoitecer";"Decrescente";"Céu Claro";"Dupla";"Rotatória";"Sim";2;0;0;1;1;0;1;2;"-7.169616";"-48.21328";"SR-TO";"UOP04/TO";""
196429;2019-03-03;"1";"18:30:00";"MG";153;126;"PRATA";"Pista Escorregadia";"Saída de leito carroçável";"Com Vítimas Feridas";"Anoitecer";"Crescente";"Chuva";"Dupla";"Reta";"Não";2;0;1;1;0;0;2;1;"-19.45454671";"-48.8830246";"SR-MG";"DEL4/15";"UOP03/MG"
196430;2019-03-11;"2";"19:55:00";"RJ";40;90;"PETROPOLIS";"Falta de Atenção do Pedestre";"Atropelamento de Pedestre";"Com Vítimas Feridas";"Plena Noite";"Decrescente";"Garoa/Chuvisco";"Simples";"Reta";"Não";2;0;1;0;1;0;1;1;"-22.550738";"-43.236397";"SR-RJ";"DEL5/6";"UOP03/RJ"
196432;2019-03-11;"2";"18:15:00";"GO";60;113,1;"GOIANAPOLIS";"Pista Escorregadia";"Saída de leito carroçável";"Com Vítimas Feridas";"Anoitecer";"Decrescente";"Chuva";"Dupla";"Reta";"Sim";1;0;1;0;0;0;1;1;"-16.4572";"-49.0567";"SR-GO";"DEL1/1";"UOP01/GO"
196433;2019-03-11;"2";"20:15:00";"MG";40;546;"NOVA LIMA";"Falta de Atenção à Condução";"Queda de ocupante de veículo";"Com Vítimas Feridas";"Plena Noite";"Decrescente";"Céu Claro";"Dupla";"Desvio Temporário";"Não";2;0;1;1;0;0;2;1;"-20.01444685";"-43.96893823";"SR-MG";"DEL4/1";"UOP02/MG"
196434;2019-03-11;"2";"18:20:00";"TO";153;135,8;"ARAGUAINA";"Desobediência às normas de trânsito pelo condutor";"Colisão transversal";"Sem Vítimas";"Anoitecer";"Decrescente";"Nublado";"Simples";"Interseção de vias";"Sim";4;0;0;0;4;0;0;2;"-7.13565815";"-48.20057457";"SR-TO";"UOP04/TO";""
196435;2019-03-11;"2";"19:40:00";"GO";60;259,1;"INDIARA";"Falta de Atenção à Condução";"Colisão traseira";"Com Vítimas Fatais";"Anoitecer";"Decrescente";"Céu Claro";"Dupla";"Não Informado";"Não";2;1;0;0;0;1;0;2;"-17.1596";"-50.0359";"SR-GO";"DEL1/1";"UOP02/GO"
196436;2019-03-11;"2";"20:10:00";"ES";262;2,7;"CARIACICA";"Falta de Atenção à Condução";"Capotamento";"Com Vítimas Feridas";"Plena Noite";"Decrescente";"Céu Claro";"Múltipla";"Reta";"Sim";1;0;1;0;0;0;1;1;"-20.33275688";"-40.36077696";"SR-ES";"DEL12/1";"UOP01/ES"
196437;2019-03-11;"2";"17:40:00";"SC";282;378,9;"HERVAL DOESTE";"Velocidade Incompatível";"Saída de leito carroçável";"Com Vítimas Feridas";"Pleno dia";"Crescente";"Chuva";"Simples";"Curva";"Não";1;0;1;0;0;0;1;1;"-27.21708277";"-51.47000313";"SR-SC";"DEL7";"UOP07/SC"
196438;2019-03-11;"2";"19:20:00";"RN";226;328,4;"MESSIAS TARGINO";"Falta de Atenção à Condução";"Atropelamento de Pedestre";"Com Vítimas Fatais";"Plena Noite";"Crescente";"Ignorado";"Simples";"Reta";"Não";3;1;0;1;0;1;1;2;"-6.08101897";"-37.554691";"SR-RN";"DEL15/4";"UOP01/RN"
196439;2019-03-11;"2";"20:35:00";"PR";376;166,4;"MARINGA";"Defeito Mecânico no Veículo";"Tombamento";"Com Vítimas Feridas";"Plena Noite";"Decrescente";"Céu Claro";"Dupla";"Reta";"Não";1;0;1;0;0;0;1;1;"-23.39663206";"-52.00514304";"SR-PR";"DEL7/7";"UOP04/PR"
196440;2019-02-12;"3";"19:15:00";"SE";101;118;"ITAPORANGA DAJUDA";"Falta de Atenção à Condução";"Colisão transversal";"Com Vítimas Feridas";"Plena Noite";"Crescente";"Céu Claro";"Dupla";"Reta";"Não";5;0;1;2;2;0;3;2;"-11.02231785";"-37.3257333";"SR-SE";"DEL20/2";"UOP01/SE"
196442;2019-03-11;"2";"18:50:00";"MG";381;916,1;"CAMANDUCAIA";"Falta de Atenção à Condução";"Colisão traseira";"Com Vítimas Feridas";"Anoitecer";"Crescente";"Nublado";"Dupla";"Reta";"Não";3;0;0;1;2;0;1;2;"-22.76274616";"-46.17087395";"SR-MG";"DEL09";"UOP03/MG"
196443;2019-03-11;"2";"19:25:00";"PR";277;585,1;"CASCAVEL";"Defeito Mecânico no Veículo";"Tombamento";"Com Vítimas Feridas";"Plena Noite";"Decrescente";"Nublado";"Simples";"Reta";"Sim";1;0;1;0;0;0;1;1;"-24.96400704";"-53.41227401";"SR-PR";"DEL7/4";"UOP01/PR"
196444;2019-03-11;"2";"20:00:00";"PE";232;298,7;"SERTANIA";"Animais na Pista";"Atropelamento de Animal";"Sem Vítimas";"Plena Noite";"Decrescente";"Céu Claro";"Simples";"Reta";"Não";1;0;0;0;1;0;0;1;"-8.240058";"-37.406851";"SR-PE";"DEL11/3";"UOP02/PE"
196445;2019-03-11;"2";"21:00:00";"MG";50;64,8;"UBERLANDIA";"Condutor Dormindo";"Colisão traseira";"Com Vítimas Feridas";"Plena Noite";"Crescente";"Nublado";"Dupla";"Não Informado";"Não";2;0;1;0;1;0;1;2;"-18.84248402";"-48.25258395";"SR-MG";"DEL4/15";"UOP02/MG"
196446;2019-03-11;"2";"20:55:00";"AL";101;201,1;"SAO SEBASTIAO";"Falta de Atenção à Condução";"Colisão frontal";"Com Vítimas Fatais";"Plena Noite";"Crescente";"Céu Claro";"Dupla";"Reta";"Sim";2;1;0;0;1;0;0;2;"-9.95860397";"-36.54588466";"SR-AL";"DEL13/2";"UOP02/AL"
196447;2019-03-11;"2";"20:50:00";"PR";376;600,8;"CURITIBA";"Avarias e/ou desgaste excessivo no pneu";"Colisão traseira";"Sem Vítimas";"Plena Noite";"Decrescente";"Garoa/Chuvisco";"Dupla";"Reta";"Sim";2;0;0;0;2;0;0;2;"-25.53195602";"-49.32205901";"SR-PR";"DEL7/1";"UOP04/PR"
196448;2019-03-11;"2";"20:40:00";"SP";116;147;"SAO JOSE DOS CAMPOS";"Ingestão de Álcool";"Colisão com objeto estático";"Com Vítimas Feridas";"Plena Noite";"Decrescente";"Céu Claro";"Múltipla";"Reta";"Sim";1;0;1;0;0;0;1;1;"-23.19542994";"-45.87176303";"SR-SP";"DEL6/2";"UOP01/SP"
196449;2019-03-11;"2";"21:20:00";"PB";101;83,2;"BAYEUX";"Animais na Pista";"Atropelamento de Animal";"Com Vítimas Fatais";"Plena Noite";"Crescente";"Céu Claro";"Dupla";"Reta";"Sim";2;2;0;0;0;0;0;1;"-7.1337703";"-34.92963914";"SR-PB";"DEL14/1";"UOP00/PB"
196450;2019-03-11;"2";"20:45:00";"TO";153;285,5;"BRASILANDIA DO TOCANTINS";"Falta de Atenção à Condução";"Tombamento";"Com Vítimas Feridas";"Plena Noite";"Decrescente";"Céu Claro";"Simples";"Desvio Temporário";"Não";1;0;1;0;0;0;1;1;"-8.39933509";"-48.48484742";"SR-TO";"UOP03/TO";""
196451;2019-03-11;"2";"21:20:00";"BA";101;171;"FEIRA DE SANTANA";"Falta de Atenção à Condução";"Colisão transversal";"Com Vítimas Fatais";"Plena Noite";"Crescente";"Céu Claro";"Simples";"Reta";"Sim";2;1;0;0;1;0;0;2;"-12.35664639";"-38.86093184";"SR-BA";"DEL10/1";"UOP03/BA"
196452;2019-03-11;"2";"21:30:00";"PB";101;96,2;"CONDE";"Animais na Pista";"Capotamento";"Com Vítimas Feridas";"Plena Noite";"Crescente";"Céu Claro";"Dupla";"Reta";"Sim";2;0;2;0;0;0;2;1;"-7.230921";"-34.921149";"SR-PB";"DEL14/1";"UOP01/PB"
196453;2019-03-11;"2";"18:20:00";"MA";316;610;"TIMON";"Animais na Pista";"Atropelamento de Animal";"Sem Vítimas";"Anoitecer";"Decrescente";"Nublado";"Simples";"Reta";"Não";1;0;0;0;0;1;0;1;"-5.069847";"-42.876633";"SR-MA";"DEL18/3";"UOP02/MA"
196454;2019-03-11;"2";"18:05:00";"SC";282;467,2;"PONTE SERRADA";"Não guardar distância de segurança";"Colisão traseira";"Com Vítimas Feridas";"Anoitecer";"Decrescente";"Chuva";"Simples";"Reta";"Não";3;0;1;0;2;0;1;2;"-26.854425";"-52.096107";"SR-SC";"DEL7";"UOP05/SC"
196455;2019-03-11;"2";"22:15:00";"SP";116;226;"GUARULHOS";"Ingestão de Álcool";"Colisão traseira";"Sem Vítimas";"Plena Noite";"Decrescente";"Garoa/Chuvisco";"Múltipla";"Reta";"Sim";2;0;0;0;2;0;0;2;"-23.49102507";"-46.54878195";"SR-SP";"DEL6/1";"UOP01/SP"
196456;2019-03-11;"2";"17:35:00";"RS";116;40,2;"VACARIA";"Falta de Atenção à Condução";"Colisão transversal";"Com Vítimas Feridas";"Pleno dia";"Decrescente";"Chuva";"Simples";"Interseção de vias";"Sim";3;0;1;0;2;0;1;2;"-28.51839098";"-50.93942202";"SR-RS";"DEL9/5";"UOP03/RS"
196457;2019-03-11;"2";"21:53:00";"RJ";101;297;"ITABORAI";"Falta de Atenção à Condução";"Atropelamento de Pedestre";"Com Vítimas Feridas";"Plena Noite";"Decrescente";"Nublado";"Dupla";"Reta";"Não";2;0;1;0;1;0;1;1;"-22.76942037";"-42.91873581";"SR-RJ";"DEL5/2";"UOP02/RJ"
196458;2019-03-11;"2";"23:15:00";"SE";101;28;"JAPARATUBA";"Defeito na Via";"Queda de ocupante de veículo";"Com Vítimas Feridas";"Plena Noite";"Decrescente";"Céu Claro";"Simples";"Reta";"Não";1;0;1;0;0;0;1;1;"-10.42854927";"-36.93059467";"SR-SE";"DEL20/2";"UOP02/SE"
196459;2019-03-11;"2";"22:40:00";"RS";386;367,4;"FAZENDA VILANOVA";"Desobediência às normas de trânsito pelo condutor";"Colisão frontal";"Com Vítimas Fatais";"Plena Noite";"Decrescente";"Nublado";"Dupla";"Reta";"Sim";2;1;0;0;1;0;0;2;"-29.581799";"-51.839783";"SR-RS";"DEL9/4";"UOP02/RS"
196460;2019-02-19;"3";"10:21:00";"MA";135;180;"SAO MATEUS DO MARANHAO";"Desobediência às normas de trânsito pelo condutor";"Colisão transversal";"Com Vítimas Feridas";"Pleno dia";"Crescente";"Céu Claro";"Múltipla";"Reta";"Sim";2;0;0;1;0;1;1;2;"-4.03021591";"-44.46447551";"SR-MA";"DEL18/1";"UOP02/MA"
196461;2019-03-11;"2";"23:35:00";"GO";40;8;"VALPARAISO DE GOIAS";"Falta de Atenção à Condução";"Colisão com objeto estático";"Com Vítimas Feridas";"Plena Noite";"Decrescente";"Céu Claro";"Dupla";"Reta";"Sim";1;0;1;0;0;0;1;1;"-16.116158";"-47.96761";"SR-DF";"GO";"UOP01/DF"
196462;2019-03-12;"3";"00:00:00";"PR";277;712;"SANTA TEREZINHA DE ITAIPU";"Falta de Atenção à Condução";"Tombamento";"Sem Vítimas";"Plena Noite";"Decrescente";"Chuva";"Dupla";"Reta";"Não";1;0;0;0;1;0;0;1;"-25.45780735";"-54.43119986";"SR-PR";"DEL7/5";"UOP01/PR"
196463;2019-02-28;"5";"06:10:00";"MG";365;726,5;"ITUIUTABA";"Velocidade Incompatível";"Colisão traseira";"Com Vítimas Feridas";"Amanhecer";"Decrescente";"Chuva";"Simples";"Reta";"Não";4;0;1;0;3;0;1;3;"-18.89215248";"-49.23735917";"SR-MG";"DEL4/15";"UOP03/MG"
196464;2019-03-12;"3";"00:10:00";"MG";365;608;"UBERLANDIA";"Deficiência ou não Acionamento do Sistema de Iluminação/Sinalização do Veículo";"Colisão traseira";"Com Vítimas Feridas";"Plena Noite";"Crescente";"Céu Claro";"Simples";"Reta";"Sim";3;0;0;1;0;2;1;2;"-18.9265447";"-48.19551945";"SR-MG";"DEL4/15";"UOP01/MG"