"id";"data_inversa";"dia_semana";"horario";"uf";"br";"km";"municipio";"causa_acidente";"tipo_acidente";"classificacao_acidente";"fase_dia";"sentido_via";"condicao_metereologica";"tipo_pista";"tracado_via";"uso_solo";"pessoas";"mortos";"feridos_leves";"feridos_graves";"ilesos";"ignorados";"feridos";"veiculos";"latitude";"longitude";"regional";"delegacia";"uop"
196465;2019-03-11;"2";"22:00:00";"MG";116;414;"GOVERNADOR VALADARES";"Falta de Atenção à Condução";"Colisão transversal";"Com Vítimas Feridas";"Plena Noite";"Crescente";"Céu Claro";"Simples";"Reta";"Sim";2;0;1;1;0;0;2;2;"-18.88102703";"-41.95910802";"SR-MG";"DEL4/6";"UOP01/MG"
196466;2019-03-11;"2";"23:45:00";"MS";163;529;"JARAGUARI";"Condutor Dormindo";"Saída de leito carroçável";"Com Vítimas Feridas";"Plena Noite";"Crescente";"Nublado";"Simples";"Reta";"Não";1;0;1;0;0;0;1;1;"-20.08519991";"-54.43235422";"SR-MS";"DEL3/1";"UOP02/MS"
196467;2019-03-11;"2";"23:00:00";"RJ";101;155;"MACAE";"Condutor Dormindo";"Saída de leito carroçável";"Com Vítimas Feridas";"Plena Noite";"Decrescente";"Céu Claro";"Simples";"Reta";"Não";4;0;4;0;0;0;4;1;"-22.25963531";"-41.84126786";"SR-RJ";"DEL5/2";"UOP04/RJ"
196468;2019-03-12;"3";"00:21:00";"PR";476;170;"CONTENDA";"Velocidade Incompatível";"Colisão traseira";"Com Vítimas Feridas";"Plena Noite";"Decrescente";"Nublado";"Dupla";"Não Informado";"Não";3;0;1;0;1;1;1;2;"-25.668074";"-49.503948";"SR-PR";"DEL7/1";"UOP04/PR"
196470;2019-03-12;"3";"02:00:00";"PI";343;10,5;"PARNAIBA";"Condutor Dormindo";"Saída de leito carroçável";"Com Vítimas Feridas";"Plena Noite";"Decrescente";"Nublado";"Simples";"Reta";"Sim";1;0;1;0;0;0;1;1;"-2.902034";"-41.741646";"SR-PI";"DEL17/5";"UOP01/PI"
196472;2019-03-11;"2";"18:50:00";"MA";10;256,5;"IMPERATRIZ";"Falta de Atenção à Condução";"Colisão lateral";"Com Vítimas Feridas";"Plena Noite";"Crescente";"Céu Claro";"Simples";"Reta";"Sim";1;0;0;1;0;0;1;1;"-5.499715";"-47.471836";"SR-MA";"DEL18/4";"UOP01/MA"
196473;2019-03-12;"3";"00:34:00";"RO";364;106;"PIMENTA BUENO";"Defeito Mecânico no Veículo";"Incêndio";"Sem Vítimas";"Anoitecer";"Decrescente";"Céu Claro";"Simples";"Reta";"Não";1;0;0;0;1;0;0;1;"-12.23970382";"-60.68053067";"SR-RO";"DEL21/4";"UOP03/RO"
196474;2019-03-12;"3";"02:20:00";"MG";381;422;"CAETE";"Defeito Mecânico no Veículo";"Tombamento";"Sem Vítimas";"Plena Noite";"Crescente";"Céu Claro";"Simples";"Reta";"Não";1;0;0;0;1;0;0;1;"-19.78353087";"-43.66633394";"SR-MG";"DEL4/1";"UOP01/MG"
196475;2019-03-12;"3";"03:25:00";"SP";116;167;"JACAREI";"Falta de Atenção à Condução";"Colisão traseira";"Com Vítimas Feridas";"Plena Noite";"Decrescente";"Céu Claro";"Dupla";"Reta";"Sim";5;0;3;0;2;0;3;2;"-23.30254924";"-46.02640493";"SR-SP";"DEL6/2";"UOP01/SP"
196476;2019-03-12;"3";"05:40:00";"PE";232;113;"BEZERROS";"Desobediência às normas de trânsito pelo condutor";"Colisão transversal";"Com Vítimas Feridas";"Amanhecer";"Decrescente";"Céu Claro";"Dupla";"Reta";"Sim";2;0;0;1;1;0;1;2;"-8.29906533";"-35.8402169";"SR-PE";"DEL11/2";"UOP02/PE"
196477;2019-03-12;"3";"03:15:00";"TO";226;36,5;"DARCINOPOLIS";"Defeito na Via";"Tombamento";"Com Vítimas Feridas";"Plena Noite";"Decrescente";"Nublado";"Simples";"Reta";"Não";1;0;1;0;0;0;1;1;"-6.682549";"-47.739311";"SR-TO";"UOP05/TO";""
196478;2019-03-12;"3";"05:30:00";"PI";230;302;"FLORIANO";"Defeito na Via";"Queda de ocupante de veículo";"Com Vítimas Feridas";"Amanhecer";"Decrescente";"Céu Claro";"Simples";"Curva";"Não";1;0;1;0;0;0;1;1;"-6.80935231";"-42.95446185";"SR-PI";"DEL17/3";"UOP01/PI"
196479;2019-03-12;"3";"06:15:00";"SP";116;486,3;"CAJATI";"Falta de Atenção à Condução";"Colisão traseira";"Com Vítimas Feridas";"Pleno dia";"Decrescente";"Nublado";"Dupla";"Curva";"Não";4;0;1;0;2;1;1;2;"-24.7217453";"-48.08178493";"SR-SP";"DEL6/5";"UOP02/SP"
196480;2019-03-12;"3";"05:00:00";"PB";230;34;"SANTA RITA";"Não guardar distância de segurança";"Colisão traseira";"Sem Vítimas";"Amanhecer";"Decrescente";"Céu Claro";"Simples";"Reta";"Sim";2;0;0;0;2;0;0;2;"-7.131";"-34.9332";"SR-PB";"DEL14/1";"UOP00/PB"
196481;2019-03-12;"3";"06:50:00";"BA";116;418,9;"FEIRA DE SANTANA";"Não guardar distância de segurança";"Colisão traseira";"Com Vítimas Feridas";"Pleno dia";"Decrescente";"Céu Claro";"Dupla";"Retorno Regulamentado";"Não";2;0;1;0;1;0;1;2;"-12.185808";"-38.965225";"SR-BA";"DEL10/2";"UOP01/BA"
196482;2019-03-12;"3";"07:00:00";"PB";230;60,1;"CRUZ DO ESPIRITO SANTO";"Velocidade Incompatível";"Capotamento";"Com Vítimas Feridas";"Pleno dia";"Crescente";"Chuva";"Dupla";"Reta";"Não";1;0;1;0;0;0;1;1;"-7.20255412";"-35.15634835";"SR-PB";"DEL14/1";"UOP02/PB"
196483;2019-03-12;"3";"06:50:00";"RN";101;84;"NATAL";"Falta de Atenção à Condução";"Tombamento";"Com Vítimas Feridas";"Pleno dia";"Crescente";"Chuva";"Múltipla";"Viaduto";"Sim";3;0;1;0;2;0;1;2;"-5.774175";"-35.2578";"SR-RN";"DEL15/2";"UOP01/RN"
196484;2019-03-12;"3";"07:00:00";"PE";232;7;"RECIFE";"Não guardar distância de segurança";"Colisão traseira";"Com Vítimas Feridas";"Pleno dia";"Decrescente";"Sol";"Dupla";"Reta";"Sim";6;0;2;0;4;0;2;4;"-8.07333497";"-34.96184301";"SR-PE";"DEL11/1";"UOP01/PE"
196485;2019-03-12;"3";"06:50:00";"RS";116;517;"PELOTAS";"Desobediência às normas de trânsito pelo condutor";"Colisão transversal";"Com Vítimas Feridas";"Amanhecer";"Decrescente";"Nublado";"Simples";"Interseção de vias";"Sim";2;0;0;1;1;0;1;2;"-31.67908686";"-52.34256731";"SR-RS";"DEL9/7";"UOP01/RS"
196486;2019-03-12;"3";"07:00:00";"DF";251;7,8;"BRASILIA";"Condutor Dormindo";"Colisão frontal";"Com Vítimas Fatais";"Amanhecer";"Crescente";"Céu Claro";"Simples";"Curva";"Não";22;2;19;0;1;0;19;2;"-15.998561";"-47.565559";"SR-DF";"DF";"UOP01/DF"
196487;2019-03-12;"3";"07:15:00";"RN";405;155;"PAU DOS FERROS";"Desobediência às normas de trânsito pelo condutor";"Colisão frontal";"Com Vítimas Feridas";"Pleno dia";"Crescente";"Sol";"Simples";"Reta";"Sim";2;0;1;0;1;0;1;2;"-6.14970137";"-38.20583544";"SR-RN";"DEL15/4";"UOP02/RN"
196488;2019-03-12;"3";"07:10:00";"RJ";116;168,8;"SAO JOAO DE MERITI";"Falta de Atenção à Condução";"Colisão lateral";"Com Vítimas Feridas";"Pleno dia";"Decrescente";"Céu Claro";"Múltipla";"Reta";"Sim";2;0;1;0;1;0;1;2;"-22.819969";"-43.31499997";"SR-RJ";"DEL5/1";"UOP02/RJ"
196490;2019-02-08;"6";"07:20:00";"BA";324;493,5;"FEIRA DE SANTANA";"Falta de Atenção à Condução";"Tombamento";"Com Vítimas Feridas";"Pleno dia";"Decrescente";"Céu Claro";"Simples";"Reta";"Sim";2;0;0;1;1;0;1;2;"-12.06085496";"-38.97264048";"SR-BA";"DEL10/2";"UOP01/BA"
196491;2019-03-12;"3";"07:55:00";"PR";277;77;"CURITIBA";"Falta de Atenção do Pedestre";"Atropelamento de Pedestre";"Com Vítimas Feridas";"Pleno dia";"Crescente";"Nublado";"Dupla";"Reta";"Sim";2;0;1;0;1;0;1;1;"-25.48448315";"-49.18858186";"SR-PR";"DEL7/1";"UOP01/PR"
196494;2019-03-12;"3";"08:15:00";"PE";408;56,1;"NAZARE DA MATA";"Falta de Atenção à Condução";"Colisão traseira";"Com Vítimas Feridas";"Pleno dia";"Crescente";"Céu Claro";"Simples";"Reta";"Sim";3;0;2;0;1;0;2;2;"-7.77994878";"-35.23919365";"SR-PE";"DEL11/1";"UOP01/PE"
196495;2019-03-12;"3";"08:00:00";"SC";101;73;"ARAQUARI";"Falta de Atenção à Condução";"Colisão com objeto estático";"Com Vítimas Feridas";"Pleno dia";"Crescente";"Céu Claro";"Dupla";"Curva";"Não";1;0;1;0;0;0;1;1;"-26.53567108";"-48.71326731";"SR-SC";"DEL8/3";"UOP02/SC"
196496;2019-03-12;"3";"08:30:00";"BA";324;581;"CANDEIAS";"Falta de Atenção à Condução";"Colisão lateral";"Sem Vítimas";"Pleno dia";"Crescente";"Nublado";"Dupla";"Reta";"Não";2;0;0;0;2;0;0;2;"-12.60312907";"-38.50096504";"SR-BA";"DEL10/1";"UOP01/BA"
196497;2019-03-12;"3";"08:15:00";"PR";116;117,1;"CURITIBA";"Falta de Atenção à Condução";"Colisão traseira";"Com Vítimas Feridas";"Pleno dia";"Crescente";"Nublado";"Dupla";"Não Informado";"Sim";2;0;0;1;1;0;1;2;"-25.56002922";"-49.30750966";"SR-PR";"DEL7/1";"UOP06/PR"
196498;2019-03-12;"3";"07:55:00";"ES";101;147;"LINHARES";"Desobediência às normas de trânsito pelo condutor";"Colisão transversal";"Com Vítimas Feridas";"Pleno dia";"Decrescente";"Céu Claro";"Múltipla";"Interseção de vias";"Não";3;0;0;1;2;0;1;2;"-19.37887202";"-40.06657892";"SR-ES";"DEL12/4";"UOP01/ES"
196499;2019-03-12;"3";"08:25:00";"GO";153;507;"APARECIDA DE GOIANIA";"Defeito Mecânico no Veículo";"Tombamento";"Com Vítimas Feridas";"Pleno dia";"Decrescente";"Nublado";"Dupla";"Reta";"Sim";2;0;1;1;0;0;2;1;"-16.7715";"-49.2387";"SR-GO";"DEL1/1";"UOP03/GO"
196500;2019-03-12;"3";"07:00:00";"SC";282;236,6;"LAGES";"Velocidade Incompatível";"Saída de leito carroçável";"Com Vítimas Feridas";"Pleno dia";"Crescente";"Chuva";"Simples";"Curva";"Não";2;0;0;2;0;0;2;1;"-27.78798548";"-50.48689842";"SR-SC";"DEL8/5";"UOP02/SC"
196501;2019-03-12;"3";"02:30:00";"MT";70;497;"CUIABA";"Falta de Atenção à Condução";"Saída de leito carroçável";"Sem Vítimas";"Plena Noite";"Decrescente";"Nublado";"Simples";"Reta";"Não";1;0;0;0;1;0;0;1;"-15.69464314";"-55.89988508";"SR-MT";"DEL2/1";"UOP01/MT"
196502;2019-02-25;"2";"03:50:00";"PI";222;28,1;"SAO JOAO DA FRONTEIRA";"Animais na Pista";"Atropelamento de Animal";"Com Vítimas Feridas";"Plena Noite";"Crescente";"Nevoeiro/Neblina";"Simples";"Reta";"Não";8;0;0;8;0;0;8;2;"-4.00908";"-41.456379";"SR-PI";"DEL17/2";"UOP01/PI"
196503;2019-02-25;"2";"14:20:00";"MG";116;299,8;"ITAMBACURI";"Pista Escorregadia";"Colisão frontal";"Com Vítimas Fatais";"Pleno dia";"Decrescente";"Chuva";"Simples";"Reta";"Não";6;3;0;0;2;1;0;2;"-18.01440977";"-41.58590876";"SR-MG";"DEL4/11";"UOP01/MG"
196504;2019-03-12;"3";"09:50:00";"PE";101;68,8;"RECIFE";"Falta de Atenção à Condução";"Colisão lateral";"Sem Vítimas";"Pleno dia";"Crescente";"Nublado";"Múltipla";"Reta";"Sim";3;0;0;0;3;0;0;2;"-8.05074296";"-34.94580619";"SR-PE";"DEL11/1";"UOP01/PE"
196505;2019-03-12;"3";"08:50:00";"PR";153;40,9;"SANTO ANTONIO DA PLATINA";"Desobediência às normas de trânsito pelo condutor";"Colisão com objeto em movimento";"Com Vítimas Feridas";"Pleno dia";"Crescente";"Céu Claro";"Simples";"Reta";"Sim";3;0;1;0;0;2;1;2;"-23.28047798";"-50.0559307";"SR-PR";"DEL7/7";"UOP07/PR"
196506;2019-03-12;"3";"09:40:00";"PA";316;60;"CASTANHAL";"Não guardar distância de segurança";"Engavetamento";"Sem Vítimas";"Pleno dia";"Decrescente";"Céu Claro";"Dupla";"Reta";"Sim";3;0;0;0;3;0;0;3;"-1.29761688";"-47.94272661";"SR-PA";"DEL19/1";"UOP02/PA"
196507;2019-03-12;"3";"09:10:00";"PB";101;12,8;"MAMANGUAPE";"Pista Escorregadia";"Saída de leito carroçável";"Com Vítimas Feridas";"Pleno dia";"Decrescente";"Garoa/Chuvisco";"Dupla";"Não Informado";"Sim";1;0;1;0;0;0;1;1;"-6.60110408";"-35.14339905";"SR-PB";"DEL14/1";"UOP03/PB"
196508;2019-03-12;"3";"10:00:00";"SC";101;205,1;"SAO JOSE";"Falta de Atenção à Condução";"Queda de ocupante de veículo";"Com Vítimas Feridas";"Pleno dia";"Decrescente";"Garoa/Chuvisco";"Múltipla";"Reta";"Sim";2;0;1;0;1;0;1;1;"-27.58313237";"-48.61532885";"SR-SC";"DEL8/1";"UOP01/SC"
196509;2019-03-12;"3";"09:23:00";"RO";364;239;"CACOAL";"Falta de Atenção à Condução";"Colisão traseira";"Com Vítimas Feridas";"Pleno dia";"Decrescente";"Nublado";"Simples";"Rotatória";"Sim";2;0;1;0;1;0;1;2;"-11.43425083";"-61.46267289";"SR-RO";"DEL21/2";"UOP02/RO"
196510;2019-03-12;"3";"09:10:00";"CE";222;312,7;"TIANGUA";"Desobediência às normas de trânsito pelo condutor";"Colisão transversal";"Com Vítimas Feridas";"Pleno dia";"Crescente";"Céu Claro";"Simples";"Reta";"Sim";2;0;1;0;1;0;1;2;"-3.71699311";"-40.9914242";"SR-CE";"DEL16/4";"UOP02/CE"
196511;2019-03-12;"3";"08:40:00";"SC";282;368,8;"ERVAL VELHO";"Velocidade Incompatível";"Colisão transversal";"Com Vítimas Feridas";"Pleno dia";"Crescente";"Garoa/Chuvisco";"Simples";"Reta";"Não";3;0;1;0;2;0;1;2;"-27.283747";"-51.434963";"SR-SC";"DEL7";"UOP07/SC"
196512;2019-03-11;"2";"10:00:00";"BA";101;284;"LAJE";"Desobediência às normas de trânsito pelo condutor";"Colisão lateral";"Com Vítimas Feridas";"Pleno dia";"Crescente";"Céu Claro";"Simples";"Reta";"Não";2;0;0;1;1;0;1;2;"-13.26062292";"-39.32435125";"SR-BA";"DEL10/1";"UOP02/BA"
196513;2019-03-12;"3";"08:30:00";"SC";101;216;"PALHOCA";"Falta de Atenção à Condução";"Colisão lateral";"Com Vítimas Feridas";"Pleno dia";"Crescente";"Chuva";"Dupla";"Reta";"Sim";2;0;1;0;1;0;1;2;"-27.65981409";"-48.67747798";"SR-SC";"DEL8/1";"UOP02/SC"
196514;2019-03-12;"3";"10:00:00";"CE";222;3,8;"CAUCAIA";"Falta de Atenção à Condução";"Colisão lateral";"Com Vítimas Feridas";"Pleno dia";"Crescente";"Céu Claro";"Dupla";"Não Informado";"Sim";2;0;1;0;1;0;1;2;"-3.7403769";"-38.59569202";"SR-CE";"DEL16/1";"UOP01/CE"
196515;2019-03-12;"3";"11:00:00";"MG";40;483;"SETE LAGOAS";"Defeito Mecânico no Veículo";"Capotamento";"Sem Vítimas";"Pleno dia";"Decrescente";"Sol";"Dupla";"Curva";"Não";2;0;0;0;2;0;0;1;"-19.56753";"-44.23715";"SR-MG";"DEL4/2";"UOP01/MG"
196516;2019-03-12;"3";"10:39:00";"SC";280;57,3;"GUARAMIRIM";"Falta de Atenção à Condução";"Tombamento";"Com Vítimas Feridas";"Pleno dia";"Crescente";"Chuva";"Simples";"Reta";"Não";1;0;1;0;0;0;1;1;"-26.47811421";"-49.01259213";"SR-SC";"DEL8/3";"UOP03/SC"
196517;2019-03-12;"3";"10:45:00";"ES";101;339,1;"GUARAPARI";"Falta de Atenção à Condução";"Colisão com objeto estático";"Com Vítimas Feridas";"Pleno dia";"Decrescente";"Sol";"Simples";"Não Informado";"Não";2;0;2;0;0;0;2;1;"-20.64347205";"-40.55826601";"SR-ES";"DEL12/3";"UOP01/ES"
196518;2019-03-12;"3";"09:10:00";"MG";262;811;"UBERABA";"Não guardar distância de segurança";"Colisão traseira";"Com Vítimas Feridas";"Pleno dia";"Decrescente";"Céu Claro";"Simples";"Reta";"Não";2;0;2;0;0;0;2;2;"-19.76527861";"-48.11638905";"SR-MG";"DEL13";"UOP01/MG"
196519;2019-03-12;"3";"10:00:00";"SC";101;214,7;"PALHOCA";"Falta de Atenção à Condução";"Colisão traseira";"Com Vítimas Feridas";"Pleno dia";"Crescente";"Chuva";"Dupla";"Reta";"Sim";5;0;3;0;2;0;3;4;"-27.65981409";"-48.67747798";"SR-SC";"DEL8/1";"UOP02/SC"
196520;2019-03-09;"7";"04:05:00";"SC";282;212;"PALHOCA";"Ultrapassagem Indevida";"Colisão com objeto estático";"Com Vítimas Feridas";"Plena Noite";"Crescente";"Nublado";"Múltipla";"Reta";"Sim";2;0;1;0;0;1;1;2;"-27.63370869";"-48.66273344";"SR-SC";"DEL8/5";"UOP01/SC"
196521;2019-03-12;"3";"10:25:00";"SC";116;208,9;"PONTE ALTA";"Falta de Atenção à Condução";"Colisão frontal";"Com Vítimas Feridas";"Pleno dia";"Decrescente";"Céu Claro";"Simples";"Reta";"Não";2;0;1;0;1;0;1;2;"-27.4897408";"-50.3755616";"SR-SC";"DEL8/5";"UOP03/SC"
196522;2019-03-12;"3";"11:40:00";"CE";304;47;"ARACATI";"Defeito Mecânico no Veículo";"Incêndio";"Sem Vítimas";"Pleno dia";"Decrescente";"Céu Claro";"Dupla";"Reta";"Sim";1;0;0;0;1;0;0;1;"-4.57573881";"-37.78945494";"SR-CE";"DEL16/3";"UOP03/CE"
196523;2019-03-12;"3";"11:50:00";"SC";101;265;"PAULO LOPES";"Velocidade Incompatível";"Tombamento";"Com Vítimas Feridas";"Pleno dia";"Crescente";"Chuva";"Múltipla";"Não Informado";"Sim";1;0;1;0;0;0;1;1;"-28.06944321";"-48.7143445";"SR-SC";"DEL8/2";"UOP03/SC"
196524;2019-03-12;"3";"12:00:00";"SC";101;194,2;"BIGUACU";"Não guardar distância de segurança";"Colisão traseira";"Sem Vítimas";"Pleno dia";"Decrescente";"Chuva";"Múltipla";"Reta";"Não";2;0;0;0;2;0;0;2;"-27.49815117";"-48.65661236";"SR-SC";"DEL8/1";"UOP01/SC"
196525;2019-03-12;"3";"07:15:00";"MA";135;20;"SAO LUIS";"Desobediência às normas de trânsito pelo condutor";"Colisão lateral";"Com Vítimas Feridas";"Pleno dia";"Decrescente";"Céu Claro";"Dupla";"Reta";"Sim";2;0;1;0;1;0;1;2;"-2.53073";"-44.3068";"SR-MA";"DEL18/1";"UOP01/MA"
196526;2019-03-12;"3";"11:30:00";"BA";101;242,8;"CONCEICAO DO ALMEIDA";"Defeito Mecânico no Veículo";"Capotamento";"Com Vítimas Feridas";"Pleno dia";"Crescente";"Céu Claro";"Simples";"Curva";"Não";1;0;0;1;0;0;1;1;"-12.80428445";"-39.19538319";"SR-BA";"DEL10/1";"UOP02/BA"
196527;2019-03-12;"3";"10:40:00";"RJ";101;334;"RIO DE JANEIRO";"Falta de Atenção à Condução";"Colisão traseira";"Com Vítimas Feridas";"Pleno dia";"Crescente";"Céu Claro";"Dupla";"Curva";"Não";2;0;0;1;1;0;1;2;"-22.88517902";"-43.21704364";"SR-RJ";"DEL5/2";"UOP01/RJ"
196528;2019-03-12;"3";"13:40:00";"SP";381;42,5;"ATIBAIA";"Não guardar distância de segurança";"Colisão lateral";"Com Vítimas Feridas";"Pleno dia";"Decrescente";"Céu Claro";"Dupla";"Reta";"Não";2;0;1;0;1;0;1;2;"-23.147306";"-46.57493202";"SR-SP";"DEL6/3";"UOP02/SP"
196529;2019-03-12;"3";"09:20:00";"PB";101;81,2;"BAYEUX";"Falta de Atenção à Condução";"Colisão lateral";"Sem Vítimas";"Pleno dia";"Crescente";"Nublado";"Simples";"Reta";"Sim";4;0;0;0;4;0;0;2;"-7.12508575";"-34.94513217";"SR-PB";"DEL14/1";"UOP00/PB"
196530;2019-03-12;"3";"07:30:00";"MS";463;48;"PONTA PORA";"Falta de Atenção à Condução";"Saída de leito carroçável";"Com Vítimas Feridas";"Pleno dia";"Decrescente";"Chuva";"Simples";"Reta";"Não";1;0;1;0;0;0;1;1;"-22.35737884";"-55.22449493";"SR-MS";"DEL3/4";"UOP03/MS"
196531;2019-03-12;"3";"12:35:00";"RJ";40;112;"DUQUE DE CAXIAS";"Defeito na Via";"Queda de ocupante de veículo";"Com Vítimas Feridas";"Pleno dia";"Decrescente";"Nublado";"Simples";"Interseção de vias";"Não";1;0;1;0;0;0;1;1;"-22.70565137";"-43.29057455";"SR-RJ";"DEL5/1";"UOP01/RJ"
196532;2019-03-12;"3";"11:05:00";"SC";153;106;"CONCORDIA";"Velocidade Incompatível";"Saída de leito carroçável";"Com Vítimas Feridas";"Pleno dia";"Decrescente";"Chuva";"Simples";"Curva";"Não";1;0;1;0;0;0;1;1;"-27.290276";"-51.967644";"SR-SC";"DEL7";"UOP05/SC"
196533;2019-03-12;"3";"11:50:00";"MT";163;850;"SINOP";"Falta de Atenção à Condução";"Capotamento";"Com Vítimas Feridas";"Pleno dia";"Crescente";"Céu Claro";"Simples";"Reta";"Sim";1;0;1;0;0;0;1;1;"-11.85542504";"-55.49368385";"SR-MT";"DEL2/6";"UOP02/MT"
196534;2019-03-12;"3";"11:50:00";"PR";163;319;"GUAIRA";"Não guardar distância de segurança";"Colisão traseira";"Sem Vítimas";"Pleno dia";"Decrescente";"Céu Claro";"Simples";"Reta";"Não";2;0;0;0;2;0;0;2;"-24.35318399";"-54.14934204";"SR-PR";"DEL7/6";"UOP01/PR"
196535;2019-03-12;"3";"12:00:00";"SC";101;123;"ITAJAI";"Falta de Atenção à Condução";"Colisão lateral";"Com Vítimas Feridas";"Pleno dia";"Decrescente";"Chuva";"Simples";"Interseção de vias";"Não";2;0;1;0;1;0;1;2;"-26.93668609";"-48.69876905";"SR-SC";"DEL8/4";"UOP04/SC"
196537;2019-03-12;"3";"13:25:00";"RJ";116;143,4;"DUQUE DE CAXIAS";"Pista Escorregadia";"Tombamento";"Com Vítimas Feridas";"Pleno dia";"Decrescente";"Nublado";"Simples";"Reta";"Sim";1;0;1;0;0;0;1;1;"-22.67215464";"-43.28029633";"SR-RJ";"DEL5/4";"UOP02/RJ"
196539;2019-02-13;"4";"07:50:00";"PR";280;276;"FLOR DA SERRA DO SUL";"Restrição de Visibilidade";"Colisão frontal";"Com Vítimas Feridas";"Amanhecer";"Crescente";"Céu Claro";"Simples";"Reta";"Não";5;0;3;1;1;0;4;2;"-26.250265";"-53.3354";"SR-PR";"DEL7/2";"UOP01/PR"
196540;2019-03-12;"3";"12:30:00";"PA";316;93,7;"SAO FRANCISCO DO PARA";"Pista Escorregadia";"Colisão transversal";"Sem Vítimas";"Pleno dia";"Crescente";"Chuva";"Simples";"Reta";"Não";3;0;0;0;3;0;0;2;"-1.32412974";"-47.66551295";"SR-PA";"DEL19/1";"UOP03/PA"
196541;2019-03-12;"3";"14:20:00";"SC";101;148,9;"ITAPEMA";"Desobediência às normas de trânsito pelo condutor";"Colisão lateral";"Com Vítimas Feridas";"Pleno dia";"Crescente";"Chuva";"Simples";"Reta";"Sim";3;0;1;0;1;1;1;3;"-27.10123686";"-48.61807962";"SR-SC";"DEL8/4";"UOP03/SC"
196542;2019-03-12;"3";"13:20:00";"RO";364;239,1;"CACOAL";"Desobediência às normas de trânsito pelo condutor";"Colisão transversal";"Com Vítimas Feridas";"Pleno dia";"Decrescente";"Céu Claro";"Simples";"Reta";"Sim";2;0;2;0;0;0;2;2;"-11.43425083";"-61.46267289";"SR-RO";"DEL21/2";"UOP02/RO"
196543;2019-03-12;"3";"14:20:00";"PR";277;68;"SAO JOSE DOS PINHAIS";"Não guardar distância de segurança";"Queda de ocupante de veículo";"Com Vítimas Feridas";"Pleno dia";"Crescente";"Garoa/Chuvisco";"Dupla";"Não Informado";"Não";1;0;1;0;0;0;1;1;"-25.54112281";"-49.06183391";"SR-PR";"DEL7/1";"UOP06/PR"
196544;2019-03-12;"3";"12:20:00";"SC";470;103,1;"APIUNA";"Falta de Atenção à Condução";"Colisão transversal";"Com Vítimas Feridas";"Pleno dia";"Crescente";"Chuva";"Simples";"Reta";"Não";2;0;2;0;0;0;2;2;"-27.06481693";"-49.40154428";"SR-SC";"DEL8/4";"UOP02/SC"
196545;2019-03-12;"3";"14:00:00";"GO";60;104;"GOIANAPOLIS";"Pista Escorregadia";"Saída de leito carroçável";"Com Vítimas Feridas";"Pleno dia";"Crescente";"Chuva";"Dupla";"Não Informado";"Não";1;0;1;0;0;0;1;1;"-16.4118";"-49.0004";"SR-GO";"DEL1/2";"UOP01/GO"
196546;2019-03-12;"3";"14:50:00";"DF";20;11,7;"BRASILIA";"Desobediência às normas de trânsito pelo condutor";"Queda de ocupante de veículo";"Com Vítimas Feridas";"Pleno dia";"Decrescente";"Nublado";"Dupla";"Não Informado";"Sim";3;0;1;0;1;1;1;3;"-15.64360537";"-47.76002795";"SR-DF";"DF";"UOP04/DF"
196547;2019-03-12;"3";"14:55:00";"SC";101;198;"BIGUACU";"Não guardar distância de segurança";"Colisão traseira";"Com Vítimas Feridas";"Pleno dia";"Decrescente";"Chuva";"Dupla";"Reta";"Não";4;0;1;0;3;0;1;4;"-27.52658712";"-48.63506019";"SR-SC";"DEL8/1";"UOP01/SC"
196549;2019-03-12;"3";"12:00:00";"GO";20;130;"FLORES DE GOIAS";"Velocidade Incompatível";"Saída de leito carroçável";"Com Vítimas Feridas";"Pleno dia";"Decrescente";"Céu Claro";"Simples";"Reta";"Não";2;0;0;2;0;0;2;1;"-14.84403";"-46.738926";"SR-DF";"GO";"UOP05/DF"
196550;2019-03-12;"3";"15:30:00";"DF";70;13,7;"BRASILIA";"Falta de Atenção à Condução";"Queda de ocupante de veículo";"Com Vítimas Feridas";"Pleno dia";"Crescente";"Chuva";"Simples";"Curva";"Sim";1;0;1;0;0;0;1;1;"-15.794558";"-48.166584";"SR-DF";"DF";"UOP06/DF"
196551;2019-03-12;"3";"15:39:00";"PR";376;112;"PARANAVAI";"Falta de Atenção à Condução";"Queda de ocupante de veículo";"Com Vítimas Feridas";"Pleno dia";"Crescente";"Céu Claro";"Simples";"Não Informado";"Não";1;0;1;0;0;0;1;1;"-23.09343108";"-52.38419702";"SR-PR";"DEL7/7";"UOP05/PR"
196553;2019-03-12;"3";"14:55:00";"GO";50;171,8;"CAMPO ALEGRE DE GOIAS";"Velocidade Incompatível";"Saída de leito carroçável";"Com Vítimas Feridas";"Pleno dia";"Crescente";"Chuva";"Dupla";"Reta";"Não";1;0;1;0;0;0;1;1;"-17.3353";"-47.7889";"SR-GO";"DEL1/6";"UOP01/GO"
196554;2019-03-12;"3";"12:45:00";"RR";174;505;"BOA VISTA";"Falta de Atenção à Condução";"Colisão transversal";"Com Vítimas Feridas";"Pleno dia";"Decrescente";"Céu Claro";"Dupla";"Reta";"Sim";2;0;1;0;1;0;1;2;"2.82100376";"-60.69511067";"SR-RR";"UOP01/RR";""