"id";"data_inversa";"dia_semana";"horario";"uf";"br";"km";"municipio";"causa_acidente";"tipo_acidente";"classificacao_acidente";"fase_dia";"sentido_via";"condicao_metereologica";"tipo_pista";"tracado_via";"uso_solo";"pessoas";"mortos";"feridos_leves";"feridos_graves";"ilesos";"ignorados";"feridos";"veiculos";"latitude";"longitude";"regional";"delegacia";"uop"
196555;2019-03-12;"3";"13:50:00";"MG";365;621,1;"UBERLANDIA";"Defeito Mecânico no Veículo";"Engavetamento";"Sem Vítimas";"Pleno dia";"Crescente";"Céu Claro";"Dupla";"Reta";"Sim";5;0;0;0;5;0;0;5;"-18.89550683";"-48.27167273";"SR-MG";"DEL4/15";"UOP01/MG"
196556;2019-03-12;"3";"13:10:00";"RJ";40;72,9;"PETROPOLIS";"Falta de Atenção à Condução";"Atropelamento de Pedestre";"Com Vítimas Fatais";"Pleno dia";"Crescente";"Nublado";"Simples";"Não Informado";"Não";4;1;0;0;3;0;0;1;"-22.4585308";"-43.21600514";"SR-RJ";"DEL5/6";"UOP03/RJ"
196557;2019-03-12;"3";"14:00:00";"MT";364;484;"JANGADA";"Pista Escorregadia";"Saída de leito carroçável";"Sem Vítimas";"Pleno dia";"Decrescente";"Nublado";"Simples";"Reta";"Não";1;0;0;0;1;0;0;1;"-15.37386488";"-56.40350683";"SR-MT";"DEL2/4";"UOP02/MT"
196558;2019-03-12;"3";"15:05:00";"GO";60;93;"ANAPOLIS";"Objeto estático sobre o leito carroçável";"Colisão com objeto estático";"Com Vítimas Feridas";"Pleno dia";"Decrescente";"Céu Claro";"Dupla";"Viaduto";"Sim";1;0;1;0;0;0;1;1;"-16.3538";"-48.9268";"SR-GO";"DEL1/2";"UOP01/GO"
196559;2019-03-12;"3";"15:40:00";"SP";153;17,1;"NOVA GRANADA";"Mal Súbito";"Saída de leito carroçável";"Com Vítimas Fatais";"Pleno dia";"Crescente";"Céu Claro";"Simples";"Desvio Temporário";"Não";2;1;0;0;0;1;0;1;"-20.43554595";"-49.2770591";"SR-SP";"DEL6/9";"UOP01/SP"
196560;2019-03-12;"3";"12:50:00";"SC";158;146;"PALMITOS";"Fenômenos da Natureza";"Saída de leito carroçável";"Com Vítimas Feridas";"Pleno dia";"Crescente";"Chuva";"Simples";"Reta";"Não";2;0;1;1;0;0;2;1;"-27.16705";"-53.22246";"SR-SC";"DEL7";"UOP02/SC"
196561;2019-03-12;"3";"07:10:00";"RJ";116;291,9;"PORTO REAL";"Falta de Atenção à Condução";"Tombamento";"Com Vítimas Feridas";"Pleno dia";"Crescente";"Céu Claro";"Dupla";"Reta";"Não";1;0;1;0;0;0;1;1;"-22.47234102";"-44.27715902";"SR-RJ";"DEL5/7";"UOP03/RJ"
196562;2019-02-16;"7";"09:45:00";"PE";232;57;"POMBOS";"Falta de Atenção à Condução";"Colisão traseira";"Sem Vítimas";"Pleno dia";"Crescente";"Céu Claro";"Dupla";"Reta";"Não";2;0;0;0;2;0;0;2;"-8.144629";"-35.390347";"SR-PE";"DEL11/1";"UOP04/PE"
196563;2019-03-12;"3";"16:30:00";"RS";285;456,3;"IJUI";"Falta de Atenção à Condução";"Colisão transversal";"Sem Vítimas";"Pleno dia";"Decrescente";"Chuva";"Simples";"Reta";"Sim";2;0;0;0;2;0;0;2;"-28.39185342";"-53.8939476";"SR-RS";"DEL9/10";"UOP01/RS"
196564;2019-03-12;"3";"14:50:00";"MS";267;482;"JARDIM";"Falta de Atenção à Condução";"Colisão transversal";"Com Vítimas Feridas";"Pleno dia";"Crescente";"Céu Claro";"Simples";"Reta";"Sim";2;0;1;0;1;0;1;2;"-21.48307021";"-56.14631299";"SR-MS";"DEL3/5";"UOP01/MS"
196565;2019-03-12;"3";"13:50:00";"PE";232;268,8;"SERTANIA";"Ingestão de Álcool";"Colisão transversal";"Com Vítimas Feridas";"Pleno dia";"Decrescente";"Chuva";"Simples";"Reta";"Não";2;0;1;1;0;0;2;2;"-8.40626526";"-37.20062302";"SR-PE";"DEL11/3";"UOP02/PE"
196566;2019-03-12;"3";"11:15:00";"MG";365;683;"MONTE ALEGRE DE MINAS";"Falta de Atenção à Condução";"Saída de leito carroçável";"Com Vítimas Feridas";"Pleno dia";"Crescente";"Nublado";"Dupla";"Curva";"Não";3;0;0;1;0;2;1;1;"-18.84895144";"-48.82275367";"SR-MG";"DEL4/15";"UOP01/MG"
196567;2019-03-12;"3";"16:35:00";"PB";230;66,2;"SAO MIGUEL DE TAIPU";"Desobediência às normas de trânsito pelo condutor";"Colisão traseira";"Com Vítimas Feridas";"Pleno dia";"Crescente";"Nublado";"Dupla";"Não Informado";"Não";4;0;1;0;2;1;1;3;"-7.18545748";"-35.19869685";"SR-PB";"DEL14/1";"UOP02/PB"
196568;2019-03-12;"3";"16:35:00";"RJ";40;114;"DUQUE DE CAXIAS";"Falta de Atenção à Condução";"Colisão lateral";"Com Vítimas Feridas";"Pleno dia";"Crescente";"Nublado";"Dupla";"Reta";"Não";2;0;1;0;1;0;1;2;"-22.71853604";"-43.28993324";"SR-RJ";"DEL5/1";"UOP01/RJ"
196569;2019-03-12;"3";"16:30:00";"RJ";101;17;"CAMPOS DOS GOYTACAZES";"Falta de Atenção à Condução";"Tombamento";"Com Vítimas Feridas";"Pleno dia";"Decrescente";"Sol";"Simples";"Curva";"Não";1;0;1;0;0;0;1;1;"-21.35790606";"-41.33737489";"SR-RJ";"DEL5/8";"UOP01/RJ"
196570;2019-03-12;"3";"16:20:00";"CE";20;428;"FORTALEZA";"Não guardar distância de segurança";"Engavetamento";"Com Vítimas Feridas";"Pleno dia";"Crescente";"Céu Claro";"Dupla";"Reta";"Sim";5;0;0;1;4;0;1;5;"-3.87013719";"-38.50359505";"SR-CE";"DEL16/1";"UOP02/CE"
196572;2019-03-12;"3";"17:00:00";"SC";101;158;"PORTO BELO";"Defeito Mecânico no Veículo";"Tombamento";"Com Vítimas Feridas";"Pleno dia";"Crescente";"Garoa/Chuvisco";"Dupla";"Curva";"Não";2;0;2;0;0;0;2;1;"-27.19096301";"-48.61259017";"SR-SC";"DEL8/4";"UOP03/SC"
196573;2019-03-12;"3";"16:30:00";"BA";116;435;"FEIRA DE SANTANA";"Mal Súbito";"Saída de leito carroçável";"Com Vítimas Feridas";"Pleno dia";"Decrescente";"Céu Claro";"Dupla";"Curva";"Não";1;0;1;0;0;0;1;1;"-12.29555493";"-39.03100203";"SR-BA";"DEL10/2";"UOP01/BA"
196574;2019-03-12;"3";"16:00:00";"RJ";116;76;"TERESOPOLIS";"Pista Escorregadia";"Tombamento";"Com Vítimas Feridas";"Pleno dia";"Decrescente";"Céu Claro";"Simples";"Não Informado";"Não";1;0;1;0;0;0;1;1;"-22.36124312";"-42.94876288";"SR-RJ";"DEL5/4";"UOP01/RJ"
196575;2019-03-12;"3";"17:35:00";"PR";369;133;"IBIPORA";"Pista Escorregadia";"Queda de ocupante de veículo";"Com Vítimas Feridas";"Pleno dia";"Crescente";"Céu Claro";"Simples";"Interseção de vias";"Não";2;0;2;0;0;0;2;1;"-23.26202207";"-51.01209641";"SR-PR";"DEL7/7";"UOP01/PR"
196576;2019-03-12;"3";"17:40:00";"DF";20;16;"BRASILIA";"Desobediência às normas de trânsito pelo condutor";"Atropelamento de Pedestre";"Com Vítimas Feridas";"Pleno dia";"Crescente";"Céu Claro";"Dupla";"Reta";"Sim";3;0;1;0;1;1;1;1;"-15.625675";"-47.725159";"SR-DF";"DF";"UOP04/DF"
196577;2019-03-12;"3";"17:00:00";"SC";282;21;"PALHOCA";"Falta de Atenção à Condução";"Colisão frontal";"Com Vítimas Feridas";"Pleno dia";"Decrescente";"Chuva";"Simples";"Curva";"Não";2;0;1;0;1;0;1;2;"-27.68907";"-48.717541";"SR-SC";"DEL8/1";"UOP02/SC"
196578;2019-03-12;"3";"15:55:00";"RO";429;163;"SAO MIGUEL DO GUAPORE";"Desobediência às normas de trânsito pelo condutor";"Colisão transversal";"Sem Vítimas";"Pleno dia";"Decrescente";"Nublado";"Simples";"Reta";"Sim";2;0;0;0;2;0;0;2;"-11.69981133";"-62.72729874";"SR-RO";"DEL21/2";"UOP03/RO"
196579;2019-03-12;"3";"18:05:00";"RJ";116;289,4;"BARRA MANSA";"Pista Escorregadia";"Colisão com objeto estático";"Sem Vítimas";"Anoitecer";"Crescente";"Chuva";"Dupla";"Não Informado";"Não";4;0;0;0;4;0;0;3;"-22.48279212";"-44.25963807";"SR-RJ";"DEL5/7";"UOP02/RJ"
196580;2019-03-12;"3";"16:30:00";"PR";277;678;"MEDIANEIRA";"Desobediência às normas de trânsito pelo condutor";"Colisão traseira";"Com Vítimas Feridas";"Pleno dia";"Crescente";"Céu Claro";"Dupla";"Retorno Regulamentado";"Não";3;0;2;0;1;0;2;2;"-25.31261205";"-54.14871997";"SR-PR";"DEL7/5";"UOP01/PR"
196582;2019-03-12;"3";"18:10:00";"RN";304;38,1;"MOSSORO";"Falta de Atenção do Pedestre";"Atropelamento de Pedestre";"Com Vítimas Feridas";"Plena Noite";"Crescente";"Nublado";"Dupla";"Reta";"Sim";2;0;2;0;0;0;2;1;"-5.18138457";"-37.36832252";"SR-RN";"DEL15/4";"UOP02/RN"
196584;2019-03-12;"3";"15:20:00";"SC";153;39,5;"VARGEM BONITA";"Falta de Atenção à Condução";"Saída de leito carroçável";"Com Vítimas Feridas";"Pleno dia";"Crescente";"Chuva";"Simples";"Reta";"Não";1;0;1;0;0;0;1;1;"-26.836941";"-51.74242";"SR-SC";"DEL7";"UOP06/SC"
196586;2019-02-14;"5";"17:40:00";"BA";324;614;"SALVADOR";"Falta de Atenção do Pedestre";"Atropelamento de Pedestre";"Com Vítimas Feridas";"Amanhecer";"Crescente";"Nublado";"Dupla";"Reta";"Sim";2;0;1;0;1;0;1;1;"-12.8639793";"-38.42370126";"SR-BA";"DEL10/1";"UOP01/BA"
196587;2019-03-12;"3";"11:30:00";"MG";381;293;"ANTONIO DIAS";"Falta de Atenção à Condução";"Queda de ocupante de veículo";"Com Vítimas Feridas";"Pleno dia";"Crescente";"Céu Claro";"Simples";"Curva";"Não";2;0;0;1;0;1;1;1;"-19.63762891";"-42.80765983";"SR-MG";"DEL4/3";"UOP02/MG"
196589;2019-03-12;"3";"18:20:00";"RN";304;48,2;"MOSSORO";"Animais na Pista";"Atropelamento de Animal";"Com Vítimas Feridas";"Plena Noite";"Crescente";"Nublado";"Dupla";"Curva";"Sim";2;0;2;0;0;0;2;1;"-5.22868577";"-37.32203081";"SR-RN";"DEL15/4";"UOP01/RN"
196590;2019-03-12;"3";"18:30:00";"BA";110;346;"ALAGOINHAS";"Falta de Atenção do Pedestre";"Atropelamento de Pedestre";"Com Vítimas Feridas";"Anoitecer";"Crescente";"Céu Claro";"Simples";"Curva";"Sim";2;0;1;1;0;0;2;1;"-12.21296282";"-38.41493225";"SR-BA";"DEL10/1";"UOP04/BA"
196592;2019-03-12;"3";"18:44:00";"SE";235;5,3;"NOSSA SENHORA DO SOCORRO";"Falta de Atenção à Condução";"Colisão traseira";"Com Vítimas Feridas";"Plena Noite";"Crescente";"Céu Claro";"Dupla";"Reta";"Sim";2;0;2;0;0;0;2;2;"-10.9041";"-37.1278";"SR-SE";"DEL20/1";"UOP01/SE"
196593;2019-03-12;"3";"18:30:00";"GO";364;350,3;"MINEIROS";"Defeito Mecânico no Veículo";"Tombamento";"Com Vítimas Feridas";"Anoitecer";"Crescente";"Chuva";"Simples";"Curva";"Não";1;0;1;0;0;0;1;1;"-17.382486";"-52.906311";"SR-GO";"DEL1/5";"UOP01/GO"
196594;2019-03-12;"3";"18:50:00";"PR";277;102;"CURITIBA";"Falta de Atenção à Condução";"Queda de ocupante de veículo";"Com Vítimas Feridas";"Anoitecer";"Decrescente";"Garoa/Chuvisco";"Dupla";"Reta";"Não";2;0;2;0;0;0;2;1;"-25.51408786";"-49.33726669";"SR-PR";"DEL7/1";"UOP04/PR"
196595;2019-03-12;"3";"18:20:00";"PI";316;11;"TERESINA";"Falta de Atenção à Condução";"Colisão com objeto estático";"Com Vítimas Feridas";"Plena Noite";"Crescente";"Céu Claro";"Múltipla";"Reta";"Sim";1;0;0;1;0;0;1;1;"-5.19489995";"-42.75996035";"SR-PI";"DEL17/1";"UOP02/PI"
196597;2019-03-12;"3";"18:20:00";"GO";40;3;"VALPARAISO DE GOIAS";"Desobediência às normas de trânsito pelo condutor";"Colisão traseira";"Com Vítimas Feridas";"Plena Noite";"Crescente";"Garoa/Chuvisco";"Dupla";"Reta";"Sim";3;0;1;0;2;0;1;2;"-16.076081";"-47.985671";"SR-DF";"GO";"UOP01/DF"
196598;2019-03-12;"3";"18:15:00";"PR";277;4;"PARANAGUA";"Animais na Pista";"Colisão frontal";"Com Vítimas Feridas";"Anoitecer";"Decrescente";"Nublado";"Simples";"Reta";"Sim";2;0;1;0;1;0;1;2;"-25.55576078";"-48.56437683";"SR-PR";"DEL7/1";"UOP07/PR"
196599;2019-03-12;"3";"19:00:00";"CE";116;8;"FORTALEZA";"Agressão Externa";"Colisão com objeto estático";"Com Vítimas Feridas";"Plena Noite";"Decrescente";"Céu Claro";"Múltipla";"Reta";"Sim";1;0;0;1;0;0;1;1;"-3.8192799";"-38.50268337";"SR-CE";"DEL16/1";"UOP02/CE"
196600;2019-03-12;"3";"17:40:00";"RO";364;713;"PORTO VELHO";"Desobediência às normas de trânsito pelo condutor";"Colisão frontal";"Sem Vítimas";"Pleno dia";"Crescente";"Céu Claro";"Dupla";"Rotatória";"Sim";3;0;0;0;3;0;0;3;"-8.77331583";"-63.87969248";"SR-RO";"DEL21/1";"UOP01/RO"
196601;2019-03-12;"3";"15:30:00";"BA";116;12;"VITORIA DA CONQUISTA";"Não guardar distância de segurança";"Colisão traseira";"Com Vítimas Feridas";"Pleno dia";"Crescente";"Céu Claro";"Simples";"Reta";"Sim";2;0;1;0;1;0;1;2;"-14.87161";"-40.87146";"SR-PE";"DEL11/5";"UOP03/PE"
196602;2019-03-12;"3";"14:40:00";"BA";407;1,9;"JUAZEIRO";"Condutor Dormindo";"Colisão frontal";"Sem Vítimas";"Pleno dia";"Decrescente";"Céu Claro";"Simples";"Reta";"Sim";3;0;0;0;3;0;0;3;"-9.41845604";"-40.50725978";"SR-PE";"DEL11/6";"UOP01/PE"
196604;2019-03-12;"3";"18:00:00";"MG";40;509;"RIBEIRAO DAS NEVES";"Não guardar distância de segurança";"Colisão traseira";"Com Vítimas Feridas";"Plena Noite";"Decrescente";"Céu Claro";"Dupla";"Não Informado";"Sim";5;0;1;0;4;0;1;4;"-19.77234749";"-44.12510633";"SR-MG";"DEL4/1";"UOP03/MG"
196605;2019-03-12;"3";"14:05:00";"RS";116;592,1;"ARROIO GRANDE";"Condutor Dormindo";"Saída de leito carroçável";"Sem Vítimas";"Pleno dia";"Crescente";"Céu Claro";"Simples";"Curva";"Não";1;0;0;0;1;0;0;1;"-32.07459663";"-52.88596038";"SR-RS";"DEL9/7";"UOP03/RS"
196606;2019-03-12;"3";"18:30:00";"MA";230;72;"SUCUPIRA DO RIACHAO";"Falta de Atenção à Condução";"Colisão frontal";"Com Vítimas Fatais";"Anoitecer";"Crescente";"Ignorado";"Simples";"Reta";"Não";4;1;0;0;3;0;0;2;"-6.57349085";"-43.46943369";"SR-PI";"DEL17/3";"UOP01/PI"
196607;2019-03-12;"3";"18:40:00";"MG";262;369;"BETIM";"Falta de Atenção à Condução";"Saída de leito carroçável";"Com Vítimas Feridas";"Plena Noite";"Crescente";"Céu Claro";"Dupla";"Curva";"Sim";1;0;1;0;0;0;1;1;"-19.95836586";"-44.34122801";"SR-MG";"DEL4/1";"UOP03/MG"
196608;2019-03-12;"3";"13:15:00";"MS";163;730,7;"COXIM";"Defeito Mecânico no Veículo";"Tombamento";"Com Vítimas Feridas";"Pleno dia";"Crescente";"Céu Claro";"Simples";"Reta";"Não";1;0;1;0;0;0;1;1;"-18.50978886";"-54.73602351";"SR-MS";"DEL3/6";"UOP01/MS"
196609;2019-03-12;"3";"19:47:00";"RS";116;142,8;"CAXIAS DO SUL";"Falta de Atenção do Pedestre";"Atropelamento de Pedestre";"Com Vítimas Feridas";"Plena Noite";"Crescente";"Céu Claro";"Dupla";"Reta";"Sim";2;0;1;0;1;0;1;1;"-29.11727";"-51.115208";"SR-RS";"DEL9/5";"UOP01/RS"
196610;2019-03-12;"3";"19:10:00";"CE";116;5,5;"FORTALEZA";"Ingestão de Álcool";"Colisão lateral";"Sem Vítimas";"Plena Noite";"Decrescente";"Céu Claro";"Múltipla";"Reta";"Sim";2;0;0;0;2;0;0;2;"-3.79467116";"-38.50772734";"SR-CE";"DEL16/1";"UOP02/CE"
196611;2019-03-12;"3";"18:50:00";"ES";101;64,9;"SAO MATEUS";"Defeito Mecânico no Veículo";"Incêndio";"Sem Vítimas";"Plena Noite";"Decrescente";"Céu Claro";"Simples";"Reta";"Não";1;0;0;0;1;0;0;1;"-18.70428583";"-39.87065983";"SR-ES";"DEL12/4";"UOP02/ES"
196612;2019-03-12;"3";"18:20:00";"SC";116;186;"SAO CRISTOVAO DO SUL";"Fenômenos da Natureza";"Colisão com objeto estático";"Sem Vítimas";"Anoitecer";"Crescente";"Chuva";"Simples";"Reta";"Não";1;0;0;0;1;0;0;1;"-27.31340181";"-50.41996231";"SR-SC";"DEL8/5";"UOP03/SC"
196613;2019-03-12;"3";"20:10:00";"MG";381;481;"CONTAGEM";"Não guardar distância de segurança";"Colisão traseira";"Com Vítimas Feridas";"Plena Noite";"Crescente";"Céu Claro";"Múltipla";"Interseção de vias";"Sim";2;0;1;0;1;0;1;2;"-19.95874718";"-44.06337261";"SR-MG";"DEL4/1";"UOP03/MG"
196614;2019-03-12;"3";"11:50:00";"BA";116;362;"SERRINHA";"Falta de Atenção à Condução";"Colisão lateral";"Com Vítimas Feridas";"Pleno dia";"Crescente";"Céu Claro";"Simples";"Curva";"Sim";3;0;2;0;1;0;2;2;"-11.68943108";"-38.98728712";"SR-BA";"DEL10/2";"UOP01/BA"
196615;2019-03-12;"3";"18:20:00";"MG";381;159,5;"GOVERNADOR VALADARES";"Falta de Atenção à Condução";"Colisão transversal";"Com Vítimas Feridas";"Plena Noite";"Decrescente";"Céu Claro";"Dupla";"Não Informado";"Não";3;0;1;0;2;0;1;2;"-18.89071755";"-42.00460218";"SR-MG";"DEL4/6";"UOP01/MG"
196616;2019-03-12;"3";"19:10:00";"RJ";40;22,9;"TRES RIOS";"Pista Escorregadia";"Tombamento";"Com Vítimas Feridas";"Anoitecer";"Decrescente";"Céu Claro";"Dupla";"Curva";"Não";1;0;1;0;0;0;1;1;"-22.12244792";"-43.1568498";"SR-RJ";"DEL5/6";"UOP01/RJ"
196617;2019-03-12;"3";"18:50:00";"RJ";40;39;"AREAL";"Defeito Mecânico no Veículo";"Tombamento";"Com Vítimas Feridas";"Plena Noite";"Decrescente";"Céu Claro";"Simples";"Curva";"Não";10;0;4;0;6;0;4;1;"-22.23332";"-43.114136";"SR-RJ";"DEL5/6";"UOP01/RJ"
196618;2019-03-12;"3";"19:50:00";"RJ";493;96;"SEROPEDICA";"Falta de Atenção à Condução";"Saída de leito carroçável";"Com Vítimas Feridas";"Plena Noite";"Crescente";"Chuva";"Múltipla";"Reta";"Sim";3;0;1;1;1;0;2;1;"-22.7183049";"-43.7190298";"SR-RJ";"DEL5/1";"UOP03/RJ"
196619;2019-03-12;"3";"20:00:00";"RJ";393;175,8;"TRES RIOS";"Defeito Mecânico no Veículo";"Incêndio";"Sem Vítimas";"Plena Noite";"Crescente";"Céu Claro";"Simples";"Reta";"Não";1;0;0;0;1;0;0;1;"-22.12309905";"-43.20363803";"SR-RJ";"DEL5/6";"UOP02/RJ"
196620;2019-03-12;"3";"18:30:00";"MG";153;225;"FRONTEIRA";"Falta de Atenção à Condução";"Colisão traseira";"Com Vítimas Feridas";"Anoitecer";"Crescente";"Nublado";"Dupla";"Reta";"Não";1;0;1;0;0;0;1;1;"-20.14258001";"-49.11068916";"SR-MG";"DEL13";"UOP02/MG"
196621;2019-03-12;"3";"20:35:00";"ES";101;270;"SERRA";"Pista Escorregadia";"Tombamento";"Com Vítimas Feridas";"Plena Noite";"Crescente";"Céu Claro";"Múltipla";"Curva";"Sim";1;0;1;0;0;0;1;1;"-20.22662056";"-40.27075088";"SR-ES";"DEL12/2";"UOP01/ES"
196622;2019-03-12;"3";"19:00:00";"PR";467;73,2;"TOLEDO";"Falta de Atenção à Condução";"Colisão traseira";"Com Vítimas Feridas";"Anoitecer";"Crescente";"Céu Claro";"Dupla";"Desvio Temporário";"Não";4;0;1;0;2;1;1;3;"-24.7322";"-53.7";"SR-PR";"DEL7/4";"UOP01/PR"
196623;2019-03-12;"3";"18:00:00";"PR";277;96,1;"CURITIBA";"Falta de Atenção à Condução";"Colisão lateral";"Com Vítimas Feridas";"Plena Noite";"Decrescente";"Nublado";"Dupla";"Interseção de vias";"Sim";2;0;1;0;1;0;1;2;"-25.54577186";"-49.29537197";"SR-PR";"DEL7/1";"UOP04/PR"
196624;2019-03-12;"3";"18:10:00";"MG";40;511,5;"RIBEIRAO DAS NEVES";"Falta de Atenção à Condução";"Colisão traseira";"Com Vítimas Feridas";"Anoitecer";"Decrescente";"Céu Claro";"Dupla";"Reta";"Não";1;0;1;0;0;0;1;1;"-19.78564377";"-44.11478519";"SR-MG";"DEL4/1";"UOP03/MG"
196625;2019-03-12;"3";"20:45:00";"PR";376;459;"TIBAGI";"Velocidade Incompatível";"Saída de leito carroçável";"Sem Vítimas";"Plena Noite";"Crescente";"Chuva";"Dupla";"Não Informado";"Não";5;0;0;0;5;0;0;3;"-24.9421333";"-50.40342808";"SR-PR";"DEL7/3";"UOP01/PR"
196626;2019-03-12;"3";"19:20:00";"BA";116;672;"JEQUIE";"Falta de Atenção à Condução";"Colisão traseira";"Com Vítimas Feridas";"Plena Noite";"Decrescente";"Céu Claro";"Simples";"Reta";"Sim";3;0;1;0;2;0;1;2;"-13.79970305";"-40.11130458";"SR-BA";"DEL10/3";"UOP01/BA"
196627;2019-03-12;"3";"21:20:00";"SC";470;51;"BLUMENAU";"Falta de Atenção à Condução";"Colisão transversal";"Com Vítimas Feridas";"Plena Noite";"Crescente";"Céu Claro";"Simples";"Curva";"Não";2;0;1;0;1;0;1;2;"-26.862339";"-49.084038";"SR-SC";"DEL8/4";"UOP01/SC"
196628;2019-03-12;"3";"21:00:00";"ES";101;332,1;"GUARAPARI";"Ingestão de Álcool";"Tombamento";"Com Vítimas Feridas";"Plena Noite";"Crescente";"Céu Claro";"Simples";"Curva";"Não";1;0;0;1;0;0;1;1;"-20.60724162";"-40.50889326";"SR-ES";"DEL12/3";"UOP01/ES"
196630;2019-03-12;"3";"18:00:00";"BA";101;405,9;"IBIRAPITANGA";"Agressão Externa";"Saída de leito carroçável";"Sem Vítimas";"Plena Noite";"Crescente";"Céu Claro";"Simples";"Reta";"Não";5;0;0;0;5;0;0;1;"-14.1329758";"-39.35950983";"SR-BA";"DEL10/5";"UOP03/BA"
196632;2019-03-12;"3";"17:10:00";"PB";230;135,4;"MASSARANDUBA";"Pista Escorregadia";"Saída de leito carroçável";"Com Vítimas Feridas";"Anoitecer";"Crescente";"Garoa/Chuvisco";"Dupla";"Curva";"Não";2;0;1;0;1;0;1;1;"-7.2789";"-35.7591";"SR-PB";"DEL14/2";"UOP01/PB"
196633;2019-03-12;"3";"22:10:00";"RS";158;333,2;"SANTA MARIA";"Falta de Atenção à Condução";"Colisão lateral";"Com Vítimas Feridas";"Plena Noite";"Crescente";"Garoa/Chuvisco";"Simples";"Interseção de vias";"Sim";2;0;1;0;1;0;1;2;"-29.70846948";"-53.86426102";"SR-RS";"DEL9/9";"UOP01/RS"
196634;2019-03-12;"3";"17:20:00";"RS";116;556;"CAPAO DO LEAO";"Falta de Atenção à Condução";"Colisão traseira";"Com Vítimas Feridas";"Pleno dia";"Decrescente";"Nublado";"Simples";"Reta";"Não";2;0;1;0;1;0;1;2;"-31.89276765";"-52.65645227";"SR-RS";"DEL9/7";"UOP03/RS"
196635;2019-03-12;"3";"20:20:00";"RJ";493;108;"ITAGUAI";"Falta de Atenção à Condução";"Colisão traseira";"Com Vítimas Feridas";"Plena Noite";"Decrescente";"Nublado";"Dupla";"Reta";"Não";4;0;1;0;3;0;1;2;"-22.79378";"-43.78277";"SR-RJ";"DEL5/3";"UOP01/RJ"
196636;2019-03-12;"3";"21:50:00";"PR";153;328,9;"IRATI";"Velocidade Incompatível";"Saída de leito carroçável";"Com Vítimas Feridas";"Plena Noite";"Crescente";"Chuva";"Simples";"Não Informado";"Não";1;0;1;0;0;0;1;1;"-25.44875585";"-50.61677727";"SR-PR";"DEL7/3";"UOP04/PR"
196637;2019-03-12;"3";"15:20:00";"MT";174;554,9;"COMODORO";"Defeito Mecânico no Veículo";"Colisão lateral";"Sem Vítimas";"Pleno dia";"Crescente";"Céu Claro";"Simples";"Não Informado";"Não";2;0;0;0;2;0;0;2;"-13.100123";"-59.888706";"SR-RO";"DEL21/4";"UOP01/RO"
196638;2019-03-12;"3";"22:20:00";"SC";101;415;"ARARANGUA";"Desobediência às normas de trânsito pelo condutor";"Colisão frontal";"Com Vítimas Feridas";"Plena Noite";"Crescente";"Ignorado";"Simples";"Rotatória";"Sim";3;0;1;0;1;1;1;2;"-28.96040535";"-49.51653267";"SR-SC";"DEL8/2";"UOP02/SC"
196639;2019-03-12;"3";"22:50:00";"SE";101;21,5;"MALHADA DOS BOIS";"Ingestão de Álcool";"Atropelamento de Animal";"Com Vítimas Feridas";"Plena Noite";"Crescente";"Céu Claro";"Dupla";"Reta";"Sim";3;0;1;0;2;0;1;1;"-10.36933692";"-36.91236318";"SR-SE";"DEL20/2";"UOP02/SE"
196640;2019-03-12;"3";"20:50:00";"MA";135;93;"ITAPECURU MIRIM";"Defeito na Via";"Tombamento";"Com Vítimas Feridas";"Plena Noite";"Decrescente";"Céu Claro";"Simples";"Reta";"Sim";1;0;1;0;0;0;1;1;"-3.31440313";"-44.43044386";"SR-MA";"DEL18/1";"UOP02/MA"
196641;2019-03-12;"3";"23:40:00";"MG";365;480;"PATROCINIO";"Restrição de Visibilidade";"Colisão lateral";"Com Vítimas Feridas";"Plena Noite";"Crescente";"Céu Claro";"Simples";"Reta";"Não";5;0;0;1;4;0;1;3;"-18.90209";"-47.055098";"SR-MG";"DEL4/10";"UOP01/MG"
196642;2019-03-12;"3";"17:30:00";"SC";282;461;"PONTE SERRADA";"Defeito na Via";"Saída de leito carroçável";"Com Vítimas Feridas";"Pleno dia";"Decrescente";"Chuva";"Simples";"Reta";"Não";3;0;2;0;1;0;2;2;"-26.856403";"-52.041328";"SR-SC";"DEL7";"UOP05/SC"
196643;2019-03-12;"3";"21:10:00";"MG";50;206;"DELTA";"Velocidade Incompatível";"Saída de leito carroçável";"Com Vítimas Feridas";"Plena Noite";"Decrescente";"Céu Claro";"Dupla";"Reta";"Não";1;0;1;0;0;0;1;1;"-19.98302866";"-47.78915405";"SR-MG";"DEL13";"UOP01/MG"
196644;2019-03-12;"3";"22:15:00";"MG";262;357;"BETIM";"Animais na Pista";"Colisão com objeto em movimento";"Com Vítimas Feridas";"Plena Noite";"Decrescente";"Céu Claro";"Dupla";"Rotatória";"Não";1;0;1;0;0;0;1;1;"-19.97470835";"-44.18804897";"SR-MG";"DEL4/1";"UOP03/MG"
196647;2019-03-13;"4";"01:10:00";"SP";116;39;"CACHOEIRA PAULISTA";"Condutor Dormindo";"Saída de leito carroçável";"Sem Vítimas";"Plena Noite";"Decrescente";"Nublado";"Simples";"Curva";"Sim";1;0;0;0;0;1;0;1;"-22.67527958";"-44.99918431";"SR-SP";"DEL6/8";"UOP01/SP"
196648;2019-03-13;"4";"01:20:00";"BA";407;126;"SENHOR DO BONFIM";"Falta de Atenção do Pedestre";"Atropelamento de Pedestre";"Com Vítimas Fatais";"Plena Noite";"Decrescente";"Nublado";"Simples";"Rotatória";"Sim";2;1;0;0;1;0;0;1;"-10.4558193";"-40.18119143";"SR-BA";"DEL10/4";"UOP01/BA"