"id";"data_inversa";"dia_semana";"horario";"uf";"br";"km";"municipio";"causa_acidente";"tipo_acidente";"classificacao_acidente";"fase_dia";"sentido_via";"condicao_metereologica";"tipo_pista";"tracado_via";"uso_solo";"pessoas";"mortos";"feridos_leves";"feridos_graves";"ilesos";"ignorados";"feridos";"veiculos";"latitude";"longitude";"regional";"delegacia";"uop"
196649;2019-03-13;"4";"04:00:00";"PE";101;190;"PALMARES";"Animais na Pista";"Capotamento";"Sem Vítimas";"Amanhecer";"Decrescente";"Nublado";"Dupla";"Curva";"Não";2;0;0;0;2;0;0;1;"-8.69573052";"-35.6103118";"SR-PE";"DEL11/1";"UOP03/PE"
196650;2019-03-13;"4";"02:29:00";"RJ";101;140;"MACAE";"Condutor Dormindo";"Colisão traseira";"Com Vítimas Feridas";"Plena Noite";"Decrescente";"Nublado";"Dupla";"Não Informado";"Não";2;0;1;0;1;0;1;2;"-22.178706";"-41.74910424";"SR-RJ";"DEL5/2";"UOP04/RJ"
196651;2019-03-12;"3";"18:50:00";"RO";364;375,8;"OURO PRETO DO OESTE";"Ultrapassagem Indevida";"Colisão lateral";"Com Vítimas Feridas";"Plena Noite";"Crescente";"Céu Claro";"Múltipla";"Não Informado";"Não";2;0;0;1;1;0;1;2;"-10.73480516";"-62.19266474";"SR-RO";"DEL21/2";"UOP01/RO"
196652;2019-03-13;"4";"04:30:00";"RJ";40;64;"PETROPOLIS";"Falta de Atenção à Condução";"Capotamento";"Sem Vítimas";"Amanhecer";"Decrescente";"Céu Claro";"Dupla";"Curva";"Não";1;0;0;0;1;0;0;1;"-22.420418";"-43.155285";"SR-RJ";"DEL5/6";"UOP03/RJ"
196653;2019-03-13;"4";"04:35:00";"MG";381;673,8;"PERDOES";"Condutor Dormindo";"Colisão traseira";"Com Vítimas Feridas";"Plena Noite";"Decrescente";"Nublado";"Dupla";"Reta";"Não";2;0;1;0;1;0;1;2;"-21.09966091";"-45.08510908";"SR-MG";"DEL4/4";"UOP02/MG"
196656;2019-03-13;"4";"06:00:00";"GO";153;687,4;"ITUMBIARA";"Falta de Atenção à Condução";"Saída de leito carroçável";"Com Vítimas Feridas";"Amanhecer";"Decrescente";"Céu Claro";"Dupla";"Reta";"Não";4;0;0;1;3;0;1;2;"-18.2827";"-49.2415";"SR-GO";"DEL1/3";"UOP02/GO"
196657;2019-03-13;"4";"04:55:00";"SC";101;233;"PALHOCA";"Falta de Atenção à Condução";"Colisão lateral";"Com Vítimas Feridas";"Plena Noite";"Crescente";"Nublado";"Dupla";"Curva";"Não";2;0;1;0;0;1;1;2;"-27.80376397";"-48.63826211";"SR-SC";"DEL8/1";"UOP02/SC"
196658;2019-03-13;"4";"04:30:00";"BA";324;600;"SIMOES FILHO";"Objeto estático sobre o leito carroçável";"Saída de leito carroçável";"Sem Vítimas";"Amanhecer";"Decrescente";"Céu Claro";"Dupla";"Reta";"Não";1;0;0;0;1;0;0;1;"-12.77094147";"-38.4201479";"SR-BA";"DEL10/1";"UOP01/BA"
196659;2019-03-13;"4";"07:10:00";"SC";282;0;"FLORIANOPOLIS";"Não guardar distância de segurança";"Colisão traseira";"Com Vítimas Feridas";"Pleno dia";"Crescente";"Céu Claro";"Múltipla";"Reta";"Não";3;0;1;0;1;1;1;2;"-27.59845";"-48.571995";"SR-SC";"DEL8/1";"UOP01/SC"
196660;2019-03-13;"4";"07:10:00";"GO";153;495,7;"GOIANIA";"Desobediência às normas de trânsito pelo condutor";"Colisão traseira";"Com Vítimas Feridas";"Pleno dia";"Crescente";"Céu Claro";"Dupla";"Reta";"Sim";2;0;1;0;1;0;1;2;"-16.6681";"-49.2263";"SR-GO";"DEL1/1";"UOP01/GO"
196662;2019-03-13;"4";"05:40:00";"MG";381;668,3;"PERDOES";"Condutor Dormindo";"Colisão traseira";"Com Vítimas Feridas";"Amanhecer";"Crescente";"Nublado";"Dupla";"Reta";"Não";2;0;1;0;1;0;1;2;"-21.06787894";"-45.05229868";"SR-MG";"DEL4/4";"UOP02/MG"
196663;2019-03-13;"4";"06:50:00";"PR";277;653,5;"MATELANDIA";"Defeito na Via";"Colisão frontal";"Com Vítimas Feridas";"Pleno dia";"Decrescente";"Garoa/Chuvisco";"Simples";"Reta";"Não";3;0;1;0;1;1;1;2;"-25.213354";"-53.95143726";"SR-PR";"DEL7/5";"UOP02/PR"
196664;2019-03-13;"4";"05:25:00";"MT";163;1087,4;"GUARANTA DO NORTE";"Restrição de Visibilidade";"Colisão traseira";"Com Vítimas Feridas";"Amanhecer";"Crescente";"Nevoeiro/Neblina";"Simples";"Reta";"Não";2;0;0;1;1;0;1;2;"-9.89237297";"-54.90040264";"SR-MT";"DEL2/6";"UOP02/MT"
196665;2019-03-13;"4";"06:50:00";"ES";262;44;"1S MARTINS";"Desobediência às normas de trânsito pelo condutor";"Colisão transversal";"Com Vítimas Feridas";"Pleno dia";"Decrescente";"Céu Claro";"Simples";"Interseção de vias";"Não";3;0;1;0;2;0;1;2;"-20.38908904";"-40.66911594";"SR-ES";"DEL12/1";"UOP01/ES"
196667;2019-03-13;"4";"05:50:00";"AL";101;113,3;"PILAR";"Ultrapassagem Indevida";"Colisão lateral";"Sem Vítimas";"Amanhecer";"Decrescente";"Chuva";"Simples";"Curva";"Não";2;0;0;0;2;0;0;2;"-9.62855442";"-36.03072188";"SR-AL";"DEL13/2";"UOP01/AL"
196668;2019-03-13;"4";"06:35:00";"ES";101;296;"CARIACICA";"Velocidade Incompatível";"Capotamento";"Sem Vítimas";"Pleno dia";"Decrescente";"Céu Claro";"Dupla";"Não Informado";"Sim";1;0;0;0;1;0;0;1;"-20.34029997";"-40.40405712";"SR-ES";"DEL12/1";"UOP01/ES"
196669;2019-03-13;"4";"07:20:00";"GO";20;2,5;"FORMOSA";"Mal Súbito";"Colisão frontal";"Com Vítimas Fatais";"Pleno dia";"Crescente";"Céu Claro";"Simples";"Reta";"Sim";2;1;0;0;1;0;0;2;"-15.57387";"-47.327488";"SR-DF";"GO";"UOP04/DF"
196670;2019-03-13;"4";"06:40:00";"ES";262;2,6;"CARIACICA";"Falta de Atenção à Condução";"Colisão traseira";"Com Vítimas Feridas";"Pleno dia";"Decrescente";"Sol";"Simples";"Reta";"Sim";3;0;2;0;1;0;2;2;"-20.33275688";"-40.36077696";"SR-ES";"DEL12/1";"UOP01/ES"
196671;2019-03-12;"3";"18:15:00";"PA";230;122;"MARABA";"Falta de Atenção à Condução";"Queda de ocupante de veículo";"Com Vítimas Feridas";"Pleno dia";"Decrescente";"Céu Claro";"Dupla";"Reta";"Não";1;0;1;0;0;0;1;1;"-5.36137537";"-49.12376139";"SR-PA";"DEL19/3";"UOP01/PA"
196672;2019-03-13;"4";"07:25:00";"PR";277;81;"CURITIBA";"Falta de Atenção à Condução";"Colisão lateral";"Com Vítimas Feridas";"Pleno dia";"Crescente";"Céu Claro";"Dupla";"Reta";"Sim";2;0;0;1;1;0;1;2;"-25.568939";"-49.181978";"SR-PR";"DEL7/1";"UOP01/PR"
196674;2019-03-13;"4";"06:40:00";"BA";324;615,6;"SALVADOR";"Não guardar distância de segurança";"Colisão com objeto estático";"Com Vítimas Feridas";"Pleno dia";"Crescente";"Céu Claro";"Dupla";"Reta";"Sim";2;0;2;0;0;0;2;2;"-12.87206398";"-38.42746403";"SR-BA";"DEL10/1";"UOP01/BA"
196675;2019-03-13;"4";"07:40:00";"BA";116;420;"FEIRA DE SANTANA";"Desobediência às normas de trânsito pelo condutor";"Colisão transversal";"Com Vítimas Feridas";"Pleno dia";"Crescente";"Céu Claro";"Simples";"Reta";"Sim";2;0;1;0;1;0;1;2;"-12.20321398";"-38.96555531";"SR-BA";"DEL10/2";"UOP01/BA"
196676;2019-03-12;"3";"18:20:00";"BA";116;540,8;"MILAGRES";"Ultrapassagem Indevida";"Colisão lateral";"Sem Vítimas";"Plena Noite";"Decrescente";"Céu Claro";"Simples";"Curva";"Não";3;0;0;0;3;0;0;2;"-12.841839";"-39.839102";"SR-BA";"DEL10/3";"UOP02/BA"
196677;2019-03-12;"3";"23:20:00";"SP";116;146,9;"SAO JOSE DOS CAMPOS";"Sinalização da via insuficiente ou inadequada";"Engavetamento";"Com Vítimas Fatais";"Plena Noite";"Decrescente";"Céu Claro";"Dupla";"Reta";"Sim";5;1;1;0;1;2;1;3;"-23.19122919";"-45.86327591";"SR-SP";"DEL6/2";"UOP01/SP"
196679;2019-03-13;"4";"05:13:00";"MG";262;366;"BETIM";"Falta de Atenção à Condução";"Colisão traseira";"Com Vítimas Fatais";"Amanhecer";"Decrescente";"Céu Claro";"Dupla";"Não Informado";"Não";2;1;0;0;1;0;0;2;"-19.974217";"-44.261798";"SR-MG";"DEL4/1";"UOP03/MG"
196680;2019-03-13;"4";"06:30:00";"MG";381;484,7;"BETIM";"Não guardar distância de segurança";"Colisão traseira";"Com Vítimas Feridas";"Pleno dia";"Decrescente";"Céu Claro";"Dupla";"Reta";"Sim";7;0;3;0;4;0;3;4;"-19.95531717";"-44.11722196";"SR-MG";"DEL4/1";"UOP03/MG"
196681;2019-03-13;"4";"06:20:00";"SC";282;643,3;"SAO MIGUEL DO OESTE";"Desobediência às normas de trânsito pelo condutor";"Colisão frontal";"Com Vítimas Feridas";"Amanhecer";"Crescente";"Nublado";"Simples";"Curva";"Não";2;0;1;0;1;0;1;2;"-26.77015424";"-53.47485781";"SR-SC";"DEL7";"UOP03/SC"
196682;2019-03-13;"4";"07:15:00";"MG";262;368,2;"JUATUBA";"Velocidade Incompatível";"Colisão lateral";"Com Vítimas Feridas";"Pleno dia";"Crescente";"Sol";"Dupla";"Reta";"Não";11;0;1;0;10;0;1;11;"-19.97207826";"-44.2823267";"SR-MG";"DEL4/1";"UOP03/MG"
196683;2019-03-13;"4";"08:10:00";"SP";116;150,4;"SAO JOSE DOS CAMPOS";"Desobediência às normas de trânsito pelo condutor";"Colisão transversal";"Com Vítimas Feridas";"Pleno dia";"Decrescente";"Céu Claro";"Múltipla";"Reta";"Sim";2;0;2;0;0;0;2;2;"-23.21335525";"-45.8930588";"SR-SP";"DEL6/2";"UOP01/SP"
196684;2019-03-13;"4";"07:20:00";"SC";282;40,4;"AGUAS MORNAS";"Desobediência às normas de trânsito pelo condutor";"Colisão lateral";"Com Vítimas Feridas";"Pleno dia";"Decrescente";"Céu Claro";"Simples";"Curva";"Sim";3;0;1;0;1;1;1;2;"-27.716148";"-48.869583";"SR-SC";"DEL8/1";"UOP03/SC"
196685;2019-03-05;"3";"23:30:00";"PB";230;0,3;"CABEDELO";"Desobediência às normas de trânsito pelo condutor";"Colisão lateral";"Com Vítimas Feridas";"Plena Noite";"Decrescente";"Céu Claro";"Simples";"Reta";"Sim";3;0;0;1;1;1;1;3;"-6.971482";"-34.835737";"SR-PB";"DEL14/1";"UOP00/PB"
196686;2019-03-13;"4";"08:30:00";"GO";153;497,5;"GOIANIA";"Desobediência às normas de trânsito pelo condutor";"Colisão traseira";"Com Vítimas Feridas";"Pleno dia";"Crescente";"Céu Claro";"Dupla";"Curva";"Sim";2;0;1;0;1;0;1;2;"-16.6854";"-49.2338";"SR-GO";"DEL1/1";"UOP01/GO"
196688;2019-03-13;"4";"07:45:00";"RS";116;245;"SAO LEOPOLDO";"Desobediência às normas de trânsito pelo condutor";"Tombamento";"Com Vítimas Feridas";"Pleno dia";"Crescente";"Nublado";"Dupla";"Reta";"Sim";2;0;2;0;0;0;2;1;"-29.74980902";"-51.15125361";"SR-RS";"DEL9/1";"UOP02/RS"
196689;2019-03-13;"4";"08:10:00";"CE";20;290,8;"CANINDE";"Defeito na Via";"Saída de leito carroçável";"Com Vítimas Feridas";"Pleno dia";"Crescente";"Chuva";"Simples";"Curva";"Não";2;0;1;0;1;0;1;1;"-4.49487133";"-39.36238661";"SR-CE";"DEL16/2";"UOP01/CE"
196690;2019-03-13;"4";"08:40:00";"ES";101;45;"CONCEICAO DA BARRA";"Falta de Atenção à Condução";"Engavetamento";"Com Vítimas Feridas";"Pleno dia";"Crescente";"Céu Claro";"Simples";"Reta";"Não";4;0;1;0;3;0;1;4;"-18.54283908";"-39.90546928";"SR-ES";"DEL12/4";"UOP02/ES"
196691;2019-03-13;"4";"08:40:00";"SP";153;62,2;"SAO JOSE DO RIO PRETO";"Não guardar distância de segurança";"Colisão traseira";"Com Vítimas Feridas";"Pleno dia";"Crescente";"Sol";"Dupla";"Reta";"Sim";6;0;1;0;5;0;1;5;"-20.82149698";"-49.35764818";"SR-SP";"DEL6/9";"UOP01/SP"
196692;2019-03-13;"4";"06:30:00";"PE";101;80,8;"JABOATAO DOS GUARARAPES";"Pista Escorregadia";"Tombamento";"Com Vítimas Feridas";"Amanhecer";"Crescente";"Ignorado";"Dupla";"Reta";"Sim";1;0;1;0;0;0;1;1;"-8.15112589";"-34.9428866";"SR-PE";"DEL11/1";"UOP03/PE"
196694;2019-03-13;"4";"06:00:00";"PB";230;363,4;"MALTA";"Mal Súbito";"Colisão com objeto estático";"Com Vítimas Fatais";"Pleno dia";"Crescente";"Céu Claro";"Simples";"Reta";"Não";1;1;0;0;0;0;0;1;"-6.9139";"-37.4885";"SR-PB";"DEL14/3";"UOP02/PB"
196695;2019-03-13;"4";"07:00:00";"MT";163;834;"SINOP";"Falta de Atenção à Condução";"Queda de ocupante de veículo";"Com Vítimas Feridas";"Pleno dia";"Crescente";"Céu Claro";"Dupla";"Reta";"Sim";2;0;1;1;0;0;2;1;"-11.995863";"-55.51709";"SR-MT";"DEL2/6";"UOP01/MT"
196696;2019-03-13;"4";"07:35:00";"RS";392;2;"RIO GRANDE";"Falta de Atenção à Condução";"Colisão transversal";"Com Vítimas Feridas";"Pleno dia";"Crescente";"Céu Claro";"Múltipla";"Rotatória";"Não";3;0;1;0;2;0;1;2;"-32.13066811";"-52.11163044";"SR-RS";"DEL9/7";"UOP02/RS"
196697;2019-03-13;"4";"08:55:00";"SP";116;520;"CAJATI";"Falta de Atenção à Condução";"Colisão traseira";"Com Vítimas Feridas";"Pleno dia";"Decrescente";"Céu Claro";"Dupla";"Desvio Temporário";"Não";1;0;1;0;0;0;1;1;"-24.89364369";"-48.24164206";"SR-SP";"DEL6/5";"UOP02/SP"
196698;2019-03-13;"4";"08:40:00";"RJ";101;219,5;"SILVA JARDIM";"Falta de Atenção à Condução";"Colisão lateral";"Com Vítimas Feridas";"Pleno dia";"Crescente";"Céu Claro";"Dupla";"Reta";"Não";2;0;1;0;1;0;1;1;"-22.51166395";"-42.30894702";"SR-RJ";"DEL5/2";"UOP03/RJ"
196699;2019-03-13;"4";"09:30:00";"ES";101;163;"LINHARES";"Avarias e/ou desgaste excessivo no pneu";"Queda de ocupante de veículo";"Com Vítimas Feridas";"Pleno dia";"Decrescente";"Céu Claro";"Simples";"Reta";"Não";2;0;2;0;0;0;2;1;"-19.49806194";"-40.13058524";"SR-ES";"DEL12/4";"UOP01/ES"
196700;2019-03-13;"4";"07:30:00";"GO";153;275;"NOVA GLORIA";"Defeito Mecânico no Veículo";"Incêndio";"Sem Vítimas";"Pleno dia";"Crescente";"Céu Claro";"Simples";"Desvio Temporário";"Sim";1;0;0;0;1;0;0;1;"-15.106764";"-49.482746";"SR-GO";"DEL1/7";"UOP02/GO"
196701;2019-03-13;"4";"07:45:00";"MG";365;611,8;"UBERLANDIA";"Falta de Atenção à Condução";"Colisão traseira";"Com Vítimas Feridas";"Pleno dia";"Crescente";"Céu Claro";"Simples";"Rotatória";"Sim";3;0;1;0;2;0;1;2;"-18.9238";"-48.19992";"SR-MG";"DEL4/15";"UOP01/MG"
196702;2019-03-13;"4";"09:15:00";"MG";354;705,4;"CAXAMBU";"Velocidade Incompatível";"Tombamento";"Com Vítimas Feridas";"Pleno dia";"Crescente";"Céu Claro";"Simples";"Curva";"Sim";1;0;1;0;0;0;1;1;"-21.99205276";"-44.9251702";"SR-MG";"DEL5";"UOP03/MG"
196703;2019-03-13;"4";"09:30:00";"ES";101;260;"SERRA";"Falta de Atenção à Condução";"Colisão lateral";"Com Vítimas Feridas";"Pleno dia";"Decrescente";"Céu Claro";"Dupla";"Reta";"Sim";6;0;5;0;1;0;5;2;"-20.16627182";"-40.27251634";"SR-ES";"DEL12/2";"UOP01/ES"
196704;2019-03-13;"4";"07:15:00";"RJ";40;95,9;"DUQUE DE CAXIAS";"Carga excessiva e/ou mal acondicionada";"Tombamento";"Com Vítimas Feridas";"Pleno dia";"Decrescente";"Céu Claro";"Simples";"Não Informado";"Não";1;0;1;0;0;0;1;1;"-22.56473883";"-43.2702971";"SR-RJ";"DEL5/6";"UOP03/RJ"
196706;2019-03-13;"4";"09:30:00";"MG";459;103,5;"POUSO ALEGRE";"Avarias e/ou desgaste excessivo no pneu";"Tombamento";"Com Vítimas Feridas";"Pleno dia";"Crescente";"Sol";"Dupla";"Não Informado";"Sim";1;0;1;0;0;0;1;1;"-22.217806";"-45.917549";"SR-MG";"DEL09";"UOP01/MG"
196707;2019-03-13;"4";"08:00:00";"SP";459;17,2;"PIQUETE";"Pista Escorregadia";"Tombamento";"Com Vítimas Feridas";"Pleno dia";"Crescente";"Céu Claro";"Simples";"Curva";"Não";2;0;2;0;0;0;2;1;"-22.627684";"-45.161057";"SR-SP";"DEL6/8";"UOP03/SP"
196708;2019-03-13;"4";"06:40:00";"CE";222;130;"ITAPAJE";"Avarias e/ou desgaste excessivo no pneu";"Saída de leito carroçável";"Com Vítimas Feridas";"Amanhecer";"Decrescente";"Chuva";"Simples";"Desvio Temporário";"Não";1;0;1;0;0;0;1;1;"-3.71250095";"-39.63073803";"SR-CE";"DEL16/4";"UOP03/CE"
196709;2019-03-13;"4";"09:45:00";"SP";116;292;"ITAPECERICA DA SERRA";"Mal Súbito";"Colisão traseira";"Com Vítimas Feridas";"Pleno dia";"Decrescente";"Sol";"Dupla";"Reta";"Não";2;0;1;0;1;0;1;2;"-23.73889501";"-46.8969137";"SR-SP";"DEL6/4";"UOP01/SP"
196710;2019-03-13;"4";"08:40:00";"SC";470;9;"NAVEGANTES";"Desobediência às normas de trânsito pelo condutor";"Colisão transversal";"Com Vítimas Feridas";"Pleno dia";"Decrescente";"Céu Claro";"Simples";"Reta";"Não";2;0;1;0;1;0;1;2;"-26.833143";"-48.727432";"SR-SC";"DEL8/4";"UOP04/SC"
196711;2019-03-13;"4";"09:40:00";"PE";101;79;"JABOATAO DOS GUARARAPES";"Falta de Atenção do Pedestre";"Atropelamento de Pedestre";"Com Vítimas Fatais";"Pleno dia";"Crescente";"Sol";"Múltipla";"Retorno Regulamentado";"Sim";2;1;0;0;0;1;0;1;"-8.13776951";"-34.97632742";"SR-PE";"DEL11/1";"UOP01/PE"
196712;2019-03-13;"4";"10:10:00";"GO";153;530,7;"HIDROLANDIA";"Falta de Atenção à Condução";"Colisão com objeto estático";"Com Vítimas Feridas";"Pleno dia";"Decrescente";"Sol";"Dupla";"Não Informado";"Sim";2;0;2;0;0;0;2;1;"-16.9677";"-49.2331";"SR-GO";"DEL1/1";"UOP03/GO"
196713;2019-03-13;"4";"10:50:00";"RS";285;335;"CARAZINHO";"Falta de Atenção à Condução";"Colisão traseira";"Com Vítimas Feridas";"Pleno dia";"Decrescente";"Nublado";"Simples";"Reta";"Sim";2;0;1;0;1;0;1;2;"-28.31208843";"-52.79140949";"SR-RS";"DEL08";"UOP03/RS"
196714;2019-03-13;"4";"10:40:00";"SE";235;1;"ARACAJU";"Velocidade Incompatível";"Colisão com objeto estático";"Com Vítimas Feridas";"Pleno dia";"Crescente";"Nublado";"Múltipla";"Reta";"Sim";2;0;1;0;1;0;1;2;"-10.9073";"-37.0947";"SR-SE";"DEL20/1";"UOP01/SE"
196715;2019-03-13;"4";"11:27:00";"SC";101;206;"SAO JOSE";"Falta de Atenção à Condução";"Colisão traseira";"Com Vítimas Feridas";"Pleno dia";"Decrescente";"Céu Claro";"Dupla";"Reta";"Sim";2;0;1;0;1;0;1;2;"-27.59193546";"-48.61824557";"SR-SC";"DEL8/1";"UOP01/SC"
196716;2019-03-13;"4";"11:15:00";"SE";235;4;"NOSSA SENHORA DO SOCORRO";"Falta de Atenção à Condução";"Colisão lateral";"Sem Vítimas";"Pleno dia";"Crescente";"Nublado";"Simples";"Reta";"Não";2;0;0;0;1;1;0;2;"-10.9064";"-37.1197";"SR-SE";"DEL20/1";"UOP01/SE"
196718;2019-03-13;"4";"08:15:00";"AC";364;123;"RIO BRANCO";"Falta de Atenção à Condução";"Colisão traseira";"Sem Vítimas";"Pleno dia";"Crescente";"Céu Claro";"Dupla";"Reta";"Sim";2;0;0;0;2;0;0;2;"-10.0117071";"-67.782373";"SR-AC";"UOP01/AC";""
196719;2019-03-13;"4";"11:05:00";"PR";376;660,2;"TIJUCAS DO SUL";"Sinalização da via insuficiente ou inadequada";"Engavetamento";"Com Vítimas Feridas";"Pleno dia";"Crescente";"Céu Claro";"Dupla";"Curva";"Não";10;0;1;0;9;0;1;10;"-25.8516758";"-49.00332398";"SR-PR";"DEL7/1";"UOP08/PR"
196720;2019-03-13;"4";"11:00:00";"PR";116;99;"SAO JOSE DOS PINHAIS";"Falta de Atenção à Condução";"Colisão frontal";"Com Vítimas Feridas";"Pleno dia";"Crescente";"Céu Claro";"Dupla";"Reta";"Não";5;0;1;1;3;0;2;2;"-25.52682231";"-49.14038767";"SR-PR";"DEL7/1";"UOP01/PR"
196721;2019-02-19;"3";"06:45:00";"PB";101;91,6;"JOAO PESSOA";"Defeito Mecânico no Veículo";"Colisão com objeto estático";"Sem Vítimas";"Pleno dia";"Crescente";"Sol";"Dupla";"Reta";"Sim";1;0;0;0;1;0;0;1;"-7.1984";"-34.9063";"SR-PB";"DEL14/1";"UOP01/PB"
196722;2019-03-13;"4";"10:40:00";"BA";116;16;"VITORIA DA CONQUISTA";"Desobediência às normas de trânsito pelo condutor";"Colisão transversal";"Com Vítimas Feridas";"Pleno dia";"Decrescente";"Céu Claro";"Simples";"Reta";"Sim";2;0;1;0;1;0;1;2;"-14.851";"-40.8485";"SR-BA";"DEL10/8";"UOP01/BA"
196723;2019-03-13;"4";"12:00:00";"PR";277;586,3;"CASCAVEL";"Falta de Atenção à Condução";"Colisão traseira";"Com Vítimas Feridas";"Pleno dia";"Decrescente";"Nublado";"Simples";"Curva";"Sim";2;0;1;0;1;0;1;2;"-24.9649472";"-53.4210459";"SR-PR";"DEL7/4";"UOP01/PR"
196724;2019-03-13;"4";"07:40:00";"RJ";101;259;"RIO BONITO";"Falta de Atenção à Condução";"Tombamento";"Com Vítimas Feridas";"Pleno dia";"Crescente";"Céu Claro";"Dupla";"Reta";"Sim";1;0;1;0;0;0;1;1;"-22.70382012";"-42.59637797";"SR-RJ";"DEL5/2";"UOP03/RJ"
196725;2019-03-01;"6";"21:15:00";"PR";476;265;"SAO MATEUS DO SUL";"Pista Escorregadia";"Queda de ocupante de veículo";"Com Vítimas Feridas";"Plena Noite";"Crescente";"Ignorado";"Simples";"Reta";"Sim";1;0;0;1;0;0;1;1;"-25.891741";"-50.292095";"SR-PR";"DEL7/2";"UOP03/PR"
196726;2019-03-13;"4";"10:20:00";"RO";364;157,5;"PIMENTA BUENO";"Ultrapassagem Indevida";"Colisão traseira";"Sem Vítimas";"Pleno dia";"Crescente";"Céu Claro";"Simples";"Desvio Temporário";"Não";4;0;0;0;4;0;0;2;"-11.94557397";"-60.95944478";"SR-RO";"DEL21/2";"UOP02/RO"
196727;2019-03-13;"4";"12:10:00";"PE";101;34;"ITAPISSUMA";"Não guardar distância de segurança";"Colisão traseira";"Sem Vítimas";"Pleno dia";"Decrescente";"Céu Claro";"Dupla";"Reta";"Não";4;0;0;0;4;0;0;2;"-7.77092801";"-34.93524623";"SR-PE";"DEL11/1";"UOP02/PE"
196730;2019-03-10;"1";"06:50:00";"RJ";40;115;"DUQUE DE CAXIAS";"Velocidade Incompatível";"Capotamento";"Sem Vítimas";"Pleno dia";"Crescente";"Céu Claro";"Dupla";"Reta";"Sim";1;0;0;0;0;1;0;1;"-22.72756999";"-43.2891609";"SR-RJ";"DEL5/1";"UOP01/RJ"
196731;2019-03-13;"4";"11:20:00";"ES";259;100,1;"BAIXO GUANDU";"Falta de Atenção à Condução";"Colisão transversal";"Com Vítimas Feridas";"Pleno dia";"Crescente";"Sol";"Simples";"Rotatória";"Sim";3;0;1;0;1;1;1;2;"-19.51441295";"-40.99560702";"SR-ES";"DEL12/2";"UOP01/ES"
196732;2019-03-13;"4";"12:30:00";"MG";50;67,3;"UBERLANDIA";"Desobediência às normas de trânsito pelo condutor";"Colisão lateral";"Com Vítimas Feridas";"Pleno dia";"Decrescente";"Sol";"Múltipla";"Curva";"Sim";4;0;1;0;2;1;1;3;"-18.87536948";"-48.25909409";"SR-MG";"DEL4/15";"UOP01/MG"
196734;2019-03-13;"4";"10:50:00";"RJ";393;282;"VOLTA REDONDA";"Desobediência às normas de trânsito pelo condutor";"Colisão transversal";"Com Vítimas Feridas";"Pleno dia";"Decrescente";"Sol";"Simples";"Rotatória";"Sim";3;0;0;1;2;0;1;2;"-22.48165022";"-44.06308293";"SR-RJ";"DEL5/5";"UOP02/RJ"
196735;2019-03-13;"4";"12:00:00";"MG";262;122,4;"RIO CASCA";"Velocidade Incompatível";"Colisão lateral";"Com Vítimas Feridas";"Pleno dia";"Crescente";"Sol";"Simples";"Curva";"Não";2;0;1;0;1;0;1;2;"-20.2076577";"-42.6685693";"SR-MG";"DEL4/3";"UOP03/MG"
196736;2019-03-02;"7";"04:40:00";"PR";376;173,9;"MARINGA";"Desobediência às normas de trânsito pelo condutor";"Colisão transversal";"Com Vítimas Feridas";"Plena Noite";"Decrescente";"Nublado";"Dupla";"Reta";"Sim";4;0;1;0;2;1;1;2;"-23.41647376";"-51.9566009";"SR-PR";"DEL7/7";"UOP04/PR"
196737;2019-03-13;"4";"09:50:00";"GO";60;386;"RIO VERDE";"Falta de Atenção à Condução";"Colisão lateral";"Sem Vítimas";"Pleno dia";"Crescente";"Céu Claro";"Dupla";"Reta";"Sim";3;0;0;0;3;0;0;3;"-17.8029";"-50.9205";"SR-GO";"DEL1/4";"UOP01/GO"
196740;2019-03-13;"4";"13:10:00";"RS";386;150,6;"ALMIRANTE TAMANDARE DO SUL";"Condutor Dormindo";"Colisão frontal";"Com Vítimas Feridas";"Pleno dia";"Crescente";"Nublado";"Simples";"Curva";"Não";4;0;3;0;1;0;3;2;"-28.073166";"-52.866364";"SR-RS";"DEL08";"UOP01/RS"
196741;2019-03-13;"4";"13:15:00";"MG";267;146,2;"LIMA DUARTE";"Ingestão de Álcool";"Tombamento";"Com Vítimas Feridas";"Pleno dia";"Crescente";"Nublado";"Simples";"Reta";"Não";2;0;2;0;0;0;2;1;"-21.81204905";"-43.722804";"SR-MG";"DEL5";"UOP01/MG"
196742;2019-03-13;"4";"11:00:00";"SP";116;540;"BARRA DO TURVO";"Falta de Atenção à Condução";"Saída de leito carroçável";"Com Vítimas Feridas";"Pleno dia";"Crescente";"Céu Claro";"Dupla";"Reta";"Não";1;0;1;0;0;0;1;1;"-24.96815654";"-48.39159909";"SR-SP";"DEL6/5";"UOP03/SP"
196743;2019-03-13;"4";"13:20:00";"SP";459;21,6;"LORENA";"Ultrapassagem Indevida";"Colisão frontal";"Com Vítimas Feridas";"Pleno dia";"Decrescente";"Céu Claro";"Simples";"Reta";"Não";4;0;1;3;0;0;4;2;"-22.66000708";"-45.14401317";"SR-SP";"DEL6/8";"UOP03/SP"
196744;2019-03-13;"4";"13:50:00";"RS";101;41,2;"TERRA DE AREIA";"Mal Súbito";"Saída de leito carroçável";"Com Vítimas Feridas";"Pleno dia";"Crescente";"Céu Claro";"Dupla";"Reta";"Não";1;0;1;0;0;0;1;1;"-29.55147398";"-50.03289602";"SR-RS";"DEL9/3";"UOP03/RS"