"id";"data_inversa";"dia_semana";"horario";"uf";"br";"km";"municipio";"causa_acidente";"tipo_acidente";"classificacao_acidente";"fase_dia";"sentido_via";"condicao_metereologica";"tipo_pista";"tracado_via";"uso_solo";"pessoas";"mortos";"feridos_leves";"feridos_graves";"ilesos";"ignorados";"feridos";"veiculos";"latitude";"longitude";"regional";"delegacia";"uop"
196745;2019-03-13;"4";"12:50:00";"SP";116;270,1;"TABOAO DA SERRA";"Falta de Atenção à Condução";"Colisão lateral";"Com Vítimas Feridas";"Pleno dia";"Decrescente";"Nublado";"Dupla";"Reta";"Sim";2;0;1;0;1;0;1;2;"-23.61799728";"-46.79677694";"SR-SP";"DEL6/4";"UOP01/SP"
196746;2019-01-27;"1";"00:50:00";"PR";476;209,5;"LAPA";"Falta de Atenção à Condução";"Tombamento";"Com Vítimas Feridas";"Plena Noite";"Decrescente";"Céu Claro";"Simples";"Não Informado";"Não";1;0;0;1;0;0;1;1;"-25.784924";"-49.848";"SR-PR";"DEL7/2";"UOP03/PR"
196747;2019-03-13;"4";"13:59:00";"SC";282;331;"CAMPOS NOVOS";"Defeito na Via";"Tombamento";"Com Vítimas Feridas";"Pleno dia";"Decrescente";"Céu Claro";"Simples";"Reta";"Não";1;0;0;1;0;0;1;1;"-27.387941";"-51.116081";"SR-SC";"DEL7";"UOP08/SC"
196748;2019-03-13;"4";"13:55:00";"RN";110;49;"MOSSORO";"Falta de Atenção à Condução";"Colisão traseira";"Sem Vítimas";"Pleno dia";"Crescente";"Nublado";"Dupla";"Interseção de vias";"Sim";3;0;0;0;3;0;0;2;"-5.21749782";"-37.32858365";"SR-RN";"DEL15/4";"UOP01/RN"
196749;2019-03-13;"4";"13:50:00";"RS";116;521,4;"PELOTAS";"Desobediência às normas de trânsito pelo condutor";"Colisão transversal";"Sem Vítimas";"Pleno dia";"Crescente";"Céu Claro";"Simples";"Reta";"Sim";2;0;0;0;2;0;0;2;"-31.70752405";"-52.36800695";"SR-RS";"DEL9/7";"UOP01/RS"
196750;2019-02-24;"1";"23:00:00";"PB";405;4,3;"UIRAUNA";"Animais na Pista";"Atropelamento de Animal";"Com Vítimas Feridas";"Plena Noite";"Decrescente";"Céu Claro";"Simples";"Reta";"Não";1;0;0;1;0;0;1;1;"-6.487298";"-38.390789";"SR-PB";"DEL14/3";"UOP03/PB"
196751;2019-03-13;"4";"13:10:00";"BA";101;177;"SAO GONCALO DOS CAMPOS";"Falta de Atenção à Condução";"Colisão lateral";"Com Vítimas Feridas";"Pleno dia";"Decrescente";"Céu Claro";"Simples";"Não Informado";"Não";4;0;3;0;1;0;3;3;"-12.519078";"-38.970829";"SR-BA";"DEL10/1";"UOP03/BA"
196753;2019-03-13;"4";"14:30:00";"TO";153;92,8;"WANDERLANDIA";"Falta de Atenção à Condução";"Queda de ocupante de veículo";"Com Vítimas Feridas";"Pleno dia";"Decrescente";"Garoa/Chuvisco";"Simples";"Rotatória";"Sim";2;0;0;1;1;0;1;1;"-6.84730108";"-47.97435029";"SR-TO";"UOP04/TO";""
196754;2019-03-13;"4";"14:25:00";"SC";101;217;"PALHOCA";"Defeito Mecânico no Veículo";"Queda de ocupante de veículo";"Com Vítimas Feridas";"Pleno dia";"Decrescente";"Céu Claro";"Múltipla";"Reta";"Sim";2;0;2;0;0;0;2;1;"-27.66779034";"-48.67393586";"SR-SC";"DEL8/1";"UOP02/SC"
196755;2019-02-07;"5";"17:00:00";"PE";316;238;"BELEM DE SAO FRANCISCO";"Agressão Externa";"Saída de leito carroçável";"Com Vítimas Feridas";"Pleno dia";"Decrescente";"Ignorado";"Simples";"Reta";"Não";1;0;1;0;0;0;1;1;"-8.62871324";"-39.06725909";"SR-PE";"DEL11/5";"UOP03/PE"
196756;2019-01-08;"3";"14:45:00";"BA";101;396,7;"IBIRAPITANGA";"Condutor Dormindo";"Colisão frontal";"Com Vítimas Fatais";"Pleno dia";"Crescente";"Céu Claro";"Simples";"Reta";"Não";9;1;8;0;0;0;8;2;"-13.9987";"-39.4492";"SR-BA";"DEL10/5";"UOP03/BA"
196758;2019-01-28;"2";"11:30:00";"AL";104;22;"UNIAO DOS PALMARES";"Pista Escorregadia";"Saída de leito carroçável";"Com Vítimas Feridas";"Pleno dia";"Crescente";"Chuva";"Simples";"Curva";"Não";2;0;0;1;1;0;1;1;"-9.07371688";"-36.03702576";"SR-AL";"DEL13/1";"UOP02/AL"
196759;2019-03-13;"4";"13:45:00";"SC";282;420,6;"VARGEM BONITA";"Velocidade Incompatível";"Colisão com objeto estático";"Com Vítimas Feridas";"Pleno dia";"Crescente";"Chuva";"Simples";"Não Informado";"Sim";4;0;3;0;1;0;3;1;"-27.00973762";"-51.73547745";"SR-SC";"DEL7";"UOP07/SC"
196760;2019-03-13;"4";"15:28:00";"SC";101;26,9;"JOINVILLE";"Falta de Atenção à Condução";"Colisão lateral";"Com Vítimas Feridas";"Pleno dia";"Decrescente";"Sol";"Dupla";"Não Informado";"Sim";2;0;1;0;1;0;1;2;"-26.20082599";"-48.91301036";"SR-SC";"DEL8/3";"UOP01/SC"
196761;2019-03-13;"4";"13:30:00";"MG";381;488,2;"BETIM";"Velocidade Incompatível";"Tombamento";"Com Vítimas Feridas";"Pleno dia";"Decrescente";"Céu Claro";"Dupla";"Interseção de vias";"Sim";1;0;1;0;0;0;1;1;"-19.9598656";"-44.15489715";"SR-MG";"DEL4/1";"UOP03/MG"
196762;2019-03-13;"4";"15:00:00";"MG";40;628;"CONSELHEIRO LAFAIETE";"Velocidade Incompatível";"Colisão com objeto estático";"Com Vítimas Feridas";"Pleno dia";"Decrescente";"Céu Claro";"Dupla";"Reta";"Sim";1;0;1;0;0;0;1;1;"-20.64410984";"-43.81128176";"SR-MG";"DEL5";"UOP02/MG"
196763;2019-03-13;"4";"15:40:00";"SC";470;13;"NAVEGANTES";"Falta de Atenção à Condução";"Colisão transversal";"Com Vítimas Feridas";"Pleno dia";"Crescente";"Sol";"Simples";"Reta";"Não";2;0;1;0;1;0;1;2;"-26.839108";"-48.766262";"SR-SC";"DEL8/4";"UOP04/SC"
196764;2019-03-13;"4";"15:05:00";"PB";230;14,5;"CABEDELO";"Falta de Atenção à Condução";"Colisão traseira";"Com Vítimas Feridas";"Pleno dia";"Decrescente";"Sol";"Dupla";"Desvio Temporário";"Sim";2;0;2;0;0;0;2;2;"-7.0844";"-34.8488";"SR-PB";"DEL14/1";"UOP00/PB"
196765;2019-03-13;"4";"15:00:00";"SP";153;88,5;"JACI";"Defeito Mecânico no Veículo";"Tombamento";"Com Vítimas Feridas";"Pleno dia";"Decrescente";"Céu Claro";"Simples";"Desvio Temporário";"Não";2;0;2;0;0;0;2;1;"-20.94945283";"-49.5429491";"SR-SP";"DEL6/9";"UOP01/SP"
196766;2019-03-13;"4";"15:45:00";"MG";50;180;"UBERABA";"Não guardar distância de segurança";"Colisão traseira";"Com Vítimas Feridas";"Pleno dia";"Crescente";"Nublado";"Dupla";"Reta";"Não";4;0;1;0;2;1;1;3;"-19.77848216";"-47.92194709";"SR-MG";"DEL13";"UOP01/MG"
196767;2019-03-13;"4";"13:50:00";"MT";163;45;"ITIQUIRA";"Pista Escorregadia";"Colisão com objeto estático";"Com Vítimas Feridas";"Pleno dia";"Decrescente";"Chuva";"Dupla";"Desvio Temporário";"Não";1;0;1;0;0;0;1;1;"-17.11943901";"-54.75996707";"SR-MT";"DEL2/2";"UOP02/MT"
196768;2019-03-13;"4";"13:30:00";"RJ";101;321;"NITEROI";"Sinalização da via insuficiente ou inadequada";"Tombamento";"Com Vítimas Feridas";"Pleno dia";"Crescente";"Céu Claro";"Dupla";"Reta";"Sim";2;0;1;1;0;0;2;1;"-22.86981096";"-43.11046465";"SR-RJ";"DEL5/2";"UOP01/RJ"
196770;2019-03-13;"4";"11:20:00";"PI";316;255;"INHUMA";"Falta de Atenção à Condução";"Capotamento";"Com Vítimas Feridas";"Pleno dia";"Decrescente";"Sol";"Simples";"Curva";"Não";1;0;0;1;0;0;1;1;"-6.79266";"-41.73735";"SR-PI";"DEL17/4";"UOP02/PI"
196771;2019-03-13;"4";"14:50:00";"ES";101;249;"SERRA";"Defeito Mecânico no Veículo";"Incêndio";"Sem Vítimas";"Pleno dia";"Decrescente";"Sol";"Simples";"Reta";"Sim";1;0;0;0;1;0;0;1;"-20.07371936";"-40.35345531";"SR-ES";"DEL12/2";"UOP01/ES"
196772;2019-03-13;"4";"15:50:00";"PR";116;76;"QUATRO BARRAS";"Falta de Atenção à Condução";"Colisão lateral";"Com Vítimas Feridas";"Pleno dia";"Crescente";"Nublado";"Dupla";"Reta";"Não";4;0;2;0;2;0;2;2;"-25.37737919";"-49.04961369";"SR-PR";"DEL7/1";"UOP01/PR"
196773;2019-03-13;"4";"16:10:00";"AL";101;233,6;"PORTO REAL DO COLEGIO";"Pista Escorregadia";"Capotamento";"Sem Vítimas";"Pleno dia";"Crescente";"Chuva";"Dupla";"Curva";"Não";1;0;0;0;1;0;0;1;"-10.11092575";"-36.75955301";"SR-AL";"DEL13/2";"UOP02/AL"
196774;2019-03-13;"4";"14:50:00";"MS";60;190,6;"CAMAPUA";"Ultrapassagem Indevida";"Saída de leito carroçável";"Com Vítimas Feridas";"Pleno dia";"Crescente";"Céu Claro";"Simples";"Não Informado";"Não";1;0;1;0;0;0;1;1;"-19.50233173";"-53.9920359";"SR-MS";"DEL3/6";"UOP02/MS"
196775;2019-03-13;"4";"16:30:00";"RJ";393;238;"VASSOURAS";"Falta de Atenção à Condução";"Colisão lateral";"Com Vítimas Feridas";"Pleno dia";"Crescente";"Céu Claro";"Simples";"Interseção de vias";"Não";5;0;0;4;1;0;4;2;"-22.42919805";"-43.69769096";"SR-RJ";"DEL5/5";"UOP01/RJ"
196776;2019-03-13;"4";"16:00:00";"PR";376;591,6;"CURITIBA";"Não guardar distância de segurança";"Colisão traseira";"Com Vítimas Feridas";"Pleno dia";"Decrescente";"Chuva";"Dupla";"Reta";"Sim";6;0;3;0;3;0;3;4;"-25.46341262";"-49.35758382";"SR-PR";"DEL7/1";"UOP04/PR"
196777;2019-03-13;"4";"16:30:00";"PR";369;388;"MAMBORE";"Velocidade Incompatível";"Saída de leito carroçável";"Com Vítimas Feridas";"Pleno dia";"Decrescente";"Nublado";"Simples";"Reta";"Não";2;0;1;0;1;0;1;1;"-24.27756015";"-52.52273798";"SR-PR";"DEL7/4";"UOP04/PR"
196778;2019-03-13;"4";"17:00:00";"ES";101;174;"ARACRUZ";"Falta de Atenção à Condução";"Colisão lateral";"Com Vítimas Feridas";"Pleno dia";"Crescente";"Céu Claro";"Simples";"Reta";"Sim";2;0;1;0;1;0;1;2;"-19.58047007";"-40.18782185";"SR-ES";"DEL12/4";"UOP01/ES"
196779;2019-03-13;"4";"15:45:00";"MG";381;532;"ITATIAIUCU";"Velocidade Incompatível";"Saída de leito carroçável";"Sem Vítimas";"Pleno dia";"Decrescente";"Nublado";"Dupla";"Curva";"Não";1;0;0;0;1;0;0;1;"-20.1904316";"-44.38268793";"SR-MG";"DEL4/4";"UOP03/MG"
196780;2019-03-13;"4";"17:00:00";"SP";116;51;"LORENA";"Desobediência às normas de trânsito pelo condutor";"Saída de leito carroçável";"Com Vítimas Feridas";"Pleno dia";"Decrescente";"Nublado";"Dupla";"Reta";"Não";1;0;1;0;0;0;1;1;"-22.74157511";"-45.09206392";"SR-SP";"DEL6/8";"UOP01/SP"
196781;2019-03-13;"4";"14:20:00";"SE";101;60,9;"ROSARIO DO CATETE";"Ultrapassagem Indevida";"Colisão frontal";"Com Vítimas Feridas";"Pleno dia";"Crescente";"Chuva";"Simples";"Reta";"Não";5;0;3;1;1;0;4;3;"-10.66837498";"-37.02884995";"SR-SE";"DEL20/2";"UOP02/SE"
196782;2019-03-13;"4";"17:15:00";"PR";376;92,2;"PARANAVAI";"Falta de Atenção à Condução";"Colisão frontal";"Com Vítimas Feridas";"Pleno dia";"Decrescente";"Ignorado";"Simples";"Não Informado";"Não";5;0;3;2;0;0;5;2;"-23.00324964";"-52.55438805";"SR-PR";"DEL7/7";"UOP05/PR"
196784;2019-03-13;"4";"14:40:00";"MT";364;464;"VARZEA GRANDE";"Velocidade Incompatível";"Saída de leito carroçável";"Sem Vítimas";"Pleno dia";"Crescente";"Chuva";"Simples";"Curva";"Não";1;0;0;0;1;0;0;1;"-15.49417155";"-56.27739364";"SR-MT";"DEL2/4";"UOP02/MT"
196785;2019-03-13;"4";"17:00:00";"AL";423;76;"PARICONHA";"Falta de Atenção à Condução";"Capotamento";"Com Vítimas Feridas";"Pleno dia";"Decrescente";"Nublado";"Simples";"Reta";"Não";1;0;1;0;0;0;1;1;"-9.31861528";"-37.95146691";"SR-AL";"DEL13/3";"UOP02/AL"
196786;2019-03-13;"4";"16:40:00";"RS";116;322,5;"BARRA DO RIBEIRO";"Desobediência às normas de trânsito pelo condutor";"Colisão traseira";"Com Vítimas Feridas";"Pleno dia";"Crescente";"Céu Claro";"Simples";"Reta";"Não";6;0;3;0;3;0;3;5;"-30.30895001";"-51.41726763";"SR-RS";"DEL9/2";"UOP01/RS"
196788;2019-03-13;"4";"16:20:00";"SC";101;112;"ITAJAI";"Falta de Atenção à Condução";"Colisão traseira";"Com Vítimas Feridas";"Pleno dia";"Decrescente";"Céu Claro";"Dupla";"Reta";"Não";2;0;1;0;0;1;1;2;"-26.84589005";"-48.72131295";"SR-SC";"DEL8/4";"UOP04/SC"
196789;2019-03-13;"4";"15:00:00";"AC";364;122,6;"RIO BRANCO";"Falta de Atenção à Condução";"Colisão traseira";"Com Vítimas Feridas";"Pleno dia";"Decrescente";"Nublado";"Dupla";"Reta";"Sim";2;0;1;0;1;0;1;2;"-10.01188291";"-67.773345";"SR-AC";"UOP01/AC";""
196790;2019-02-05;"3";"10:20:00";"BA";101;850,5;"TEIXEIRA DE FREITAS";"Falta de Atenção à Condução";"Saída de leito carroçável";"Com Vítimas Feridas";"Pleno dia";"Decrescente";"Sol";"Simples";"Reta";"Não";7;0;5;0;2;0;5;1;"-17.3155";"-39.6322";"SR-BA";"DEL10/9";"UOP03/BA"
196791;2019-03-13;"4";"17:35:00";"ES";101;150,8;"LINHARES";"Desobediência às normas de trânsito pelo condutor";"Queda de ocupante de veículo";"Com Vítimas Feridas";"Pleno dia";"Decrescente";"Céu Claro";"Simples";"Ponte";"Não";1;0;0;1;0;0;1;1;"-19.41010531";"-40.0654042";"SR-ES";"DEL12/4";"UOP01/ES"
196792;2019-03-13;"4";"17:45:00";"SC";280;58,3;"GUARAMIRIM";"Desobediência às normas de trânsito pelo condutor";"Colisão transversal";"Com Vítimas Feridas";"Pleno dia";"Crescente";"Céu Claro";"Simples";"Reta";"Sim";2;0;1;0;1;0;1;2;"-26.47434545";"-49.0241682";"SR-SC";"DEL8/3";"UOP03/SC"
196794;2019-03-13;"4";"15:50:00";"PR";376;602;"CURITIBA";"Falta de Atenção à Condução";"Colisão com objeto estático";"Com Vítimas Feridas";"Pleno dia";"Crescente";"Chuva";"Múltipla";"Reta";"Não";1;0;1;0;0;0;1;1;"-25.54329052";"-49.30719981";"SR-PR";"DEL7/1";"UOP04/PR"
196795;2019-03-13;"4";"18:30:00";"DF";20;21,3;"BRASILIA";"Falta de Atenção à Condução";"Colisão transversal";"Com Vítimas Feridas";"Anoitecer";"Crescente";"Céu Claro";"Dupla";"Reta";"Sim";2;0;1;0;1;0;1;2;"-15.60201438";"-47.68231094";"SR-DF";"DF";"UOP04/DF"
196796;2019-03-13;"4";"05:00:00";"BA";324;600;"SIMOES FILHO";"Objeto estático sobre o leito carroçável";"Saída de leito carroçável";"Sem Vítimas";"Amanhecer";"Decrescente";"Céu Claro";"Dupla";"Reta";"Não";1;0;0;0;1;0;0;1;"-12.77346663";"-38.41901779";"SR-BA";"DEL10/1";"UOP01/BA"
196797;2019-03-13;"4";"16:45:00";"RS";293;15;"CAPAO DO LEAO";"Desobediência às normas de trânsito pelo condutor";"Colisão transversal";"Sem Vítimas";"Pleno dia";"Crescente";"Céu Claro";"Simples";"Rotatória";"Não";2;0;0;0;2;0;0;2;"-31.74883396";"-52.47822404";"SR-RS";"DEL9/7";"UOP01/RS"
196798;2019-03-13;"4";"18:40:00";"SC";282;4,5;"SAO JOSE";"Falta de Atenção à Condução";"Colisão lateral";"Com Vítimas Feridas";"Plena Noite";"Crescente";"Nublado";"Dupla";"Reta";"Não";2;0;1;0;1;0;1;2;"-27.59164645";"-48.60597253";"SR-SC";"DEL8/1";"UOP01/SC"
196799;2019-03-13;"4";"17:10:00";"BA";407;5;"JUAZEIRO";"Desobediência às normas de trânsito pelo condutor";"Colisão transversal";"Com Vítimas Feridas";"Pleno dia";"Decrescente";"Nublado";"Simples";"Reta";"Sim";2;0;1;0;1;0;1;2;"-9.44778544";"-40.49043801";"SR-PE";"DEL11/6";"UOP01/PE"
196800;2019-03-04;"2";"03:00:00";"PA";10;278,3;"MAE DO RIO";"Desobediência às normas de trânsito pelo condutor";"Colisão frontal";"Com Vítimas Fatais";"Plena Noite";"Decrescente";"Nublado";"Simples";"Reta";"Não";3;1;0;0;2;0;0;2;"-1.999957";"-47.531396";"SR-PA";"DEL19/2";"UOP02/PA"
196801;2019-03-13;"4";"18:45:00";"ES";101;268,9;"SERRA";"Falta de Atenção à Condução";"Colisão lateral";"Com Vítimas Feridas";"Plena Noite";"Decrescente";"Céu Claro";"Simples";"Reta";"Sim";3;0;1;0;2;0;1;3;"-20.20842";"-40.269405";"SR-ES";"DEL12/2";"UOP01/ES"
196802;2019-03-13;"4";"18:40:00";"CE";116;11;"FORTALEZA";"Restrição de Visibilidade";"Atropelamento de Pedestre";"Com Vítimas Fatais";"Plena Noite";"Decrescente";"Chuva";"Múltipla";"Reta";"Sim";2;1;1;0;0;0;1;1;"-3.84394724";"-38.49891546";"SR-CE";"DEL16/1";"UOP02/CE"
196803;2019-03-13;"4";"19:01:00";"CE";20;420;"MARACANAU";"Desobediência às normas de trânsito pelo condutor";"Colisão traseira";"Com Vítimas Feridas";"Plena Noite";"Crescente";"Chuva";"Dupla";"Reta";"Sim";3;0;2;0;1;0;2;2;"-3.84611139";"-38.57615601";"SR-CE";"DEL16/1";"UOP02/CE"
196804;2019-03-13;"4";"18:30:00";"PE";101;46,8;"IGARASSU";"Desobediência às normas de trânsito pelo condutor";"Colisão transversal";"Com Vítimas Feridas";"Plena Noite";"Crescente";"Vento";"Múltipla";"Reta";"Sim";2;0;0;1;0;1;1;2;"-7.87406004";"-34.90588126";"SR-PE";"DEL11/1";"UOP02/PE"
196805;2019-03-13;"4";"19:30:00";"PR";369;155;"LONDRINA";"Desobediência às normas de trânsito pelo condutor";"Colisão transversal";"Com Vítimas Feridas";"Anoitecer";"Decrescente";"Garoa/Chuvisco";"Dupla";"Interseção de vias";"Sim";2;0;1;0;1;0;1;2;"-23.29576212";"-51.20842338";"SR-PR";"DEL7/7";"UOP01/PR"
196806;2019-03-13;"4";"18:00:00";"RO";319;62,3;"PORTO VELHO";"Não guardar distância de segurança";"Colisão lateral";"Com Vítimas Feridas";"Anoitecer";"Crescente";"Céu Claro";"Múltipla";"Interseção de vias";"Sim";4;0;2;0;2;0;2;3;"-8.766685";"-63.884052";"SR-RO";"DEL21/1";"UOP01/RO"
196807;2019-03-13;"4";"19:10:00";"RN";101;106,2;"PARNAMIRIM";"Mal Súbito";"Colisão lateral";"Com Vítimas Feridas";"Plena Noite";"Crescente";"Garoa/Chuvisco";"Dupla";"Não Informado";"Sim";3;0;3;0;0;0;3;3;"-5.912647";"-35.262043";"SR-RN";"DEL15/1";"UOP01/RN"
196808;2019-03-13;"4";"05:15:00";"BA";324;601;"SIMOES FILHO";"Objeto estático sobre o leito carroçável";"Saída de leito carroçável";"Com Vítimas Feridas";"Amanhecer";"Decrescente";"Céu Claro";"Dupla";"Reta";"Não";2;0;1;0;1;0;1;1;"-12.75619292";"-38.42803587";"SR-BA";"DEL10/1";"UOP01/BA"
196810;2019-03-13;"4";"18:20:00";"ES";259;61,5;"COLATINA";"Falta de Atenção à Condução";"Colisão transversal";"Com Vítimas Feridas";"Plena Noite";"Crescente";"Céu Claro";"Simples";"Reta";"Sim";2;0;1;0;0;1;1;2;"-19.53079717";"-40.68209478";"SR-ES";"DEL12/2";"UOP01/ES"
196811;2019-03-13;"4";"13:40:00";"RO";364;470;"ARIQUEMES";"Desobediência às normas de trânsito pelo condutor";"Saída de leito carroçável";"Com Vítimas Feridas";"Pleno dia";"Decrescente";"Céu Claro";"Simples";"Não Informado";"Não";2;0;2;0;0;0;2;1;"-10.19703097";"-62.79729298";"SR-RO";"DEL21/3";"UOP01/RO"
196812;2019-03-13;"4";"19:20:00";"MS";163;77;"ITAQUIRAI";"Falta de Atenção à Condução";"Colisão frontal";"Com Vítimas Feridas";"Plena Noite";"Crescente";"Céu Claro";"Simples";"Reta";"Não";3;0;1;0;1;1;1;2;"-23.4831998";"-54.18609129";"SR-MS";"DEL3/09";"UOP01/MS"
196813;2019-03-13;"4";"20:20:00";"SC";101;206;"SAO JOSE";"Falta de Atenção à Condução";"Engavetamento";"Com Vítimas Feridas";"Plena Noite";"Crescente";"Chuva";"Múltipla";"Reta";"Não";4;0;1;0;3;0;1;3;"-27.59193546";"-48.61824557";"SR-SC";"DEL8/1";"UOP01/SC"
196814;2019-03-13;"4";"20:50:00";"PR";277;129;"BALSA NOVA";"Velocidade Incompatível";"Saída de leito carroçável";"Com Vítimas Feridas";"Plena Noite";"Decrescente";"Chuva";"Dupla";"Curva";"Não";1;0;1;0;0;0;1;1;"-25.47313044";"-49.63524163";"SR-PR";"DEL7/1";"UOP05/PR"
196815;2019-03-13;"4";"20:20:00";"PR";277;113,7;"CAMPO LARGO";"Ingestão de álcool e/ou substâncias psicoativas pelo pedestre";"Colisão traseira";"Com Vítimas Feridas";"Plena Noite";"Decrescente";"Garoa/Chuvisco";"Dupla";"Reta";"Sim";2;0;0;1;1;0;1;2;"-25.44554974";"-49.497596";"SR-PR";"DEL7/1";"UOP05/PR"
196816;2019-03-13;"4";"21:00:00";"PE";232;23,5;"MORENO";"Ingestão de Álcool";"Saída de leito carroçável";"Sem Vítimas";"Plena Noite";"Crescente";"Céu Claro";"Dupla";"Curva";"Não";1;0;0;0;1;0;0;1;"-8.0992185";"-35.09713887";"SR-PE";"DEL11/1";"UOP04/PE"
196818;2019-02-25;"2";"09:10:00";"RJ";116;178;"NOVA IGUACU";"Mal Súbito";"Colisão traseira";"Com Vítimas Feridas";"Pleno dia";"Decrescente";"Ignorado";"Múltipla";"Reta";"Sim";5;0;1;0;4;0;1;5;"-22.75687047";"-43.43273163";"SR-RJ";"DEL5/1";"UOP02/RJ"
196819;2019-03-13;"4";"20:00:00";"ES";101;330,8;"GUARAPARI";"Mal Súbito";"Colisão com objeto estático";"Com Vítimas Feridas";"Plena Noite";"Crescente";"Céu Claro";"Simples";"Reta";"Não";2;0;0;1;1;0;1;2;"-20.59939082";"-40.50267762";"SR-ES";"DEL12/3";"UOP01/ES"
196820;2019-03-13;"4";"21:30:00";"ES";259;70;"COLATINA";"Falta de Atenção à Condução";"Colisão frontal";"Sem Vítimas";"Plena Noite";"Crescente";"Céu Claro";"Simples";"Reta";"Não";2;0;0;0;2;0;0;2;"-19.4960282";"-40.75527103";"SR-ES";"DEL12/2";"UOP01/ES"
196821;2019-03-13;"4";"22:50:00";"TO";153;152,6;"ARAGUAINA";"Desobediência às normas de trânsito pelo condutor";"Colisão transversal";"Com Vítimas Fatais";"Plena Noite";"Crescente";"Nublado";"Simples";"Reta";"Não";4;1;0;1;2;0;1;2;"-7.264632";"-48.262614";"SR-TO";"UOP04/TO";""
196822;2019-03-13;"4";"23:00:00";"SC";101;206;"SAO JOSE";"Desobediência às normas de trânsito pelo condutor";"Tombamento";"Com Vítimas Feridas";"Pleno dia";"Decrescente";"Garoa/Chuvisco";"Múltipla";"Reta";"Sim";2;0;2;0;0;0;2;1;"-27.59193546";"-48.61824557";"SR-SC";"DEL8/1";"UOP01/SC"
196823;2019-03-13;"4";"22:55:00";"AL";101;205;"SAO SEBASTIAO";"Fenômenos da Natureza";"Capotamento";"Com Vítimas Feridas";"Plena Noite";"Decrescente";"Chuva";"Dupla";"Curva";"Não";5;0;2;0;3;0;2;3;"-9.98580388";"-36.567173";"SR-AL";"DEL13/2";"UOP02/AL"
196824;2019-03-13;"4";"23:24:00";"SC";101;206;"SAO JOSE";"Falta de Atenção à Condução";"Tombamento";"Com Vítimas Feridas";"Plena Noite";"Decrescente";"Nublado";"Múltipla";"Reta";"Sim";1;0;1;0;0;0;1;1;"-27.59193546";"-48.61824557";"SR-SC";"DEL8/1";"UOP01/SC"
196825;2019-03-13;"4";"20:00:00";"SC";116;56,1;"PAPANDUVA";"Falta de Atenção à Condução";"Colisão traseira";"Sem Vítimas";"Plena Noite";"Crescente";"Céu Claro";"Simples";"Reta";"Sim";2;0;0;0;2;0;0;2;"-26.38887295";"-50.18345597";"SR-SC";"DEL8/6";"UOP02/SC"
196826;2019-03-13;"4";"11:10:00";"SC";101;324,7;"CAPIVARI DE BAIXO";"Ingestão de Álcool";"Colisão transversal";"Com Vítimas Feridas";"Pleno dia";"Decrescente";"Céu Claro";"Simples";"Viaduto";"Sim";2;0;1;0;1;0;1;2;"-28.42890047";"-48.92285509";"SR-SC";"DEL8/2";"UOP01/SC"
196827;2019-03-13;"4";"20:27:00";"SC";282;348;"CAMPOS NOVOS";"Velocidade Incompatível";"Saída de leito carroçável";"Sem Vítimas";"Plena Noite";"Decrescente";"Chuva";"Simples";"Curva";"Não";1;0;0;0;0;1;0;1;"-27.361637";"-51.273197";"SR-SC";"DEL7";"UOP08/SC"
196828;2019-03-13;"4";"17:20:00";"SC";282;387,4;"JOACABA";"Falta de Atenção à Condução";"Saída de leito carroçável";"Com Vítimas Feridas";"Pleno dia";"Crescente";"Ignorado";"Simples";"Não Informado";"Sim";1;0;0;1;0;0;1;1;"-27.178274";"-51.524025";"SR-SC";"DEL7";"UOP07/SC"
196829;2019-03-14;"5";"00:06:00";"MG";262;820,9;"UBERABA";"Ingestão de álcool e/ou substâncias psicoativas pelo pedestre";"Saída de leito carroçável";"Sem Vítimas";"Plena Noite";"Crescente";"Céu Claro";"Dupla";"Reta";"Não";1;0;0;0;1;0;0;1;"-19.76254367";"-48.09348822";"SR-MG";"DEL13";"UOP01/MG"
196830;2019-03-13;"4";"23:40:00";"SP";116;62,7;"GUARATINGUETA";"Ingestão de Álcool";"Capotamento";"Com Vítimas Feridas";"Plena Noite";"Decrescente";"Ignorado";"Dupla";"Reta";"Não";4;0;1;0;3;0;1;3;"-22.80538606";"-45.17236692";"SR-SP";"DEL6/8";"UOP02/SP"
196831;2019-03-13;"4";"23:00:00";"MG";40;522,1;"CONTAGEM";"Não guardar distância de segurança";"Colisão traseira";"Com Vítimas Fatais";"Plena Noite";"Decrescente";"Céu Claro";"Dupla";"Reta";"Sim";1;1;0;0;0;0;0;1;"-19.8638731";"-44.06749809";"SR-MG";"DEL4/1";"UOP03/MG"
196832;2019-03-14;"5";"00:01:00";"PE";423;51,5;"LAJEDO";"Falta de Atenção à Condução";"Saída de leito carroçável";"Com Vítimas Feridas";"Plena Noite";"Decrescente";"Céu Claro";"Simples";"Reta";"Não";1;0;0;1;0;0;1;1;"-8.58132103";"-36.28787087";"SR-PE";"DEL11/3";"UOP01/PE"
196833;2019-03-13;"4";"21:30:00";"SC";282;406;"CATANDUVAS";"Falta de Atenção à Condução";"Tombamento";"Com Vítimas Feridas";"Plena Noite";"Crescente";"Garoa/Chuvisco";"Simples";"Rotatória";"Não";1;0;1;0;0;0;1;1;"-27.092703";"-51.659904";"SR-SC";"DEL7";"UOP07/SC"