"id";"data_inversa";"dia_semana";"horario";"uf";"br";"km";"municipio";"causa_acidente";"tipo_acidente";"classificacao_acidente";"fase_dia";"sentido_via";"condicao_metereologica";"tipo_pista";"tracado_via";"uso_solo";"pessoas";"mortos";"feridos_leves";"feridos_graves";"ilesos";"ignorados";"feridos";"veiculos";"latitude";"longitude";"regional";"delegacia";"uop"
196834;2019-03-13;"4";"20:20:00";"RO";435;98;"COLORADO DO OESTE";"Falta de Atenção à Condução";"Colisão lateral";"Sem Vítimas";"Plena Noite";"Crescente";"Garoa/Chuvisco";"Simples";"Não Informado";"Não";4;0;0;0;4;0;0;2;"-13.1863439";"-60.59219897";"SR-RO";"DEL21/4";"UOP02/RO"
196835;2019-03-13;"4";"23:00:00";"MG";153;22;"CENTRALINA";"Ingestão de Álcool";"Saída de leito carroçável";"Sem Vítimas";"Plena Noite";"Crescente";"Céu Claro";"Dupla";"Reta";"Não";1;0;0;0;1;0;0;1;"-18.61511099";"-49.19148491";"SR-MG";"DEL4/15";"UOP03/MG"
196837;2019-03-14;"5";"00:45:00";"PE";101;32;"ITAPISSUMA";"Não guardar distância de segurança";"Colisão traseira";"Com Vítimas Feridas";"Plena Noite";"Decrescente";"Céu Claro";"Dupla";"Reta";"Sim";4;0;1;0;1;2;1;2;"-7.75294197";"-34.93621562";"SR-PE";"DEL11/1";"UOP02/PE"
196838;2019-03-14;"5";"00:50:00";"PR";116;114,3;"CURITIBA";"Carga excessiva e/ou mal acondicionada";"Derramamento de carga";"Com Vítimas Feridas";"Plena Noite";"Decrescente";"Céu Claro";"Dupla";"Reta";"Sim";2;0;1;0;1;0;1;2;"-25.56296907";"-49.25643801";"SR-PR";"DEL7/1";"UOP01/PR"
196840;2019-03-13;"4";"20:40:00";"GO";60;197,1;"GUAPO";"Falta de Atenção à Condução";"Colisão traseira";"Com Vítimas Feridas";"Plena Noite";"Decrescente";"Céu Claro";"Dupla";"Reta";"Não";2;0;1;0;1;0;1;2;"-16.8546";"-49.5945";"SR-GO";"DEL1/1";"UOP02/GO"
196841;2019-03-14;"5";"03:00:00";"PR";116;43;"CAMPINA GRANDE DO SUL";"Velocidade Incompatível";"Tombamento";"Sem Vítimas";"Plena Noite";"Decrescente";"Ignorado";"Múltipla";"Curva";"Não";1;0;0;0;1;0;0;1;"-25.18101149";"-48.88196442";"SR-PR";"DEL7/1";"UOP02/PR"
196843;2019-03-14;"5";"04:00:00";"PA";10;290;"MAE DO RIO";"Falta de Atenção à Condução";"Tombamento";"Com Vítimas Feridas";"Plena Noite";"Crescente";"Chuva";"Simples";"Não Informado";"Não";2;0;2;0;0;0;2;1;"-1.89647104";"-47.52105933";"SR-PA";"DEL19/2";"UOP02/PA"
196845;2019-03-14;"5";"04:00:00";"MG";40;370,6;"FELIXLANDIA";"Condutor Dormindo";"Saída de leito carroçável";"Com Vítimas Feridas";"Amanhecer";"Crescente";"Céu Claro";"Simples";"Não Informado";"Não";1;0;1;0;0;0;1;1;"-18.81525136";"-44.79064839";"SR-MG";"DEL4/2";"UOP01/MG"
196846;2019-03-14;"5";"05:09:00";"SP";116;144,3;"SAO JOSE DOS CAMPOS";"Ingestão de Álcool";"Colisão com objeto estático";"Com Vítimas Feridas";"Plena Noite";"Decrescente";"Nublado";"Múltipla";"Não Informado";"Não";2;0;1;0;1;0;1;1;"-23.18274416";"-45.84633592";"SR-SP";"DEL6/2";"UOP01/SP"
196847;2019-03-14;"5";"04:30:00";"SC";280;227;"CANOINHAS";"Falta de Atenção à Condução";"Colisão traseira";"Com Vítimas Feridas";"Plena Noite";"Crescente";"Nublado";"Simples";"Reta";"Não";4;0;3;0;1;0;3;2;"-26.18271156";"-50.33250707";"SR-SC";"DEL8/6";"UOP04/SC"
196848;2019-03-14;"5";"05:40:00";"PE";101;30,4;"IGARASSU";"Falta de Atenção à Condução";"Colisão transversal";"Com Vítimas Feridas";"Pleno dia";"Decrescente";"Sol";"Múltipla";"Não Informado";"Não";3;0;1;0;2;0;1;2;"-7.73816195";"-34.94265811";"SR-PE";"DEL11/1";"UOP02/PE"
196849;2019-03-14;"5";"05:45:00";"SC";470;242,7;"CURITIBANOS";"Falta de Atenção à Condução";"Saída de leito carroçável";"Com Vítimas Feridas";"Amanhecer";"Decrescente";"Nublado";"Simples";"Rotatória";"Não";2;0;1;0;1;0;1;1;"-27.31474955";"-50.51600575";"SR-SC";"DEL8/5";"UOP03/SC"
196850;2019-03-14;"5";"06:10:00";"PB";101;34;"MAMANGUAPE";"Velocidade Incompatível";"Colisão com objeto estático";"Com Vítimas Feridas";"Pleno dia";"Decrescente";"Garoa/Chuvisco";"Dupla";"Não Informado";"Não";2;0;1;0;1;0;1;2;"-6.78533891";"-35.13428131";"SR-PB";"DEL14/1";"UOP03/PB"
196851;2019-03-14;"5";"06:40:00";"PR";376;600;"CURITIBA";"Falta de Atenção à Condução";"Tombamento";"Sem Vítimas";"Amanhecer";"Decrescente";"Céu Claro";"Dupla";"Reta";"Sim";1;0;0;0;1;0;0;1;"-25.53689546";"-49.31416154";"SR-PR";"DEL7/1";"UOP04/PR"
196852;2019-03-14;"5";"04:55:00";"PR";476;128,2;"CURITIBA";"Ingestão de Álcool";"Colisão com objeto estático";"Sem Vítimas";"Amanhecer";"Crescente";"Céu Claro";"Simples";"Reta";"Sim";1;0;0;0;1;0;0;1;"-25.433048";"-49.23156";"SR-PR";"DEL7/1";"UOP06/PR"
196853;2019-03-09;"7";"11:30:00";"PR";476;132;"CURITIBA";"Falta de Atenção à Condução";"Tombamento";"Com Vítimas Feridas";"Pleno dia";"Crescente";"Céu Claro";"Múltipla";"Reta";"Não";1;0;1;0;0;0;1;1;"-25.460718";"-49.250488";"SR-PR";"DEL7/1";"UOP06/PR"
196854;2019-03-14;"5";"06:40:00";"PE";101;93;"CABO DE SANTO AGOSTINHO";"Falta de Atenção à Condução";"Colisão traseira";"Com Vítimas Feridas";"Pleno dia";"Crescente";"Nublado";"Simples";"Reta";"Não";3;0;1;0;2;0;1;3;"-8.2396419";"-35.00335418";"SR-PE";"DEL11/1";"UOP03/PE"
196855;2019-03-14;"5";"07:20:00";"MG";40;605,8;"CONGONHAS";"Ingestão de Álcool";"Colisão transversal";"Sem Vítimas";"Pleno dia";"Decrescente";"Céu Claro";"Simples";"Não Informado";"Não";2;0;0;0;2;0;0;2;"-20.45960587";"-43.83907941";"SR-MG";"DEL5";"UOP02/MG"
196856;2019-03-14;"5";"07:25:00";"RS";116;2;"PORTO ALEGRE";"Não guardar distância de segurança";"Colisão traseira";"Com Vítimas Feridas";"Pleno dia";"Crescente";"Sol";"Dupla";"Reta";"Sim";2;0;1;0;1;0;1;2;"-29.98868645";"-51.18267601";"SR-RS";"DEL9/5";"UOP03/RS"
196857;2019-03-14;"5";"07:00:00";"SP";381;73,4;"SAO PAULO";"Falta de Atenção à Condução";"Tombamento";"Com Vítimas Feridas";"Pleno dia";"Crescente";"Céu Claro";"Múltipla";"Curva";"Não";1;0;1;0;0;0;1;1;"-23.36553404";"-46.55253934";"SR-SP";"DEL6/3";"UOP02/SP"
196858;2019-03-14;"5";"07:30:00";"ES";101;269,8;"SERRA";"Velocidade Incompatível";"Colisão lateral";"Com Vítimas Feridas";"Pleno dia";"Crescente";"Céu Claro";"Dupla";"Reta";"Sim";4;0;1;0;3;0;1;4;"-20.21740496";"-40.26990578";"SR-ES";"DEL12/2";"UOP01/ES"
196859;2019-03-14;"5";"07:40:00";"GO";153;508,1;"APARECIDA DE GOIANIA";"Defeito Mecânico no Veículo";"Queda de ocupante de veículo";"Com Vítimas Feridas";"Pleno dia";"Decrescente";"Sol";"Dupla";"Não Informado";"Sim";3;0;2;0;1;0;2;2;"-16.77440644";"-49.23706748";"SR-GO";"DEL1/1";"UOP03/GO"
196860;2019-03-14;"5";"06:20:00";"MS";60;98;"PARAISO DAS AGUAS";"Defeito Mecânico no Veículo";"Colisão com objeto em movimento";"Com Vítimas Feridas";"Pleno dia";"Crescente";"Nublado";"Simples";"Reta";"Não";3;0;1;0;2;0;1;2;"-19.2527231";"-53.21077322";"SR-MS";"DEL3/6";"UOP02/MS"
196861;2019-03-13;"4";"21:45:00";"RJ";116;169,5;"SAO JOAO DE MERITI";"Desobediência às normas de trânsito pelo condutor";"Colisão frontal";"Com Vítimas Feridas";"Plena Noite";"Crescente";"Nublado";"Múltipla";"Reta";"Sim";3;0;1;0;0;2;1;2;"-22.816206";"-43.324463";"SR-RJ";"DEL5/1";"UOP02/RJ"
196863;2019-03-14;"5";"06:50:00";"TO";153;289;"BRASILANDIA DO TOCANTINS";"Desobediência às normas de trânsito pelo condutor";"Colisão lateral";"Com Vítimas Fatais";"Pleno dia";"Decrescente";"Céu Claro";"Simples";"Reta";"Não";2;1;0;0;1;0;0;2;"-8.43488298";"-48.48316516";"SR-TO";"UOP03/TO";""
196864;2019-03-14;"5";"07:15:00";"PR";116;116;"CURITIBA";"Falta de Atenção à Condução";"Colisão lateral";"Com Vítimas Feridas";"Pleno dia";"Decrescente";"Nublado";"Dupla";"Reta";"Sim";2;0;1;0;1;0;1;2;"-25.55468195";"-49.27402397";"SR-PR";"DEL7/1";"UOP06/PR"
196865;2019-03-14;"5";"00:30:00";"RJ";116;171,3;"SAO JOAO DE MERITI";"Mal Súbito";"Atropelamento de Pedestre";"Com Vítimas Feridas";"Plena Noite";"Decrescente";"Nublado";"Múltipla";"Reta";"Sim";4;0;0;1;2;1;1;3;"-22.78261508";"-43.38638152";"SR-RJ";"DEL5/1";"UOP02/RJ"
196866;2019-03-14;"5";"06:50:00";"BA";324;516;"FEIRA DE SANTANA";"Falta de Atenção à Condução";"Colisão traseira";"Sem Vítimas";"Pleno dia";"Decrescente";"Céu Claro";"Simples";"Reta";"Sim";2;0;0;0;2;0;0;2;"-12.2417119";"-38.93768485";"SR-BA";"DEL10/2";"UOP01/BA"
196867;2019-03-14;"5";"07:40:00";"PR";476;130;"CURITIBA";"Falta de Atenção à Condução";"Colisão lateral";"Com Vítimas Feridas";"Pleno dia";"Crescente";"Céu Claro";"Múltipla";"Reta";"Não";3;0;1;0;2;0;1;2;"-25.449564";"-49.236427";"SR-PR";"DEL7/1";"UOP06/PR"
196868;2019-03-14;"5";"07:50:00";"PE";423;26,6;"SAO CAITANO";"Não guardar distância de segurança";"Colisão traseira";"Com Vítimas Feridas";"Pleno dia";"Crescente";"Sol";"Simples";"Reta";"Não";7;0;3;0;4;0;3;4;"-8.39258";"-36.17927";"SR-PE";"DEL11/2";"UOP02/PE"
196869;2019-03-14;"5";"07:40:00";"PR";376;661,5;"TIJUCAS DO SUL";"Velocidade Incompatível";"Colisão traseira";"Sem Vítimas";"Pleno dia";"Crescente";"Céu Claro";"Dupla";"Curva";"Não";4;0;0;0;4;0;0;4;"-25.85481693";"-48.99472504";"SR-PR";"DEL7/1";"UOP08/PR"
196870;2019-02-19;"3";"00:40:00";"PB";101;78;"SANTA RITA";"Ingestão de Álcool";"Atropelamento de Animal";"Com Vítimas Feridas";"Plena Noite";"Decrescente";"Céu Claro";"Dupla";"Reta";"Não";3;0;2;1;0;0;3;1;"-7.1135";"-34.961";"SR-PB";"DEL14/1";"UOP00/PB"
196871;2019-03-14;"5";"08:18:00";"ES";101;65;"SAO MATEUS";"Mal Súbito";"Colisão com objeto estático";"Com Vítimas Feridas";"Pleno dia";"Decrescente";"Céu Claro";"Simples";"Desvio Temporário";"Sim";1;0;0;1;0;0;1;1;"-18.70935945";"-39.87762087";"SR-ES";"DEL12/4";"UOP02/ES"
196872;2019-03-14;"5";"06:50:00";"MS";163;261,5;"DOURADOS";"Defeito Mecânico no Veículo";"Tombamento";"Com Vítimas Feridas";"Pleno dia";"Decrescente";"Céu Claro";"Dupla";"Reta";"Não";2;0;2;0;0;0;2;1;"-22.23708087";"-54.76139814";"SR-MS";"DEL3/4";"UOP01/MS"
196873;2019-03-14;"5";"05:00:00";"BA";116;735,6;"BOA NOVA";"Desobediência às normas de trânsito pelo condutor";"Colisão frontal";"Com Vítimas Feridas";"Amanhecer";"Crescente";"Céu Claro";"Simples";"Reta";"Não";5;0;3;1;1;0;4;2;"-14.35731";"-40.33764";"SR-BA";"DEL10/8";"UOP02/BA"
196874;2019-03-14;"5";"08:15:00";"SC";101;119;"ITAJAI";"Falta de Atenção à Condução";"Colisão traseira";"Com Vítimas Feridas";"Pleno dia";"Decrescente";"Sol";"Dupla";"Reta";"Não";4;0;1;0;3;0;1;4;"-26.9043179";"-48.71555481";"SR-SC";"DEL8/4";"UOP04/SC"
196875;2019-02-12;"3";"09:35:00";"BA";101;585;"CAMACAN";"Desobediência às normas de trânsito pelo condutor";"Colisão frontal";"Com Vítimas Feridas";"Pleno dia";"Crescente";"Céu Claro";"Simples";"Reta";"Não";3;0;0;3;0;0;3;2;"-15.3832";"-39.4865";"SR-BA";"DEL10/5";"UOP02/BA"
196876;2019-03-14;"5";"09:00:00";"PE";101;74,7;"RECIFE";"Falta de Atenção à Condução";"Colisão frontal";"Sem Vítimas";"Pleno dia";"Decrescente";"Céu Claro";"Dupla";"Reta";"Sim";2;0;0;0;1;1;0;2;"-8.107553";"-34.947738";"SR-PE";"DEL11/1";"UOP01/PE"
196877;2019-03-14;"5";"07:45:00";"RS";116;524,6;"PELOTAS";"Falta de Atenção à Condução";"Engavetamento";"Com Vítimas Feridas";"Pleno dia";"Decrescente";"Céu Claro";"Dupla";"Reta";"Não";5;0;1;0;4;0;1;5;"-31.72863738";"-52.38746675";"SR-RS";"DEL9/7";"UOP01/RS"
196880;2019-03-14;"5";"08:15:00";"MG";381;739,7;"TRES CORACOES";"Falta de Atenção à Condução";"Saída de leito carroçável";"Sem Vítimas";"Pleno dia";"Decrescente";"Nublado";"Dupla";"Curva";"Não";1;0;0;0;1;0;0;1;"-21.61514806";"-45.24157278";"SR-MG";"DEL09";"UOP02/MG"
196881;2019-03-14;"5";"07:45:00";"PR";376;660,2;"TIJUCAS DO SUL";"Velocidade Incompatível";"Engavetamento";"Sem Vítimas";"Pleno dia";"Crescente";"Céu Claro";"Dupla";"Curva";"Não";9;0;0;0;9;0;0;9;"-25.8516758";"-49.00332398";"SR-PR";"DEL7/1";"UOP08/PR"
196882;2019-03-14;"5";"08:05:00";"BA";116;424;"FEIRA DE SANTANA";"Desobediência às normas de trânsito pelo condutor";"Colisão lateral";"Com Vítimas Feridas";"Pleno dia";"Crescente";"Céu Claro";"Simples";"Rotatória";"Sim";2;0;1;0;1;0;1;2;"-12.23257586";"-38.97248506";"SR-BA";"DEL10/2";"UOP01/BA"
196885;2019-03-11;"2";"07:10:00";"ES";101;394;"RIO NOVO DO SUL";"Falta de Atenção à Condução";"Colisão lateral";"Com Vítimas Feridas";"Amanhecer";"Crescente";"Céu Claro";"Simples";"Reta";"Não";2;0;1;0;1;0;1;2;"-20.86585968";"-40.93117476";"SR-ES";"DEL12/3";"UOP02/ES"
196886;2019-03-14;"5";"09:45:00";"ES";101;298,2;"VIANA";"Desobediência às normas de trânsito pelo condutor";"Colisão traseira";"Com Vítimas Feridas";"Pleno dia";"Crescente";"Céu Claro";"Dupla";"Reta";"Sim";3;0;1;0;2;0;1;3;"-20.35374444";"-40.4156433";"SR-ES";"DEL12/1";"UOP01/ES"
196887;2019-03-14;"5";"09:30:00";"SP";116;471;"JACUPIRANGA";"Falta de Atenção à Condução";"Saída de leito carroçável";"Com Vítimas Feridas";"Pleno dia";"Decrescente";"Céu Claro";"Dupla";"Reta";"Não";2;0;1;0;1;0;1;1;"-24.65864797";"-47.96724403";"SR-SP";"DEL6/5";"UOP02/SP"
196888;2019-03-14;"5";"09:00:00";"SC";163;69,2;"SAO MIGUEL DO OESTE";"Não guardar distância de segurança";"Tombamento";"Com Vítimas Feridas";"Pleno dia";"Crescente";"Nublado";"Dupla";"Reta";"Sim";1;0;1;0;0;0;1;1;"-26.74132699";"-53.50120591";"SR-SC";"DEL7";"UOP03/SC"
196889;2019-03-14;"5";"08:30:00";"MT";163;696;"LUCAS DO RIO VERDE";"Velocidade Incompatível";"Capotamento";"Com Vítimas Feridas";"Pleno dia";"Decrescente";"Nublado";"Simples";"Reta";"Não";2;0;1;0;1;0;1;1;"-13.010165";"-55.890618";"SR-MT";"DEL2/6";"UOP01/MT"
196890;2019-03-14;"5";"08:55:00";"PB";230;338,6;"PATOS";"Falta de Atenção à Condução";"Colisão lateral";"Com Vítimas Feridas";"Pleno dia";"Decrescente";"Céu Claro";"Simples";"Rotatória";"Sim";2;0;1;0;1;0;1;2;"-7.0057";"-37.2998";"SR-PB";"DEL14/3";"UOP01/PB"
196891;2019-03-14;"5";"07:20:00";"PR";116;114,9;"CURITIBA";"Falta de Atenção à Condução";"Colisão transversal";"Com Vítimas Feridas";"Pleno dia";"Crescente";"Nublado";"Simples";"Curva";"Sim";2;0;0;1;1;0;1;2;"-25.56296907";"-49.25643801";"SR-PR";"DEL7/1";"UOP01/PR"
196892;2019-03-14;"5";"10:25:00";"RS";287;282;"SAO PEDRO DO SUL";"Ingestão de Álcool";"Colisão transversal";"Com Vítimas Feridas";"Pleno dia";"Crescente";"Céu Claro";"Simples";"Reta";"Não";3;0;1;0;2;0;1;2;"-29.63590192";"-54.18948019";"SR-RS";"DEL9/9";"UOP01/RS"
196893;2019-03-14;"5";"07:10:00";"MT";364;184;"RONDONOPOLIS";"Defeito Mecânico no Veículo";"Saída de leito carroçável";"Com Vítimas Feridas";"Pleno dia";"Decrescente";"Garoa/Chuvisco";"Simples";"Não Informado";"Não";1;0;1;0;0;0;1;1;"-16.58295105";"-54.52328803";"SR-MT";"DEL2/2";"UOP01/MT"
196894;2019-03-14;"5";"09:30:00";"SC";282;2;"FLORIANOPOLIS";"Não guardar distância de segurança";"Colisão traseira";"Com Vítimas Feridas";"Pleno dia";"Crescente";"Sol";"Dupla";"Reta";"Sim";4;0;1;0;3;0;1;3;"-27.603289";"-48.590416";"SR-SC";"DEL8/1";"UOP01/SC"
196895;2019-02-26;"3";"16:30:00";"MG";262;358,1;"BETIM";"Velocidade Incompatível";"Saída de leito carroçável";"Sem Vítimas";"Pleno dia";"Crescente";"Chuva";"Dupla";"Curva";"Não";1;0;0;0;1;0;0;1;"-19.976";"-44.2595";"SR-MG";"DEL4/1";"UOP03/MG"
196896;2019-03-14;"5";"10:30:00";"PR";376;590,6;"CURITIBA";"Falta de Atenção à Condução";"Saída de leito carroçável";"Com Vítimas Feridas";"Pleno dia";"Crescente";"Sol";"Dupla";"Reta";"Sim";1;0;1;0;0;0;1;1;"-25.45155592";"-49.36237578";"SR-PR";"DEL7/1";"UOP04/PR"
196897;2019-02-17;"1";"08:50:00";"BA";242;598;"MUQUEM DE SAO FRANCISCO";"Pista Escorregadia";"Colisão traseira";"Com Vítimas Feridas";"Pleno dia";"Decrescente";"Nublado";"Simples";"Não Informado";"Não";2;0;1;0;1;0;1;2;"-12.12938";"-43.34357";"SR-BA";"DEL 10/10";"UOP02/BA"
196898;2019-03-14;"5";"07:00:00";"PR";467;87;"TOLEDO";"Agressão Externa";"Incêndio";"Sem Vítimas";"Pleno dia";"Decrescente";"Nublado";"Dupla";"Curva";"Não";1;0;0;0;0;1;0;1;"-24.8349";"-53.6349";"SR-PR";"DEL7/4";"UOP01/PR"
196899;2019-03-14;"5";"11:00:00";"PB";101;54;"SANTA RITA";"Velocidade Incompatível";"Colisão traseira";"Com Vítimas Feridas";"Pleno dia";"Crescente";"Céu Claro";"Dupla";"Reta";"Não";2;0;1;0;1;0;1;2;"-6.95396379";"-35.09058058";"SR-PB";"DEL14/1";"UOP03/PB"
196900;2019-03-14;"5";"06:45:00";"MG";381;908,6;"CAMBUI";"Velocidade Incompatível";"Colisão lateral";"Sem Vítimas";"Amanhecer";"Crescente";"Chuva";"Múltipla";"Curva";"Não";2;0;0;0;2;0;0;2;"-22.71744092";"-46.12652111";"SR-MG";"DEL09";"UOP03/MG"
196901;2019-03-11;"2";"07:00:00";"MG";381;451;"SABARA";"Falta de Atenção à Condução";"Queda de ocupante de veículo";"Com Vítimas Feridas";"Pleno dia";"Crescente";"Céu Claro";"Simples";"Reta";"Não";1;0;0;1;0;0;1;1;"-19.83832024";"-43.8806931";"SR-MG";"DEL4/1";"UOP01/MG"
196902;2019-03-14;"5";"10:30:00";"RJ";101;59;"CAMPOS DOS GOYTACAZES";"Não guardar distância de segurança";"Colisão traseira";"Sem Vítimas";"Pleno dia";"Crescente";"Céu Claro";"Simples";"Reta";"Sim";2;0;0;0;2;0;0;2;"-21.71366497";"-41.30861915";"SR-RJ";"DEL5/8";"UOP01/RJ"
196903;2019-03-14;"5";"10:15:00";"AL";316;226,5;"ATALAIA";"Falta de Atenção à Condução";"Colisão traseira";"Sem Vítimas";"Pleno dia";"Crescente";"Sol";"Simples";"Reta";"Não";2;0;0;0;2;0;0;2;"-9.48398693";"-36.15120494";"SR-AL";"DEL13/1";"UOP01/AL"
196905;2019-03-14;"5";"09:30:00";"RJ";116;183;"NOVA IGUACU";"Não guardar distância de segurança";"Colisão lateral";"Com Vítimas Feridas";"Pleno dia";"Decrescente";"Céu Claro";"Dupla";"Curva";"Sim";2;0;0;1;1;0;1;1;"-22.7516014";"-43.43849831";"SR-RJ";"DEL5/1";"UOP02/RJ"
196906;2019-03-14;"5";"12:15:00";"RS";101;87;"OSORIO";"Falta de Atenção à Condução";"Saída de leito carroçável";"Com Vítimas Feridas";"Pleno dia";"Crescente";"Céu Claro";"Simples";"Interseção de vias";"Sim";2;0;1;0;1;0;1;2;"-29.88364911";"-50.26780701";"SR-RS";"DEL9/3";"UOP01/RS"
196907;2019-03-14;"5";"12:15:00";"SC";116;5,9;"MAFRA";"Velocidade Incompatível";"Colisão lateral";"Com Vítimas Feridas";"Pleno dia";"Crescente";"Nublado";"Simples";"Não Informado";"Sim";2;0;1;0;1;0;1;2;"-26.14583188";"-49.82276738";"SR-SC";"DEL8/6";"UOP01/SC"
196909;2019-03-14;"5";"12:50:00";"PR";277;17;"PARANAGUA";"Condutor Dormindo";"Saída de leito carroçável";"Com Vítimas Feridas";"Pleno dia";"Decrescente";"Sol";"Dupla";"Reta";"Não";1;0;1;0;0;0;1;1;"-25.56380488";"-48.63457397";"SR-PR";"DEL7/1";"UOP07/PR"
196911;2019-03-14;"5";"13:20:00";"RJ";116;292;"PORTO REAL";"Falta de Atenção à Condução";"Colisão traseira";"Sem Vítimas";"Pleno dia";"Crescente";"Céu Claro";"Dupla";"Interseção de vias";"Sim";2;0;0;0;2;0;0;2;"-22.46511993";"-44.28491095";"SR-RJ";"DEL5/7";"UOP03/RJ"
196913;2019-03-02;"7";"16:00:00";"GO";158;48;"BOM JARDIM DE GOIAS";"Falta de Atenção à Condução";"Saída de leito carroçável";"Com Vítimas Feridas";"Pleno dia";"Crescente";"Céu Claro";"Simples";"Reta";"Não";3;0;1;0;2;0;1;2;"-16.21599325";"-52.12085724";"SR-GO";"DEL1/4";"UOP01/GO"
196914;2019-03-14;"5";"13:00:00";"PB";230;411;"POMBAL";"Condutor Dormindo";"Colisão frontal";"Com Vítimas Feridas";"Pleno dia";"Crescente";"Nublado";"Simples";"Reta";"Não";3;0;1;1;1;0;2;2;"-6.7409";"-37.7871";"SR-PB";"DEL14/3";"UOP02/PB"
196915;2019-03-14;"5";"07:40:00";"TO";153;488,7;"PARAISO DO TOCANTINS";"Defeito Mecânico no Veículo";"Saída de leito carroçável";"Com Vítimas Feridas";"Pleno dia";"Decrescente";"Sol";"Simples";"Reta";"Não";2;0;2;0;0;0;2;1;"-10.1095071";"-48.87437183";"SR-TO";"UOP02/TO";""
196916;2019-03-14;"5";"12:20:00";"SP";381;60;"MAIRIPORA";"Falta de Atenção à Condução";"Colisão traseira";"Sem Vítimas";"Pleno dia";"Crescente";"Sol";"Dupla";"Curva";"Não";3;0;0;0;3;0;0;2;"-23.28957673";"-46.58729853";"SR-SP";"DEL6/3";"UOP02/SP"
196917;2019-03-14;"5";"14:30:00";"TO";153;355;"FORTALEZA DO TABOCAO";"Falta de Atenção à Condução";"Colisão lateral";"Com Vítimas Feridas";"Pleno dia";"Decrescente";"Céu Claro";"Simples";"Reta";"Não";6;0;4;1;1;0;5;2;"-9.02301795";"-48.50307549";"SR-TO";"UOP03/TO";""
196918;2019-03-14;"5";"14:20:00";"SP";116;51,7;"LORENA";"Ultrapassagem Indevida";"Saída de leito carroçável";"Com Vítimas Feridas";"Pleno dia";"Decrescente";"Nublado";"Dupla";"Reta";"Sim";2;0;1;0;0;1;1;2;"-22.74404771";"-45.09673119";"SR-SP";"DEL6/8";"UOP02/SP"
196919;2019-03-14;"5";"13:50:00";"MG";381;479;"CONTAGEM";"Não guardar distância de segurança";"Colisão traseira";"Com Vítimas Feridas";"Pleno dia";"Crescente";"Céu Claro";"Dupla";"Reta";"Não";2;0;1;0;1;0;1;2;"-19.95889605";"-44.069202";"SR-MG";"DEL4/1";"UOP03/MG"
196920;2019-03-14;"5";"14:00:00";"RN";226;3;"NATAL";"Defeito Mecânico no Veículo";"Colisão lateral";"Com Vítimas Feridas";"Pleno dia";"Decrescente";"Céu Claro";"Simples";"Curva";"Sim";4;0;3;0;1;0;3;3;"-5.82085671";"-35.25187091";"SR-RN";"DEL15/1";"UOP02/RN"
196922;2019-03-14;"5";"14:20:00";"PR";376;645,3;"TIJUCAS DO SUL";"Velocidade Incompatível";"Colisão traseira";"Sem Vítimas";"Pleno dia";"Crescente";"Céu Claro";"Dupla";"Reta";"Não";2;0;0;0;2;0;0;2;"-25.82417238";"-49.12463665";"SR-PR";"DEL7/1";"UOP08/PR"
196923;2019-02-18;"2";"07:10:00";"DF";20;17;"BRASILIA";"Desobediência às normas de trânsito pelo condutor";"Colisão traseira";"Com Vítimas Feridas";"Pleno dia";"Decrescente";"Nublado";"Dupla";"Reta";"Sim";4;0;2;0;2;0;2;3;"-15.621374";"-47.71698";"SR-DF";"DF";"UOP04/DF"
196924;2019-03-14;"5";"14:50:00";"GO";153;510;"APARECIDA DE GOIANIA";"Desobediência às normas de trânsito pelo condutor";"Colisão traseira";"Com Vítimas Feridas";"Pleno dia";"Crescente";"Céu Claro";"Dupla";"Reta";"Sim";2;0;1;0;1;0;1;2;"-16.7977";"-49.2386";"SR-GO";"DEL1/1";"UOP03/GO"
196925;2019-03-14;"5";"14:15:00";"SC";101;206;"SAO JOSE";"Desobediência às normas de trânsito pelo condutor";"Colisão lateral";"Com Vítimas Feridas";"Pleno dia";"Decrescente";"Garoa/Chuvisco";"Múltipla";"Reta";"Sim";2;0;1;0;1;0;1;2;"-27.59193546";"-48.61824557";"SR-SC";"DEL8/1";"UOP01/SC"
196926;2019-03-14;"5";"15:15:00";"PE";232;152,6;"SAO CAITANO";"Falta de Atenção à Condução";"Engavetamento";"Com Vítimas Feridas";"Pleno dia";"Decrescente";"Céu Claro";"Simples";"Não Informado";"Não";4;0;1;0;3;0;1;3;"-8.32701495";"-36.18101";"SR-PE";"DEL11/2";"UOP02/PE"
196927;2019-03-14;"5";"13:50:00";"MA";10;250,2;"IMPERATRIZ";"Falta de Atenção à Condução";"Colisão transversal";"Sem Vítimas";"Pleno dia";"Crescente";"Sol";"Simples";"Reta";"Sim";2;0;0;0;2;0;0;2;"-5.550874";"-47.459305";"SR-MA";"DEL18/4";"UOP01/MA"
196928;2019-03-14;"5";"15:25:00";"SP";116;217;"GUARULHOS";"Não guardar distância de segurança";"Colisão traseira";"Sem Vítimas";"Pleno dia";"Crescente";"Céu Claro";"Simples";"Curva";"Não";2;0;0;0;2;0;0;2;"-23.45368553";"-46.47167402";"SR-SP";"DEL6/1";"UOP01/SP"