"id";"data_inversa";"dia_semana";"horario";"uf";"br";"km";"municipio";"causa_acidente";"tipo_acidente";"classificacao_acidente";"fase_dia";"sentido_via";"condicao_metereologica";"tipo_pista";"tracado_via";"uso_solo";"pessoas";"mortos";"feridos_leves";"feridos_graves";"ilesos";"ignorados";"feridos";"veiculos";"latitude";"longitude";"regional";"delegacia";"uop"
197108;2019-03-15;"6";"10:12:00";"PR";277;592;"CASCAVEL";"Desobediência às normas de trânsito pelo condutor";"Colisão transversal";"Com Vítimas Feridas";"Pleno dia";"Crescente";"Sol";"Simples";"Interseção de vias";"Sim";2;0;1;0;1;0;1;2;"-24.98285697";"-53.47319399";"SR-PR";"DEL7/4";"UOP01/PR"
197109;2019-03-15;"6";"07:00:00";"MA";135;5;"SAO LUIS";"Falta de Atenção à Condução";"Colisão lateral";"Com Vítimas Feridas";"Pleno dia";"Decrescente";"Céu Claro";"Dupla";"Reta";"Sim";3;0;3;0;0;0;3;2;"-2.62145385";"-44.25797421";"SR-MA";"DEL18/1";"UOP01/MA"
197111;2019-03-15;"6";"12:45:00";"MT";364;289;"JACIARA";"Avarias e/ou desgaste excessivo no pneu";"Saída de leito carroçável";"Com Vítimas Feridas";"Pleno dia";"Decrescente";"Sol";"Dupla";"Não Informado";"Não";1;0;1;0;0;0;1;1;"-15.90640833";"-55.08298593";"SR-MT";"DEL2/1";"UOP02/MT"
197112;2019-03-15;"6";"13:00:00";"ES";101;270,7;"SERRA";"Falta de Atenção à Condução";"Colisão traseira";"Com Vítimas Feridas";"Pleno dia";"Crescente";"Nublado";"Múltipla";"Reta";"Sim";3;0;1;1;1;0;2;3;"-20.22662056";"-40.27075088";"SR-ES";"DEL12/2";"UOP01/ES"
197113;2019-01-02;"4";"08:30:00";"RN";226;368;"ANTONIO MARTINS";"Desobediência às normas de trânsito pelo condutor";"Colisão transversal";"Sem Vítimas";"Pleno dia";"Crescente";"Ignorado";"Simples";"Reta";"Não";2;0;0;0;1;1;0;2;"-6.200663";"-37.868047";"SR-RN";"DEL15/4";"UOP01/RN"
197114;2019-03-15;"6";"13:45:00";"RJ";116;165;"RIO DE JANEIRO";"Falta de Atenção à Condução";"Colisão com objeto estático";"Com Vítimas Feridas";"Pleno dia";"Decrescente";"Céu Claro";"Múltipla";"Reta";"Não";2;0;2;0;0;0;2;1;"-22.81548519";"-43.29087405";"SR-RJ";"DEL5/1";"UOP02/RJ"
197115;2019-03-15;"6";"07:20:00";"RJ";101;404;"ITAGUAI";"Falta de Atenção à Condução";"Capotamento";"Com Vítimas Feridas";"Pleno dia";"Decrescente";"Céu Claro";"Dupla";"Reta";"Não";1;0;1;0;0;0;1;1;"-22.86342703";"-43.79642098";"SR-RJ";"DEL5/3";"UOP01/RJ"
197116;2019-03-15;"6";"14:15:00";"SC";280;55,9;"GUARAMIRIM";"Desobediência às normas de trânsito pelo condutor";"Colisão frontal";"Com Vítimas Feridas";"Pleno dia";"Decrescente";"Chuva";"Simples";"Reta";"Sim";2;0;1;0;1;0;1;2;"-26.47949289";"-49.00667657";"SR-SC";"DEL8/3";"UOP03/SC"
197117;2019-03-15;"6";"14:30:00";"PB";101;82,1;"BAYEUX";"Velocidade Incompatível";"Engavetamento";"Com Vítimas Feridas";"Pleno dia";"Decrescente";"Sol";"Dupla";"Reta";"Sim";6;0;2;0;3;1;2;5;"-7.12911";"-34.93714";"SR-PB";"DEL14/1";"UOP00/PB"
197118;2019-03-15;"6";"14:40:00";"RS";290;461,6;"ROSARIO DO SUL";"Desobediência às normas de trânsito pelo condutor";"Colisão transversal";"Com Vítimas Feridas";"Pleno dia";"Crescente";"Céu Claro";"Simples";"Interseção de vias";"Não";2;0;1;0;1;0;1;2;"-30.227598";"-54.716141";"SR-RS";"DEL9/11";"UOP02/RS"
197119;2019-03-15;"6";"15:10:00";"GO";40;2,5;"VALPARAISO DE GOIAS";"Desobediência às normas de trânsito pelo condutor";"Tombamento";"Com Vítimas Feridas";"Pleno dia";"Crescente";"Céu Claro";"Dupla";"Reta";"Sim";3;0;1;0;2;0;1;2;"-16.067129";"-47.984235";"SR-DF";"GO";"UOP01/DF"
197120;2019-03-15;"6";"14:15:00";"GO";153;184;"CAMPINORTE";"Desobediência às normas de trânsito pelo condutor";"Colisão lateral";"Com Vítimas Fatais";"Pleno dia";"Crescente";"Céu Claro";"Simples";"Reta";"Não";11;2;1;0;8;0;1;5;"-14.377925";"-49.15807";"SR-GO";"DEL1/7";"UOP02/GO"
197124;2019-03-15;"6";"14:20:00";"ES";101;268,2;"SERRA";"Falta de Atenção à Condução";"Tombamento";"Com Vítimas Feridas";"Pleno dia";"Crescente";"Nublado";"Múltipla";"Reta";"Sim";2;0;1;0;1;0;1;1;"-20.20842";"-40.269405";"SR-ES";"DEL12/2";"UOP01/ES"
197125;2019-03-15;"6";"13:39:00";"RJ";101;179;"RIO DAS OSTRAS";"Fenômenos da Natureza";"Colisão com objeto estático";"Com Vítimas Feridas";"Pleno dia";"Crescente";"Chuva";"Simples";"Curva";"Não";2;0;1;0;1;0;1;1;"-22.40006602";"-41.99621581";"SR-RJ";"DEL5/2";"UOP04/RJ"
197126;2019-03-15;"6";"15:25:00";"SC";101;230,3;"PALHOCA";"Desobediência às normas de trânsito pelo condutor";"Colisão lateral";"Com Vítimas Feridas";"Pleno dia";"Crescente";"Nublado";"Dupla";"Reta";"Sim";2;0;1;0;1;0;1;2;"-27.77781898";"-48.63489608";"SR-SC";"DEL8/1";"UOP02/SC"
197127;2019-03-15;"6";"15:40:00";"MG";40;549;"NOVA LIMA";"Mal Súbito";"Saída de leito carroçável";"Com Vítimas Feridas";"Pleno dia";"Decrescente";"Céu Claro";"Dupla";"Não Informado";"Sim";1;0;1;0;0;0;1;1;"-20.03972326";"-43.96703232";"SR-MG";"DEL4/1";"UOP02/MG"
197128;2019-03-15;"6";"15:15:00";"SC";101;210,7;"SAO JOSE";"Não guardar distância de segurança";"Colisão transversal";"Com Vítimas Feridas";"Pleno dia";"Decrescente";"Céu Claro";"Múltipla";"Reta";"Sim";3;0;2;0;1;0;2;2;"-27.59193546";"-48.61824557";"SR-SC";"DEL8/1";"UOP01/SC"
197129;2019-03-15;"6";"14:00:00";"SC";101;136;"BALNEARIO CAMBORIU";"Não guardar distância de segurança";"Colisão traseira";"Com Vítimas Feridas";"Pleno dia";"Decrescente";"Céu Claro";"Dupla";"Reta";"Sim";2;0;1;0;1;0;1;2;"-27.008113";"-48.617245";"SR-SC";"DEL8/4";"UOP03/SC"
197130;2019-03-15;"6";"14:25:00";"SC";101;405,2;"ARARANGUA";"Defeito Mecânico no Veículo";"Tombamento";"Com Vítimas Feridas";"Pleno dia";"Decrescente";"Sol";"Dupla";"Reta";"Não";1;0;1;0;0;0;1;1;"-28.88548916";"-49.4630158";"SR-SC";"DEL8/2";"UOP02/SC"
197131;2019-03-15;"6";"15:45:00";"SC";101;213;"PALHOCA";"Fenômenos da Natureza";"Colisão lateral";"Com Vítimas Feridas";"Pleno dia";"Decrescente";"Céu Claro";"Dupla";"Reta";"Sim";3;0;1;0;2;0;1;3;"-27.63697369";"-48.66514142";"SR-SC";"DEL8/1";"UOP02/SC"
197132;2019-02-02;"7";"21:00:00";"SC";101;129,2;"BALNEARIO CAMBORIU";"Falta de Atenção do Pedestre";"Atropelamento de Pedestre";"Com Vítimas Fatais";"Plena Noite";"Crescente";"Chuva";"Dupla";"Reta";"Não";4;1;0;0;3;0;0;3;"-26.984";"-48.6695";"SR-SC";"DEL8/4";"UOP03/SC"
197133;2019-03-15;"6";"15:40:00";"PB";230;70;"SAO MIGUEL DE TAIPU";"Falta de Atenção do Pedestre";"Atropelamento de Pedestre";"Com Vítimas Feridas";"Pleno dia";"Decrescente";"Céu Claro";"Dupla";"Reta";"Sim";3;0;0;1;1;1;1;1;"-7.1919";"-35.2261";"SR-PB";"DEL14/1";"UOP02/PB"
197134;2019-03-15;"6";"15:30:00";"SP";381;57;"MAIRIPORA";"Falta de Atenção à Condução";"Colisão traseira";"Com Vítimas Feridas";"Pleno dia";"Decrescente";"Nublado";"Dupla";"Reta";"Sim";3;0;1;1;1;0;2;2;"-23.2658219";"-46.5839857";"SR-SP";"DEL6/3";"UOP02/SP"
197135;2019-03-15;"6";"16:20:00";"SC";282;223,6;"LAGES";"Avarias e/ou desgaste excessivo no pneu";"Colisão com objeto em movimento";"Com Vítimas Feridas";"Pleno dia";"Decrescente";"Céu Claro";"Simples";"Reta";"Não";3;0;1;0;2;0;1;2;"-27.79669839";"-50.36787271";"SR-SC";"DEL8/5";"UOP02/SC"
197136;2019-03-15;"6";"16:00:00";"ES";101;219,9;"IBIRACU";"Defeito na Via";"Colisão com objeto estático";"Com Vítimas Feridas";"Pleno dia";"Crescente";"Chuva";"Dupla";"Não Informado";"Não";3;0;1;0;2;0;1;2;"-19.86460092";"-40.38336629";"SR-ES";"DEL12/2";"UOP01/ES"
197137;2019-03-15;"6";"15:19:00";"RJ";101;146;"MACAE";"Ultrapassagem Indevida";"Capotamento";"Com Vítimas Feridas";"Pleno dia";"Crescente";"Nublado";"Simples";"Reta";"Não";1;0;1;0;0;0;1;1;"-22.2247969";"-41.76777109";"SR-RJ";"DEL5/2";"UOP04/RJ"
197138;2019-03-15;"6";"15:30:00";"MT";158;690;"BARRA DO GARCAS";"Falta de Atenção à Condução";"Colisão traseira";"Com Vítimas Feridas";"Pleno dia";"Decrescente";"Céu Claro";"Simples";"Reta";"Não";3;0;1;0;2;0;1;2;"-14.97538097";"-52.26260183";"SR-MT";"DEL2/8";"UOP01/MT"
197139;2019-03-15;"6";"16:20:00";"PE";408;82;"PAUDALHO";"Falta de Atenção à Condução";"Tombamento";"Sem Vítimas";"Pleno dia";"Decrescente";"Céu Claro";"Dupla";"Curva";"Não";1;0;0;0;0;1;0;1;"-7.94114095";"-35.12370495";"SR-PE";"DEL11/1";"UOP01/PE"
197140;2019-03-15;"6";"16:00:00";"SP";116;144,8;"SAO JOSE DOS CAMPOS";"Falta de Atenção à Condução";"Colisão lateral";"Com Vítimas Feridas";"Pleno dia";"Crescente";"Chuva";"Dupla";"Reta";"Sim";2;0;1;0;1;0;1;2;"-23.18518466";"-45.85141659";"SR-SP";"DEL6/2";"UOP01/SP"
197141;2019-03-15;"6";"16:30:00";"PB";230;26,8;"JOAO PESSOA";"Não guardar distância de segurança";"Colisão traseira";"Com Vítimas Feridas";"Pleno dia";"Crescente";"Céu Claro";"Múltipla";"Reta";"Não";2;0;0;1;1;0;1;2;"-7.1693";"-34.8782";"SR-PB";"DEL14/1";"UOP00/PB"
197142;2019-03-15;"6";"16:15:00";"PR";116;100,3;"SAO JOSE DOS PINHAIS";"Falta de Atenção do Pedestre";"Atropelamento de Pedestre";"Com Vítimas Feridas";"Pleno dia";"Crescente";"Céu Claro";"Dupla";"Reta";"Sim";2;0;1;0;1;0;1;1;"-25.53379421";"-49.14663578";"SR-PR";"DEL7/1";"UOP01/PR"
197143;2019-03-15;"6";"16:10:00";"MG";40;572;"ITABIRITO";"Falta de Atenção à Condução";"Colisão lateral";"Com Vítimas Feridas";"Pleno dia";"Crescente";"Nublado";"Simples";"Reta";"Não";2;0;1;0;1;0;1;2;"-20.23058501";"-43.96905104";"SR-MG";"DEL4/1";"UOP02/MG"
197144;2019-03-15;"6";"17:00:00";"SC";470;141;"RIO DO SUL";"Falta de Atenção à Condução";"Colisão transversal";"Com Vítimas Feridas";"Pleno dia";"Decrescente";"Céu Claro";"Múltipla";"Rotatória";"Sim";2;0;1;0;1;0;1;2;"-27.2023315";"-49.63367701";"SR-SC";"DEL8/4";"UOP02/SC"
197145;2019-03-15;"6";"16:50:00";"SC";101;217,9;"PALHOCA";"Desobediência às normas de trânsito pelo condutor";"Colisão frontal";"Com Vítimas Feridas";"Pleno dia";"Crescente";"Nublado";"Dupla";"Reta";"Sim";2;0;2;0;0;0;2;2;"-27.66779034";"-48.67393586";"SR-SC";"DEL8/1";"UOP02/SC"
197146;2019-03-15;"6";"13:50:00";"SC";282;393;"JOACABA";"Velocidade Incompatível";"Colisão frontal";"Com Vítimas Feridas";"Pleno dia";"Crescente";"Céu Claro";"Simples";"Curva";"Não";3;0;1;0;1;1;1;2;"-27.160221";"-51.573895";"SR-SC";"DEL7";"UOP07/SC"
197147;2019-03-15;"6";"17:10:00";"RN";101;103;"PARNAMIRIM";"Falta de Atenção à Condução";"Colisão traseira";"Com Vítimas Feridas";"Anoitecer";"Crescente";"Nublado";"Múltipla";"Reta";"Sim";2;0;1;0;1;0;1;2;"-5.89034022";"-35.24894996";"SR-RN";"DEL15/1";"UOP01/RN"
197148;2019-03-15;"6";"16:50:00";"SE";235;0,7;"ARACAJU";"Falta de Atenção à Condução";"Colisão transversal";"Com Vítimas Feridas";"Pleno dia";"Crescente";"Céu Claro";"Dupla";"Reta";"Não";3;0;2;0;1;0;2;2;"-10.9087";"-37.0855";"SR-SE";"DEL20/1";"UOP01/SE"
197149;2019-03-15;"6";"15:20:00";"MG";381;528,5;"BRUMADINHO";"Velocidade Incompatível";"Engavetamento";"Com Vítimas Feridas";"Pleno dia";"Crescente";"Chuva";"Dupla";"Curva";"Não";3;0;2;0;1;0;2;3;"-20.16368096";"-44.36025002";"SR-MG";"DEL4/4";"UOP03/MG"
197150;2019-03-15;"6";"17:00:00";"BA";324;615,9;"SALVADOR";"Não guardar distância de segurança";"Colisão lateral";"Sem Vítimas";"Pleno dia";"Decrescente";"Céu Claro";"Dupla";"Reta";"Sim";2;0;0;0;2;0;0;2;"-12.88743632";"-38.44009015";"SR-BA";"DEL10/1";"UOP01/BA"
197151;2019-03-15;"6";"15:30:00";"MG";381;529,1;"BRUMADINHO";"Velocidade Incompatível";"Saída de leito carroçável";"Com Vítimas Feridas";"Pleno dia";"Decrescente";"Chuva";"Dupla";"Curva";"Não";1;0;1;0;0;0;1;1;"-20.16619722";"-44.36914378";"SR-MG";"DEL4/4";"UOP03/MG"
197152;2019-03-15;"6";"14:46:00";"MT";163;507;"DIAMANTINO";"Pista Escorregadia";"Colisão lateral";"Sem Vítimas";"Pleno dia";"Crescente";"Chuva";"Dupla";"Reta";"Não";2;0;0;0;2;0;0;2;"-14.52827058";"-56.22671306";"SR-MT";"DEL2/4";"UOP01/MT"
197153;2019-03-15;"6";"16:30:00";"SC";101;362,5;"SANGAO";"Falta de Atenção à Condução";"Colisão traseira";"Com Vítimas Feridas";"Pleno dia";"Crescente";"Céu Claro";"Dupla";"Desvio Temporário";"Sim";3;0;2;0;1;0;2;2;"-28.67136197";"-49.12225505";"SR-SC";"DEL8/2";"UOP01/SC"
197154;2019-03-15;"6";"17:30:00";"SE";235;4;"NOSSA SENHORA DO SOCORRO";"Falta de Atenção à Condução";"Colisão traseira";"Sem Vítimas";"Plena Noite";"Decrescente";"Céu Claro";"Dupla";"Reta";"Não";3;0;0;0;2;1;0;3;"-10.90608579";"-37.11185396";"SR-SE";"DEL20/1";"UOP01/SE"
197155;2019-03-15;"6";"15:55:00";"PR";476;288;"SAO MATEUS DO SUL";"Ingestão de Álcool";"Colisão frontal";"Com Vítimas Feridas";"Pleno dia";"Crescente";"Nublado";"Simples";"Reta";"Não";5;0;2;0;3;0;2;2;"-25.926044";"-50.464188";"SR-PR";"DEL7/2";"UOP03/PR"
197156;2019-03-15;"6";"17:45:00";"GO";153;498;"GOIANIA";"Não guardar distância de segurança";"Engavetamento";"Com Vítimas Feridas";"Pleno dia";"Crescente";"Céu Claro";"Dupla";"Reta";"Sim";3;0;2;0;1;0;2;3;"-16.6939";"-49.2321";"SR-GO";"DEL1/1";"UOP01/GO"
197158;2019-03-15;"6";"11:20:00";"RO";435;86;"COLORADO DO OESTE";"Velocidade Incompatível";"Colisão transversal";"Com Vítimas Feridas";"Pleno dia";"Crescente";"Sol";"Simples";"Reta";"Sim";2;0;1;0;1;0;1;2;"-13.12026846";"-60.54055407";"SR-RO";"DEL21/4";"UOP02/RO"
197159;2019-03-15;"6";"17:30:00";"MG";262;36,4;"MANHUACU";"Desobediência às normas de trânsito pelo condutor";"Colisão transversal";"Com Vítimas Feridas";"Pleno dia";"Crescente";"Nublado";"Simples";"Reta";"Sim";2;0;1;0;1;0;1;2;"-20.25932046";"-42.02298331";"SR-MG";"DEL4/6";"UOP04/MG"
197161;2019-03-15;"6";"17:50:00";"PE";232;133;"CARUARU";"Não guardar distância de segurança";"Colisão traseira";"Com Vítimas Feridas";"Anoitecer";"Crescente";"Céu Claro";"Dupla";"Reta";"Sim";3;0;2;0;1;0;2;2;"-8.30607988";"-36.01576003";"SR-PE";"DEL11/2";"UOP02/PE"
197162;2019-03-15;"6";"17:40:00";"SP";381;69,8;"MAIRIPORA";"Pista Escorregadia";"Colisão lateral";"Com Vítimas Feridas";"Pleno dia";"Decrescente";"Chuva";"Múltipla";"Curva";"Sim";2;0;1;0;1;0;1;2;"-23.34553108";"-46.56787903";"SR-SP";"DEL6/3";"UOP02/SP"
197164;2019-03-15;"6";"17:00:00";"PR";376;474;"PONTA GROSSA";"Condutor Dormindo";"Saída de leito carroçável";"Sem Vítimas";"Pleno dia";"Crescente";"Céu Claro";"Dupla";"Curva";"Não";1;0;0;0;1;0;0;1;"-25.04786596";"-50.23557994";"SR-PR";"DEL7/3";"UOP01/PR"
197165;2019-03-15;"6";"17:30:00";"ES";262;123,8;"CONCEICAO DO CASTELO";"Velocidade Incompatível";"Colisão frontal";"Com Vítimas Feridas";"Plena Noite";"Decrescente";"Céu Claro";"Simples";"Curva";"Não";3;0;1;2;0;0;3;2;"-20.2909777";"-41.24798896";"SR-ES";"DEL12/1";"UOP02/ES"
197166;2019-03-15;"6";"16:05:00";"MG";153;2;"ARAPORA";"Falta de Atenção à Condução";"Saída de leito carroçável";"Sem Vítimas";"Pleno dia";"Crescente";"Chuva";"Dupla";"Reta";"Sim";1;0;0;0;1;0;0;1;"-18.4343521";"-49.19082831";"SR-MG";"DEL4/15";"UOP03/MG"
197167;2019-03-15;"6";"17:40:00";"PB";230;71,3;"SOBRADO";"Defeito na Via";"Tombamento";"Com Vítimas Feridas";"Plena Noite";"Crescente";"Céu Claro";"Dupla";"Reta";"Não";1;0;0;1;0;0;1;1;"-7.1913";"-35.2333";"SR-PB";"DEL14/1";"UOP02/PB"
197169;2019-03-15;"6";"17:30:00";"SP";116;273,2;"TABOAO DA SERRA";"Falta de Atenção à Condução";"Colisão lateral";"Com Vítimas Feridas";"Anoitecer";"Crescente";"Chuva";"Dupla";"Reta";"Sim";2;0;1;0;0;1;1;2;"-23.62809795";"-46.81870306";"SR-SP";"DEL6/4";"UOP01/SP"
197170;2019-03-15;"6";"15:40:00";"RJ";40;65;"PETROPOLIS";"Não guardar distância de segurança";"Colisão traseira";"Com Vítimas Feridas";"Pleno dia";"Crescente";"Céu Claro";"Dupla";"Reta";"Não";2;0;1;0;1;0;1;2;"-22.427473";"-43.16011";"SR-RJ";"DEL5/6";"UOP03/RJ"
197171;2019-03-15;"6";"17:45:00";"PR";153;240;"TIBAGI";"Velocidade Incompatível";"Colisão frontal";"Com Vítimas Fatais";"Pleno dia";"Decrescente";"Nublado";"Simples";"Curva";"Não";5;1;0;4;0;0;4;2;"-24.77360378";"-50.46393477";"SR-PR";"DEL7/3";"UOP05/PR"
197172;2019-03-15;"6";"18:35:00";"MG";459;13,4;"CALDAS";"Velocidade Incompatível";"Tombamento";"Sem Vítimas";"Plena Noite";"Crescente";"Céu Claro";"Simples";"Curva";"Não";2;0;0;0;1;1;0;2;"-21.840883";"-46.440918";"SR-MG";"DEL13";"UOP01/MG"
197173;2019-03-15;"6";"18:30:00";"MG";50;70;"UBERLANDIA";"Não guardar distância de segurança";"Colisão traseira";"Sem Vítimas";"Plena Noite";"Crescente";"Vento";"Dupla";"Não Informado";"Sim";3;0;0;0;3;0;0;3;"-18.85140204";"-48.25345932";"SR-MG";"DEL4/15";"UOP01/MG"
197174;2019-03-15;"6";"16:00:00";"MA";135;4,3;"SAO LUIS";"Falta de Atenção à Condução";"Colisão transversal";"Com Vítimas Feridas";"Pleno dia";"Crescente";"Céu Claro";"Dupla";"Reta";"Sim";2;0;0;1;1;0;1;2;"-2.61424881";"-44.25257023";"SR-MA";"DEL18/1";"UOP01/MA"
197177;2019-03-15;"6";"14:00:00";"PI";222;48;"BRASILEIRA";"Condutor Dormindo";"Saída de leito carroçável";"Com Vítimas Feridas";"Pleno dia";"Crescente";"Céu Claro";"Simples";"Reta";"Não";1;0;1;0;0;0;1;1;"-4.12017503";"-41.59077498";"SR-PI";"DEL17/2";"UOP01/PI"
197178;2019-03-15;"6";"18:20:00";"BA";116;16,6;"VITORIA DA CONQUISTA";"Falta de Atenção à Condução";"Colisão transversal";"Com Vítimas Feridas";"Anoitecer";"Crescente";"Céu Claro";"Simples";"Reta";"Sim";2;0;1;0;1;0;1;2;"-14.851";"-40.8485";"SR-BA";"DEL10/8";"UOP01/BA"
197179;2019-03-15;"6";"18:10:00";"CE";222;4;"CAUCAIA";"Falta de Atenção à Condução";"Colisão traseira";"Com Vítimas Feridas";"Plena Noite";"Decrescente";"Chuva";"Múltipla";"Reta";"Não";3;0;1;0;2;0;1;3;"-3.74164754";"-38.60449792";"SR-CE";"DEL16/1";"UOP01/CE"
197180;2019-03-15;"6";"18:20:00";"RN";110;45,8;"MOSSORO";"Falta de Atenção à Condução";"Atropelamento de Pedestre";"Com Vítimas Feridas";"Plena Noite";"Crescente";"Ignorado";"Simples";"Reta";"Não";2;0;1;0;0;1;1;1;"-5.19257993";"-37.31114905";"SR-RN";"DEL15/4";"UOP01/RN"
197182;2019-03-15;"6";"18:00:00";"RS";158;506;"SANTANA DO LIVRAMENTO";"Agressão Externa";"Saída de leito carroçável";"Com Vítimas Feridas";"Pleno dia";"Crescente";"Céu Claro";"Simples";"Ponte";"Não";1;0;1;0;0;0;1;1;"-30.57999697";"-55.08750916";"SR-RS";"DEL9/11";"UOP01/RS"
197183;2019-03-15;"6";"19:25:00";"SC";282;244,3;"SAO JOSE DO CERRITO";"Defeito Mecânico no Veículo";"Tombamento";"Com Vítimas Fatais";"Plena Noite";"Decrescente";"Céu Claro";"Simples";"Não Informado";"Não";3;2;0;0;0;1;0;1;"-27.73609";"-50.51841";"SR-SC";"DEL8/5";"UOP02/SC"
197184;2019-03-15;"6";"14:25:00";"MA";222;297,3;"VITORIA DO MEARIM";"Desobediência às normas de trânsito pelo condutor";"Colisão frontal";"Com Vítimas Feridas";"Pleno dia";"Decrescente";"Céu Claro";"Simples";"Curva";"Não";3;0;0;1;1;1;1;2;"-3.48573187";"-44.87468118";"SR-MA";"DEL18/2";"UOP02/MA"
197185;2019-03-15;"6";"16:00:00";"BA";367;64,7;"PORTO SEGURO";"Defeito Mecânico no Veículo";"Incêndio";"Sem Vítimas";"Pleno dia";"Decrescente";"Céu Claro";"Simples";"Reta";"Não";1;0;0;0;0;1;0;1;"-16.39485517";"-39.41850207";"SR-BA";"DEL10/9";"UOP01/BA"
197186;2019-03-15;"6";"14:00:00";"BA";110;380;"CATU";"Ultrapassagem Indevida";"Colisão frontal";"Com Vítimas Feridas";"Pleno dia";"Crescente";"Céu Claro";"Simples";"Reta";"Não";2;0;1;1;0;0;2;2;"-12.45037302";"-38.47443191";"SR-BA";"DEL10/1";"UOP04/BA"
197187;2019-03-15;"6";"19:05:00";"PR";277;723,9;"FOZ DO IGUACU";"Ingestão de Álcool";"Colisão transversal";"Com Vítimas Feridas";"Anoitecer";"Decrescente";"Nublado";"Dupla";"Reta";"Sim";3;0;1;0;2;0;1;2;"-25.49878215";"-54.52985294";"SR-PR";"DEL7/5";"UOP01/PR"
197188;2019-03-04;"2";"00:40:00";"DF";80;26;"BRASILIA";"Falta de Atenção à Condução";"Colisão traseira";"Com Vítimas Feridas";"Plena Noite";"Decrescente";"Nublado";"Dupla";"Não Informado";"Sim";3;0;1;0;2;0;1;2;"-15.612259";"-48.198044";"SR-DF";"DF";"UOP06/DF"
197189;2019-03-15;"6";"17:10:00";"RS";392;110;"CANGUCU";"Desobediência às normas de trânsito pelo condutor";"Colisão lateral";"Sem Vítimas";"Anoitecer";"Decrescente";"Céu Claro";"Simples";"Reta";"Não";2;0;0;0;2;0;0;2;"-31.46286685";"-52.63497175";"SR-RS";"DEL9/7";"UOP01/RS"
197190;2019-03-15;"6";"19:00:00";"ES";101;3,4;"ICONHA";"Velocidade Incompatível";"Tombamento";"Com Vítimas Feridas";"Anoitecer";"Decrescente";"Nublado";"Dupla";"Curva";"Não";1;0;0;1;0;0;1;1;"-20.8085963";"-40.8040263";"SR-ES";"DEL12/4";"UOP02/ES"
197191;2019-03-11;"2";"14:00:00";"SC";101;416;"ARARANGUA";"Falta de Atenção à Condução";"Atropelamento de Pedestre";"Com Vítimas Feridas";"Pleno dia";"Decrescente";"Nublado";"Dupla";"Interseção de vias";"Sim";2;0;1;0;1;0;1;1;"-28.96708874";"-49.52338825";"SR-SC";"DEL8/2";"UOP02/SC"
197192;2019-03-15;"6";"19:25:00";"MG";365;609;"UBERLANDIA";"Velocidade Incompatível";"Colisão traseira";"Com Vítimas Feridas";"Plena Noite";"Crescente";"Céu Claro";"Dupla";"Reta";"Sim";3;0;0;1;0;2;1;2;"-18.920392";"-48.182184";"SR-MG";"DEL4/15";"UOP01/MG"
197193;2019-03-15;"6";"18:50:00";"MG";262;354,2;"BETIM";"Velocidade Incompatível";"Colisão traseira";"Com Vítimas Feridas";"Plena Noite";"Decrescente";"Nublado";"Dupla";"Reta";"Sim";2;0;1;0;1;0;1;2;"-19.9835933";"-44.20907021";"SR-MG";"DEL4/1";"UOP03/MG"
197194;2019-03-15;"6";"18:40:00";"MS";163;489;"CAMPO GRANDE";"Falta de Atenção à Condução";"Saída de leito carroçável";"Sem Vítimas";"Plena Noite";"Decrescente";"Céu Claro";"Simples";"Reta";"Sim";1;0;0;0;0;1;0;1;"-20.40828185";"-54.55160067";"SR-MS";"DEL3/1";"UOP02/MS"
197195;2019-03-15;"6";"17:30:00";"PB";405;11;"UIRAUNA";"Falta de Atenção à Condução";"Colisão transversal";"Com Vítimas Feridas";"Anoitecer";"Crescente";"Nublado";"Simples";"Reta";"Não";2;0;0;1;1;0;1;2;"-6.539756";"-38.413567";"SR-PB";"DEL14/3";"UOP03/PB"
197196;2019-03-15;"6";"17:50:00";"PR";277;516,6;"GUARANIACU";"Pista Escorregadia";"Saída de leito carroçável";"Com Vítimas Feridas";"Anoitecer";"Crescente";"Chuva";"Simples";"Reta";"Não";2;0;2;0;0;0;2;1;"-25.114614";"-52.81893969";"SR-PR";"DEL7/4";"UOP02/PR"
197197;2019-03-15;"6";"19:40:00";"SC";101;23,5;"JOINVILLE";"Ingestão de Álcool";"Colisão traseira";"Com Vítimas Feridas";"Plena Noite";"Crescente";"Nublado";"Dupla";"Reta";"Sim";3;0;0;1;1;1;1;2;"-26.16872691";"-48.90739918";"SR-SC";"DEL8/3";"UOP01/SC"
197198;2019-03-15;"6";"18:50:00";"MG";381;831,1;"SAO SEBASTIAO DA BELA VISTA";"Falta de Atenção do Pedestre";"Atropelamento de Pedestre";"Com Vítimas Feridas";"Plena Noite";"Decrescente";"Nublado";"Dupla";"Reta";"Sim";2;0;1;0;1;0;1;1;"-22.14509897";"-45.81876904";"SR-MG";"DEL09";"UOP01/MG"
197201;2019-03-15;"6";"20:20:00";"PE";232;514,6;"SALGUEIRO";"Animais na Pista";"Atropelamento de Animal";"Com Vítimas Feridas";"Plena Noite";"Crescente";"Céu Claro";"Simples";"Reta";"Não";1;0;1;0;0;0;1;1;"-8.07047961";"-39.17138084";"SR-PE";"DEL11/5";"UOP01/PE"
197202;2019-03-15;"6";"18:00:00";"SC";116;267,9;"CAPAO ALTO";"Defeito Mecânico no Veículo";"Incêndio";"Sem Vítimas";"Anoitecer";"Crescente";"Céu Claro";"Simples";"Reta";"Não";1;0;0;0;1;0;0;1;"-27.95953332";"-50.48938751";"SR-SC";"DEL8/5";"UOP02/SC"