"id";"data_inversa";"dia_semana";"horario";"uf";"br";"km";"municipio";"causa_acidente";"tipo_acidente";"classificacao_acidente";"fase_dia";"sentido_via";"condicao_metereologica";"tipo_pista";"tracado_via";"uso_solo";"pessoas";"mortos";"feridos_leves";"feridos_graves";"ilesos";"ignorados";"feridos";"veiculos";"latitude";"longitude";"regional";"delegacia";"uop"
197203;2019-03-15;"6";"20:10:00";"CE";116;13;"FORTALEZA";"Pista Escorregadia";"Tombamento";"Com Vítimas Feridas";"Plena Noite";"Crescente";"Chuva";"Múltipla";"Reta";"Sim";8;0;8;0;0;0;8;1;"-3.86088501";"-38.49715296";"SR-CE";"DEL16/1";"UOP02/CE"
197204;2019-03-15;"6";"16:00:00";"PI";316;56;"MONSENHOR GIL";"Não guardar distância de segurança";"Colisão traseira";"Com Vítimas Feridas";"Pleno dia";"Crescente";"Sol";"Simples";"Reta";"Não";4;0;1;0;1;2;1;4;"-5.54323473";"-42.62283776";"SR-PI";"DEL17/1";"UOP02/PI"
197205;2019-03-15;"6";"21:00:00";"BA";242;903;"LUIS EDUARDO MAGALHAES";"Falta de Atenção à Condução";"Colisão transversal";"Com Vítimas Feridas";"Plena Noite";"Crescente";"Céu Claro";"Simples";"Interseção de vias";"Não";3;0;2;0;1;0;2;2;"-12.08785171";"-45.76987503";"SR-BA";"DEL10/10";"UOP01/BA"
197206;2019-03-15;"6";"19:45:00";"MS";262;246,4;"RIBAS DO RIO PARDO";"Ingestão de Álcool";"Queda de ocupante de veículo";"Com Vítimas Feridas";"Plena Noite";"Crescente";"Nevoeiro/Neblina";"Simples";"Reta";"Não";1;0;1;0;0;0;1;1;"-20.44481685";"-53.81931889";"SR-MS";"DEL3/1";"UOP01/MS"
197207;2019-03-15;"6";"18:25:00";"MG";153;2;"ARAPORA";"Não guardar distância de segurança";"Colisão traseira";"Sem Vítimas";"Anoitecer";"Crescente";"Chuva";"Dupla";"Reta";"Sim";2;0;0;0;2;0;0;2;"-18.43222483";"-49.19182062";"SR-MG";"DEL4/15";"UOP03/MG"
197209;2019-03-15;"6";"20:40:00";"RJ";101;477;"ANGRA DOS REIS";"Ingestão de Álcool";"Colisão transversal";"Com Vítimas Feridas";"Plena Noite";"Crescente";"Chuva";"Simples";"Curva";"Não";3;0;2;0;1;0;2;2;"-22.99820396";"-44.26554599";"SR-RJ";"DEL5/3";"UOP02/RJ"
197210;2019-03-15;"6";"20:45:00";"RS";386;412,4;"MONTENEGRO";"Falta de Atenção do Pedestre";"Atropelamento de Pedestre";"Com Vítimas Fatais";"Plena Noite";"Crescente";"Céu Claro";"Dupla";"Reta";"Sim";2;1;0;0;1;0;0;1;"-29.807285";"-51.499722";"SR-RS";"DEL9/4";"UOP02/RS"
197212;2019-03-15;"6";"21:15:00";"ES";101;143,7;"LINHARES";"Não guardar distância de segurança";"Colisão lateral";"Com Vítimas Feridas";"Plena Noite";"Decrescente";"Nublado";"Simples";"Reta";"Sim";2;0;1;1;0;0;2;1;"-19.34286596";"-40.0638568";"SR-ES";"DEL12/4";"UOP01/ES"
197213;2019-03-15;"6";"18:00:00";"SC";470;82;"RODEIO";"Desobediência às normas de trânsito pelo condutor";"Colisão frontal";"Com Vítimas Fatais";"Anoitecer";"Decrescente";"Nublado";"Simples";"Não Informado";"Não";2;1;0;0;1;0;0;2;"-26.958838";"-49.324978";"SR-SC";"DEL8/4";"UOP01/SC"
197214;2019-03-15;"6";"21:10:00";"SC";101;206;"SAO JOSE";"Falta de Atenção à Condução";"Colisão traseira";"Com Vítimas Feridas";"Plena Noite";"Decrescente";"Nublado";"Múltipla";"Reta";"Sim";1;0;1;0;0;0;1;1;"-27.59193546";"-48.61824557";"SR-SC";"DEL8/1";"UOP01/SC"
197215;2019-03-15;"6";"07:00:00";"BA";242;463;"IBITIARA";"Falta de Atenção à Condução";"Tombamento";"Com Vítimas Feridas";"Pleno dia";"Decrescente";"Céu Claro";"Simples";"Curva";"Não";2;0;1;1;0;0;2;1;"-12.4423791";"-42.17379204";"SR-BA";"DEL10/6";"UOP01/BA"
197216;2019-03-15;"6";"17:50:00";"MG";116;718,3;"MURIAE";"Velocidade Incompatível";"Colisão frontal";"Com Vítimas Feridas";"Anoitecer";"Decrescente";"Chuva";"Simples";"Curva";"Não";7;0;5;1;1;0;6;2;"-21.22900805";"-42.39468185";"SR-MG";"DEL4/7";"UOP02/MG"
197217;2019-03-15;"6";"22:00:00";"MG";40;702,5;"BARBACENA";"Pista Escorregadia";"Queda de ocupante de veículo";"Com Vítimas Feridas";"Plena Noite";"Crescente";"Chuva";"Simples";"Reta";"Não";1;0;1;0;0;0;1;1;"-21.19178602";"-43.75167711";"SR-MG";"DEL5";"UOP02/MG"
197218;2019-03-15;"6";"21:20:00";"PB";230;161,2;"CAMPINA GRANDE";"Ingestão de Álcool";"Colisão frontal";"Com Vítimas Feridas";"Plena Noite";"Crescente";"Céu Claro";"Simples";"Não Informado";"Sim";3;0;0;2;1;0;2;2;"-7.2361";"-35.941";"SR-PB";"DEL14/2";"UOP01/PB"
197220;2019-03-15;"6";"22:15:00";"SP";116;362,7;"MIRACATU";"Pista Escorregadia";"Colisão com objeto estático";"Com Vítimas Feridas";"Plena Noite";"Crescente";"Chuva";"Dupla";"Curva";"Não";1;0;0;1;0;0;1;1;"-24.1220177";"-47.27047772";"SR-SP";"DEL6/4";"UOP02/SP"
197221;2019-03-15;"6";"21:10:00";"SC";101;86,1;"BARRA VELHA";"Falta de Atenção à Condução";"Colisão lateral";"Sem Vítimas";"Plena Noite";"Crescente";"Nublado";"Dupla";"Reta";"Sim";2;0;0;0;2;0;0;2;"-26.6382483";"-48.69532764";"SR-SC";"DEL8/3";"UOP02/SC"
197222;2019-03-15;"6";"22:40:00";"GO";40;12,2;"LUZIANIA";"Falta de Atenção à Condução";"Colisão lateral";"Sem Vítimas";"Plena Noite";"Decrescente";"Céu Claro";"Dupla";"Reta";"Sim";2;0;0;0;2;0;0;2;"-16.145123";"-47.945382";"SR-DF";"GO";"UOP01/DF"
197223;2019-03-15;"6";"21:55:00";"PR";373;191;"PONTA GROSSA";"Condutor Dormindo";"Colisão traseira";"Com Vítimas Feridas";"Plena Noite";"Decrescente";"Nublado";"Simples";"Reta";"Não";2;0;1;0;1;0;1;2;"-25.05786317";"-50.34675466";"SR-PR";"DEL7/3";"UOP01/PR"
197224;2019-03-15;"6";"21:30:00";"PR";476;59;"TUNAS DO PARANA";"Falta de Atenção à Condução";"Queda de ocupante de veículo";"Com Vítimas Feridas";"Plena Noite";"Decrescente";"Nublado";"Simples";"Curva";"Não";1;0;1;0;0;0;1;1;"-24.996725";"-49.082588";"SR-PR";"DEL7/1";"UOP01/PR"
197225;2019-03-15;"6";"21:51:00";"PR";376;304;"MAUA DA SERRA";"Velocidade Incompatível";"Tombamento";"Sem Vítimas";"Plena Noite";"Crescente";"Nevoeiro/Neblina";"Dupla";"Curva";"Não";1;0;0;0;1;0;0;1;"-23.952969";"-51.114033";"SR-PR";"DEL7/7";"UOP02/PR"
197226;2019-03-15;"6";"21:10:00";"SC";101;366,5;"SANGAO";"Ingestão de Álcool";"Tombamento";"Com Vítimas Feridas";"Plena Noite";"Decrescente";"Céu Claro";"Dupla";"Reta";"Não";1;0;0;1;0;0;1;1;"-28.68718511";"-49.15621795";"SR-SC";"DEL8/2";"UOP01/SC"
197227;2019-03-15;"6";"22:20:00";"RS";116;331,1;"BARRA DO RIBEIRO";"Desobediência às normas de trânsito pelo condutor";"Colisão lateral";"Sem Vítimas";"Plena Noite";"Crescente";"Céu Claro";"Simples";"Curva";"Não";2;0;0;0;2;0;0;2;"-30.3899817";"-51.43352143";"SR-RS";"DEL9/2";"UOP01/RS"
197228;2019-03-15;"6";"19:20:00";"PI";343;133;"PIRACURUCA";"Desobediência às normas de trânsito pelo condutor";"Colisão traseira";"Com Vítimas Feridas";"Plena Noite";"Crescente";"Chuva";"Simples";"Reta";"Não";2;0;1;0;1;0;1;2;"-3.833111";"-41.693443";"SR-PI";"DEL17/2";"UOP01/PI"
197229;2019-03-15;"6";"22:45:00";"SC";101;206;"SAO JOSE";"Ingestão de Álcool";"Colisão traseira";"Com Vítimas Feridas";"Plena Noite";"Decrescente";"Nublado";"Múltipla";"Reta";"Sim";2;0;1;0;1;0;1;2;"-27.59193546";"-48.61824557";"SR-SC";"DEL8/1";"UOP01/SC"
197230;2019-03-15;"6";"17:00:00";"RO";364;397;"OURO PRETO DO OESTE";"Fenômenos da Natureza";"Saída de leito carroçável";"Com Vítimas Feridas";"Pleno dia";"Crescente";"Chuva";"Simples";"Curva";"Não";5;0;1;0;4;0;1;1;"-10.62448513";"-62.32582215";"SR-RO";"DEL21/3";"UOP02/RO"
197231;2019-03-15;"6";"23:15:00";"BA";324;513,6;"FEIRA DE SANTANA";"Ingestão de Álcool";"Colisão lateral";"Sem Vítimas";"Plena Noite";"Crescente";"Céu Claro";"Simples";"Reta";"Sim";2;0;0;0;2;0;0;2;"-12.23098007";"-38.96101401";"SR-BA";"DEL10/2";"UOP01/BA"
197232;2019-03-15;"6";"17:40:00";"MG";116;409;"GOVERNADOR VALADARES";"Falta de Atenção à Condução";"Colisão transversal";"Com Vítimas Feridas";"Pleno dia";"Decrescente";"Nublado";"Simples";"Interseção de vias";"Não";2;0;1;0;1;0;1;2;"-18.84426954";"-41.98159587";"SR-MG";"DEL4/6";"UOP01/MG"
197233;2019-03-15;"6";"19:50:00";"MG";116;396;"GOVERNADOR VALADARES";"Objeto estático sobre o leito carroçável";"Saída de leito carroçável";"Com Vítimas Feridas";"Plena Noite";"Crescente";"Chuva";"Simples";"Curva";"Não";1;0;1;0;0;0;1;1;"-18.74773492";"-41.98373226";"SR-MG";"DEL4/6";"UOP01/MG"
197234;2019-02-03;"1";"17:20:00";"SC";470;224,3;"SAO CRISTOVAO DO SUL";"Falta de Atenção à Condução";"Colisão frontal";"Com Vítimas Feridas";"Pleno dia";"Decrescente";"Chuva";"Simples";"Curva";"Não";6;0;1;5;0;0;6;2;"-27.32696";"-50.342205";"SR-SC";"DEL8/5";"UOP03/SC"
197235;2019-03-15;"6";"22:25:00";"MG";381;834,9;"SAO SEBASTIAO DA BELA VISTA";"Velocidade Incompatível";"Colisão lateral";"Com Vítimas Fatais";"Plena Noite";"Decrescente";"Nublado";"Dupla";"Não Informado";"Não";4;1;0;0;3;0;0;4;"-22.130344";"-45.804404";"SR-MG";"DEL09";"UOP01/MG"
197238;2019-03-15;"6";"23:50:00";"TO";153;647,1;"DUERE";"Condutor Dormindo";"Colisão traseira";"Com Vítimas Feridas";"Plena Noite";"Crescente";"Céu Claro";"Simples";"Não Informado";"Não";2;0;1;0;1;0;1;2;"-11.50919091";"-49.00974428";"SR-TO";"UOP01/TO";""
197239;2019-03-15;"6";"22:50:00";"SC";101;282,5;"IMBITUBA";"Desobediência às normas de trânsito pelo condutor";"Colisão transversal";"Sem Vítimas";"Plena Noite";"Decrescente";"Nublado";"Múltipla";"Rotatória";"Sim";2;0;0;0;2;0;0;2;"-28.21529939";"-48.69957018";"SR-SC";"DEL8/2";"UOP03/SC"
197240;2019-03-15;"6";"19:40:00";"GO";40;92,7;"CRISTALINA";"Falta de Atenção à Condução";"Colisão transversal";"Com Vítimas Feridas";"Plena Noite";"Decrescente";"Céu Claro";"Simples";"Interseção de vias";"Sim";3;0;2;0;1;0;2;2;"-16.730814";"-47.626211";"SR-DF";"GO";"UOP02/DF"
197241;2019-03-15;"6";"23:20:00";"BA";324;518;"FEIRA DE SANTANA";"Falta de Atenção à Condução";"Colisão frontal";"Com Vítimas Feridas";"Plena Noite";"Crescente";"Céu Claro";"Dupla";"Reta";"Sim";2;0;1;0;1;0;1;2;"-12.258195";"-38.932182";"SR-BA";"DEL10/1";"UOP01/BA"
197242;2019-03-15;"6";"23:30:00";"SC";280;124,7;"RIO NEGRINHO";"Falta de Atenção à Condução";"Colisão transversal";"Com Vítimas Feridas";"Plena Noite";"Crescente";"Céu Claro";"Simples";"Reta";"Não";3;0;1;0;2;0;1;2;"-26.24130297";"-49.47514499";"SR-SC";"DEL8/6";"UOP03/SC"
197243;2019-03-15;"6";"23:45:00";"RS";153;51,8;"ERECHIM";"Falta de Atenção à Condução";"Colisão lateral";"Com Vítimas Feridas";"Plena Noite";"Decrescente";"Céu Claro";"Simples";"Reta";"Não";2;0;1;0;0;1;1;2;"-27.66024898";"-52.28414106";"SR-RS";"DEL08";"UOP04/RS"
197244;2019-03-15;"6";"23:40:00";"PI";316;1,8;"TERESINA";"Desobediência às normas de trânsito pelo condutor";"Colisão frontal";"Com Vítimas Feridas";"Plena Noite";"Decrescente";"Chuva";"Dupla";"Reta";"Sim";2;0;0;1;1;0;1;2;"-5.12861853";"-42.80706778";"SR-PI";"DEL17/1";"UOP02/PI"
197245;2019-03-15;"6";"21:15:00";"SC";280;22,5;"ARAQUARI";"Ingestão de Álcool";"Colisão lateral";"Sem Vítimas";"Plena Noite";"Decrescente";"Nublado";"Simples";"Reta";"Sim";3;0;0;0;3;0;0;2;"-26.37122261";"-48.70818079";"SR-SC";"DEL8/3";"UOP03/SC"
197246;2019-03-15;"6";"18:00:00";"PR";277;346;"GUARAPUAVA";"Desobediência às normas de trânsito pelo condutor";"Colisão transversal";"Com Vítimas Feridas";"Anoitecer";"Crescente";"Nublado";"Simples";"Interseção de vias";"Sim";3;0;0;2;1;0;2;2;"-25.36774249";"-51.49339937";"SR-PR";"DEL7/3";"UOP02/PR"
197247;2019-03-16;"7";"00:10:00";"RS";468;84,5;"BOM PROGRESSO";"Falta de Atenção à Condução";"Colisão transversal";"Com Vítimas Fatais";"Plena Noite";"Crescente";"Céu Claro";"Simples";"Não Informado";"Não";4;1;0;1;1;1;1;2;"-27.59201797";"-53.87237438";"SR-RS";"DEL08";"UOP02/RS"
197248;2019-03-15;"6";"18:45:00";"PR";277;345,1;"GUARAPUAVA";"Falta de Atenção à Condução";"Colisão transversal";"Com Vítimas Feridas";"Anoitecer";"Decrescente";"Nublado";"Simples";"Reta";"Sim";2;0;0;1;1;0;1;2;"-25.3666743";"-51.48399353";"SR-PR";"DEL7/3";"UOP02/PR"
197249;2019-03-16;"7";"01:30:00";"SC";470;147,6;"AGRONOMICA";"Ingestão de Álcool";"Colisão traseira";"Sem Vítimas";"Plena Noite";"Crescente";"Céu Claro";"Simples";"Interseção de vias";"Sim";3;0;0;0;3;0;0;3;"-27.243439";"-49.690025";"SR-SC";"DEL8/4";"UOP02/SC"
197250;2019-03-16;"7";"01:00:00";"SC";101;126;"ITAJAI";"Falta de Atenção à Condução";"Colisão traseira";"Com Vítimas Feridas";"Plena Noite";"Crescente";"Garoa/Chuvisco";"Dupla";"Reta";"Não";2;0;1;0;1;0;1;2;"-26.95564404";"-48.67978366";"SR-SC";"DEL8/4";"UOP04/SC"
197251;2019-03-16;"7";"01:30:00";"MG";40;420;"CURVELO";"Defeito Mecânico no Veículo";"Incêndio";"Sem Vítimas";"Plena Noite";"Decrescente";"Céu Claro";"Dupla";"Reta";"Não";1;0;0;0;1;0;0;1;"-19.1560839";"-44.56655801";"SR-MG";"DEL4/2";"UOP01/MG"
197253;2019-03-16;"7";"02:20:00";"RS";392;72;"PELOTAS";"Falta de Atenção à Condução";"Saída de leito carroçável";"Com Vítimas Feridas";"Plena Noite";"Crescente";"Nublado";"Simples";"Reta";"Não";2;0;1;1;0;0;2;1;"-31.721104";"-52.389843";"SR-RS";"DEL9/7";"UOP01/RS"
197254;2019-03-16;"7";"02:40:00";"MG";40;588;"ITABIRITO";"Velocidade Incompatível";"Tombamento";"Com Vítimas Feridas";"Plena Noite";"Crescente";"Céu Claro";"Simples";"Não Informado";"Não";2;0;0;1;1;0;1;2;"-20.35149094";"-43.91313094";"SR-MG";"DEL4/1";"UOP02/MG"
197255;2019-03-16;"7";"01:40:00";"SC";101;147;"ITAPEMA";"Velocidade Incompatível";"Colisão com objeto estático";"Com Vítimas Feridas";"Plena Noite";"Crescente";"Chuva";"Dupla";"Curva";"Sim";2;0;1;1;0;0;2;1;"-27.09237407";"-48.61730888";"SR-SC";"DEL8/4";"UOP03/SC"
197256;2019-03-16;"7";"02:20:00";"SC";101;206;"SAO JOSE";"Desobediência às normas de trânsito pelo condutor";"Colisão com objeto estático";"Sem Vítimas";"Plena Noite";"Crescente";"Nublado";"Múltipla";"Curva";"Não";3;0;0;0;3;0;0;3;"-27.59193546";"-48.61824557";"SR-SC";"DEL8/1";"UOP01/SC"
197257;2019-03-15;"6";"23:00:00";"RS";470;216;"BENTO GONCALVES";"Falta de Atenção à Condução";"Colisão com objeto estático";"Sem Vítimas";"Plena Noite";"Crescente";"Nublado";"Simples";"Reta";"Sim";1;0;0;0;1;0;0;1;"-29.15887096";"-51.53142395";"SR-RS";"DEL9/6";"UOP01/RS"
197258;2019-03-16;"7";"03:15:00";"MG";40;588;"ITABIRITO";"Defeito Mecânico no Veículo";"Colisão lateral";"Com Vítimas Feridas";"Plena Noite";"Crescente";"Nublado";"Simples";"Reta";"Não";3;0;0;1;2;0;1;3;"-20.35149094";"-43.91313094";"SR-MG";"DEL4/1";"UOP02/MG"
197259;2019-03-16;"7";"03:20:00";"RJ";493;3;"ITABORAI";"Falta de Atenção à Condução";"Colisão com objeto estático";"Com Vítimas Feridas";"Plena Noite";"Decrescente";"Nublado";"Simples";"Não Informado";"Não";3;0;0;1;2;0;1;1;"-22.7525329";"-42.94160092";"SR-RJ";"DEL5/4";"UOP02/RJ"
197260;2019-03-16;"7";"02:50:00";"SC";101;193,3;"BIGUACU";"Velocidade Incompatível";"Colisão com objeto estático";"Sem Vítimas";"Plena Noite";"Crescente";"Nublado";"Múltipla";"Reta";"Sim";1;0;0;0;0;1;0;1;"-27.489574";"-48.655914";"SR-SC";"DEL8/1";"UOP01/SC"
197261;2019-03-16;"7";"03:40:00";"DF";70;7,8;"BRASILIA";"Ingestão de Álcool";"Colisão traseira";"Com Vítimas Feridas";"Plena Noite";"Crescente";"Nublado";"Dupla";"Desvio Temporário";"Sim";3;0;2;0;1;0;2;2;"-15.785481";"-48.12006891";"SR-DF";"DF";"UOP06/DF"
197262;2019-03-16;"7";"03:30:00";"SC";101;137,1;"BALNEARIO CAMBORIU";"Falta de Atenção à Condução";"Tombamento";"Com Vítimas Feridas";"Plena Noite";"Decrescente";"Nublado";"Dupla";"Interseção de vias";"Não";1;0;0;1;0;0;1;1;"-27.0157238";"-48.61192763";"SR-SC";"DEL8/4";"UOP03/SC"
197263;2019-03-16;"7";"04:00:00";"ES";259;46;"COLATINA";"Ingestão de Álcool";"Tombamento";"Com Vítimas Feridas";"Plena Noite";"Crescente";"Nublado";"Simples";"Curva";"Não";2;0;0;2;0;0;2;1;"-19.5315965";"-40.58047635";"SR-ES";"DEL12/2";"UOP01/ES"
197264;2019-03-16;"7";"03:30:00";"PR";376;653;"TIJUCAS DO SUL";"Velocidade Incompatível";"Saída de leito carroçável";"Com Vítimas Feridas";"Plena Noite";"Decrescente";"Garoa/Chuvisco";"Dupla";"Curva";"Não";2;0;1;0;1;0;1;1;"-25.84420191";"-49.0604381";"SR-PR";"DEL7/1";"UOP08/PR"
197265;2019-03-16;"7";"03:30:00";"RS";116;254;"SAPUCAIA DO SUL";"Condutor Dormindo";"Saída de leito carroçável";"Com Vítimas Feridas";"Plena Noite";"Decrescente";"Nublado";"Simples";"Reta";"Sim";1;0;1;0;0;0;1;1;"-29.82897308";"-51.1721921";"SR-RS";"DEL9/1";"UOP02/RS"
197266;2019-03-16;"7";"04:55:00";"SC";470;79,6;"RODEIO";"Ingestão de Álcool";"Colisão lateral";"Sem Vítimas";"Plena Noite";"Decrescente";"Nublado";"Simples";"Reta";"Não";3;0;0;0;3;0;0;3;"-26.951565";"-49.306534";"SR-SC";"DEL8/4";"UOP01/SC"
197267;2019-03-16;"7";"04:00:00";"SC";101;104,7;"PENHA";"Ingestão de Álcool";"Queda de ocupante de veículo";"Com Vítimas Feridas";"Plena Noite";"Decrescente";"Nublado";"Simples";"Curva";"Não";1;0;1;0;0;0;1;1;"-26.79281742";"-48.68080819";"SR-SC";"DEL8/3";"UOP02/SC"
197268;2019-03-16;"7";"04:35:00";"PE";101;20;"GOIANA";"Não guardar distância de segurança";"Colisão traseira";"Com Vítimas Fatais";"Plena Noite";"Decrescente";"Céu Claro";"Dupla";"Reta";"Não";7;1;0;1;4;1;1;3;"-7.66042701";"-34.93780401";"SR-PE";"DEL11/1";"UOP02/PE"
197270;2019-03-16;"7";"01:40:00";"MG";116;684,5;"MURIAE";"Velocidade Incompatível";"Saída de leito carroçável";"Com Vítimas Feridas";"Plena Noite";"Decrescente";"Nublado";"Simples";"Reta";"Não";3;0;2;0;1;0;2;1;"-20.97323599";"-42.35516386";"SR-MG";"DEL4/7";"UOP02/MG"
197271;2019-03-16;"7";"04:20:00";"SC";101;204;"SAO JOSE";"Desobediência às normas de trânsito pelo condutor";"Colisão com objeto estático";"Sem Vítimas";"Plena Noite";"Decrescente";"Nublado";"Múltipla";"Reta";"Sim";1;0;0;0;1;0;0;1;"-27.57413014";"-48.61363083";"SR-SC";"DEL8/1";"UOP01/SC"
197272;2019-03-16;"7";"04:50:00";"DF";70;19,1;"BRASILIA";"Velocidade Incompatível";"Saída de leito carroçável";"Sem Vítimas";"Plena Noite";"Crescente";"Nublado";"Dupla";"Desvio Temporário";"Sim";1;0;0;0;0;1;0;1;"-15.788868";"-48.220242";"SR-DF";"DF";"UOP06/DF"
197273;2019-03-16;"7";"04:30:00";"MG";262;381,5;"JUATUBA";"Velocidade Incompatível";"Saída de leito carroçável";"Sem Vítimas";"Plena Noite";"Crescente";"Chuva";"Dupla";"Curva";"Não";1;0;0;0;0;1;0;1;"-19.940622";"-44.386969";"SR-MG";"DEL4/1";"UOP03/MG"
197274;2019-03-15;"6";"18:10:00";"MG";116;575,8;"MANHUACU";"Velocidade Incompatível";"Tombamento";"Com Vítimas Feridas";"Anoitecer";"Crescente";"Nublado";"Simples";"Curva";"Não";1;0;0;1;0;0;1;1;"-20.14598091";"-42.18538333";"SR-MG";"DEL4/6";"UOP04/MG"
197275;2019-03-16;"7";"06:00:00";"PR";277;594;"CASCAVEL";"Ingestão de álcool e/ou substâncias psicoativas pelo pedestre";"Colisão traseira";"Com Vítimas Feridas";"Amanhecer";"Decrescente";"Céu Claro";"Dupla";"Curva";"Não";3;0;0;1;2;0;1;3;"-24.9794792";"-53.49232599";"SR-PR";"DEL7/4";"UOP01/PR"
197276;2019-03-16;"7";"04:00:00";"GO";40;22;"LUZIANIA";"Condutor Dormindo";"Colisão com objeto estático";"Com Vítimas Feridas";"Plena Noite";"Decrescente";"Céu Claro";"Dupla";"Reta";"Sim";1;0;0;1;0;0;1;1;"-16.227484";"-47.914109";"SR-DF";"GO";"UOP01/DF"
197277;2019-03-16;"7";"06:05:00";"MG";381;334,5;"NOVA ERA";"Desobediência às normas de trânsito pelo condutor";"Colisão transversal";"Com Vítimas Feridas";"Pleno dia";"Decrescente";"Garoa/Chuvisco";"Simples";"Interseção de vias";"Não";2;0;1;0;1;0;1;2;"-19.77575851";"-43.04517983";"SR-MG";"DEL4/3";"UOP01/MG"
197278;2019-03-01;"6";"07:20:00";"RS";158;249,7;"JULIO DE CASTILHOS";"Desobediência às normas de trânsito pelo condutor";"Colisão lateral";"Com Vítimas Fatais";"Pleno dia";"Crescente";"Céu Claro";"Simples";"Ponte";"Não";8;1;3;2;2;0;5;4;"-29.11378565";"-53.65064275";"SR-RS";"DEL9/10";"UOP02/RS"
197279;2019-03-16;"7";"05:20:00";"PR";277;632;"CEU AZUL";"Falta de Atenção à Condução";"Saída de leito carroçável";"Sem Vítimas";"Plena Noite";"Decrescente";"Céu Claro";"Dupla";"Reta";"Não";1;0;0;0;1;0;0;1;"-25.12256565";"-53.80997113";"SR-PR";"DEL7/5";"UOP02/PR"
197280;2019-03-16;"7";"06:00:00";"ES";101;67,6;"SAO MATEUS";"Falta de Atenção à Condução";"Queda de ocupante de veículo";"Com Vítimas Feridas";"Pleno dia";"Decrescente";"Céu Claro";"Simples";"Reta";"Sim";1;0;1;0;0;0;1;1;"-18.72054021";"-39.8658931";"SR-ES";"DEL12/4";"UOP02/ES"
197281;2019-03-16;"7";"06:00:00";"PE";101;83;"JABOATAO DOS GUARARAPES";"Falta de Atenção à Condução";"Saída de leito carroçável";"Com Vítimas Feridas";"Pleno dia";"Decrescente";"Céu Claro";"Dupla";"Reta";"Não";2;0;2;0;0;0;2;1;"-8.175172";"-34.942642";"SR-PE";"DEL11/1";"UOP03/PE"
197282;2019-03-16;"7";"06:00:00";"PR";277;99,2;"CURITIBA";"Falta de Atenção do Pedestre";"Atropelamento de Pedestre";"Com Vítimas Feridas";"Amanhecer";"Crescente";"Céu Claro";"Dupla";"Reta";"Sim";2;0;0;1;1;0;1;1;"-25.435001";"-49.365572";"SR-PR";"DEL7/1";"UOP04/PR"
197283;2019-03-16;"7";"04:00:00";"BA";324;513,7;"FEIRA DE SANTANA";"Ingestão de Álcool";"Colisão traseira";"Com Vítimas Feridas";"Plena Noite";"Crescente";"Céu Claro";"Simples";"Reta";"Sim";2;0;1;0;1;0;1;2;"-12.23098007";"-38.96101401";"SR-BA";"DEL10/2";"UOP01/BA"
197284;2019-03-16;"7";"06:55:00";"MG";40;524,5;"CONTAGEM";"Falta de Atenção à Condução";"Atropelamento de Pedestre";"Com Vítimas Feridas";"Pleno dia";"Crescente";"Céu Claro";"Dupla";"Reta";"Sim";2;0;0;1;0;1;1;1;"-19.8754469";"-44.05345586";"SR-MG";"DEL4/1";"UOP03/MG"
197285;2019-03-16;"7";"07:15:00";"PE";101;20,7;"GOIANA";"Falta de Atenção à Condução";"Colisão traseira";"Com Vítimas Feridas";"Pleno dia";"Decrescente";"Céu Claro";"Múltipla";"Reta";"Sim";2;0;1;0;1;0;1;2;"-7.66042701";"-34.93780401";"SR-PE";"DEL11/1";"UOP02/PE"
197286;2019-03-16;"7";"07:05:00";"BA";116;819;"VITORIA DA CONQUISTA";"Velocidade Incompatível";"Tombamento";"Sem Vítimas";"Pleno dia";"Decrescente";"Sol";"Simples";"Viaduto";"Não";1;0;0;0;1;0;0;1;"-14.82844";"-40.82797";"SR-BA";"DEL10/8";"UOP01/BA"
197287;2019-03-16;"7";"06:35:00";"CE";20;408,1;"CAUCAIA";"Velocidade Incompatível";"Colisão traseira";"Com Vítimas Fatais";"Pleno dia";"Crescente";"Chuva";"Dupla";"Não Informado";"Sim";6;1;0;1;3;1;1;2;"-3.78440643";"-38.65611434";"SR-CE";"DEL16/1";"UOP01/CE"
197288;2019-03-16;"7";"06:45:00";"PR";476;124;"CURITIBA";"Falta de Atenção à Condução";"Saída de leito carroçável";"Com Vítimas Feridas";"Pleno dia";"Decrescente";"Garoa/Chuvisco";"Dupla";"Reta";"Sim";1;0;1;0;0;0;1;1;"-25.399845";"-49.215855";"SR-PR";"DEL7/1";"UOP06/PR"
197289;2019-03-16;"7";"07:20:00";"TO";153;608;"CRIXAS DO TOCANTINS";"Falta de Atenção à Condução";"Tombamento";"Com Vítimas Feridas";"Pleno dia";"Crescente";"Céu Claro";"Simples";"Reta";"Não";2;0;1;1;0;0;2;1;"-11.16704503";"-48.92694172";"SR-TO";"UOP01/TO";""
197290;2019-03-16;"7";"06:50:00";"SC";101;158;"PORTO BELO";"Falta de Atenção à Condução";"Colisão traseira";"Sem Vítimas";"Pleno dia";"Decrescente";"Céu Claro";"Dupla";"Reta";"Sim";2;0;0;0;2;0;0;2;"-27.19096301";"-48.61259017";"SR-SC";"DEL8/4";"UOP03/SC"