"id";"data_inversa";"dia_semana";"horario";"uf";"br";"km";"municipio";"causa_acidente";"tipo_acidente";"classificacao_acidente";"fase_dia";"sentido_via";"condicao_metereologica";"tipo_pista";"tracado_via";"uso_solo";"pessoas";"mortos";"feridos_leves";"feridos_graves";"ilesos";"ignorados";"feridos";"veiculos";"latitude";"longitude";"regional";"delegacia";"uop"
197380;2019-03-16;"7";"16:30:00";"SC";101;17;"GARUVA";"Fenômenos da Natureza";"Atropelamento de Pedestre";"Com Vítimas Feridas";"Pleno dia";"Crescente";"Chuva";"Dupla";"Reta";"Não";4;0;2;1;1;0;3;2;"-26.12141519";"-48.88262078";"SR-SC";"DEL8/3";"UOP01/SC"
197381;2019-03-16;"7";"11:00:00";"MA";230;288;"SAMBAIBA";"Falta de Atenção à Condução";"Colisão transversal";"Com Vítimas Feridas";"Pleno dia";"Crescente";"Céu Claro";"Simples";"Curva";"Não";2;0;0;1;0;1;1;2;"-6.89954195";"-45.27901602";"SR-MA";"DEL18/5";"UOP01/MA"
197382;2019-03-16;"7";"17:30:00";"PI";343;533,5;"AMARANTE";"Defeito Mecânico no Veículo";"Incêndio";"Sem Vítimas";"Plena Noite";"Decrescente";"Céu Claro";"Simples";"Reta";"Não";2;0;0;0;2;0;0;1;"-6.47413";"-42.794014";"SR-PI";"DEL17/3";"UOP01/PI"
197383;2019-03-16;"7";"13:20:00";"RJ";40;120;"DUQUE DE CAXIAS";"Defeito Mecânico no Veículo";"Incêndio";"Sem Vítimas";"Pleno dia";"Decrescente";"Garoa/Chuvisco";"Múltipla";"Reta";"Sim";1;0;0;0;1;0;0;1;"-22.77280597";"-43.28626763";"SR-RJ";"DEL5/1";"UOP01/RJ"
197384;2019-03-16;"7";"16:10:00";"SC";101;205;"SAO JOSE";"Falta de Atenção à Condução";"Colisão lateral";"Com Vítimas Feridas";"Pleno dia";"Crescente";"Céu Claro";"Múltipla";"Reta";"Não";2;0;1;0;1;0;1;2;"-27.58313237";"-48.61532885";"SR-SC";"DEL8/1";"UOP01/SC"
197386;2019-02-14;"5";"23:00:00";"PE";101;95;"CABO DE SANTO AGOSTINHO";"Velocidade Incompatível";"Saída de leito carroçável";"Com Vítimas Fatais";"Plena Noite";"Decrescente";"Ignorado";"Dupla";"Reta";"Não";1;1;0;0;0;0;0;1;"-8.2516";"-35.0177";"SR-PE";"DEL11/1";"UOP03/PE"
197387;2019-03-16;"7";"15:55:00";"PR";272;390;"FAROL";"Pista Escorregadia";"Saída de leito carroçável";"Com Vítimas Feridas";"Pleno dia";"Decrescente";"Chuva";"Simples";"Curva";"Não";2;0;2;0;0;0;2;1;"-24.08118154";"-52.60671207";"SR-PR";"DEL7/4";"UOP05/PR"
197388;2019-03-16;"7";"15:00:00";"MG";262;363,5;"JUATUBA";"Falta de Atenção à Condução";"Colisão traseira";"Com Vítimas Feridas";"Pleno dia";"Decrescente";"Céu Claro";"Dupla";"Curva";"Sim";5;0;0;1;1;3;1;2;"-19.98332997";"-44.23572401";"SR-MG";"DEL4/1";"UOP03/MG"
197389;2019-03-16;"7";"15:13:00";"RO";319;47;"PORTO VELHO";"Pista Escorregadia";"Colisão transversal";"Com Vítimas Feridas";"Pleno dia";"Decrescente";"Chuva";"Simples";"Curva";"Não";2;0;1;0;1;0;1;2;"-8.70064393";"-63.99079487";"SR-RO";"DEL21/1";"UOP01/RO"
197390;2019-03-16;"7";"16:40:00";"MT";364;281;"JACIARA";"Falta de Atenção à Condução";"Queda de ocupante de veículo";"Com Vítimas Feridas";"Pleno dia";"Crescente";"Nublado";"Dupla";"Reta";"Não";2;0;2;0;0;0;2;1;"-15.92806293";"-55.02263499";"SR-MT";"DEL2/1";"UOP02/MT"
197391;2019-03-16;"7";"17:10:00";"RS";116;264;"CANOAS";"Não guardar distância de segurança";"Colisão traseira";"Sem Vítimas";"Anoitecer";"Crescente";"Céu Claro";"Múltipla";"Reta";"Sim";2;0;0;0;1;1;0;2;"-29.914435";"-51.17754495";"SR-RS";"DEL9/1";"UOP01/RS"
197392;2019-03-16;"7";"16:30:00";"SP";116;517,8;"CAJATI";"Velocidade Incompatível";"Colisão com objeto estático";"Com Vítimas Feridas";"Pleno dia";"Decrescente";"Chuva";"Simples";"Não Informado";"Não";4;0;1;0;3;0;1;1;"-24.8768469";"-48.22732309";"SR-SP";"DEL6/5";"UOP02/SP"
197393;2019-03-16;"7";"16:50:00";"RJ";40;113,8;"DUQUE DE CAXIAS";"Falta de Atenção à Condução";"Colisão com objeto estático";"Com Vítimas Feridas";"Pleno dia";"Decrescente";"Céu Claro";"Múltipla";"Reta";"Não";1;0;1;0;0;0;1;1;"-22.70948502";"-43.29040354";"SR-RJ";"DEL5/1";"UOP01/RJ"
197394;2019-03-16;"7";"16:30:00";"DF";70;17,2;"BRASILIA";"Falta de Atenção à Condução";"Colisão lateral";"Com Vítimas Feridas";"Pleno dia";"Decrescente";"Céu Claro";"Simples";"Reta";"Não";2;0;1;0;1;0;1;2;"-15.794133";"-48.202095";"SR-DF";"DF";"UOP06/DF"
197395;2019-03-16;"7";"17:30:00";"PR";476;150;"ARAUCARIA";"Falta de Atenção à Condução";"Colisão lateral";"Sem Vítimas";"Anoitecer";"Crescente";"Chuva";"Dupla";"Reta";"Sim";2;0;0;0;2;0;0;2;"-25.558477";"-49.368313";"SR-PR";"DEL7/1";"UOP04/PR"
197396;2019-03-16;"7";"16:50:00";"ES";262;4;"CARIACICA";"Falta de Atenção à Condução";"Colisão transversal";"Com Vítimas Feridas";"Pleno dia";"Crescente";"Nublado";"Múltipla";"Reta";"Sim";2;0;0;1;1;0;1;2;"-20.33609327";"-40.37812784";"SR-ES";"DEL12/1";"UOP01/ES"
197397;2019-03-16;"7";"17:40:00";"PI";343;309,7;"ALTOS";"Falta de Atenção à Condução";"Colisão traseira";"Sem Vítimas";"Anoitecer";"Decrescente";"Céu Claro";"Simples";"Reta";"Sim";2;0;0;0;2;0;0;2;"-5.04012";"-42.476742";"SR-PI";"DEL17/1";"UOP01/PI"
197399;2019-03-16;"7";"16:00:00";"PB";412;127;"MONTEIRO";"Avarias e/ou desgaste excessivo no pneu";"Saída de leito carroçável";"Sem Vítimas";"Pleno dia";"Crescente";"Sol";"Simples";"Reta";"Não";1;0;0;0;1;0;0;1;"-7.780533";"-37.00621";"SR-PB";"DEL14/2";"UOP02/PB"
197400;2019-03-16;"7";"18:40:00";"RJ";101;55;"CAMPOS DOS GOYTACAZES";"Falta de Atenção à Condução";"Colisão com objeto em movimento";"Com Vítimas Feridas";"Plena Noite";"Crescente";"Chuva";"Simples";"Reta";"Não";1;0;1;0;0;0;1;1;"-21.67827099";"-41.31079872";"SR-RJ";"DEL5/8";"UOP01/RJ"
197401;2019-03-16;"7";"17:50:00";"PR";116;172;"QUITANDINHA";"Condutor Dormindo";"Colisão traseira";"Com Vítimas Feridas";"Plena Noite";"Crescente";"Garoa/Chuvisco";"Simples";"Não Informado";"Sim";3;0;2;0;1;0;2;3;"-25.89061595";"-49.51784849";"SR-PR";"DEL7/1";"UOP03/PR"
197402;2019-03-16;"7";"14:30:00";"SC";470;126;"LONTRAS";"Defeito Mecânico no Veículo";"Tombamento";"Com Vítimas Feridas";"Pleno dia";"Decrescente";"Sol";"Simples";"Reta";"Não";2;0;2;0;0;0;2;1;"-27.129";"-49.538277";"SR-SC";"DEL8/4";"UOP02/SC"
197403;2019-03-16;"7";"17:00:00";"SC";470;98,6;"APIUNA";"Falta de Atenção à Condução";"Colisão transversal";"Com Vítimas Feridas";"Pleno dia";"Decrescente";"Sol";"Simples";"Reta";"Sim";3;0;2;0;0;1;2;2;"-27.03600184";"-49.39051149";"SR-SC";"DEL8/4";"UOP01/SC"
197404;2019-03-16;"7";"19:10:00";"SC";470;52,6;"BLUMENAU";"Desobediência às normas de trânsito pelo condutor";"Colisão transversal";"Com Vítimas Feridas";"Plena Noite";"Crescente";"Nublado";"Simples";"Interseção de vias";"Sim";2;0;1;0;1;0;1;2;"-26.86490769";"-49.09925222";"SR-SC";"DEL8/4";"UOP01/SC"
197405;2019-03-16;"7";"18:50:00";"ES";101;289;"CARIACICA";"Ingestão de Álcool";"Colisão transversal";"Sem Vítimas";"Anoitecer";"Crescente";"Céu Claro";"Dupla";"Retorno Regulamentado";"Não";2;0;0;0;2;0;0;2;"-20.28029304";"-40.39302931";"SR-ES";"DEL12/1";"UOP01/ES"
197406;2019-03-16;"7";"17:30:00";"MG";50;174,2;"UBERABA";"Ingestão de Álcool";"Colisão lateral";"Com Vítimas Feridas";"Pleno dia";"Decrescente";"Nublado";"Dupla";"Interseção de vias";"Sim";2;0;1;0;0;1;1;2;"-19.770817";"-47.973434";"SR-MG";"DEL13";"UOP01/MG"
197407;2019-03-16;"7";"17:30:00";"MT";163;837;"SINOP";"Ingestão de Álcool";"Colisão transversal";"Sem Vítimas";"Anoitecer";"Crescente";"Nublado";"Dupla";"Reta";"Sim";2;0;0;0;2;0;0;2;"-11.84672611";"-55.49144358";"SR-MT";"DEL2/6";"UOP02/MT"
197408;2019-03-16;"7";"15:30:00";"RJ";40;3,6;"COMENDADOR LEVY GASPARIAN";"Velocidade Incompatível";"Colisão com objeto estático";"Com Vítimas Feridas";"Pleno dia";"Crescente";"Nublado";"Dupla";"Curva";"Não";2;0;1;0;1;0;1;1;"-22.00844904";"-43.24336605";"SR-RJ";"DEL5/6";"UOP01/RJ"
197409;2019-03-16;"7";"14:00:00";"MT";70;757;"CACERES";"Defeito Mecânico no Veículo";"Saída de leito carroçável";"Com Vítimas Feridas";"Pleno dia";"Crescente";"Céu Claro";"Simples";"Reta";"Não";7;0;7;0;0;0;7;1;"-16.02589695";"-57.73070092";"SR-MT";"DEL2/3";"UOP01/MT"
197410;2019-03-16;"7";"19:10:00";"RJ";393;168;"TRES RIOS";"Desobediência às normas de trânsito pelo condutor";"Colisão transversal";"Com Vítimas Feridas";"Plena Noite";"Crescente";"Céu Claro";"Simples";"Curva";"Não";2;0;1;0;1;0;1;2;"-22.127502";"-43.147022";"SR-RJ";"DEL5/6";"UOP02/RJ"
197411;2019-03-16;"7";"19:00:00";"PI";343;1;"PARNAIBA";"Ingestão de Álcool";"Colisão lateral";"Com Vítimas Feridas";"Plena Noite";"Decrescente";"Nublado";"Simples";"Reta";"Sim";2;0;1;0;1;0;1;2;"-2.890292";"-41.667423";"SR-PI";"DEL17/5";"UOP01/PI"
197412;2019-03-16;"7";"19:10:00";"RS";287;248,9;"SANTA MARIA";"Ingestão de Substâncias Psicoativas";"Queda de ocupante de veículo";"Com Vítimas Feridas";"Plena Noite";"Decrescente";"Nublado";"Simples";"Reta";"Não";2;0;1;0;1;0;1;1;"-29.696018";"-53.850956";"SR-RS";"DEL9/9";"UOP01/RS"
197413;2019-03-16;"7";"17:49:00";"PR";153;14,5;"JACAREZINHO";"Falta de Atenção à Condução";"Tombamento";"Com Vítimas Feridas";"Pleno dia";"Crescente";"Nublado";"Simples";"Reta";"Não";1;0;1;0;0;0;1;1;"-23.11032208";"-49.94221363";"SR-PR";"DEL7/7";"UOP07/PR"
197414;2019-03-16;"7";"19:27:00";"SC";280;52,7;"GUARAMIRIM";"Falta de Atenção à Condução";"Colisão transversal";"Com Vítimas Feridas";"Plena Noite";"Crescente";"Nublado";"Simples";"Reta";"Não";4;0;1;0;3;0;1;3;"-26.47131253";"-48.97142887";"SR-SC";"DEL8/3";"UOP03/SC"
197415;2019-03-16;"7";"17:15:00";"BA";116;929,3;"ENCRUZILHADA";"Falta de Atenção à Condução";"Colisão frontal";"Com Vítimas Fatais";"Pleno dia";"Decrescente";"Céu Claro";"Simples";"Reta";"Não";2;1;0;0;1;0;0;2;"-15.57717073";"-41.27405951";"SR-BA";"DEL10/8";"UOP03/BA"
197416;2019-03-16;"7";"19:20:00";"BA";324;576;"SAO SEBASTIAO DO PASSE";"Mal Súbito";"Queda de ocupante de veículo";"Com Vítimas Feridas";"Plena Noite";"Decrescente";"Céu Claro";"Dupla";"Reta";"Não";1;0;1;0;0;0;1;1;"-12.57834312";"-38.53790009";"SR-BA";"DEL10/1";"UOP01/BA"
197417;2019-03-16;"7";"19:40:00";"SC";101;202;"SAO JOSE";"Falta de Atenção à Condução";"Colisão traseira";"Com Vítimas Feridas";"Plena Noite";"Crescente";"Céu Claro";"Múltipla";"Reta";"Sim";2;0;1;0;1;0;1;2;"-27.55711595";"-48.61897889";"SR-SC";"DEL8/1";"UOP01/SC"
197418;2019-03-16;"7";"19:25:00";"SC";101;214,5;"PALHOCA";"Falta de Atenção à Condução";"Colisão traseira";"Com Vítimas Feridas";"Plena Noite";"Decrescente";"Nublado";"Dupla";"Reta";"Sim";2;0;1;0;1;0;1;2;"-27.64443";"-48.67057";"SR-SC";"DEL8/1";"UOP02/SC"
197419;2019-03-16;"7";"19:11:00";"RJ";101;313;"SAO GONCALO";"Falta de Atenção à Condução";"Colisão lateral";"Com Vítimas Feridas";"Pleno dia";"Decrescente";"Céu Claro";"Dupla";"Reta";"Sim";2;0;1;0;1;0;1;2;"-22.81049093";"-43.06983304";"SR-RJ";"DEL5/2";"UOP02/RJ"
197420;2019-03-16;"7";"12:20:00";"SP";116;119,6;"TAUBATE";"Avarias e/ou desgaste excessivo no pneu";"Queda de ocupante de veículo";"Com Vítimas Feridas";"Pleno dia";"Decrescente";"Sol";"Dupla";"Desvio Temporário";"Não";1;0;1;0;0;0;1;1;"-23.06710044";"-45.63562878";"SR-SP";"DEL6";"UOP02/SP"
197421;2019-03-16;"7";"18:00:00";"SC";153;107;"CONCORDIA";"Ingestão de Álcool";"Saída de leito carroçável";"Sem Vítimas";"Pleno dia";"Crescente";"Nublado";"Simples";"Curva";"Não";1;0;0;0;1;0;0;1;"-27.293026";"-51.975056";"SR-SC";"DEL7";"UOP05/SC"
197422;2019-03-16;"7";"20:00:00";"SP";381;62,7;"MAIRIPORA";"Pista Escorregadia";"Tombamento";"Com Vítimas Feridas";"Plena Noite";"Decrescente";"Chuva";"Dupla";"Não Informado";"Não";1;0;0;1;0;0;1;1;"-23.29925784";"-46.57196921";"SR-SP";"DEL6/3";"UOP02/SP"
197423;2019-03-16;"7";"19:30:00";"PR";376;195,9;"MARIALVA";"Desobediência às normas de trânsito pelo condutor";"Queda de ocupante de veículo";"Com Vítimas Fatais";"Plena Noite";"Decrescente";"Nublado";"Dupla";"Retorno Regulamentado";"Não";5;1;0;0;4;0;0;2;"-23.49796205";"-51.77372722";"SR-PR";"DEL7/7";"UOP04/PR"
197424;2019-03-16;"7";"20:10:00";"RN";101;82,9;"NATAL";"Desobediência às normas de trânsito pelo condutor";"Colisão traseira";"Com Vítimas Feridas";"Plena Noite";"Decrescente";"Chuva";"Dupla";"Reta";"Sim";2;0;1;0;1;0;1;2;"-5.76791511";"-35.27456305";"SR-RN";"DEL15/2";"UOP01/RN"
197425;2019-03-16;"7";"20:20:00";"PE";101;78,5;"RECIFE";"Desobediência às normas de trânsito pelo condutor";"Colisão frontal";"Com Vítimas Feridas";"Plena Noite";"Decrescente";"Céu Claro";"Simples";"Reta";"Sim";2;0;0;1;1;0;1;2;"-8.13496499";"-34.94738614";"SR-PE";"DEL11/1";"UOP01/PE"
197426;2019-03-16;"7";"13:10:00";"SC";280;304,5;"PORTO UNIAO";"Falta de Atenção à Condução";"Colisão transversal";"Com Vítimas Feridas";"Pleno dia";"Decrescente";"Nublado";"Simples";"Reta";"Não";2;0;2;0;0;0;2;2;"-26.27999553";"-51.05063229";"SR-SC";"DEL8/6";"UOP04/SC"
197427;2019-03-16;"7";"20:30:00";"AL";104;91,1;"RIO LARGO";"Ingestão de Álcool";"Colisão transversal";"Com Vítimas Feridas";"Plena Noite";"Decrescente";"Céu Claro";"Dupla";"Reta";"Sim";2;0;1;0;1;0;1;2;"-9.50898856";"-35.80777135";"SR-AL";"DEL13/1";"UOP01/AL"
197428;2019-03-16;"7";"20:30:00";"AL";316;259,6;"PILAR";"Desobediência às normas de trânsito pelo condutor";"Colisão transversal";"Com Vítimas Feridas";"Plena Noite";"Crescente";"Céu Claro";"Simples";"Curva";"Não";2;0;0;1;1;0;1;2;"-9.59173687";"-35.90855598";"SR-AL";"DEL13/2";"UOP01/AL"
197429;2019-03-16;"7";"19:45:00";"ES";101;65,8;"SAO MATEUS";"Falta de Atenção à Condução";"Colisão lateral";"Com Vítimas Feridas";"Plena Noite";"Crescente";"Céu Claro";"Múltipla";"Interseção de vias";"Sim";2;0;1;0;1;0;1;2;"-18.70935945";"-39.87762087";"SR-ES";"DEL12/4";"UOP02/ES"
197430;2019-03-16;"7";"20:00:00";"RS";116;252,7;"SAPUCAIA DO SUL";"Falta de Atenção à Condução";"Colisão traseira";"Com Vítimas Feridas";"Plena Noite";"Decrescente";"Nublado";"Múltipla";"Interseção de vias";"Sim";3;0;2;0;0;1;2;2;"-29.80913395";"-51.1675292";"SR-RS";"DEL9/1";"UOP02/RS"
197431;2019-03-16;"7";"19:20:00";"SE";235;48,9;"ITABAIANA";"Desobediência às normas de trânsito pelo condutor";"Colisão lateral";"Com Vítimas Feridas";"Plena Noite";"Decrescente";"Céu Claro";"Simples";"Reta";"Sim";2;0;1;0;0;1;1;2;"-10.724387";"-37.41708";"SR-SE";"DEL20/1";"UOP02/SE"
197432;2019-03-16;"7";"20:10:00";"SC";280;51;"GUARAMIRIM";"Desobediência às normas de trânsito pelo condutor";"Colisão lateral";"Com Vítimas Feridas";"Plena Noite";"Crescente";"Céu Claro";"Simples";"Reta";"Não";2;0;0;1;1;0;1;2;"-26.46811";"-48.96274388";"SR-SC";"DEL8/3";"UOP03/SC"
197433;2019-03-16;"7";"20:10:00";"MT";364;203;"RONDONOPOLIS";"Falta de Atenção à Condução";"Queda de ocupante de veículo";"Com Vítimas Feridas";"Plena Noite";"Crescente";"Céu Claro";"Dupla";"Reta";"Sim";1;0;1;0;0;0;1;1;"-16.47555256";"-54.65344724";"SR-MT";"DEL2/2";"UOP01/MT"
197434;2019-03-16;"7";"20:30:00";"ES";262;161,2;"IBATIBA";"Defeito Mecânico no Veículo";"Atropelamento de Pedestre";"Com Vítimas Feridas";"Plena Noite";"Decrescente";"Céu Claro";"Simples";"Reta";"Sim";3;0;2;1;0;0;3;1;"-20.23640217";"-41.52254154";"SR-ES";"DEL12/1";"UOP02/ES"
197435;2019-03-16;"7";"19:15:00";"RJ";40;62,7;"PETROPOLIS";"Desobediência às normas de trânsito pelo condutor";"Colisão frontal";"Com Vítimas Feridas";"Plena Noite";"Crescente";"Nublado";"Dupla";"Não Informado";"Sim";3;0;1;0;2;0;1;2;"-22.40542358";"-43.14664526";"SR-RJ";"DEL5/6";"UOP03/RJ"
197436;2019-03-16;"7";"20:15:00";"GO";452;146,5;"BOM JESUS DE GOIAS";"Defeito na Via";"Incêndio";"Sem Vítimas";"Plena Noite";"Crescente";"Céu Claro";"Simples";"Reta";"Não";1;0;0;0;1;0;0;1;"-18.28543012";"-49.61279869";"SR-GO";"DEL1/3";"UOP02/GO"
197437;2019-03-16;"7";"21:10:00";"DF";40;7,5;"BRASILIA";"Falta de Atenção à Condução";"Colisão traseira";"Com Vítimas Feridas";"Plena Noite";"Crescente";"Chuva";"Dupla";"Reta";"Não";2;0;1;0;1;0;1;2;"-16.038666";"-47.979691";"SR-DF";"DF";"UOP01/DF"
197438;2019-03-16;"7";"16:20:00";"MG";365;481;"PATROCINIO";"Pista Escorregadia";"Colisão frontal";"Com Vítimas Fatais";"Pleno dia";"Decrescente";"Chuva";"Simples";"Curva";"Não";3;2;0;0;1;0;0;2;"-18.88974103";"-47.07887601";"SR-MG";"DEL4/10";"UOP01/MG"
197439;2019-03-16;"7";"20:15:00";"MS";163;254,3;"DOURADOS";"Não guardar distância de segurança";"Colisão traseira";"Sem Vítimas";"Plena Noite";"Decrescente";"Céu Claro";"Dupla";"Não Informado";"Sim";4;0;0;0;4;0;0;2;"-22.27184267";"-54.81657129";"SR-MS";"DEL3/4";"UOP01/MS"
197440;2019-03-16;"7";"21:10:00";"SC";101;341;"TUBARAO";"Ingestão de álcool e/ou substâncias psicoativas pelo pedestre";"Saída de leito carroçável";"Sem Vítimas";"Plena Noite";"Decrescente";"Nublado";"Dupla";"Reta";"Não";1;0;0;0;1;0;0;1;"-28.50999405";"-49.05070686";"SR-SC";"DEL8/2";"UOP01/SC"
197441;2019-03-16;"7";"19:25:00";"MT";364;402,9;"CUIABA";"Falta de Atenção à Condução";"Saída de leito carroçável";"Com Vítimas Feridas";"Plena Noite";"Crescente";"Céu Claro";"Simples";"Reta";"Sim";1;0;1;0;0;0;1;1;"-15.66542215";"-55.9624212";"SR-MT";"DEL2/1";"UOP01/MT"
197442;2019-03-16;"7";"21:40:00";"PE";408;71,7;"PAUDALHO";"Desobediência às normas de trânsito pelo condutor";"Colisão lateral";"Sem Vítimas";"Plena Noite";"Crescente";"Céu Claro";"Dupla";"Reta";"Sim";2;0;0;0;2;0;0;2;"-7.87509387";"-35.18571891";"SR-PE";"DEL11/1";"UOP01/PE"
197443;2019-03-16;"7";"19:10:00";"ES";101;200,5;"ARACRUZ";"Ingestão de Álcool";"Colisão lateral";"Sem Vítimas";"Plena Noite";"Crescente";"Nublado";"Simples";"Reta";"Não";2;0;0;0;2;0;0;2;"-19.72573895";"-40.35645808";"SR-ES";"DEL12/4";"UOP01/ES"
197444;2019-03-16;"7";"21:30:00";"DF";60;2;"BRASILIA";"Restrição de Visibilidade";"Atropelamento de Pedestre";"Com Vítimas Feridas";"Plena Noite";"Crescente";"Chuva";"Dupla";"Reta";"Sim";2;0;1;0;1;0;1;1;"-15.887383";"-48.077988";"SR-DF";"DF";"UOP03/DF"
197445;2019-03-16;"7";"17:00:00";"RJ";116;241;"PIRAI";"Ingestão de Álcool";"Saída de leito carroçável";"Sem Vítimas";"Pleno dia";"Crescente";"Nublado";"Simples";"Reta";"Não";2;0;0;0;2;0;0;1;"-22.64242197";"-43.89766093";"SR-RJ";"DEL5/7";"UOP01/RJ"
197446;2019-03-16;"7";"21:00:00";"GO";40;7,5;"LUZIANIA";"Falta de Atenção à Condução";"Colisão lateral";"Com Vítimas Feridas";"Plena Noite";"Decrescente";"Garoa/Chuvisco";"Dupla";"Reta";"Sim";2;0;1;0;1;0;1;2;"-16.108482";"-47.972524";"SR-DF";"GO";"UOP01/DF"
197447;2019-03-16;"7";"19:40:00";"PR";153;42;"SANTO ANTONIO DA PLATINA";"Desobediência às normas de trânsito pelo condutor";"Colisão transversal";"Com Vítimas Feridas";"Plena Noite";"Decrescente";"Céu Claro";"Simples";"Interseção de vias";"Sim";2;0;1;0;1;0;1;2;"-23.29708917";"-50.06844873";"SR-PR";"DEL7/7";"UOP07/PR"
197448;2019-03-16;"7";"19:15:00";"PR";369;21;"CAMBARA";"Ultrapassagem Indevida";"Colisão frontal";"Com Vítimas Fatais";"Plena Noite";"Crescente";"Céu Claro";"Simples";"Reta";"Não";4;1;1;1;1;0;2;2;"-23.03923404";"-50.09046257";"SR-PR";"DEL7/7";"UOP06/PR"
197449;2019-03-16;"7";"18:20:00";"GO";70;3;"AGUAS LINDAS DE GOIAS";"Falta de Atenção à Condução";"Queda de ocupante de veículo";"Com Vítimas Feridas";"Anoitecer";"Crescente";"Chuva";"Dupla";"Reta";"Sim";1;0;1;0;0;0;1;1;"-15.76177302";"-48.2368693";"SR-DF";"GO";"UOP06/DF"
197450;2019-03-16;"7";"21:15:00";"PR";277;72;"SAO JOSE DOS PINHAIS";"Falta de Atenção à Condução";"Colisão com objeto estático";"Sem Vítimas";"Plena Noite";"Decrescente";"Nublado";"Dupla";"Reta";"Não";1;0;0;0;1;0;0;1;"-25.52522628";"-49.09755612";"SR-PR";"DEL7/1";"UOP01/PR"
197451;2019-03-16;"7";"22:40:00";"SP";101;49,9;"UBATUBA";"Falta de Atenção à Condução";"Colisão lateral";"Com Vítimas Feridas";"Pleno dia";"Decrescente";"Chuva";"Simples";"Reta";"Sim";2;0;1;0;0;1;1;2;"-23.44410908";"-45.08375708";"SR-SP";"DEL6";"UOP03/SP"
197452;2019-03-16;"7";"21:30:00";"MS";267;0,3;"BATAGUASSU";"Desobediência às normas de trânsito pelo condutor";"Colisão traseira";"Com Vítimas Feridas";"Plena Noite";"Crescente";"Céu Claro";"Simples";"Reta";"Não";2;0;0;1;1;0;1;2;"-21.7763726";"-52.15639725";"SR-MS";"DEL2";"UOP04/MS"
197453;2019-03-14;"5";"06:30:00";"BA";242;463;"IBITIARA";"Avarias e/ou desgaste excessivo no pneu";"Saída de leito carroçável";"Com Vítimas Feridas";"Pleno dia";"Crescente";"Céu Claro";"Simples";"Curva";"Não";1;0;1;0;0;0;1;1;"-12.4423791";"-42.17379204";"SR-BA";"DEL10/6";"UOP01/BA"
197454;2019-03-16;"7";"21:40:00";"PE";408;71,7;"PAUDALHO";"Desobediência às normas de trânsito pelo condutor";"Colisão frontal";"Sem Vítimas";"Plena Noite";"Crescente";"Céu Claro";"Dupla";"Reta";"Sim";3;0;0;0;1;2;0;2;"-7.87509387";"-35.18571891";"SR-PE";"DEL11/1";"UOP01/PE"
197455;2019-03-16;"7";"21:15:00";"MS";163;307;"DOURADINA";"Ingestão de Álcool";"Colisão traseira";"Com Vítimas Feridas";"Plena Noite";"Crescente";"Céu Claro";"Simples";"Reta";"Não";6;0;4;0;2;0;4;2;"-21.919735";"-54.53499";"SR-MS";"DEL2";"UOP02/MS"
197456;2019-03-16;"7";"22:15:00";"SP";459;8,9;"PIQUETE";"Ultrapassagem Indevida";"Colisão com objeto estático";"Sem Vítimas";"Plena Noite";"Decrescente";"Garoa/Chuvisco";"Simples";"Não Informado";"Não";2;0;0;0;1;1;0;2;"-22.575514";"-45.193367";"SR-SP";"DEL6/8";"UOP03/SP"
197457;2019-03-16;"7";"17:20:00";"GO";60;29,5;"ALEXANIA";"Falta de Atenção à Condução";"Colisão traseira";"Com Vítimas Feridas";"Anoitecer";"Decrescente";"Céu Claro";"Dupla";"Reta";"Não";3;0;1;1;1;0;2;2;"-16.0963";"-48.5202";"SR-DF";"GO";"UOP03/DF"
197458;2019-03-16;"7";"22:10:00";"MA";10;253;"IMPERATRIZ";"Ingestão de Álcool";"Colisão traseira";"Com Vítimas Feridas";"Plena Noite";"Decrescente";"Céu Claro";"Simples";"Reta";"Sim";4;0;2;0;0;2;2;2;"-5.526911";"-47.471455";"SR-MA";"DEL18/4";"UOP01/MA"
197459;2019-03-16;"7";"22:00:00";"RO";364;385,9;"OURO PRETO DO OESTE";"Ingestão de Álcool";"Saída de leito carroçável";"Com Vítimas Feridas";"Plena Noite";"Decrescente";"Nublado";"Simples";"Interseção de vias";"Sim";1;0;1;0;0;0;1;1;"-10.70819012";"-62.25648014";"SR-RO";"DEL21/2";"UOP01/RO"
197460;2019-03-16;"7";"22:00:00";"PE";104;8,9;"TAQUARITINGA DO NORTE";"Defeito Mecânico no Veículo";"Incêndio";"Sem Vítimas";"Plena Noite";"Decrescente";"Céu Claro";"Simples";"Reta";"Não";1;0;0;0;0;1;0;1;"-7.854047";"-36.102032";"SR-PE";"DEL11/2";"UOP01/PE"
197461;2019-03-16;"7";"14:10:00";"SC";282;450,1;"PONTE SERRADA";"Ingestão de Álcool";"Saída de leito carroçável";"Sem Vítimas";"Pleno dia";"Decrescente";"Céu Claro";"Simples";"Reta";"Não";1;0;0;0;1;0;0;1;"-26.919556";"-51.954494";"SR-SC";"DEL7";"UOP05/SC"
197462;2019-03-16;"7";"21:50:00";"PR";376;175,9;"MARINGA";"Falta de Atenção à Condução";"Engavetamento";"Com Vítimas Feridas";"Plena Noite";"Decrescente";"Céu Claro";"Dupla";"Reta";"Sim";4;0;1;0;3;0;1;3;"-23.4113569";"-51.9407767";"SR-PR";"DEL7/7";"UOP04/PR"