"id";"data_inversa";"dia_semana";"horario";"uf";"br";"km";"municipio";"causa_acidente";"tipo_acidente";"classificacao_acidente";"fase_dia";"sentido_via";"condicao_metereologica";"tipo_pista";"tracado_via";"uso_solo";"pessoas";"mortos";"feridos_leves";"feridos_graves";"ilesos";"ignorados";"feridos";"veiculos";"latitude";"longitude";"regional";"delegacia";"uop"
197463;2019-03-16;"7";"22:30:00";"AP";210;3;"MACAPA";"Falta de Atenção à Condução";"Colisão com objeto estático";"Com Vítimas Feridas";"Plena Noite";"Crescente";"Céu Claro";"Múltipla";"Reta";"Sim";2;0;1;0;1;0;1;2;"0.08723365";"-51.08569007";"SR-AP";"UOP01/AP";""
197464;2019-03-16;"7";"23:20:00";"MG";50;65,7;"UBERLANDIA";"Falta de Atenção à Condução";"Colisão traseira";"Com Vítimas Feridas";"Pleno dia";"Crescente";"Nublado";"Dupla";"Não Informado";"Não";3;0;2;0;1;0;2;2;"-18.86223345";"-48.25428531";"SR-MG";"DEL4/15";"UOP02/MG"
197465;2019-03-16;"7";"23:10:00";"PR";369;89,3;"CORNELIO PROCOPIO";"Falta de Atenção à Condução";"Colisão traseira";"Com Vítimas Feridas";"Plena Noite";"Crescente";"Garoa/Chuvisco";"Simples";"Reta";"Sim";2;0;1;0;1;0;1;2;"-23.18958591";"-50.6448859";"SR-PR";"DEL7/7";"UOP06/PR"
197466;2019-03-16;"7";"23:40:00";"MG";262;378;"JUATUBA";"Ingestão de Álcool";"Saída de leito carroçável";"Sem Vítimas";"Plena Noite";"Decrescente";"Chuva";"Dupla";"Não Informado";"Sim";1;0;0;0;1;0;0;1;"-19.93173872";"-44.41580415";"SR-MG";"DEL4/1";"UOP03/MG"
197468;2019-03-16;"7";"20:05:00";"PR";158;536;"PATO BRANCO";"Desobediência às normas de trânsito pelo condutor";"Colisão frontal";"Com Vítimas Feridas";"Plena Noite";"Decrescente";"Garoa/Chuvisco";"Múltipla";"Não Informado";"Sim";4;0;1;0;3;0;1;2;"-26.23826693";"-52.69238234";"SR-PR";"DEL7/2";"UOP01/PR"
197470;2019-03-16;"7";"23:00:00";"PR";158;512,3;"CORONEL VIVIDA";"Ingestão de Álcool";"Colisão traseira";"Sem Vítimas";"Plena Noite";"Crescente";"Garoa/Chuvisco";"Simples";"Curva";"Não";2;0;0;0;1;1;0;2;"-26.05871054";"-52.62790203";"SR-PR";"DEL7/2";"UOP01/PR"
197471;2019-03-17;"1";"00:00:00";"PB";230;88,1;"GURINHEM";"Falta de Atenção à Condução";"Tombamento";"Com Vítimas Feridas";"Plena Noite";"Crescente";"Céu Claro";"Dupla";"Reta";"Não";1;0;0;1;0;0;1;1;"-7.1689";"-35.3743";"SR-PB";"DEL14/1";"UOP02/PB"
197472;2019-03-16;"7";"11:45:00";"PR";369;155;"LONDRINA";"Falta de Atenção à Condução";"Colisão traseira";"Com Vítimas Feridas";"Plena Noite";"Decrescente";"Nublado";"Dupla";"Não Informado";"Sim";3;0;2;0;1;0;2;2;"-23.29496141";"-51.21008453";"SR-PR";"DEL7/7";"UOP01/PR"
197473;2019-03-16;"7";"23:00:00";"RS";470;257,9;"SALVADOR DO SUL";"Falta de Atenção à Condução";"Atropelamento de Pedestre";"Com Vítimas Feridas";"Plena Noite";"Crescente";"Céu Claro";"Simples";"Reta";"Não";3;0;1;1;1;0;2;1;"-29.44071";"-51.50798";"SR-RS";"DEL9/6";"UOP01/RS"
197474;2019-03-17;"1";"00:45:00";"MG";381;607;"OLIVEIRA";"Velocidade Incompatível";"Saída de leito carroçável";"Com Vítimas Feridas";"Plena Noite";"Crescente";"Nublado";"Dupla";"Curva";"Não";1;0;1;0;0;0;1;1;"-20.6851019";"-44.73967015";"SR-MG";"DEL4/4";"UOP01/MG"
197475;2019-03-16;"7";"00:15:00";"BA";415;20;"ILHEUS";"Ingestão de Álcool";"Colisão traseira";"Com Vítimas Feridas";"Plena Noite";"Crescente";"Céu Claro";"Simples";"Reta";"Não";2;0;1;0;1;0;1;2;"-14.8482";"-39.281986";"SR-BA";"DEL10/5";"UOP01/BA"
197476;2019-03-16;"7";"23:50:00";"PB";230;18;"JOAO PESSOA";"Ingestão de Álcool";"Colisão traseira";"Sem Vítimas";"Plena Noite";"Decrescente";"Céu Claro";"Dupla";"Não Informado";"Sim";2;0;0;0;2;0;0;2;"-7.1198";"-34.8453";"SR-PB";"DEL14/1";"UOP00/PB"
197477;2019-03-17;"1";"01:45:00";"SC";101;138,8;"BALNEARIO CAMBORIU";"Animais na Pista";"Tombamento";"Com Vítimas Feridas";"Plena Noite";"Crescente";"Nublado";"Dupla";"Reta";"Sim";1;0;1;0;0;0;1;1;"-27.02397426";"-48.60761649";"SR-SC";"DEL8/4";"UOP03/SC"
197478;2019-03-17;"1";"00:45:00";"PR";369;201,8;"APUCARANA";"Falta de Atenção à Condução";"Colisão transversal";"Com Vítimas Feridas";"Plena Noite";"Decrescente";"Vento";"Simples";"Não Informado";"Não";2;0;1;0;1;0;1;2;"-23.53973375";"-51.45737529";"SR-PR";"DEL7/7";"UOP03/PR"
197479;2019-03-16;"7";"21:35:00";"MG";116;633,9;"DIVINO";"Avarias e/ou desgaste excessivo no pneu";"Colisão com objeto estático";"Com Vítimas Feridas";"Plena Noite";"Crescente";"Chuva";"Simples";"Ponte";"Não";1;0;1;0;0;0;1;1;"-20.61019609";"-42.21031063";"SR-MG";"DEL4/7";"UOP03/MG"
197480;2019-03-16;"7";"22:25:00";"PR";476;283,6;"SAO MATEUS DO SUL";"Falta de Atenção à Condução";"Colisão transversal";"Com Vítimas Fatais";"Plena Noite";"Decrescente";"Nublado";"Simples";"Reta";"Não";4;2;1;1;0;0;2;2;"-25.891396";"-50.435032";"SR-PR";"DEL7/2";"UOP03/PR"
197481;2019-03-16;"7";"21:05:00";"PR";476;198,5;"LAPA";"Desobediência às normas de trânsito pelo condutor";"Colisão frontal";"Sem Vítimas";"Plena Noite";"Crescente";"Nublado";"Simples";"Curva";"Não";2;0;0;0;1;1;0;2;"-25.765606";"-49.73917";"SR-PR";"DEL7/1";"UOP04/PR"
197482;2019-03-17;"1";"01:25:00";"RS";116;297,2;"GUAIBA";"Velocidade Incompatível";"Saída de leito carroçável";"Com Vítimas Feridas";"Plena Noite";"Crescente";"Céu Claro";"Múltipla";"Reta";"Não";3;0;0;2;1;0;2;2;"-30.09753097";"-51.34302937";"SR-RS";"DEL9/2";"UOP01/RS"
197483;2019-03-16;"7";"21:50:00";"PA";230;112;"MARABA";"Ingestão de Álcool";"Capotamento";"Sem Vítimas";"Plena Noite";"Crescente";"Chuva";"Simples";"Interseção de vias";"Não";3;0;0;0;3;0;0;3;"-5.36913479";"-49.04877095";"SR-PA";"DEL19/3";"UOP01/PA"
197484;2019-03-17;"1";"00:40:00";"RS";116;266;"CANOAS";"Desobediência às normas de trânsito pelo condutor";"Saída de leito carroçável";"Sem Vítimas";"Plena Noite";"Crescente";"Céu Claro";"Simples";"Reta";"Sim";3;0;0;0;3;0;0;1;"-29.93242399";"-51.17742077";"SR-RS";"DEL9/1";"UOP01/RS"
197485;2019-03-17;"1";"01:00:00";"BA";242;801,9;"BARREIRAS";"Falta de Atenção à Condução";"Saída de leito carroçável";"Com Vítimas Feridas";"Plena Noite";"Crescente";"Chuva";"Simples";"Curva";"Não";1;0;1;0;0;0;1;1;"-12.14355725";"-44.88395691";"SR-BA";"DEL10/10";"UOP01/BA"
197486;2019-03-16;"7";"22:30:00";"RS";386;35,2;"FREDERICO WESTPHALEN";"Falta de Atenção do Pedestre";"Atropelamento de Pedestre";"Com Vítimas Fatais";"Plena Noite";"Crescente";"Garoa/Chuvisco";"Simples";"Reta";"Sim";3;1;0;0;0;2;0;1;"-27.36789469";"-53.39744741";"SR-RS";"DEL08";"UOP02/RS"
197487;2019-03-17;"1";"02:15:00";"MG";381;493,7;"BETIM";"Ingestão de álcool e/ou substâncias psicoativas pelo pedestre";"Atropelamento de Pedestre";"Com Vítimas Feridas";"Plena Noite";"Decrescente";"Chuva";"Múltipla";"Reta";"Sim";2;0;1;0;1;0;1;2;"-19.97670801";"-44.19962698";"SR-MG";"DEL4/1";"UOP03/MG"
197488;2019-03-17;"1";"00:40:00";"SC";282;503,7;"XANXERE";"Velocidade Incompatível";"Colisão com objeto estático";"Sem Vítimas";"Plena Noite";"Decrescente";"Céu Claro";"Dupla";"Não Informado";"Sim";1;0;0;0;0;1;0;1;"-26.88247854";"-52.40403414";"SR-SC";"DEL7";"UOP01/SC"
197489;2019-03-17;"1";"02:40:00";"PE";424;69;"CAETES";"Ingestão de Álcool";"Colisão lateral";"Sem Vítimas";"Plena Noite";"Crescente";"Céu Claro";"Simples";"Reta";"Sim";2;0;0;0;2;0;0;2;"-8.7760952";"-36.624982";"SR-PE";"DEL11/3";"UOP01/PE"
197490;2019-03-16;"7";"23:10:00";"RS";293;225;"DOM PEDRITO";"Ingestão de Álcool";"Saída de leito carroçável";"Sem Vítimas";"Plena Noite";"Crescente";"Céu Claro";"Simples";"Reta";"Não";1;0;0;0;1;0;0;1;"-31.09730675";"-54.4496479";"SR-RS";"DEL9/11";"UOP03/RS"
197491;2019-03-17;"1";"02:20:00";"RJ";116;171,4;"RIO DE JANEIRO";"Ingestão de Álcool";"Colisão traseira";"Sem Vítimas";"Plena Noite";"Crescente";"Nublado";"Múltipla";"Reta";"Sim";2;0;0;0;2;0;0;2;"-22.8060415";"-43.34289573";"SR-RJ";"DEL5/1";"UOP02/RJ"
197492;2019-03-17;"1";"02:30:00";"PR";277;456,8;"LARANJEIRAS DO SUL";"Ingestão de Álcool";"Capotamento";"Com Vítimas Feridas";"Plena Noite";"Decrescente";"Chuva";"Simples";"Reta";"Sim";2;0;0;2;0;0;2;1;"-25.38422297";"-52.426931";"SR-PR";"DEL7/4";"UOP03/PR"
197493;2019-03-17;"1";"01:00:00";"ES";101;167,8;"LINHARES";"Ingestão de Álcool";"Colisão traseira";"Com Vítimas Feridas";"Plena Noite";"Decrescente";"Céu Claro";"Simples";"Reta";"Não";4;0;1;0;3;0;1;2;"-19.53692226";"-40.15937112";"SR-ES";"DEL12/4";"UOP01/ES"
197494;2019-03-17;"1";"02:15:00";"SC";470;142,6;"RIO DO SUL";"Desobediência às normas de trânsito pelo condutor";"Colisão frontal";"Com Vítimas Feridas";"Plena Noite";"Crescente";"Nublado";"Simples";"Não Informado";"Sim";2;0;0;1;1;0;1;2;"-27.229801";"-49.6693";"SR-SC";"DEL8/4";"UOP02/SC"
197495;2019-03-17;"1";"03:20:00";"MG";262;840,5;"UBERABA";"Condutor Dormindo";"Saída de leito carroçável";"Sem Vítimas";"Plena Noite";"Crescente";"Céu Claro";"Dupla";"Curva";"Não";1;0;0;0;1;0;0;1;"-19.756789";"-48.252901";"SR-MG";"DEL13";"UOP01/MG"
197496;2019-03-17;"1";"04:25:00";"PI";316;316,6;"PICOS";"Não guardar distância de segurança";"Colisão traseira";"Com Vítimas Fatais";"Plena Noite";"Crescente";"Nublado";"Simples";"Reta";"Sim";1;1;0;0;0;0;0;1;"-7.08133721";"-41.42347604";"SR-PI";"DEL17/4";"UOP01/PI"
197497;2019-03-17;"1";"03:29:00";"BA";101;1,3;"RIO REAL";"Falta de Atenção à Condução";"Colisão lateral";"Sem Vítimas";"Plena Noite";"Crescente";"Céu Claro";"Simples";"Reta";"Não";3;0;0;0;3;0;0;2;"-11.54423305";"-37.86395083";"SR-SE";"DEL20/2";"UOP03/SE"
197498;2019-03-17;"1";"04:40:00";"MG";381;499,6;"BETIM";"Defeito Mecânico no Veículo";"Colisão com objeto estático";"Sem Vítimas";"Amanhecer";"Decrescente";"Céu Claro";"Dupla";"Reta";"Não";3;0;0;0;3;0;0;2;"-20.01792651";"-44.2261448";"SR-MG";"DEL4/1";"UOP03/MG"
197499;2019-03-17;"1";"04:25:00";"SP";116;1;"GUARULHOS";"Falta de Atenção à Condução";"Colisão com objeto estático";"Sem Vítimas";"Pleno dia";"Decrescente";"Céu Claro";"Dupla";"Curva";"Não";1;0;0;0;1;0;0;1;"-23.46211667";"-46.49188757";"SR-SP";"DEL6/1";"UOP01/SP"
197500;2019-03-17;"1";"04:50:00";"SP";116;214;"GUARULHOS";"Ingestão de Álcool";"Tombamento";"Com Vítimas Feridas";"Amanhecer";"Decrescente";"Nublado";"Múltipla";"Reta";"Sim";1;0;1;0;0;0;1;1;"-23.44333014";"-46.44531294";"SR-SP";"DEL6/1";"UOP01/SP"
197501;2019-03-16;"7";"16:50:00";"PB";230;163;"CAMPINA GRANDE";"Desobediência às normas de trânsito pelo condutor";"Colisão lateral";"Com Vítimas Feridas";"Anoitecer";"Crescente";"Céu Claro";"Simples";"Não Informado";"Não";2;0;1;0;1;0;1;2;"-7.2198";"-35.9443";"SR-PB";"DEL14/2";"UOP01/PB"
197502;2019-03-17;"1";"05:00:00";"MG";381;481,8;"CONTAGEM";"Falta de Atenção à Condução";"Colisão traseira";"Com Vítimas Feridas";"Pleno dia";"Decrescente";"Chuva";"Múltipla";"Reta";"Sim";4;0;3;0;1;0;3;2;"-19.95931561";"-44.08825597";"SR-MG";"DEL4/1";"UOP03/MG"
197503;2019-03-17;"1";"02:30:00";"AC";364;315;"SENA MADUREIRA";"Desobediência às normas de trânsito pelo condutor";"Queda de ocupante de veículo";"Sem Vítimas";"Plena Noite";"Crescente";"Ignorado";"Simples";"Reta";"Não";2;0;0;0;0;2;0;1;"-8.97226355";"-69.02687691";"SR-AC";"UOP01/AC";""
197504;2019-03-17;"1";"05:30:00";"PR";277;185;"PALMEIRA";"Falta de Atenção à Condução";"Capotamento";"Com Vítimas Feridas";"Plena Noite";"Decrescente";"Ignorado";"Simples";"Curva";"Não";2;0;2;0;0;0;2;1;"-25.42863996";"-50.06617998";"SR-PR";"DEL7/3";"UOP04/PR"
197505;2019-03-17;"1";"05:30:00";"SP";116;101,2;"PINDAMONHANGABA";"Falta de Atenção à Condução";"Colisão traseira";"Com Vítimas Feridas";"Amanhecer";"Decrescente";"Céu Claro";"Dupla";"Não Informado";"Não";2;0;1;0;0;1;1;2;"-22.99074204";"-45.48115098";"SR-SP";"DEL6";"UOP01/SP"
197506;2019-03-17;"1";"05:00:00";"MS";262;455,5;"DOIS IRMAOS DO BURITI";"Animais na Pista";"Atropelamento de Animal";"Com Vítimas Feridas";"Amanhecer";"Decrescente";"Céu Claro";"Simples";"Não Informado";"Não";2;0;2;0;0;0;2;1;"-20.5591551";"-55.500815";"SR-MS";"DEL3/3";"UOP01/MS"
197507;2019-03-17;"1";"03:40:00";"BA";330;817,6;"UBAITABA";"Animais na Pista";"Atropelamento de Animal";"Com Vítimas Feridas";"Plena Noite";"Crescente";"Céu Claro";"Simples";"Reta";"Não";1;0;1;0;0;0;1;1;"-14.250936";"-39.356629";"SR-BA";"DEL10/5";"UOP01/BA"
197508;2019-03-17;"1";"05:35:00";"DF";20;35;"BRASILIA";"Falta de Atenção à Condução";"Colisão traseira";"Com Vítimas Feridas";"Amanhecer";"Crescente";"Garoa/Chuvisco";"Dupla";"Reta";"Não";7;0;3;0;4;0;3;2;"-15.582146";"-47.559162";"SR-DF";"DF";"UOP04/DF"
197509;2019-03-16;"7";"18:30:00";"PB";230;214,5;"SOLEDADE";"Falta de Atenção do Pedestre";"Atropelamento de Pedestre";"Com Vítimas Feridas";"Plena Noite";"Crescente";"Céu Claro";"Simples";"Reta";"Sim";2;0;0;1;0;1;1;1;"-7.0622";"-36.3543";"SR-PB";"DEL14/2";"UOP02/PB"
197510;2019-03-17;"1";"05:20:00";"SC";280;51;"GUARAMIRIM";"Falta de Atenção à Condução";"Saída de leito carroçável";"Com Vítimas Feridas";"Plena Noite";"Crescente";"Céu Claro";"Simples";"Reta";"Não";2;0;1;0;1;0;1;1;"-26.46696986";"-48.9595556";"SR-SC";"DEL8/3";"UOP03/SC"
197511;2019-03-17;"1";"04:15:00";"ES";482;92;"ALEGRE";"Ingestão de álcool e/ou substâncias psicoativas pelo pedestre";"Saída de leito carroçável";"Sem Vítimas";"Plena Noite";"Crescente";"Céu Claro";"Simples";"Curva";"Não";1;0;0;0;1;0;0;1;"-20.76137458";"-41.58094928";"SR-ES";"DEL12/3";"UOP02/ES"
197512;2019-03-17;"1";"05:30:00";"RJ";101;300;"SAO GONCALO";"Falta de Atenção à Condução";"Colisão com objeto estático";"Com Vítimas Feridas";"Amanhecer";"Crescente";"Céu Claro";"Dupla";"Reta";"Sim";3;0;1;1;1;0;2;1;"-22.77645713";"-42.94783697";"SR-RJ";"DEL5/2";"UOP02/RJ"
197513;2019-03-16;"7";"23:40:00";"MG";116;528,6;"CARATINGA";"Ingestão de Álcool";"Saída de leito carroçável";"Com Vítimas Feridas";"Plena Noite";"Crescente";"Nublado";"Simples";"Não Informado";"Sim";1;0;1;0;0;0;1;1;"-19.78617";"-42.135133";"SR-MG";"DEL4/6";"UOP02/MG"
197514;2019-03-17;"1";"06:50:00";"GO";153;496;"GOIANIA";"Não guardar distância de segurança";"Colisão lateral";"Com Vítimas Feridas";"Pleno dia";"Decrescente";"Céu Claro";"Dupla";"Reta";"Sim";4;0;2;0;1;1;2;2;"-16.6776";"-49.2314";"SR-GO";"DEL1/1";"UOP01/GO"
197515;2019-03-17;"1";"03:30:00";"MG";116;702,6;"MURIAE";"Condutor Dormindo";"Colisão lateral";"Com Vítimas Feridas";"Plena Noite";"Crescente";"Ignorado";"Simples";"Curva";"Sim";3;0;2;0;1;0;2;2;"-21.11938311";"-42.38006362";"SR-MG";"DEL4/7";"UOP02/MG"
197516;2019-03-17;"1";"06:00:00";"MG";116;302;"ITAMBACURI";"Falta de Atenção à Condução";"Colisão transversal";"Com Vítimas Feridas";"Pleno dia";"Decrescente";"Céu Claro";"Simples";"Curva";"Não";2;0;1;0;0;1;1;2;"-18.01809416";"-41.63418999";"SR-MG";"DEL4/11";"UOP01/MG"
197517;2019-03-17;"1";"00:12:00";"MG";116;411;"GOVERNADOR VALADARES";"Desobediência às normas de trânsito pelo condutor";"Colisão transversal";"Com Vítimas Feridas";"Plena Noite";"Decrescente";"Céu Claro";"Múltipla";"Reta";"Sim";1;0;1;0;0;0;1;1;"-18.86244705";"-41.97405237";"SR-MG";"DEL4/6";"UOP01/MG"
197518;2019-03-17;"1";"06:00:00";"PR";476;135,4;"CURITIBA";"Falta de Atenção à Condução";"Colisão com objeto estático";"Com Vítimas Feridas";"Pleno dia";"Crescente";"Céu Claro";"Múltipla";"Reta";"Sim";2;0;1;0;1;0;1;1;"-25.48825847";"-49.26945448";"SR-PR";"DEL7/1";"UOP06/PR"
197520;2019-03-17;"1";"02:00:00";"SP";116;172,8;"JACAREI";"Ingestão de Álcool";"Colisão com objeto estático";"Com Vítimas Feridas";"Plena Noite";"Crescente";"Céu Claro";"Simples";"Curva";"Não";1;0;1;0;0;0;1;1;"-23.31527532";"-46.07231796";"SR-SP";"DEL6/2";"UOP01/SP"
197521;2019-03-17;"1";"05:30:00";"RR";174;495;"BOA VISTA";"Falta de Atenção do Pedestre";"Atropelamento de Pedestre";"Com Vítimas Fatais";"Amanhecer";"Decrescente";"Céu Claro";"Dupla";"Reta";"Sim";2;2;0;0;0;0;0;1;"2.75547561";"-60.73561907";"SR-RR";"UOP01/RR";""
197522;2019-03-17;"1";"07:30:00";"BA";324;513;"FEIRA DE SANTANA";"Desobediência às normas de trânsito pelo condutor";"Colisão transversal";"Com Vítimas Feridas";"Pleno dia";"Crescente";"Céu Claro";"Simples";"Reta";"Sim";3;0;2;0;1;0;2;2;"-12.23098007";"-38.96101401";"SR-BA";"DEL10/2";"UOP01/BA"
197523;2019-03-17;"1";"03:15:00";"MA";402;48,4;"MORROS";"Animais na Pista";"Atropelamento de Animal";"Com Vítimas Fatais";"Plena Noite";"Crescente";"Ignorado";"Simples";"Reta";"Não";1;1;0;0;0;0;0;1;"-2.85386977";"-43.95083785";"SR-MA";"DEL18/1";"UOP01/MA"
197524;2019-03-17;"1";"07:30:00";"PR";376;161;"MARINGA";"Ingestão de Álcool";"Colisão traseira";"Com Vítimas Feridas";"Pleno dia";"Crescente";"Céu Claro";"Dupla";"Reta";"Sim";8;0;7;0;1;0;7;2;"-23.37281665";"-52.05547485";"SR-PR";"DEL7/7";"UOP04/PR"
197525;2019-03-17;"1";"07:30:00";"PR";476;125;"CURITIBA";"Mal Súbito";"Queda de ocupante de veículo";"Com Vítimas Feridas";"Pleno dia";"Decrescente";"Céu Claro";"Dupla";"Reta";"Sim";1;0;0;1;0;0;1;1;"-25.4083";"-49.219658";"SR-PR";"DEL7/1";"UOP06/PR"
197526;2019-03-17;"1";"07:20:00";"AL";101;211,3;"SAO SEBASTIAO";"Fenômenos da Natureza";"Capotamento";"Com Vítimas Feridas";"Pleno dia";"Crescente";"Chuva";"Simples";"Reta";"Não";3;0;1;0;2;0;1;1;"-10.01079526";"-36.61367881";"SR-AL";"DEL13/2";"UOP02/AL"
197527;2019-03-17;"1";"07:35:00";"RS";116;298,4;"GUAIBA";"Falta de Atenção à Condução";"Saída de leito carroçável";"Com Vítimas Feridas";"Pleno dia";"Crescente";"Nublado";"Dupla";"Reta";"Não";2;0;1;0;1;0;1;1;"-30.10644302";"-51.34381389";"SR-RS";"DEL9/2";"UOP01/RS"
197528;2019-03-14;"5";"08:40:00";"RJ";116;130;"MAGE";"Desobediência às normas de trânsito pelo condutor";"Colisão traseira";"Com Vítimas Feridas";"Pleno dia";"Crescente";"Sol";"Dupla";"Reta";"Não";2;0;1;0;1;0;1;2;"-22.65949914";"-43.11671944";"SR-RJ";"DEL5/4";"UOP02/RJ"
197529;2019-03-17;"1";"08:30:00";"AL";101;101,3;"PILAR";"Falta de Atenção à Condução";"Colisão lateral";"Com Vítimas Feridas";"Pleno dia";"Decrescente";"Céu Claro";"Simples";"Rotatória";"Sim";3;0;1;0;0;2;1;2;"-9.56416014";"-35.96916436";"SR-AL";"DEL13/1";"UOP01/AL"
197530;2019-03-17;"1";"07:30:00";"MG";116;777,6;"LEOPOLDINA";"Velocidade Incompatível";"Tombamento";"Com Vítimas Feridas";"Amanhecer";"Crescente";"Céu Claro";"Simples";"Reta";"Não";1;0;1;0;0;0;1;1;"-21.60159985";"-42.69912624";"SR-MG";"DEL4/7";"UOP01/MG"
197531;2019-03-17;"1";"08:40:00";"MG";381;345;"BELA VISTA DE MINAS";"Pista Escorregadia";"Capotamento";"Com Vítimas Feridas";"Amanhecer";"Crescente";"Nublado";"Simples";"Curva";"Não";2;0;1;1;0;0;2;1;"-19.86363214";"-43.12254285";"SR-MG";"DEL4/3";"UOP01/MG"
197533;2019-03-17;"1";"08:00:00";"PE";101;91,9;"CABO DE SANTO AGOSTINHO";"Velocidade Incompatível";"Colisão traseira";"Com Vítimas Feridas";"Pleno dia";"Crescente";"Céu Claro";"Dupla";"Reta";"Sim";2;0;0;1;1;0;1;2;"-8.22399812";"-34.99290474";"SR-PE";"DEL11/1";"UOP03/PE"
197534;2019-03-17;"1";"08:05:00";"AP";210;4;"MACAPA";"Desobediência às normas de trânsito pelo condutor";"Atropelamento de Pedestre";"Com Vítimas Feridas";"Pleno dia";"Crescente";"Céu Claro";"Simples";"Reta";"Não";2;0;1;0;1;0;1;1;"0.08824228";"-51.09472897";"SR-AP";"UOP01/AP";""
197535;2019-03-17;"1";"08:35:00";"MG";381;859,4;"POUSO ALEGRE";"Falta de Atenção à Condução";"Colisão traseira";"Sem Vítimas";"Pleno dia";"Crescente";"Céu Claro";"Dupla";"Reta";"Não";5;0;0;0;3;2;0;2;"-22.31698007";"-45.90522408";"SR-MG";"DEL09";"UOP01/MG"
197536;2019-03-17;"1";"07:00:00";"SC";101;297,7;"IMBITUBA";"Condutor Dormindo";"Saída de leito carroçável";"Com Vítimas Feridas";"Pleno dia";"Decrescente";"Nublado";"Dupla";"Curva";"Sim";2;0;0;1;0;1;1;1;"-28.31353989";"-48.7240982";"SR-SC";"DEL8/2";"UOP03/SC"
197537;2019-03-17;"1";"09:30:00";"RS";116;320,4;"BARRA DO RIBEIRO";"Agressão Externa";"Saída de leito carroçável";"Com Vítimas Feridas";"Pleno dia";"Decrescente";"Garoa/Chuvisco";"Simples";"Túnel";"Não";1;0;0;1;0;0;1;1;"-30.29045475";"-51.41549773";"SR-RS";"DEL9/2";"UOP01/RS"
197538;2019-03-17;"1";"10:00:00";"RS";290;91,5;"PORTO ALEGRE";"Não guardar distância de segurança";"Colisão com objeto estático";"Sem Vítimas";"Pleno dia";"Decrescente";"Céu Claro";"Dupla";"Reta";"Sim";3;0;0;0;3;0;0;1;"-29.969055";"-51.167439";"SR-RS";"DEL9/1";"UOP01/RS"
197539;2019-03-17;"1";"10:10:00";"BA";101;385;"IBIRAPITANGA";"Velocidade Incompatível";"Tombamento";"Com Vítimas Feridas";"Pleno dia";"Crescente";"Céu Claro";"Simples";"Curva";"Não";1;0;1;0;0;0;1;1;"-14.00704057";"-39.44548763";"SR-BA";"DEL10/5";"UOP03/BA"
197540;2019-03-14;"5";"07:28:00";"SC";280;184;"MAFRA";"Defeito Mecânico no Veículo";"Queda de ocupante de veículo";"Com Vítimas Feridas";"Pleno dia";"Decrescente";"Nublado";"Simples";"Reta";"Não";1;0;1;0;0;0;1;1;"-26.17398791";"-49.92590299";"SR-SC";"DEL8/6";"UOP01/SC"
197541;2019-03-17;"1";"07:40:00";"SC";470;172;"POUSO REDONDO";"Falta de Atenção à Condução";"Saída de leito carroçável";"Com Vítimas Feridas";"Pleno dia";"Decrescente";"Garoa/Chuvisco";"Simples";"Rotatória";"Não";1;0;1;0;0;0;1;1;"-27.257526";"-49.909592";"SR-SC";"DEL8/4";"UOP02/SC"
197542;2019-03-17;"1";"08:30:00";"PA";222;240;"MARABA";"Carga excessiva e/ou mal acondicionada";"Tombamento";"Sem Vítimas";"Pleno dia";"Decrescente";"Céu Claro";"Dupla";"Curva";"Não";1;0;0;0;1;0;0;1;"-5.322347";"-49.084007";"SR-PA";"DEL19/3";"UOP01/PA"
197543;2019-03-17;"1";"07:30:00";"RJ";354;18;"RESENDE";"Falta de Atenção à Condução";"Tombamento";"Com Vítimas Feridas";"Pleno dia";"Decrescente";"Nublado";"Simples";"Curva";"Não";1;0;1;0;0;0;1;1;"-22.465595";"-44.716988";"SR-RJ";"DEL5/7";"UOP03/RJ"
197544;2019-03-17;"1";"08:50:00";"SC";101;182;"BIGUACU";"Avarias e/ou desgaste excessivo no pneu";"Saída de leito carroçável";"Sem Vítimas";"Pleno dia";"Crescente";"Chuva";"Dupla";"Reta";"Sim";2;0;0;0;2;0;0;1;"-27.39798985";"-48.6303592";"SR-SC";"DEL8/1";"UOP01/SC"
197545;2019-03-17;"1";"10:00:00";"PE";101;89,5;"CABO DE SANTO AGOSTINHO";"Animais na Pista";"Colisão com objeto em movimento";"Com Vítimas Feridas";"Pleno dia";"Crescente";"Céu Claro";"Dupla";"Viaduto";"Não";4;0;1;0;0;3;1;2;"-8.20760697";"-34.98372005";"SR-PE";"DEL11/1";"UOP03/PE"
197547;2019-03-17;"1";"10:20:00";"GO";60;391;"RIO VERDE";"Defeito Mecânico no Veículo";"Colisão lateral";"Com Vítimas Feridas";"Pleno dia";"Decrescente";"Nublado";"Dupla";"Desvio Temporário";"Não";5;0;1;0;4;0;1;2;"-17.8252";"-50.9624";"SR-GO";"DEL1/4";"UOP01/GO"
197548;2019-03-17;"1";"10:30:00";"SC";282;51,2;"RANCHO QUEIMADO";"Pista Escorregadia";"Capotamento";"Com Vítimas Feridas";"Pleno dia";"Crescente";"Garoa/Chuvisco";"Simples";"Desvio Temporário";"Não";2;0;2;0;0;0;2;1;"-27.703712";"-48.959267";"SR-SC";"DEL8/1";"UOP03/SC"