"id";"data_inversa";"dia_semana";"horario";"uf";"br";"km";"municipio";"causa_acidente";"tipo_acidente";"classificacao_acidente";"fase_dia";"sentido_via";"condicao_metereologica";"tipo_pista";"tracado_via";"uso_solo";"pessoas";"mortos";"feridos_leves";"feridos_graves";"ilesos";"ignorados";"feridos";"veiculos";"latitude";"longitude";"regional";"delegacia";"uop"
197643;2019-03-17;"1";"20:45:00";"PE";423;86,2;"SAO JOAO";"Animais na Pista";"Atropelamento de Animal";"Sem Vítimas";"Plena Noite";"Crescente";"Céu Claro";"Simples";"Reta";"Não";5;0;0;0;5;0;0;1;"-8.81401714";"-36.4452687";"SR-PE";"DEL11/3";"UOP01/PE"
197644;2019-03-17;"1";"20:15:00";"BA";324;587;"CANDEIAS";"Falta de Atenção à Condução";"Saída de leito carroçável";"Com Vítimas Feridas";"Plena Noite";"Crescente";"Nublado";"Dupla";"Reta";"Não";5;0;4;1;0;0;5;1;"-12.64715411";"-38.47504041";"SR-BA";"DEL10/1";"UOP01/BA"
197645;2019-03-17;"1";"16:30:00";"PB";104;135,6;"QUEIMADAS";"Ingestão de Álcool";"Colisão traseira";"Com Vítimas Feridas";"Pleno dia";"Decrescente";"Céu Claro";"Simples";"Reta";"Não";2;0;0;1;1;0;1;2;"-7.33449509";"-35.89813347";"SR-PB";"DEL14/2";"UOP03/PB"
197646;2019-03-17;"1";"20:15:00";"SC";101;211,6;"PALHOCA";"Ingestão de Álcool";"Saída de leito carroçável";"Sem Vítimas";"Plena Noite";"Crescente";"Céu Claro";"Múltipla";"Reta";"Sim";1;0;0;0;0;1;0;1;"-27.71552634";"-48.64881251";"SR-SC";"DEL8/1";"UOP02/SC"
197647;2019-03-17;"1";"21:00:00";"ES";101;341,5;"GUARAPARI";"Condutor Dormindo";"Colisão lateral";"Com Vítimas Feridas";"Plena Noite";"Crescente";"Céu Claro";"Simples";"Reta";"Não";2;0;0;1;1;0;1;2;"-20.65278033";"-40.57410974";"SR-ES";"DEL12/3";"UOP01/ES"
197648;2019-03-17;"1";"21:30:00";"RN";101;95,5;"NATAL";"Falta de Atenção do Pedestre";"Atropelamento de Pedestre";"Com Vítimas Fatais";"Plena Noite";"Decrescente";"Céu Claro";"Múltipla";"Reta";"Sim";2;1;0;0;1;0;0;1;"-5.84076841";"-35.21035949";"SR-RN";"DEL15/1";"UOP01/RN"
197649;2019-03-17;"1";"19:00:00";"BA";324;522;"FEIRA DE SANTANA";"Falta de Atenção à Condução";"Queda de ocupante de veículo";"Com Vítimas Feridas";"Plena Noite";"Crescente";"Céu Claro";"Dupla";"Reta";"Não";1;0;1;0;0;0;1;1;"-12.28462524";"-38.91926018";"SR-BA";"DEL10/1";"UOP01/BA"
197650;2019-03-17;"1";"17:25:00";"SC";282;300,9;"VARGEM";"Pista Escorregadia";"Saída de leito carroçável";"Com Vítimas Feridas";"Pleno dia";"Decrescente";"Chuva";"Simples";"Curva";"Não";2;0;2;0;0;0;2;1;"-27.515957";"-50.917877";"SR-SC";"DEL7";"UOP08/SC"
197651;2019-03-17;"1";"21:50:00";"DF";20;10;"BRASILIA";"Ingestão de Álcool";"Capotamento";"Sem Vítimas";"Plena Noite";"Crescente";"Céu Claro";"Dupla";"Reta";"Sim";1;0;0;0;0;1;0;1;"-15.650243";"-47.773872";"SR-DF";"DF";"UOP04/DF"
197652;2019-03-17;"1";"21:00:00";"MG";381;681,5;"PERDOES";"Falta de Atenção à Condução";"Saída de leito carroçável";"Sem Vítimas";"Plena Noite";"Decrescente";"Nublado";"Dupla";"Curva";"Não";1;0;0;0;1;0;0;1;"-21.16168571";"-45.12045619";"SR-MG";"DEL4/4";"UOP02/MG"
197653;2019-03-17;"1";"20:55:00";"MS";60;383,1;"CAMPO GRANDE";"Avarias e/ou desgaste excessivo no pneu";"Colisão frontal";"Com Vítimas Fatais";"Plena Noite";"Decrescente";"Céu Claro";"Simples";"Reta";"Não";4;2;0;1;1;0;1;2;"-20.6559181";"-54.7550638";"SR-MS";"DEL3/1";"UOP04/MS"
197654;2019-03-17;"1";"17:25:00";"SC";282;307,5;"VARGEM";"Pista Escorregadia";"Saída de leito carroçável";"Sem Vítimas";"Pleno dia";"Decrescente";"Chuva";"Simples";"Curva";"Não";1;0;0;0;1;0;0;1;"-27.495266";"-50.962605";"SR-SC";"DEL7";"UOP08/SC"
197655;2019-03-17;"1";"19:50:00";"RJ";116;183,6;"NOVA IGUACU";"Falta de Atenção do Pedestre";"Atropelamento de Pedestre";"Com Vítimas Fatais";"Plena Noite";"Crescente";"Chuva";"Dupla";"Curva";"Sim";3;1;0;0;1;1;0;2;"-22.73900965";"-43.49528457";"SR-RJ";"DEL5/1";"UOP02/RJ"
197656;2019-03-17;"1";"19:05:00";"MG";40;29,9;"PARACATU";"Ultrapassagem Indevida";"Colisão traseira";"Com Vítimas Feridas";"Plena Noite";"Crescente";"Céu Claro";"Simples";"Reta";"Não";2;0;1;0;0;1;1;2;"-17.14892389";"-46.94276491";"SR-MG";"DEL4/14";"UOP01/MG"
197657;2019-03-17;"1";"20:00:00";"SC";282;476,5;"VARGEAO";"Falta de Atenção à Condução";"Colisão transversal";"Com Vítimas Feridas";"Plena Noite";"Crescente";"Nublado";"Simples";"Interseção de vias";"Não";2;0;1;0;1;0;1;2;"-26.882666";"-52.169231";"SR-SC";"DEL7";"UOP01/SC"
197658;2019-03-17;"1";"22:00:00";"GO";60;45,8;"APARECIDA DE GOIANIA";"Falta de Atenção à Condução";"Colisão traseira";"Com Vítimas Feridas";"Plena Noite";"Crescente";"Céu Claro";"Dupla";"Reta";"Sim";4;0;2;0;1;1;2;2;"-16.8101";"-49.2397";"SR-GO";"DEL1/1";"UOP03/GO"
197659;2019-03-17;"1";"22:30:00";"RN";101;96;"NATAL";"Velocidade Incompatível";"Colisão lateral";"Com Vítimas Feridas";"Plena Noite";"Decrescente";"Céu Claro";"Simples";"Curva";"Sim";4;0;3;0;1;0;3;2;"-5.84949622";"-35.20890752";"SR-RN";"DEL15/1";"UOP01/RN"
197660;2019-03-17;"1";"21:15:00";"TO";153;142,8;"ARAGUAINA";"Ingestão de Álcool";"Danos eventuais";"Com Vítimas Feridas";"Pleno dia";"Decrescente";"Chuva";"Simples";"Reta";"Sim";1;0;0;1;0;0;1;1;"-7.18228805";"-48.22580095";"SR-TO";"UOP04/TO";""
197661;2019-03-17;"1";"19:30:00";"TO";153;146;"ARAGUAINA";"Ingestão de Álcool";"Queda de ocupante de veículo";"Com Vítimas Feridas";"Plena Noite";"Decrescente";"Nublado";"Múltipla";"Reta";"Sim";1;0;1;0;0;0;1;1;"-7.21337786";"-48.24431331";"SR-TO";"UOP04/TO";""
197662;2019-03-17;"1";"22:30:00";"ES";101;271,8;"SERRA";"Falta de Atenção do Pedestre";"Atropelamento de Pedestre";"Com Vítimas Feridas";"Plena Noite";"Crescente";"Céu Claro";"Dupla";"Reta";"Sim";2;0;1;0;1;0;1;1;"-20.23267";"-40.27658";"SR-ES";"DEL12/2";"UOP01/ES"
197663;2019-03-17;"1";"21:30:00";"MT";163;767;"SORRISO";"Animais na Pista";"Atropelamento de Animal";"Sem Vítimas";"Plena Noite";"Decrescente";"Garoa/Chuvisco";"Simples";"Reta";"Não";1;0;0;0;1;0;0;1;"-12.43506783";"-55.64892769";"SR-MT";"DEL2/6";"UOP01/MT"
197664;2019-03-17;"1";"22:00:00";"MG";381;903,1;"CAMBUI";"Falta de Atenção à Condução";"Colisão lateral";"Sem Vítimas";"Plena Noite";"Decrescente";"Nublado";"Dupla";"Curva";"Não";3;0;0;0;2;1;0;2;"-22.68185904";"-46.10140424";"SR-MG";"DEL09";"UOP03/MG"
197665;2019-03-17;"1";"22:15:00";"PR";376;597;"CURITIBA";"Falta de Atenção à Condução";"Colisão traseira";"Sem Vítimas";"Plena Noite";"Decrescente";"Céu Claro";"Dupla";"Reta";"Não";3;0;0;0;3;0;0;3;"-25.510571";"-49.338848";"SR-PR";"DEL7/1";"UOP04/PR"
197667;2019-03-17;"1";"18:30:00";"SC";470;302,2;"CAMPOS NOVOS";"Velocidade Incompatível";"Colisão frontal";"Com Vítimas Feridas";"Pleno dia";"Decrescente";"Chuva";"Simples";"Não Informado";"Não";8;0;7;1;0;0;8;2;"-27.37241518";"-51.0462141";"SR-SC";"DEL7";"UOP08/SC"
197668;2019-03-17;"1";"21:20:00";"SC";116;209,9;"PONTE ALTA";"Falta de Atenção à Condução";"Saída de leito carroçável";"Sem Vítimas";"Plena Noite";"Crescente";"Nublado";"Simples";"Curva";"Não";2;0;0;0;0;2;0;2;"-27.49607258";"-50.37005465";"SR-SC";"DEL8/5";"UOP03/SC"
197669;2019-03-17;"1";"20:15:00";"PR";277;120;"CAMPO LARGO";"Falta de Atenção à Condução";"Saída de leito carroçável";"Com Vítimas Feridas";"Plena Noite";"Decrescente";"Chuva";"Dupla";"Reta";"Sim";3;0;2;0;1;0;2;1;"-25.43651772";"-49.44346612";"SR-PR";"DEL7/1";"UOP05/PR"
197670;2019-03-17;"1";"22:20:00";"PI";316;1,3;"TERESINA";"Falta de Atenção à Condução";"Colisão traseira";"Com Vítimas Feridas";"Plena Noite";"Decrescente";"Céu Claro";"Dupla";"Não Informado";"Sim";7;0;4;0;1;2;4;2;"-5.12861853";"-42.80706778";"SR-PI";"DEL17/1";"UOP02/PI"
197671;2019-03-17;"1";"22:20:00";"RO";319;62,8;"PORTO VELHO";"Desobediência às normas de trânsito pelo condutor";"Colisão lateral";"Com Vítimas Feridas";"Plena Noite";"Decrescente";"Céu Claro";"Dupla";"Interseção de vias";"Sim";2;0;1;0;1;0;1;2;"-8.766685";"-63.884052";"SR-RO";"DEL21/1";"UOP01/RO"
197672;2019-03-17;"1";"23:40:00";"GO";40;27;"LUZIANIA";"Ingestão de Álcool";"Saída de leito carroçável";"Sem Vítimas";"Plena Noite";"Crescente";"Céu Claro";"Dupla";"Reta";"Não";1;0;0;0;1;0;0;1;"-16.266185";"-47.888241";"SR-DF";"GO";"UOP01/DF"
197673;2019-03-17;"1";"23:05:00";"BA";101;370;"GANDU";"Falta de Atenção à Condução";"Colisão transversal";"Com Vítimas Feridas";"Plena Noite";"Crescente";"Céu Claro";"Simples";"Reta";"Não";2;0;1;0;1;0;1;2;"-13.754776";"-39.487544";"SR-BA";"DEL10/5";"UOP03/BA"
197674;2019-03-17;"1";"22:10:00";"RS";470;218,7;"BENTO GONCALVES";"Desobediência às normas de trânsito pelo condutor";"Colisão frontal";"Com Vítimas Feridas";"Plena Noite";"Crescente";"Garoa/Chuvisco";"Simples";"Não Informado";"Não";3;0;1;2;0;0;3;2;"-29.186855";"-51.520222";"SR-RS";"DEL9/6";"UOP01/RS"
197675;2019-03-17;"1";"21:30:00";"PI";316;3,3;"TERESINA";"Falta de Atenção à Condução";"Colisão traseira";"Com Vítimas Feridas";"Plena Noite";"Decrescente";"Céu Claro";"Múltipla";"Viaduto";"Sim";2;0;0;1;1;0;1;2;"-5.12826443";"-42.79292384";"SR-PI";"DEL17/1";"UOP02/PI"
197676;2019-03-17;"1";"23:45:00";"PR";277;75;"SAO JOSE DOS PINHAIS";"Animais na Pista";"Atropelamento de Animal";"Com Vítimas Feridas";"Plena Noite";"Crescente";"Chuva";"Múltipla";"Reta";"Sim";3;0;1;0;2;0;1;2;"-25.51327981";"-49.12433291";"SR-PR";"DEL7/1";"UOP06/PR"
197678;2019-03-18;"2";"00:50:00";"RJ";101;10;"CAMPOS DOS GOYTACAZES";"Condutor Dormindo";"Colisão frontal";"Com Vítimas Feridas";"Plena Noite";"Crescente";"Céu Claro";"Simples";"Reta";"Não";2;0;0;1;1;0;1;2;"-21.30182895";"-41.31899114";"SR-RJ";"DEL5/8";"UOP01/RJ"
197679;2019-03-17;"1";"16:40:00";"SC";470;99,5;"APIUNA";"Ingestão de Álcool";"Colisão com objeto estático";"Com Vítimas Feridas";"Pleno dia";"Crescente";"Nublado";"Simples";"Curva";"Não";2;0;2;0;0;0;2;1;"-27.037956";"-49.393417";"SR-SC";"DEL8/4";"UOP01/SC"
197680;2019-03-18;"2";"00:25:00";"MG";40;555,7;"NOVA LIMA";"Agressão Externa";"Incêndio";"Sem Vítimas";"Plena Noite";"Crescente";"Céu Claro";"Simples";"Não Informado";"Sim";1;0;0;0;0;1;0;1;"-20.08472706";"-43.97697012";"SR-MG";"DEL4/1";"UOP02/MG"
197682;2019-03-18;"2";"00:05:00";"RS";392;2,3;"RIO GRANDE";"Desobediência às normas de trânsito pelo condutor";"Colisão transversal";"Com Vítimas Feridas";"Plena Noite";"Crescente";"Nublado";"Simples";"Rotatória";"Não";4;0;3;0;1;0;3;2;"-32.13094565";"-52.11152131";"SR-RS";"DEL9/7";"UOP02/RS"
197683;2019-03-17;"1";"20:20:00";"RJ";393;235,6;"VASSOURAS";"Ingestão de Álcool";"Colisão frontal";"Com Vítimas Feridas";"Plena Noite";"Decrescente";"Chuva";"Simples";"Reta";"Sim";9;0;6;3;0;0;9;2;"-22.38370934";"-43.64221072";"SR-RJ";"DEL5/5";"UOP01/RJ"
197684;2019-03-18;"2";"00:20:00";"PR";277;98,8;"CURITIBA";"Falta de Atenção à Condução";"Saída de leito carroçável";"Sem Vítimas";"Plena Noite";"Decrescente";"Céu Claro";"Dupla";"Reta";"Sim";2;0;0;0;2;0;0;2;"-25.540113";"-49.311317";"SR-PR";"DEL7/1";"UOP04/PR"
197685;2019-03-18;"2";"01:30:00";"BA";101;820,7;"VEREDA";"Falta de Atenção à Condução";"Tombamento";"Com Vítimas Feridas";"Plena Noite";"Decrescente";"Céu Claro";"Simples";"Curva";"Não";1;0;1;0;0;0;1;1;"-17.27849698";"-39.6350988";"SR-BA";"DEL10/9";"UOP01/BA"
197686;2019-03-17;"1";"15:40:00";"RS";116;253;"SAPUCAIA DO SUL";"Não guardar distância de segurança";"Colisão lateral";"Com Vítimas Feridas";"Pleno dia";"Crescente";"Nublado";"Dupla";"Viaduto";"Sim";2;0;1;0;1;0;1;2;"-29.81784209";"-51.16996166";"SR-RS";"DEL9/1";"UOP02/RS"
197687;2019-02-23;"7";"11:45:00";"GO";40;59;"LUZIANIA";"Velocidade Incompatível";"Colisão transversal";"Com Vítimas Feridas";"Pleno dia";"Crescente";"Céu Claro";"Simples";"Desvio Temporário";"Não";4;0;2;1;1;0;3;2;"-16.520111";"-47.810818";"SR-DF";"GO";"UOP02/DF"
197688;2019-03-18;"2";"02:10:00";"SC";470;152,8;"AGRONOMICA";"Ingestão de Álcool";"Colisão frontal";"Com Vítimas Feridas";"Plena Noite";"Crescente";"Céu Claro";"Simples";"Reta";"Não";2;0;0;1;1;0;1;2;"-27.27599202";"-49.73871231";"SR-SC";"DEL8/4";"UOP02/SC"
197689;2019-03-18;"2";"05:15:00";"SC";101;122,9;"ITAJAI";"Ingestão de Álcool";"Colisão traseira";"Com Vítimas Feridas";"Plena Noite";"Crescente";"Nublado";"Dupla";"Reta";"Sim";2;0;1;0;1;0;1;2;"-26.92955916";"-48.70499836";"SR-SC";"DEL8/4";"UOP04/SC"
197690;2019-03-16;"7";"00:00:00";"RS";101;56,1;"TERRA DE AREIA";"Condutor Dormindo";"Saída de leito carroçável";"Sem Vítimas";"Pleno dia";"Decrescente";"Nublado";"Dupla";"Não Informado";"Sim";1;0;0;0;0;1;0;1;"-29.65200649";"-50.11956673";"SR-RS";"DEL9/3";"UOP01/RS"
197691;2019-03-18;"2";"05:20:00";"ES";101;301,5;"VIANA";"Condutor Dormindo";"Colisão transversal";"Com Vítimas Feridas";"Plena Noite";"Crescente";"Céu Claro";"Dupla";"Interseção de vias";"Sim";3;0;0;1;1;1;1;2;"-20.36544654";"-40.44358226";"SR-ES";"DEL12/1";"UOP01/ES"
197692;2019-03-17;"1";"23:50:00";"PA";163;1002;"SANTAREM";"Desobediência às normas de trânsito pelo condutor";"Colisão lateral";"Com Vítimas Fatais";"Plena Noite";"Crescente";"Céu Claro";"Simples";"Não Informado";"Sim";3;1;0;0;1;1;0;3;"-2.44821878";"-54.73026037";"SR-PA";"DEL19/5";"UOP01/PA"
197694;2019-03-18;"2";"05:30:00";"RN";406;149,9;"CEARA-MIRIM";"Não guardar distância de segurança";"Colisão traseira";"Com Vítimas Feridas";"Pleno dia";"Crescente";"Chuva";"Simples";"Interseção de vias";"Sim";3;0;1;1;1;0;2;2;"-5.67794002";"-35.39994003";"SR-RN";"DEL15/2";"UOP01/RN"
197695;2019-03-18;"2";"01:50:00";"BA";324;619;"SALVADOR";"Falta de Atenção à Condução";"Tombamento";"Com Vítimas Feridas";"Plena Noite";"Crescente";"Céu Claro";"Múltipla";"Reta";"Sim";1;0;1;0;0;0;1;1;"-12.89820999";"-38.45012202";"SR-BA";"DEL10/1";"UOP01/BA"
197696;2019-03-18;"2";"06:00:00";"DF";70;12;"BRASILIA";"Velocidade Incompatível";"Saída de leito carroçável";"Com Vítimas Fatais";"Pleno dia";"Crescente";"Céu Claro";"Dupla";"Reta";"Sim";1;1;0;0;0;0;0;1;"-15.788321";"-48.14525";"SR-DF";"DF";"UOP06/DF"
197697;2019-03-17;"1";"22:15:00";"RO";364;416;"JARU";"Falta de Atenção do Pedestre";"Atropelamento de Pedestre";"Com Vítimas Feridas";"Plena Noite";"Crescente";"Chuva";"Simples";"Reta";"Não";2;0;0;1;1;0;1;1;"-10.497604";"-62.421074";"SR-RO";"DEL21/3";"UOP02/RO"
197699;2019-03-18;"2";"05:45:00";"RS";101;82,9;"OSORIO";"Falta de Atenção à Condução";"Colisão traseira";"Com Vítimas Feridas";"Plena Noite";"Crescente";"Garoa/Chuvisco";"Dupla";"Reta";"Não";2;0;1;0;1;0;1;2;"-29.85169301";"-50.24642896";"SR-RS";"DEL9/3";"UOP01/RS"
197700;2019-03-18;"2";"06:00:00";"PB";101;56,8;"SANTA RITA";"Velocidade Incompatível";"Saída de leito carroçável";"Com Vítimas Feridas";"Pleno dia";"Decrescente";"Céu Claro";"Dupla";"Reta";"Não";1;0;1;0;0;0;1;1;"-6.96986418";"-35.08206934";"SR-PB";"DEL14/1";"UOP03/PB"
197701;2019-03-18;"2";"04:45:00";"RS";116;554,1;"CAPAO DO LEAO";"Animais na Pista";"Atropelamento de Animal";"Com Vítimas Feridas";"Plena Noite";"Crescente";"Nublado";"Simples";"Reta";"Não";1;0;0;1;0;0;1;1;"-31.88303413";"-52.63896793";"SR-RS";"DEL9/7";"UOP03/RS"
197702;2019-03-18;"2";"03:15:00";"SC";282;411,9;"CATANDUVAS";"Velocidade Incompatível";"Colisão com objeto estático";"Sem Vítimas";"Plena Noite";"Decrescente";"Chuva";"Simples";"Não Informado";"Não";1;0;0;0;0;1;0;1;"-27.060086";"-51.6784215";"SR-SC";"DEL7";"UOP07/SC"
197703;2019-03-17;"1";"21:30:00";"BA";116;551;"MILAGRES";"Ultrapassagem Indevida";"Colisão frontal";"Com Vítimas Feridas";"Plena Noite";"Decrescente";"Céu Claro";"Simples";"Reta";"Não";2;0;0;1;1;0;1;2;"-12.86744895";"-39.85551617";"SR-BA";"DEL10/3";"UOP02/BA"
197704;2019-03-18;"2";"04:30:00";"MT";163;585;"NOVA MUTUM";"Ingestão de álcool e/ou substâncias psicoativas pelo pedestre";"Colisão lateral";"Com Vítimas Feridas";"Amanhecer";"Crescente";"Céu Claro";"Simples";"Reta";"Não";3;0;1;0;2;0;1;2;"-14.04034097";"-56.0962673";"SR-MT";"DEL2/4";"UOP01/MT"
197705;2019-03-18;"2";"05:10:00";"PR";153;306,3;"IMBITUVA";"Ingestão de Álcool";"Colisão com objeto estático";"Sem Vítimas";"Plena Noite";"Decrescente";"Nevoeiro/Neblina";"Simples";"Ponte";"Não";1;0;0;0;1;0;0;1;"-25.25766";"-50.640564";"SR-PR";"DEL7/3";"UOP04/PR"
197706;2019-03-18;"2";"06:50:00";"PE";104;43;"CARUARU";"Não guardar distância de segurança";"Colisão traseira";"Com Vítimas Feridas";"Pleno dia";"Crescente";"Céu Claro";"Dupla";"Reta";"Não";1;0;1;0;0;0;1;1;"-8.1133";"-36.0155";"SR-PE";"DEL11/2";"UOP01/PE"
197707;2019-03-18;"2";"06:50:00";"SC";470;97,5;"APIUNA";"Falta de Atenção à Condução";"Colisão transversal";"Com Vítimas Feridas";"Pleno dia";"Crescente";"Céu Claro";"Simples";"Reta";"Sim";3;0;1;0;2;0;1;3;"-27.026621";"-49.378124";"SR-SC";"DEL8/4";"UOP01/SC"
197708;2019-03-18;"2";"07:10:00";"RN";405;1;"MOSSORO";"Falta de Atenção à Condução";"Colisão traseira";"Com Vítimas Feridas";"Pleno dia";"Crescente";"Sol";"Dupla";"Retorno Regulamentado";"Sim";2;0;1;0;1;0;1;2;"-5.19170196";"-37.361471";"SR-RN";"DEL15/4";"UOP02/RN"
197709;2019-03-18;"2";"05:00:00";"PA";316;34;"SANTA IZABEL DO PARA";"Desobediência às normas de trânsito pelo condutor";"Colisão transversal";"Sem Vítimas";"Amanhecer";"Crescente";"Céu Claro";"Dupla";"Reta";"Sim";2;0;0;0;2;0;0;2;"-1.29444763";"-48.17249938";"SR-PA";"DEL19/1";"UOP01/PA"
197710;2019-03-18;"2";"06:20:00";"MG";40;620,8;"CONSELHEIRO LAFAIETE";"Falta de Atenção à Condução";"Colisão lateral";"Com Vítimas Feridas";"Pleno dia";"Decrescente";"Céu Claro";"Simples";"Reta";"Não";2;0;1;0;1;0;1;2;"-20.57784016";"-43.80982006";"SR-MG";"DEL5";"UOP02/MG"
197711;2019-03-18;"2";"06:25:00";"PR";277;715,9;"SANTA TEREZINHA DE ITAIPU";"Falta de Atenção à Condução";"Saída de leito carroçável";"Com Vítimas Feridas";"Pleno dia";"Crescente";"Garoa/Chuvisco";"Dupla";"Reta";"Não";3;0;3;0;0;0;3;1;"-25.46882758";"-54.45810922";"SR-PR";"DEL7/5";"UOP01/PR"
197712;2019-03-18;"2";"06:45:00";"PB";101;96,3;"ALHANDRA";"Falta de Atenção à Condução";"Colisão com objeto estático";"Com Vítimas Feridas";"Pleno dia";"Crescente";"Chuva";"Dupla";"Reta";"Não";1;0;1;0;0;0;1;1;"-7.230921";"-34.921149";"SR-PB";"DEL14/1";"UOP01/PB"
197713;2019-03-18;"2";"00:00:00";"RJ";116;269;"BARRA MANSA";"Fenômenos da Natureza";"Colisão com objeto estático";"Com Vítimas Feridas";"Plena Noite";"Decrescente";"Chuva";"Dupla";"Curva";"Não";1;0;0;1;0;0;1;1;"-22.57510092";"-44.11542461";"SR-RJ";"DEL5/7";"UOP02/RJ"
197714;2019-03-18;"2";"07:00:00";"RJ";116;274,8;"BARRA MANSA";"Desobediência às normas de trânsito pelo condutor";"Derramamento de carga";"Sem Vítimas";"Amanhecer";"Decrescente";"Nublado";"Dupla";"Curva";"Não";1;0;0;0;1;0;0;1;"-22.56163574";"-44.14771584";"SR-RJ";"DEL5/7";"UOP02/RJ"
197715;2019-03-18;"2";"07:00:00";"DF";40;5,1;"BRASILIA";"Falta de Atenção à Condução";"Colisão lateral";"Com Vítimas Feridas";"Pleno dia";"Decrescente";"Sol";"Dupla";"Reta";"Sim";2;0;1;0;1;0;1;2;"-16.020903";"-47.980541";"SR-DF";"DF";"UOP01/DF"
197716;2019-03-18;"2";"06:40:00";"MG";116;416,5;"GOVERNADOR VALADARES";"Falta de Atenção à Condução";"Colisão lateral";"Com Vítimas Feridas";"Pleno dia";"Decrescente";"Céu Claro";"Simples";"Reta";"Sim";2;0;1;0;1;0;1;2;"-18.89215187";"-41.94699543";"SR-MG";"DEL4/6";"UOP01/MG"
197718;2019-03-18;"2";"07:30:00";"PE";101;79,8;"JABOATAO DOS GUARARAPES";"Desobediência às normas de trânsito pelo condutor";"Colisão transversal";"Com Vítimas Feridas";"Pleno dia";"Crescente";"Chuva";"Simples";"Não Informado";"Sim";2;0;0;1;1;0;1;2;"-8.14366112";"-34.94723453";"SR-PE";"DEL11/1";"UOP01/PE"
197719;2019-03-17;"1";"10:00:00";"SP";116;502,5;"CAJATI";"Falta de Atenção à Condução";"Tombamento";"Sem Vítimas";"Pleno dia";"Crescente";"Nublado";"Simples";"Reta";"Não";1;0;0;0;1;0;0;1;"-24.7750833";"-48.20117012";"SR-SP";"DEL6/5";"UOP02/SP"
197720;2019-03-18;"2";"07:25:00";"SC";280;56,6;"GUARAMIRIM";"Desobediência às normas de trânsito pelo condutor";"Colisão frontal";"Com Vítimas Feridas";"Pleno dia";"Crescente";"Céu Claro";"Simples";"Reta";"Sim";2;0;2;0;0;0;2;2;"-26.47939722";"-49.00855601";"SR-SC";"DEL8/3";"UOP03/SC"
197721;2019-03-18;"2";"07:45:00";"PR";369;201;"APUCARANA";"Desobediência às normas de trânsito pelo condutor";"Colisão frontal";"Com Vítimas Feridas";"Pleno dia";"Crescente";"Nublado";"Simples";"Reta";"Sim";2;0;0;1;1;0;1;2;"-23.55835739";"-51.44078314";"SR-PR";"DEL7/7";"UOP03/PR"
197722;2019-03-18;"2";"05:00:00";"BA";242;537;"OLIVEIRA DOS BREJINHOS";"Falta de Atenção à Condução";"Colisão transversal";"Com Vítimas Fatais";"Amanhecer";"Crescente";"Céu Claro";"Simples";"Reta";"Não";1;1;0;0;0;0;0;1;"-12.10277382";"-42.92049408";"SR-BA";"DEL 10/10";"UOP02/BA"
197723;2019-03-18;"2";"07:10:00";"RS";158;91,9;"PALMEIRA DAS MISSOES";"Falta de Atenção à Condução";"Colisão frontal";"Com Vítimas Feridas";"Pleno dia";"Crescente";"Garoa/Chuvisco";"Simples";"Reta";"Não";3;0;1;0;2;0;1;3;"-27.83006513";"-53.33536216";"SR-RS";"DEL08";"UOP02/RS"
197724;2019-03-18;"2";"05:30:00";"RR";174;506,7;"BOA VISTA";"Ingestão de Álcool";"Colisão com objeto estático";"Sem Vítimas";"Amanhecer";"Crescente";"Céu Claro";"Dupla";"Reta";"Sim";1;0;0;0;1;0;0;1;"2.816381";"-60.693253";"SR-RR";"UOP01/RR";""
197727;2019-03-18;"2";"07:55:00";"BA";324;617;"SALVADOR";"Falta de Atenção à Condução";"Colisão traseira";"Com Vítimas Feridas";"Pleno dia";"Crescente";"Sol";"Dupla";"Reta";"Não";2;0;1;0;1;0;1;2;"-12.8860325";"-38.43806469";"SR-BA";"DEL10/1";"UOP01/BA"
197728;2019-03-18;"2";"07:30:00";"GO";153;493;"GOIANIA";"Falta de Atenção à Condução";"Colisão transversal";"Com Vítimas Feridas";"Pleno dia";"Decrescente";"Céu Claro";"Dupla";"Não Informado";"Sim";2;0;1;0;0;1;1;2;"-16.6537";"-49.2172";"SR-GO";"DEL1/1";"UOP01/GO"
197730;2019-03-18;"2";"06:30:00";"RS";290;94;"PORTO ALEGRE";"Falta de Atenção à Condução";"Queda de ocupante de veículo";"Com Vítimas Feridas";"Pleno dia";"Decrescente";"Céu Claro";"Dupla";"Curva";"Sim";1;0;1;0;0;0;1;1;"-29.973856";"-51.197853";"SR-RS";"DEL9/1";"UOP01/RS"
197732;2019-03-18;"2";"07:45:00";"RS";290;94,1;"PORTO ALEGRE";"Falta de Atenção à Condução";"Queda de ocupante de veículo";"Sem Vítimas";"Pleno dia";"Decrescente";"Céu Claro";"Dupla";"Reta";"Sim";1;0;0;0;1;0;0;1;"-29.973856";"-51.197853";"SR-RS";"DEL9/1";"UOP01/RS"
197733;2019-03-18;"2";"08:10:00";"SC";101;200;"SAO JOSE";"Falta de Atenção à Condução";"Colisão traseira";"Com Vítimas Feridas";"Pleno dia";"Crescente";"Nublado";"Múltipla";"Viaduto";"Sim";2;0;1;0;1;0;1;2;"-27.54018513";"-48.62287714";"SR-SC";"DEL8/1";"UOP01/SC"
197736;2019-03-18;"2";"07:20:00";"PR";116;119;"CURITIBA";"Falta de Atenção à Condução";"Colisão traseira";"Com Vítimas Feridas";"Pleno dia";"Decrescente";"Nublado";"Dupla";"Reta";"Sim";6;0;2;0;4;0;2;4;"-25.54456009";"-49.30146002";"SR-PR";"DEL7/1";"UOP06/PR"