"id";"data_inversa";"dia_semana";"horario";"uf";"br";"km";"municipio";"causa_acidente";"tipo_acidente";"classificacao_acidente";"fase_dia";"sentido_via";"condicao_metereologica";"tipo_pista";"tracado_via";"uso_solo";"pessoas";"mortos";"feridos_leves";"feridos_graves";"ilesos";"ignorados";"feridos";"veiculos";"latitude";"longitude";"regional";"delegacia";"uop"
197828;2019-03-18;"2";"17:15:00";"RS";392;352,8;"SANTA MARIA";"Falta de Atenção à Condução";"Colisão transversal";"Com Vítimas Feridas";"Pleno dia";"Decrescente";"Céu Claro";"Simples";"Reta";"Não";2;0;0;1;1;0;1;2;"-29.720404";"-53.807632";"SR-RS";"DEL9/9";"UOP01/RS"
197829;2019-03-18;"2";"13:39:00";"MT";364;279,1;"JACIARA";"Pista Escorregadia";"Saída de leito carroçável";"Com Vítimas Feridas";"Pleno dia";"Decrescente";"Chuva";"Dupla";"Curva";"Não";2;0;1;0;1;0;1;1;"-15.94251105";"-55.01446001";"SR-MT";"DEL2/1";"UOP02/MT"
197830;2019-03-18;"2";"12:20:00";"PE";423;21;"SAO CAITANO";"Velocidade Incompatível";"Capotamento";"Sem Vítimas";"Pleno dia";"Decrescente";"Céu Claro";"Simples";"Reta";"Não";1;0;0;0;0;1;0;1;"-8.34587741";"-36.16528759";"SR-PE";"DEL11/2";"UOP02/PE"
197831;2019-03-18;"2";"17:30:00";"PR";376;181;"MARINGA";"Desobediência às normas de trânsito pelo condutor";"Colisão traseira";"Com Vítimas Feridas";"Pleno dia";"Crescente";"Sol";"Dupla";"Reta";"Sim";2;0;1;0;1;0;1;2;"-23.43197477";"-51.88671852";"SR-PR";"DEL7/7";"UOP04/PR"
197832;2019-03-18;"2";"17:45:00";"RN";304;47,9;"MOSSORO";"Falta de Atenção à Condução";"Colisão lateral";"Com Vítimas Feridas";"Anoitecer";"Crescente";"Céu Claro";"Dupla";"Reta";"Sim";3;0;1;1;1;0;2;2;"-5.22597224";"-37.33086797";"SR-RN";"DEL15/4";"UOP01/RN"
197833;2019-03-18;"2";"16:00:00";"SC";101;124;"ITAJAI";"Falta de Atenção à Condução";"Colisão traseira";"Com Vítimas Feridas";"Pleno dia";"Decrescente";"Chuva";"Dupla";"Curva";"Não";2;0;1;0;1;0;1;2;"-26.94335064";"-48.69198648";"SR-SC";"DEL8/4";"UOP04/SC"
197834;2019-03-18;"2";"17:30:00";"PR";376;592;"CURITIBA";"Pista Escorregadia";"Queda de ocupante de veículo";"Com Vítimas Feridas";"Pleno dia";"Decrescente";"Chuva";"Dupla";"Reta";"Sim";1;0;1;0;0;0;1;1;"-25.46833525";"-49.35524543";"SR-PR";"DEL7/1";"UOP04/PR"
197835;2019-03-18;"2";"17:35:00";"GO";153;291,5;"RIALMA";"Falta de Atenção à Condução";"Tombamento";"Com Vítimas Feridas";"Pleno dia";"Decrescente";"Nublado";"Simples";"Desvio Temporário";"Não";19;0;12;6;1;0;18;1;"-15.217886";"-49.550522";"SR-GO";"DEL1/2";"UOP02/GO"
197836;2019-03-18;"2";"16:00:00";"MG";40;631,2;"CONSELHEIRO LAFAIETE";"Falta de Atenção à Condução";"Colisão transversal";"Com Vítimas Feridas";"Pleno dia";"Decrescente";"Céu Claro";"Simples";"Reta";"Sim";2;0;0;1;1;0;1;2;"-20.66692199";"-43.80314095";"SR-MG";"DEL5";"UOP02/MG"
197837;2019-03-18;"2";"14:00:00";"RO";364;237,4;"CACOAL";"Desobediência às normas de trânsito pelo condutor";"Colisão transversal";"Com Vítimas Feridas";"Pleno dia";"Crescente";"Céu Claro";"Simples";"Reta";"Sim";2;0;1;0;1;0;1;2;"-11.44341056";"-61.44672787";"SR-RO";"DEL21/2";"UOP02/RO"
197838;2019-03-18;"2";"14:00:00";"RO";364;239,1;"CACOAL";"Falta de Atenção à Condução";"Colisão traseira";"Com Vítimas Feridas";"Pleno dia";"Crescente";"Céu Claro";"Simples";"Rotatória";"Sim";2;0;1;0;1;0;1;2;"-11.43425083";"-61.46267289";"SR-RO";"DEL21/2";"UOP02/RO"
197839;2019-03-18;"2";"17:30:00";"AL";101;128;"SAO MIGUEL DOS CAMPOS";"Não guardar distância de segurança";"Colisão traseira";"Sem Vítimas";"Plena Noite";"Crescente";"Céu Claro";"Simples";"Reta";"Não";2;0;0;0;2;0;0;2;"-9.74164602";"-36.06105597";"SR-AL";"DEL13/2";"UOP01/AL"
197840;2019-03-18;"2";"18:15:00";"PR";376;186;"MARIALVA";"Falta de Atenção à Condução";"Colisão traseira";"Com Vítimas Feridas";"Anoitecer";"Crescente";"Céu Claro";"Dupla";"Reta";"Sim";5;0;3;0;2;0;3;3;"-23.45643624";"-51.84510713";"SR-PR";"DEL7/7";"UOP04/PR"
197841;2019-03-18;"2";"17:25:00";"MG";40;824,7;"SIMAO PEREIRA";"Velocidade Incompatível";"Capotamento";"Com Vítimas Feridas";"Pleno dia";"Decrescente";"Chuva";"Dupla";"Curva";"Não";3;0;2;0;1;0;2;1;"-21.96689732";"-43.29126511";"SR-MG";"DEL5";"UOP01/MG"
197843;2019-03-18;"2";"17:00:00";"MT";163;823;"SINOP";"Falta de Atenção à Condução";"Queda de ocupante de veículo";"Com Vítimas Feridas";"Pleno dia";"Crescente";"Céu Claro";"Dupla";"Reta";"Não";2;0;1;0;1;0;1;1;"-11.87779774";"-55.49755454";"SR-MT";"DEL2/6";"UOP01/MT"
197844;2019-03-18;"2";"18:10:00";"SC";101;204;"SAO JOSE";"Desobediência às normas de trânsito pelo condutor";"Colisão transversal";"Com Vítimas Feridas";"Anoitecer";"Crescente";"Céu Claro";"Múltipla";"Interseção de vias";"Sim";2;0;1;0;1;0;1;2;"-27.57413014";"-48.61363083";"SR-SC";"DEL8/1";"UOP01/SC"
197845;2019-03-18;"2";"16:50:00";"MG";262;576,1;"CORREGO DANTA";"Não guardar distância de segurança";"Saída de leito carroçável";"Com Vítimas Feridas";"Pleno dia";"Decrescente";"Chuva";"Simples";"Reta";"Não";1;0;1;0;0;0;1;1;"-19.67070085";"-46.04779422";"SR-MG";"DEL4/8";"UOP02/MG"
197846;2019-03-18;"2";"18:24:00";"ES";262;182,9;"IUNA";"Desobediência às normas de trânsito pelo condutor";"Colisão frontal";"Com Vítimas Fatais";"Plena Noite";"Crescente";"Céu Claro";"Simples";"Reta";"Não";2;1;0;0;1;0;0;2;"-20.29633169";"-41.68745393";"SR-ES";"DEL12/1";"UOP02/ES"
197847;2019-03-18;"2";"18:40:00";"PR";369;162,7;"CAMBE";"Falta de Atenção do Pedestre";"Atropelamento de Pedestre";"Com Vítimas Feridas";"Anoitecer";"Decrescente";"Nublado";"Dupla";"Não Informado";"Não";3;0;1;1;0;1;2;1;"-23.29607581";"-51.27204001";"SR-PR";"DEL7/7";"UOP01/PR"
197848;2019-03-18;"2";"18:30:00";"MG";381;618;"OLIVEIRA";"Velocidade Incompatível";"Colisão transversal";"Com Vítimas Feridas";"Plena Noite";"Crescente";"Chuva";"Dupla";"Curva";"Não";4;0;1;0;2;1;1;4;"-20.76895697";"-44.78171707";"SR-MG";"DEL4/4";"UOP01/MG"
197849;2019-03-18;"2";"18:30:00";"MG";365;546;"ROMARIA";"Defeito Mecânico no Veículo";"Tombamento";"Sem Vítimas";"Anoitecer";"Decrescente";"Garoa/Chuvisco";"Simples";"Reta";"Não";1;0;0;0;1;0;0;1;"-18.93205374";"-47.64765491";"SR-MG";"DEL4/10";"UOP01/MG"
197851;2019-03-18;"2";"14:30:00";"SP";116;367;"MIRACATU";"Falta de Atenção à Condução";"Saída de leito carroçável";"Sem Vítimas";"Pleno dia";"Crescente";"Céu Claro";"Dupla";"Curva";"Não";1;0;0;0;1;0;0;1;"-24.14628882";"-47.29333804";"SR-SP";"DEL6/4";"UOP03/SP"
197852;2019-03-18;"2";"18:30:00";"PR";476;126;"CURITIBA";"Não guardar distância de segurança";"Queda de ocupante de veículo";"Com Vítimas Feridas";"Plena Noite";"Decrescente";"Nublado";"Dupla";"Reta";"Sim";3;0;1;0;2;0;1;2;"-25.416758";"-49.223446";"SR-PR";"DEL7/1";"UOP06/PR"
197853;2019-03-18;"2";"19:00:00";"PA";163;1003;"SANTAREM";"Não guardar distância de segurança";"Colisão traseira";"Com Vítimas Feridas";"Plena Noite";"Crescente";"Céu Claro";"Dupla";"Reta";"Sim";3;0;1;0;1;1;1;2;"-2.438931";"-54.732664";"SR-PA";"DEL19/5";"UOP01/PA"
197855;2019-03-18;"2";"19:10:00";"DF";40;2,1;"BRASILIA";"Falta de Atenção à Condução";"Colisão lateral";"Com Vítimas Feridas";"Plena Noite";"Crescente";"Nublado";"Dupla";"Reta";"Sim";3;0;1;0;2;0;1;3;"-15.99511887";"-47.98579216";"SR-DF";"DF";"UOP01/DF"
197856;2019-03-18;"2";"18:30:00";"CE";222;3;"FORTALEZA";"Falta de Atenção à Condução";"Colisão traseira";"Com Vítimas Feridas";"Anoitecer";"Decrescente";"Nublado";"Múltipla";"Reta";"Sim";3;0;0;1;2;0;1;3;"-3.74092";"-38.60004";"SR-CE";"DEL16/1";"UOP01/CE"
197857;2019-03-18;"2";"17:45:00";"SC";280;31;"ARAQUARI";"Falta de Atenção à Condução";"Tombamento";"Com Vítimas Fatais";"Pleno dia";"Crescente";"Céu Claro";"Simples";"Curva";"Sim";2;1;0;0;1;0;0;2;"-26.41649938";"-48.77181215";"SR-SC";"DEL8/3";"UOP03/SC"
197858;2019-03-18;"2";"18:20:00";"RN";101;95,8;"NATAL";"Não guardar distância de segurança";"Engavetamento";"Sem Vítimas";"Plena Noite";"Crescente";"Céu Claro";"Múltipla";"Reta";"Sim";4;0;0;0;4;0;0;4;"-5.84076841";"-35.21035949";"SR-RN";"DEL15/1";"UOP01/RN"
197859;2019-03-18;"2";"17:55:00";"SC";280;232;"CANOINHAS";"Ingestão de Álcool";"Colisão transversal";"Com Vítimas Feridas";"Anoitecer";"Decrescente";"Céu Claro";"Simples";"Reta";"Não";2;0;1;0;1;0;1;2;"-26.19014736";"-50.38186997";"SR-SC";"DEL8/6";"UOP04/SC"
197860;2019-03-18;"2";"18:10:00";"RJ";101;391;"RIO DE JANEIRO";"Falta de Atenção à Condução";"Colisão traseira";"Com Vítimas Feridas";"Anoitecer";"Crescente";"Céu Claro";"Dupla";"Reta";"Não";3;0;1;0;2;0;1;2;"-22.894827";"-43.68492";"SR-RJ";"DEL5/3";"UOP01/RJ"
197861;2019-03-18;"2";"19:30:00";"MG";262;761,6;"UBERABA";"Falta de Atenção à Condução";"Colisão frontal";"Com Vítimas Fatais";"Plena Noite";"Decrescente";"Nublado";"Simples";"Reta";"Não";2;1;0;0;1;0;0;2;"-19.66972593";"-47.61691332";"SR-MG";"DEL13";"UOP01/MG"
197862;2019-03-18;"2";"19:00:00";"RS";116;323,3;"BARRA DO RIBEIRO";"Falta de Atenção à Condução";"Colisão traseira";"Com Vítimas Feridas";"Plena Noite";"Decrescente";"Céu Claro";"Simples";"Reta";"Não";3;0;1;0;2;0;1;3;"-30.31825499";"-51.41803405";"SR-RS";"DEL9/2";"UOP01/RS"
197863;2019-03-18;"2";"16:30:00";"SC";282;54;"RANCHO QUEIMADO";"Velocidade Incompatível";"Saída de leito carroçável";"Com Vítimas Feridas";"Pleno dia";"Crescente";"Nublado";"Simples";"Curva";"Não";2;0;1;0;1;0;1;1;"-27.685799";"-48.974514";"SR-SC";"DEL8/1";"UOP03/SC"
197864;2019-03-18;"2";"19:10:00";"PR";277;472;"NOVA LARANJEIRAS";"Falta de Atenção do Pedestre";"Atropelamento de Pedestre";"Com Vítimas Feridas";"Anoitecer";"Crescente";"Chuva";"Simples";"Rotatória";"Sim";2;0;1;0;1;0;1;1;"-25.31924705";"-52.52279904";"SR-PR";"DEL7/4";"UOP03/PR"
197865;2019-03-18;"2";"18:43:00";"RJ";40;109;"DUQUE DE CAXIAS";"Restrição de Visibilidade";"Colisão lateral";"Com Vítimas Feridas";"Plena Noite";"Crescente";"Céu Claro";"Múltipla";"Curva";"Não";5;0;3;0;2;0;3;2;"-22.67374628";"-43.28638368";"SR-RJ";"DEL5/1";"UOP01/RJ"
197866;2019-03-18;"2";"20:25:00";"RS";386;344;"LAJEADO";"Falta de Atenção à Condução";"Colisão traseira";"Com Vítimas Feridas";"Plena Noite";"Crescente";"Céu Claro";"Simples";"Retorno Regulamentado";"Sim";3;0;0;1;2;0;1;3;"-29.44462934";"-51.97997874";"SR-RS";"DEL9/4";"UOP01/RS"
197867;2019-03-18;"2";"15:30:00";"BA";101;422;"IBIRAPITANGA";"Falta de Atenção à Condução";"Tombamento";"Com Vítimas Feridas";"Pleno dia";"Crescente";"Ignorado";"Simples";"Curva";"Não";1;0;1;0;0;0;1;1;"-14.13679";"-39.358178";"SR-BA";"DEL10/5";"UOP03/BA"
197868;2019-03-18;"2";"20:00:00";"PR";376;528;"PONTA GROSSA";"Falta de Atenção à Condução";"Colisão traseira";"Com Vítimas Feridas";"Plena Noite";"Crescente";"Nublado";"Dupla";"Reta";"Não";2;0;1;0;1;0;1;2;"-25.28443775";"-49.91123199";"SR-PR";"DEL7/3";"UOP03/PR"
197871;2019-03-18;"2";"19:50:00";"BA";242;604,6;"IBOTIRAMA";"Restrição de Visibilidade";"Atropelamento de Animal";"Com Vítimas Feridas";"Plena Noite";"Decrescente";"Céu Claro";"Simples";"Reta";"Não";1;0;1;0;0;0;1;1;"-12.17309654";"-43.20298182";"SR-BA";"DEL 10/10";"UOP02/BA"
197872;2019-03-18;"2";"13:20:00";"MG";116;546,2;"SANTA BARBARA DO LESTE";"Defeito Mecânico no Veículo";"Saída de leito carroçável";"Com Vítimas Feridas";"Pleno dia";"Crescente";"Céu Claro";"Simples";"Reta";"Não";2;0;1;1;0;0;2;1;"-19.93628201";"-42.13101771";"SR-MG";"DEL4/6";"UOP02/MG"
197873;2019-03-18;"2";"18:35:00";"MG";262;36,1;"MANHUACU";"Falta de Atenção à Condução";"Atropelamento de Pedestre";"Com Vítimas Feridas";"Plena Noite";"Decrescente";"Céu Claro";"Simples";"Reta";"Não";2;0;1;0;1;0;1;1;"-20.25932046";"-42.02298331";"SR-MG";"DEL4/6";"UOP04/MG"
197874;2019-03-18;"2";"21:00:00";"ES";101;270;"SERRA";"Falta de Atenção à Condução";"Queda de ocupante de veículo";"Com Vítimas Feridas";"Plena Noite";"Crescente";"Nublado";"Dupla";"Reta";"Sim";1;0;1;0;0;0;1;1;"-20.22662056";"-40.27075088";"SR-ES";"DEL12/2";"UOP01/ES"
197875;2019-03-18;"2";"16:30:00";"MG";116;589;"MANHUACU";"Velocidade Incompatível";"Tombamento";"Com Vítimas Feridas";"Pleno dia";"Crescente";"Sol";"Simples";"Curva";"Não";1;0;1;0;0;0;1;1;"-20.247452";"-42.1437";"SR-MG";"DEL4/6";"UOP04/MG"
197876;2019-03-18;"2";"17:20:00";"RJ";116;39;"TERESOPOLIS";"Falta de Atenção à Condução";"Colisão transversal";"Com Vítimas Feridas";"Anoitecer";"Crescente";"Nublado";"Simples";"Reta";"Sim";2;0;1;0;1;0;1;2;"-22.12524075";"-42.77973449";"SR-RJ";"DEL5/4";"UOP01/RJ"
197877;2019-03-18;"2";"15:30:00";"RJ";116;29;"SAPUCAIA";"Defeito Mecânico no Veículo";"Colisão traseira";"Com Vítimas Feridas";"Pleno dia";"Decrescente";"Céu Claro";"Simples";"Desvio Temporário";"Não";3;0;1;0;2;0;1;3;"-22.06451983";"-42.79542346";"SR-RJ";"DEL5/4";"UOP01/RJ"
197878;2019-03-18;"2";"19:00:00";"MG";262;34,4;"MANHUACU";"Falta de Atenção à Condução";"Colisão transversal";"Com Vítimas Feridas";"Plena Noite";"Crescente";"Nublado";"Simples";"Rotatória";"Sim";2;0;0;1;1;0;1;2;"-20.25692664";"-42.01099203";"SR-MG";"DEL4/6";"UOP04/MG"
197879;2019-03-18;"2";"21:13:00";"ES";262;4,5;"CARIACICA";"Pista Escorregadia";"Colisão traseira";"Com Vítimas Feridas";"Plena Noite";"Crescente";"Chuva";"Múltipla";"Reta";"Sim";4;0;1;0;3;0;1;3;"-20.33609327";"-40.37812784";"SR-ES";"DEL12/1";"UOP01/ES"
197881;2019-03-18;"2";"19:10:00";"MS";158;115;"APARECIDA DO TABOADO";"Defeito na Via";"Colisão com objeto estático";"Sem Vítimas";"Plena Noite";"Decrescente";"Chuva";"Simples";"Reta";"Não";1;0;0;0;1;0;0;1;"-19.83171297";"-51.11232486";"SR-MS";"DEL3/8";"UOP01/MS"
197882;2019-01-28;"2";"15:00:00";"SP";116;81;"ROSEIRA";"Falta de Atenção à Condução";"Queda de ocupante de veículo";"Com Vítimas Feridas";"Pleno dia";"Crescente";"Céu Claro";"Dupla";"Reta";"Sim";2;0;1;0;1;0;1;1;"-22.904821";"-45.310307";"SR-SP";"DEL6";"UOP01/SP"
197883;2019-03-18;"2";"17:40:00";"MA";222;350;"MONCAO";"Defeito na Via";"Tombamento";"Com Vítimas Feridas";"Anoitecer";"Crescente";"Chuva";"Simples";"Reta";"Não";1;0;1;0;0;0;1;1;"-3.705403";"-45.308781";"SR-MA";"DEL18/2";"UOP02/MA"
197885;2019-03-18;"2";"22:30:00";"PR";376;369,9;"ORTIGUEIRA";"Desobediência às normas de trânsito pelo condutor";"Colisão lateral";"Sem Vítimas";"Plena Noite";"Decrescente";"Nublado";"Simples";"Curva";"Não";2;0;0;0;2;0;0;2;"-24.33661066";"-50.83360168";"SR-PR";"DEL7/3";"UOP05/PR"
197886;2019-03-18;"2";"23:05:00";"SC";101;37;"JOINVILLE";"Ingestão de Substâncias Psicoativas";"Atropelamento de Pedestre";"Com Vítimas Feridas";"Plena Noite";"Crescente";"Nublado";"Dupla";"Reta";"Não";2;0;1;0;0;1;1;1;"-26.25050176";"-48.90863867";"SR-SC";"DEL8/3";"UOP01/SC"
197887;2019-03-18;"2";"23:15:00";"PR";153;334;"IRATI";"Pista Escorregadia";"Queda de ocupante de veículo";"Com Vítimas Feridas";"Plena Noite";"Crescente";"Garoa/Chuvisco";"Simples";"Reta";"Sim";1;0;1;0;0;0;1;1;"-25.481234";"-50.640733";"SR-PR";"DEL7/3";"UOP04/PR"
197888;2019-03-18;"2";"22:10:00";"PR";376;628;"SAO JOSE DOS PINHAIS";"Falta de Atenção à Condução";"Colisão frontal";"Com Vítimas Feridas";"Plena Noite";"Crescente";"Nublado";"Dupla";"Reta";"Não";1;0;1;0;0;0;1;1;"-25.67832409";"-49.14963231";"SR-PR";"DEL7/1";"UOP08/PR"
197889;2019-03-18;"2";"22:20:00";"RJ";101;327;"NITEROI";"Não guardar distância de segurança";"Colisão traseira";"Com Vítimas Feridas";"Plena Noite";"Decrescente";"Nublado";"Múltipla";"Reta";"Não";3;0;3;0;0;0;3;2;"-22.87117393";"-43.15595099";"SR-RJ";"DEL5/2";"UOP01/RJ"
197890;2019-03-18;"2";"21:20:00";"RJ";40;92,4;"PETROPOLIS";"Defeito na Via";"Colisão com objeto estático";"Com Vítimas Feridas";"Plena Noite";"Crescente";"Nublado";"Simples";"Curva";"Não";1;0;1;0;0;0;1;1;"-22.55191954";"-43.25068815";"SR-RJ";"DEL5/6";"UOP03/RJ"
197891;2019-03-18;"2";"14:30:00";"SC";470;224,3;"SAO CRISTOVAO DO SUL";"Falta de Atenção à Condução";"Colisão transversal";"Com Vítimas Feridas";"Pleno dia";"Decrescente";"Nublado";"Simples";"Não Informado";"Não";3;0;2;0;1;0;2;2;"-27.32696";"-50.342205";"SR-SC";"DEL8/5";"UOP03/SC"
197892;2019-03-18;"2";"20:05:00";"RO";364;710;"PORTO VELHO";"Falta de Atenção à Condução";"Colisão lateral";"Com Vítimas Feridas";"Plena Noite";"Decrescente";"Céu Claro";"Dupla";"Reta";"Sim";3;0;3;0;0;0;3;2;"-8.78342395";"-63.86249542";"SR-RO";"DEL21/1";"UOP01/RO"
197893;2019-03-18;"2";"21:50:00";"AL";101;51,7;"FLEXEIRAS";"Falta de Atenção à Condução";"Tombamento";"Com Vítimas Fatais";"Plena Noite";"Crescente";"Céu Claro";"Dupla";"Curva";"Não";2;1;0;1;0;0;1;2;"-9.241987";"-35.760014";"SR-AL";"DEL13/1";"UOP01/AL"
197894;2019-03-18;"2";"22:30:00";"SC";101;98,8;"BALNEARIO PICARRAS";"Falta de Atenção à Condução";"Saída de leito carroçável";"Com Vítimas Fatais";"Plena Noite";"Crescente";"Chuva";"Dupla";"Curva";"Não";2;1;0;1;0;0;1;1;"-26.74758405";"-48.6962074";"SR-SC";"DEL8/3";"UOP02/SC"
197895;2019-03-18;"2";"22:50:00";"MA";135;5,8;"SAO LUIS";"Desobediência às normas de trânsito pelo condutor";"Colisão transversal";"Sem Vítimas";"Plena Noite";"Crescente";"Nublado";"Dupla";"Reta";"Sim";2;0;0;0;2;0;0;2;"-2.62145385";"-44.25797421";"SR-MA";"DEL18/1";"UOP01/MA"
197896;2019-03-19;"3";"00:25:00";"PE";232;162;"TACAIMBO";"Animais na Pista";"Atropelamento de Animal";"Sem Vítimas";"Plena Noite";"Decrescente";"Céu Claro";"Simples";"Reta";"Não";1;0;0;0;1;0;0;1;"-8.33319";"-36.2768";"SR-PE";"DEL11/2";"UOP02/PE"
197897;2019-03-18;"2";"20:50:00";"RN";101;118,3;"SAO JOSE DE MIPIBU";"Desobediência às normas de trânsito pelo condutor";"Colisão frontal";"Com Vítimas Fatais";"Plena Noite";"Decrescente";"Nublado";"Dupla";"Retorno Regulamentado";"Não";2;1;0;0;0;1;0;2;"-6.016059";"-35.253475";"SR-RN";"DEL15/1";"UOP01/RN"
197898;2019-03-18;"2";"23:30:00";"GO";60;62;"ABADIANIA";"Ingestão de Álcool";"Saída de leito carroçável";"Sem Vítimas";"Plena Noite";"Decrescente";"Nublado";"Dupla";"Não Informado";"Sim";1;0;0;0;1;0;0;1;"-16.1881";"-48.7205";"SR-GO";"DEL1/2";"UOP01/GO"
197899;2019-03-19;"3";"00:20:00";"MG";381;682,3;"PERDOES";"Falta de Atenção à Condução";"Colisão traseira";"Com Vítimas Feridas";"Plena Noite";"Crescente";"Céu Claro";"Dupla";"Reta";"Não";3;0;2;0;1;0;2;2;"-21.14533643";"-45.10886302";"SR-MG";"DEL4/4";"UOP02/MG"
197900;2019-03-19;"3";"00:45:00";"PR";277;124;"CAMPO LARGO";"Falta de Atenção à Condução";"Colisão com objeto estático";"Com Vítimas Feridas";"Plena Noite";"Decrescente";"Céu Claro";"Dupla";"Reta";"Não";4;0;4;0;0;0;4;1;"-25.4472505";"-49.47885404";"SR-PR";"DEL7/1";"UOP05/PR"
197901;2019-03-18;"2";"22:00:00";"AP";210;40;"MACAPA";"Falta de Atenção à Condução";"Saída de leito carroçável";"Sem Vítimas";"Plena Noite";"Crescente";"Chuva";"Simples";"Reta";"Não";1;0;0;0;1;0;0;1;"0.1045";"-51.126076";"SR-AP";"UOP01/AP";""
197902;2019-03-19;"3";"02:05:00";"SP";153;64,2;"SAO JOSE DO RIO PRETO";"Defeito na Via";"Tombamento";"Com Vítimas Feridas";"Plena Noite";"Decrescente";"Céu Claro";"Simples";"Não Informado";"Sim";1;0;1;0;0;0;1;1;"-20.83059689";"-49.36150789";"SR-SP";"DEL6/9";"UOP01/SP"
197903;2019-03-19;"3";"02:40:00";"GO";153;242;"SAO LUIZ DO NORTE";"Ingestão de Álcool";"Colisão frontal";"Com Vítimas Feridas";"Plena Noite";"Crescente";"Nublado";"Simples";"Não Informado";"Não";6;0;1;5;0;0;6;2;"-14.854869";"-49.319439";"SR-GO";"DEL1/7";"UOP02/GO"
197904;2019-03-19;"3";"02:45:00";"SC";101;148;"ITAPEMA";"Falta de Atenção à Condução";"Colisão lateral";"Com Vítimas Feridas";"Plena Noite";"Decrescente";"Céu Claro";"Simples";"Interseção de vias";"Sim";2;0;0;1;1;0;1;2;"-27.10123686";"-48.61807962";"SR-SC";"DEL8/4";"UOP03/SC"
197905;2019-03-19;"3";"02:00:00";"SP";116;201;"ARUJA";"Falta de Atenção à Condução";"Capotamento";"Com Vítimas Feridas";"Plena Noite";"Decrescente";"Céu Claro";"Dupla";"Reta";"Não";2;0;1;0;1;0;1;1;"-23.40340582";"-46.32940765";"SR-SP";"DEL6/1";"UOP02/SP"
197906;2019-03-19;"3";"01:45:00";"MT";163;823,5;"SINOP";"Falta de Atenção à Condução";"Queda de ocupante de veículo";"Com Vítimas Feridas";"Plena Noite";"Crescente";"Nublado";"Dupla";"Reta";"Sim";1;0;1;0;0;0;1;1;"-12.094512";"-55.51767";"SR-MT";"DEL2/6";"UOP01/MT"
197907;2019-03-18;"2";"22:30:00";"SC";282;166,8;"BOCAINA DO SUL";"Restrição de Visibilidade";"Queda de ocupante de veículo";"Com Vítimas Feridas";"Plena Noite";"Decrescente";"Nevoeiro/Neblina";"Simples";"Reta";"Não";1;0;1;0;0;0;1;1;"-27.744968";"-49.8083";"SR-SC";"DEL8/5";"UOP01/SC"
197908;2019-03-19;"3";"05:40:00";"MG";40;514,1;"RIBEIRAO DAS NEVES";"Condutor Dormindo";"Saída de leito carroçável";"Com Vítimas Feridas";"Amanhecer";"Decrescente";"Céu Claro";"Dupla";"Reta";"Não";1;0;1;0;0;0;1;1;"-19.80151928";"-44.10000333";"SR-MG";"DEL4/1";"UOP03/MG"
197909;2019-03-19;"3";"04:30:00";"MT";364;474;"JANGADA";"Defeito na Via";"Colisão com objeto estático";"Com Vítimas Feridas";"Plena Noite";"Crescente";"Céu Claro";"Simples";"Não Informado";"Não";2;0;1;0;1;0;1;2;"-15.41198133";"-56.35643005";"SR-MT";"DEL2/4";"UOP02/MT"
197910;2019-03-19;"3";"05:00:00";"PI";343;255;"CAMPO MAIOR";"Animais na Pista";"Saída de leito carroçável";"Sem Vítimas";"Amanhecer";"Crescente";"Nublado";"Simples";"Reta";"Não";1;0;0;0;1;0;0;1;"-4.768979";"-42.113426";"SR-PI";"DEL17/1";"UOP03/PI"
197911;2019-03-19;"3";"06:30:00";"BA";116;12,8;"VITORIA DA CONQUISTA";"Falta de Atenção à Condução";"Colisão transversal";"Com Vítimas Feridas";"Pleno dia";"Crescente";"Céu Claro";"Simples";"Não Informado";"Sim";2;0;1;0;1;0;1;2;"-14.88372281";"-40.87069295";"SR-BA";"DEL10/8";"UOP01/BA"
197912;2019-03-18;"2";"07:00:00";"MG";267;259;"SERITINGA";"Velocidade Incompatível";"Tombamento";"Com Vítimas Feridas";"Pleno dia";"Decrescente";"Céu Claro";"Simples";"Curva";"Não";1;0;1;0;0;0;1;1;"-21.93050597";"-44.5541954";"SR-MG";"DEL5";"UOP03/MG"
197914;2019-03-19;"3";"01:19:00";"MG";262;40,2;"MANHUACU";"Falta de Atenção à Condução";"Tombamento";"Com Vítimas Feridas";"Plena Noite";"Decrescente";"Chuva";"Simples";"Reta";"Não";1;0;1;0;0;0;1;1;"-20.27334219";"-42.04913988";"SR-MG";"DEL4/6";"UOP04/MG"
197915;2019-03-19;"3";"07:10:00";"MG";40;520;"CONTAGEM";"Desobediência às normas de trânsito pelo condutor";"Colisão traseira";"Com Vítimas Feridas";"Pleno dia";"Decrescente";"Céu Claro";"Dupla";"Reta";"Sim";2;0;1;0;1;0;1;2;"-19.85289748";"-44.07190715";"SR-MG";"DEL4/1";"UOP03/MG"
197916;2019-03-19;"3";"06:59:00";"ES";101;285,9;"CARIACICA";"Falta de Atenção do Pedestre";"Atropelamento de Pedestre";"Com Vítimas Fatais";"Pleno dia";"Crescente";"Céu Claro";"Dupla";"Desvio Temporário";"Sim";2;1;0;0;1;0;0;1;"-20.25148171";"-40.37270066";"SR-ES";"DEL12/1";"UOP01/ES"