"id";"data_inversa";"dia_semana";"horario";"uf";"br";"km";"municipio";"causa_acidente";"tipo_acidente";"classificacao_acidente";"fase_dia";"sentido_via";"condicao_metereologica";"tipo_pista";"tracado_via";"uso_solo";"pessoas";"mortos";"feridos_leves";"feridos_graves";"ilesos";"ignorados";"feridos";"veiculos";"latitude";"longitude";"regional";"delegacia";"uop"
197917;2019-03-19;"3";"07:28:00";"PB";101;89,8;"JOAO PESSOA";"Desobediência às normas de trânsito pelo condutor";"Colisão transversal";"Com Vítimas Feridas";"Pleno dia";"Decrescente";"Céu Claro";"Dupla";"Reta";"Sim";3;0;2;0;0;1;2;2;"-7.1710694";"-34.89765372";"SR-PB";"DEL14/1";"UOP01/PB"
197918;2019-03-19;"3";"07:20:00";"DF";20;9;"BRASILIA";"Falta de Atenção à Condução";"Danos eventuais";"Sem Vítimas";"Pleno dia";"Decrescente";"Céu Claro";"Dupla";"Curva";"Sim";1;0;0;0;0;1;0;1;"-15.65263717";"-47.78039932";"SR-DF";"DF";"UOP04/DF"
197919;2019-03-19;"3";"07:25:00";"RS";470;232,8;"CARLOS BARBOSA";"Falta de Atenção à Condução";"Colisão transversal";"Sem Vítimas";"Pleno dia";"Crescente";"Céu Claro";"Simples";"Reta";"Não";2;0;0;0;1;1;0;2;"-29.23579206";"-51.51193423";"SR-RS";"DEL9/6";"UOP01/RS"
197920;2019-03-19;"3";"06:50:00";"ES";101;1,2;"SERRA";"Não guardar distância de segurança";"Colisão lateral";"Com Vítimas Feridas";"Pleno dia";"Crescente";"Céu Claro";"Dupla";"Reta";"Sim";4;0;3;0;1;0;3;3;"-20.129093";"-40.308125";"SR-ES";"DEL12/2";"UOP01/ES"
197921;2019-03-19;"3";"07:20:00";"SC";470;139;"RIO DO SUL";"Falta de Atenção à Condução";"Colisão traseira";"Com Vítimas Feridas";"Amanhecer";"Crescente";"Céu Claro";"Simples";"Reta";"Sim";2;0;1;0;1;0;1;2;"-27.217564";"-49.65461";"SR-SC";"DEL8/4";"UOP02/SC"
197923;2019-03-19;"3";"08:00:00";"BA";324;614;"SALVADOR";"Falta de Atenção à Condução";"Colisão lateral";"Sem Vítimas";"Pleno dia";"Decrescente";"Céu Claro";"Dupla";"Reta";"Não";1;0;0;0;1;0;0;1;"-12.8639793";"-38.42370126";"SR-BA";"DEL10/1";"UOP01/BA"
197924;2019-03-19;"3";"07:40:00";"PR";369;164,1;"CAMBE";"Falta de Atenção à Condução";"Colisão traseira";"Com Vítimas Fatais";"Pleno dia";"Crescente";"Nublado";"Dupla";"Reta";"Não";4;1;0;1;1;1;1;3;"-23.295223";"-51.287781";"SR-PR";"DEL7/7";"UOP01/PR"
197926;2019-03-19;"3";"07:40:00";"PE";423;98,7;"GARANHUNS";"Desobediência às normas de trânsito pelo condutor";"Colisão transversal";"Com Vítimas Feridas";"Pleno dia";"Crescente";"Céu Claro";"Simples";"Não Informado";"Sim";2;0;0;1;1;0;1;2;"-8.87617488";"-36.50363499";"SR-PE";"DEL11/3";"UOP01/PE"
197927;2019-03-19;"3";"07:45:00";"PR";277;593;"CASCAVEL";"Falta de Atenção à Condução";"Colisão traseira";"Com Vítimas Feridas";"Pleno dia";"Crescente";"Céu Claro";"Simples";"Não Informado";"Sim";2;0;2;0;0;0;2;2;"-24.98082053";"-53.48254989";"SR-PR";"DEL7/4";"UOP01/PR"
197928;2019-03-19;"3";"07:00:00";"RO";364;16;"VILHENA";"Desobediência às normas de trânsito pelo condutor";"Colisão transversal";"Com Vítimas Feridas";"Pleno dia";"Crescente";"Céu Claro";"Simples";"Reta";"Sim";2;0;1;0;1;0;1;2;"-12.73437947";"-60.15696986";"SR-RO";"DEL21/4";"UOP01/RO"
197929;2019-03-19;"3";"07:00:00";"MG";381;937,8;"EXTREMA";"Falta de Atenção à Condução";"Queda de ocupante de veículo";"Com Vítimas Feridas";"Pleno dia";"Decrescente";"Céu Claro";"Dupla";"Reta";"Não";1;0;1;0;0;0;1;1;"-22.83554657";"-46.32086698";"SR-MG";"DEL09";"UOP03/MG"
197930;2019-03-19;"3";"07:50:00";"BA";116;423,7;"FEIRA DE SANTANA";"Desobediência às normas de trânsito pelo condutor";"Colisão transversal";"Com Vítimas Feridas";"Pleno dia";"Decrescente";"Céu Claro";"Simples";"Reta";"Sim";3;0;2;0;1;0;2;2;"-12.2318999";"-38.96987915";"SR-BA";"DEL10/2";"UOP01/BA"
197931;2019-03-19;"3";"08:25:00";"MG";381;506;"BETIM";"Não guardar distância de segurança";"Colisão traseira";"Com Vítimas Feridas";"Pleno dia";"Decrescente";"Sol";"Dupla";"Reta";"Não";3;0;1;0;2;0;1;2;"-20.05039397";"-44.27962502";"SR-MG";"DEL4/1";"UOP03/MG"
197932;2019-03-19;"3";"07:30:00";"SC";470;137;"RIO DO SUL";"Falta de Atenção à Condução";"Colisão transversal";"Com Vítimas Feridas";"Pleno dia";"Crescente";"Céu Claro";"Simples";"Reta";"Não";2;0;1;0;1;0;1;2;"-27.203201";"-49.635063";"SR-SC";"DEL8/4";"UOP02/SC"
197933;2019-03-19;"3";"08:30:00";"PE";232;209;"PESQUEIRA";"Não guardar distância de segurança";"Colisão traseira";"Com Vítimas Feridas";"Pleno dia";"Decrescente";"Céu Claro";"Simples";"Reta";"Sim";5;0;3;0;2;0;3;3;"-8.36666789";"-36.68869898";"SR-PE";"DEL11/2";"UOP02/PE"
197934;2019-03-19;"3";"07:45:00";"PB";101;91,8;"JOAO PESSOA";"Defeito Mecânico no Veículo";"Tombamento";"Com Vítimas Feridas";"Pleno dia";"Crescente";"Sol";"Dupla";"Reta";"Sim";2;0;2;0;0;0;2;1;"-7.18826412";"-34.90308264";"SR-PB";"DEL14/1";"UOP01/PB"
197935;2019-03-19;"3";"08:00:00";"PE";232;146;"SAO CAITANO";"Falta de Atenção à Condução";"Colisão traseira";"Sem Vítimas";"Pleno dia";"Decrescente";"Céu Claro";"Dupla";"Curva";"Sim";2;0;0;0;2;0;0;2;"-8.33218974";"-36.12904312";"SR-PE";"DEL11/2";"UOP02/PE"
197936;2019-03-19;"3";"08:50:00";"ES";101;270;"SERRA";"Falta de Atenção à Condução";"Colisão traseira";"Com Vítimas Feridas";"Pleno dia";"Crescente";"Sol";"Dupla";"Reta";"Sim";2;0;1;0;1;0;1;2;"-20.22662056";"-40.27075088";"SR-ES";"DEL12/2";"UOP01/ES"
197937;2019-03-19;"3";"08:00:00";"MS";163;478;"CAMPO GRANDE";"Não guardar distância de segurança";"Colisão traseira";"Com Vítimas Feridas";"Pleno dia";"Crescente";"Sol";"Simples";"Reta";"Sim";2;0;1;0;1;0;1;2;"-20.49629699";"-54.55916871";"SR-MS";"DEL3/1";"UOP01/MS"
197938;2019-03-19;"3";"08:15:00";"PR";376;451,1;"TIBAGI";"Velocidade Incompatível";"Tombamento";"Com Vítimas Feridas";"Pleno dia";"Crescente";"Nublado";"Dupla";"Reta";"Não";1;0;1;0;0;0;1;1;"-24.94239016";"-50.40224704";"SR-PR";"DEL7/3";"UOP05/PR"
197939;2019-03-19;"3";"05:40:00";"PR";476;201,9;"LAPA";"Falta de Atenção à Condução";"Tombamento";"Com Vítimas Feridas";"Plena Noite";"Crescente";"Nublado";"Simples";"Não Informado";"Não";1;0;1;0;0;0;1;1;"-25.7754";"-49.764946";"SR-PR";"DEL7/2";"UOP03/PR"
197940;2019-03-19;"3";"09:00:00";"RS";116;264;"CANOAS";"Falta de Atenção à Condução";"Colisão lateral";"Com Vítimas Feridas";"Pleno dia";"Crescente";"Sol";"Múltipla";"Reta";"Sim";2;0;1;0;1;0;1;2;"-29.914435";"-51.17754495";"SR-RS";"DEL9/1";"UOP01/RS"
197942;2019-03-19;"3";"08:00:00";"PR";476;180;"CONTENDA";"Avarias e/ou desgaste excessivo no pneu";"Tombamento";"Com Vítimas Feridas";"Pleno dia";"Crescente";"Nublado";"Simples";"Curva";"Não";2;0;0;1;0;1;1;2;"-25.706665";"-49.591278";"SR-PR";"DEL7/1";"UOP04/PR"
197943;2019-03-19;"3";"09:40:00";"SC";470;174,2;"POUSO REDONDO";"Desobediência às normas de trânsito pelo condutor";"Colisão lateral";"Com Vítimas Feridas";"Pleno dia";"Decrescente";"Céu Claro";"Simples";"Curva";"Não";2;0;0;1;1;0;1;2;"-27.25997057";"-49.91994381";"SR-SC";"DEL8/4";"UOP02/SC"
197944;2019-03-19;"3";"06:30:00";"MG";267;218;"BOM JARDIM DE MINAS";"Defeito Mecânico no Veículo";"Capotamento";"Com Vítimas Feridas";"Pleno dia";"Crescente";"Nevoeiro/Neblina";"Simples";"Desvio Temporário";"Não";2;0;2;0;0;0;2;1;"-21.94149828";"-44.23500199";"SR-MG";"DEL5";"UOP03/MG"
197946;2019-03-19;"3";"09:10:00";"SP";116;287,9;"ITAPECERICA DA SERRA";"Falta de Atenção à Condução";"Tombamento";"Com Vítimas Feridas";"Pleno dia";"Crescente";"Céu Claro";"Dupla";"Reta";"Sim";1;0;1;0;0;0;1;1;"-23.71441779";"-46.87929634";"SR-SP";"DEL6/4";"UOP01/SP"
197947;2019-03-19;"3";"09:00:00";"RJ";40;77;"PETROPOLIS";"Condutor Dormindo";"Colisão traseira";"Com Vítimas Feridas";"Pleno dia";"Decrescente";"Nublado";"Simples";"Reta";"Não";2;0;1;0;1;0;1;2;"-22.48005592";"-43.23543994";"SR-RJ";"DEL5/6";"UOP03/RJ"
197948;2019-03-19;"3";"09:15:00";"MT";163;119;"RONDONOPOLIS";"Falta de Atenção à Condução";"Colisão lateral";"Com Vítimas Feridas";"Pleno dia";"Crescente";"Céu Claro";"Dupla";"Reta";"Sim";3;0;1;0;2;0;1;2;"-16.505412";"-54.65154";"SR-MT";"DEL2/2";"UOP01/MT"
197949;2019-03-19;"3";"10:15:00";"GO";20;172,5;"ALVORADA DO NORTE";"Defeito Mecânico no Veículo";"Saída de leito carroçável";"Sem Vítimas";"Pleno dia";"Crescente";"Céu Claro";"Simples";"Reta";"Não";4;0;0;0;4;0;0;1;"-14.533333";"-46.540195";"SR-DF";"GO";"UOP05/DF"
197950;2019-03-19;"3";"08:50:00";"PE";101;136;"ESCADA";"Defeito na Via";"Queda de ocupante de veículo";"Com Vítimas Feridas";"Pleno dia";"Decrescente";"Sol";"Dupla";"Interseção de vias";"Não";1;0;1;0;0;0;1;1;"-8.41439454";"-35.3044618";"SR-PE";"DEL11/1";"UOP03/PE"
197951;2019-03-19;"3";"09:50:00";"MG";153;145,5;"CAMPO FLORIDO";"Ultrapassagem Indevida";"Colisão frontal";"Com Vítimas Feridas";"Pleno dia";"Crescente";"Céu Claro";"Simples";"Reta";"Não";4;0;0;2;2;0;2;3;"-19.6079631";"-48.83760379";"SR-MG";"DEL13";"UOP02/MG"
197952;2019-03-19;"3";"08:40:00";"BA";101;111;"ALAGOINHAS";"Falta de Atenção à Condução";"Colisão traseira";"Com Vítimas Feridas";"Pleno dia";"Decrescente";"Céu Claro";"Simples";"Reta";"Não";2;0;2;0;0;0;2;2;"-12.16246647";"-38.48586813";"SR-BA";"DEL10/1";"UOP04/BA"
197953;2019-03-19;"3";"08:00:00";"PB";230;18,7;"JOAO PESSOA";"Não guardar distância de segurança";"Colisão traseira";"Com Vítimas Feridas";"Pleno dia";"Crescente";"Céu Claro";"Dupla";"Curva";"Sim";2;0;1;0;1;0;1;2;"-7.1198";"-34.8453";"SR-PB";"DEL14/1";"UOP00/PB"
197954;2019-03-19;"3";"10:30:00";"BA";101;115;"ALAGOINHAS";"Ultrapassagem Indevida";"Colisão frontal";"Com Vítimas Feridas";"Pleno dia";"Decrescente";"Céu Claro";"Simples";"Reta";"Não";3;0;1;0;2;0;1;2;"-12.16017093";"-38.49643707";"SR-BA";"DEL10/1";"UOP04/BA"
197955;2019-03-19;"3";"09:40:00";"BA";242;860;"BARREIRAS";"Falta de Atenção à Condução";"Colisão transversal";"Sem Vítimas";"Pleno dia";"Crescente";"Chuva";"Simples";"Reta";"Não";2;0;0;0;2;0;0;2;"-12.06605501";"-45.57841301";"SR-BA";"DEL10/10";"UOP01/BA"
197956;2019-03-07;"5";"16:00:00";"RJ";40;112;"DUQUE DE CAXIAS";"Falta de Atenção à Condução";"Colisão transversal";"Com Vítimas Feridas";"Pleno dia";"Decrescente";"Céu Claro";"Dupla";"Não Informado";"Sim";3;0;1;0;2;0;1;2;"-22.7004454";"-43.29014851";"SR-RJ";"DEL5/1";"UOP01/RJ"
197958;2019-03-19;"3";"10:50:00";"PB";230;160;"CAMPINA GRANDE";"Desobediência às normas de trânsito pelo condutor";"Colisão transversal";"Com Vítimas Feridas";"Pleno dia";"Crescente";"Céu Claro";"Simples";"Reta";"Sim";3;0;1;0;2;0;1;2;"-7.2436";"-35.9375";"SR-PB";"DEL14/2";"UOP01/PB"
197959;2019-03-19;"3";"11:00:00";"GO";40;9;"LUZIANIA";"Desobediência às normas de trânsito pelo condutor";"Atropelamento de Pedestre";"Com Vítimas Feridas";"Pleno dia";"Crescente";"Nublado";"Dupla";"Reta";"Sim";2;0;0;1;1;0;1;1;"-16.131158";"-47.957739";"SR-DF";"GO";"UOP01/DF"
197960;2019-02-02;"7";"19:05:00";"ES";101;287;"CARIACICA";"Falta de Atenção à Condução";"Colisão transversal";"Com Vítimas Fatais";"Anoitecer";"Decrescente";"Céu Claro";"Dupla";"Reta";"Sim";5;1;0;0;4;0;0;3;"-20.25764316";"-40.37718242";"SR-ES";"DEL12/1";"UOP01/ES"
197961;2019-03-19;"3";"05:00:00";"MG";267;219,8;"ARANTINA";"Carga excessiva e/ou mal acondicionada";"Saída de leito carroçável";"Com Vítimas Feridas";"Amanhecer";"Decrescente";"Nublado";"Simples";"Curva";"Não";1;0;1;0;0;0;1;1;"-21.94238263";"-44.24362725";"SR-MG";"DEL5";"UOP03/MG"
197962;2019-03-19;"3";"10:00:00";"MG";262;444;"NOVA SERRANA";"Velocidade Incompatível";"Saída de leito carroçável";"Com Vítimas Feridas";"Pleno dia";"Crescente";"Céu Claro";"Múltipla";"Reta";"Sim";1;0;1;0;0;0;1;1;"-19.881131";"-44.931502";"SR-MG";"DEL4/8";"UOP03/MG"
197964;2019-03-19;"3";"11:50:00";"RN";406;169,5;"SAO GONCALO DO AMARANTE";"Falta de Atenção à Condução";"Colisão lateral";"Com Vítimas Feridas";"Pleno dia";"Decrescente";"Sol";"Múltipla";"Reta";"Sim";2;0;1;0;1;0;1;2;"-5.75575041";"-35.30611664";"SR-RN";"DEL15/2";"UOP01/RN"
197965;2019-03-19;"3";"11:30:00";"ES";259;57,7;"COLATINA";"Desobediência às normas de trânsito pelo condutor";"Colisão transversal";"Com Vítimas Feridas";"Pleno dia";"Decrescente";"Sol";"Simples";"Não Informado";"Sim";3;0;2;0;1;0;2;2;"-19.51851537";"-40.66316789";"SR-ES";"DEL12/2";"UOP01/ES"
197966;2019-03-19;"3";"12:00:00";"GO";70;8;"AGUAS LINDAS DE GOIAS";"Defeito Mecânico no Veículo";"Queda de ocupante de veículo";"Com Vítimas Feridas";"Pleno dia";"Crescente";"Céu Claro";"Dupla";"Reta";"Sim";1;0;1;0;0;0;1;1;"-15.73733681";"-48.27407468";"SR-DF";"GO";"UOP06/DF"
197967;2019-03-19;"3";"12:00:00";"MG";459;83,4;"CONGONHAL";"Falta de Atenção à Condução";"Colisão lateral";"Com Vítimas Feridas";"Pleno dia";"Crescente";"Sol";"Simples";"Reta";"Sim";3;0;1;0;2;0;1;2;"-22.154463";"-46.071995";"SR-MG";"PM/MG";""
197968;2019-01-19;"7";"02:20:00";"PR";116;116,1;"CURITIBA";"Desobediência às normas de trânsito pelo condutor";"Atropelamento de Pedestre";"Com Vítimas Feridas";"Plena Noite";"Decrescente";"Céu Claro";"Dupla";"Reta";"Sim";2;0;1;1;0;0;2;1;"-25.544559";"-49.30146";"SR-PR";"DEL7/1";"UOP06/PR"
197969;2019-03-19;"3";"12:35:00";"ES";262;22,1;"VIANA";"Mal Súbito";"Colisão frontal";"Com Vítimas Fatais";"Pleno dia";"Decrescente";"Céu Claro";"Simples";"Curva";"Não";3;1;2;0;0;0;2;2;"-20.37528542";"-40.51461697";"SR-ES";"DEL12/1";"UOP01/ES"
197970;2019-03-19;"3";"12:40:00";"RJ";393;155;"TRES RIOS";"Velocidade Incompatível";"Tombamento";"Com Vítimas Feridas";"Pleno dia";"Decrescente";"Sol";"Simples";"Rotatória";"Não";1;0;1;0;0;0;1;1;"-22.08606995";"-43.05495303";"SR-RJ";"DEL5/6";"UOP02/RJ"
197971;2019-03-19;"3";"12:20:00";"BA";324;613;"SALVADOR";"Falta de Atenção à Condução";"Colisão traseira";"Com Vítimas Feridas";"Pleno dia";"Crescente";"Céu Claro";"Dupla";"Reta";"Sim";3;0;1;0;2;0;1;2;"-12.85531601";"-38.42055197";"SR-BA";"DEL10/1";"UOP01/BA"
197972;2019-03-19;"3";"12:30:00";"MG";354;713,5;"CAXAMBU";"Velocidade Incompatível";"Tombamento";"Com Vítimas Feridas";"Pleno dia";"Crescente";"Céu Claro";"Simples";"Curva";"Não";1;0;1;0;0;0;1;1;"-22.0566569";"-44.9272015";"SR-MG";"DEL5";"UOP03/MG"
197973;2019-03-19;"3";"12:30:00";"RS";293;75;"PIRATINI";"Falta de Atenção à Condução";"Saída de leito carroçável";"Com Vítimas Feridas";"Pleno dia";"Crescente";"Céu Claro";"Simples";"Reta";"Não";2;0;1;1;0;0;2;1;"-31.67583782";"-53.07442688";"SR-RS";"DEL9/7";"UOP01/RS"
197974;2019-03-19;"3";"13:10:00";"GO";40;13;"LUZIANIA";"Desobediência às normas de trânsito pelo condutor";"Colisão lateral";"Com Vítimas Feridas";"Pleno dia";"Crescente";"Céu Claro";"Dupla";"Reta";"Sim";2;0;1;0;1;0;1;2;"-16.151832";"-47.939162";"SR-DF";"GO";"UOP01/DF"
197976;2019-02-22;"6";"23:10:00";"PR";277;118,3;"CAMPO LARGO";"Falta de Atenção à Condução";"Colisão transversal";"Com Vítimas Feridas";"Plena Noite";"Decrescente";"Nublado";"Dupla";"Reta";"Sim";2;0;1;0;0;1;1;2;"-25.43106012";"-49.42461998";"SR-PR";"DEL7/1";"UOP05/PR"
197977;2019-02-08;"6";"14:00:00";"MG";116;748,8;"LEOPOLDINA";"Condutor Dormindo";"Colisão frontal";"Com Vítimas Feridas";"Pleno dia";"Crescente";"Céu Claro";"Simples";"Reta";"Não";4;0;1;3;0;0;4;2;"-21.39745869";"-42.49443054";"SR-MG";"DEL4/7";"UOP01/MG"
197978;2019-03-19;"3";"13:25:00";"GO";70;1,3;"AGUAS LINDAS DE GOIAS";"Falta de Atenção à Condução";"Colisão transversal";"Com Vítimas Feridas";"Pleno dia";"Crescente";"Nublado";"Dupla";"Não Informado";"Sim";2;0;1;0;1;0;1;2;"-15.77579351";"-48.23259001";"SR-DF";"GO";"UOP06/DF"
197979;2019-03-19;"3";"08:20:00";"MT";364;72,7;"ALTO GARCAS";"Ultrapassagem Indevida";"Colisão frontal";"Com Vítimas Fatais";"Pleno dia";"Crescente";"Céu Claro";"Simples";"Curva";"Não";5;1;0;3;1;0;3;2;"-16.90973972";"-53.6384169";"SR-MT";"DEL2/2";"UOP04/MT"
197980;2019-03-19;"3";"11:40:00";"MG";153;227,3;"FRONTEIRA";"Velocidade Incompatível";"Saída de leito carroçável";"Com Vítimas Feridas";"Pleno dia";"Decrescente";"Sol";"Simples";"Reta";"Não";1;0;0;1;0;0;1;1;"-20.21081421";"-49.13770375";"SR-MG";"DEL13";"UOP02/MG"
197981;2019-03-13;"4";"11:20:00";"MT";163;119;"RONDONOPOLIS";"Desobediência às normas de trânsito pelo condutor";"Colisão transversal";"Com Vítimas Feridas";"Pleno dia";"Crescente";"Céu Claro";"Simples";"Reta";"Sim";2;0;1;0;1;0;1;2;"-16.505412";"-54.65154";"SR-MT";"DEL2/2";"UOP01/MT"
197982;2019-03-19;"3";"13:10:00";"SP";116;214;"GUARULHOS";"Defeito na Via";"Colisão lateral";"Com Vítimas Feridas";"Pleno dia";"Decrescente";"Nublado";"Múltipla";"Reta";"Sim";4;0;2;0;2;0;2;2;"-23.44333014";"-46.44531294";"SR-SP";"DEL6/1";"UOP01/SP"
197983;2019-02-27;"4";"08:30:00";"GO";452;192,2;"ITUMBIARA";"Falta de Atenção à Condução";"Colisão transversal";"Com Vítimas Feridas";"Pleno dia";"Crescente";"Sol";"Simples";"Interseção de vias";"Não";2;0;1;1;0;0;2;2;"-18.38580493";"-49.34783936";"SR-GO";"DEL1/3";"UOP02/GO"
197984;2019-03-19;"3";"14:00:00";"MG";381;337;"BELA VISTA DE MINAS";"Falta de Atenção à Condução";"Colisão transversal";"Com Vítimas Feridas";"Pleno dia";"Decrescente";"Céu Claro";"Simples";"Reta";"Sim";3;0;3;0;0;0;3;2;"-19.82388218";"-43.08235792";"SR-MG";"DEL4/3";"UOP01/MG"
197986;2019-03-19;"3";"13:55:00";"BA";116;414,8;"FEIRA DE SANTANA";"Defeito Mecânico no Veículo";"Colisão lateral";"Sem Vítimas";"Pleno dia";"Crescente";"Céu Claro";"Simples";"Não Informado";"Não";2;0;0;0;2;0;0;2;"-12.15091699";"-38.96471948";"SR-BA";"DEL10/2";"UOP01/BA"
197989;2019-03-19;"3";"12:15:00";"PR";476;277,4;"SAO MATEUS DO SUL";"Não guardar distância de segurança";"Colisão traseira";"Com Vítimas Feridas";"Pleno dia";"Decrescente";"Sol";"Simples";"Não Informado";"Sim";3;0;2;0;1;0;2;2;"-25.87254607";"-50.39361656";"SR-PR";"DEL7/2";"UOP03/PR"
197990;2019-03-06;"4";"13:10:00";"PA";316;24;"BENEVIDES";"Falta de Atenção do Pedestre";"Atropelamento de Pedestre";"Com Vítimas Feridas";"Pleno dia";"Decrescente";"Céu Claro";"Dupla";"Reta";"Sim";2;0;0;1;0;1;1;1;"-1.34599732";"-48.25152822";"SR-PA";"DEL19/1";"UOP01/PA"
197992;2019-03-19;"3";"14:05:00";"PR";116;17;"CURITIBA";"Agressão Externa";"Derramamento de carga";"Sem Vítimas";"Pleno dia";"Decrescente";"Céu Claro";"Dupla";"Reta";"Sim";1;0;0;0;1;0;0;1;"-25.389";"-49.1867";"SR-PR";"DEL7/1";"UOP02/PR"
197993;2019-02-10;"1";"19:50:00";"PB";230;327,7;"QUIXABA";"Falta de Atenção à Condução";"Saída de leito carroçável";"Com Vítimas Feridas";"Plena Noite";"Crescente";"Nublado";"Simples";"Reta";"Não";3;0;3;0;0;0;3;1;"-7.0001";"-37.203";"SR-PB";"DEL14/3";"UOP01/PB"
197994;2019-03-19;"3";"14:10:00";"SE";235;12;"NOSSA SENHORA DO SOCORRO";"Falta de Atenção do Pedestre";"Atropelamento de Pedestre";"Com Vítimas Feridas";"Pleno dia";"Crescente";"Céu Claro";"Simples";"Curva";"Não";2;0;1;0;0;1;1;1;"-10.872643";"-37.163246";"SR-SE";"DEL20/1";"UOP01/SE"
197995;2019-03-19;"3";"14:40:00";"MG";40;760,1;"JUIZ DE FORA";"Velocidade Incompatível";"Colisão frontal";"Com Vítimas Fatais";"Pleno dia";"Decrescente";"Chuva";"Simples";"Não Informado";"Não";6;4;0;1;1;0;1;2;"-21.52936511";"-43.51813418";"SR-MG";"DEL5";"UOP01/MG"
197997;2019-03-19;"3";"15:15:00";"PR";376;623;"SAO JOSE DOS PINHAIS";"Não guardar distância de segurança";"Saída de leito carroçável";"Com Vítimas Feridas";"Pleno dia";"Decrescente";"Céu Claro";"Dupla";"Reta";"Não";2;0;1;0;1;0;1;2;"-25.63462416";"-49.16182135";"SR-PR";"DEL7/1";"UOP01/PR"
197998;2019-03-19;"3";"15:15:00";"PE";101;78;"RECIFE";"Falta de Atenção à Condução";"Colisão transversal";"Com Vítimas Feridas";"Pleno dia";"Crescente";"Sol";"Dupla";"Reta";"Sim";3;0;1;1;1;0;2;2;"-8.13496499";"-34.94738614";"SR-PE";"DEL11/1";"UOP01/PE"
197999;2019-03-19;"3";"14:40:00";"RO";364;240,1;"CACOAL";"Defeito na Via";"Tombamento";"Com Vítimas Feridas";"Pleno dia";"Crescente";"Sol";"Simples";"Não Informado";"Sim";1;0;0;1;0;0;1;1;"-11.43629272";"-61.47212148";"SR-RO";"DEL21/2";"UOP02/RO"
198001;2019-03-19;"3";"15:00:00";"PR";277;726,4;"FOZ DO IGUACU";"Falta de Atenção à Condução";"Colisão transversal";"Com Vítimas Feridas";"Pleno dia";"Decrescente";"Céu Claro";"Dupla";"Rotatória";"Sim";2;0;1;0;1;0;1;2;"-25.51076346";"-54.55853462";"SR-PR";"DEL7/5";"UOP03/PR"
198002;2019-03-19;"3";"16:30:00";"SP";116;211;"GUARULHOS";"Falta de Atenção à Condução";"Colisão com objeto estático";"Com Vítimas Feridas";"Pleno dia";"Crescente";"Nublado";"Múltipla";"Reta";"Sim";3;0;1;0;2;0;1;3;"-23.4322798";"-46.41971022";"SR-SP";"DEL6/1";"UOP01/SP"
198003;2019-03-19;"3";"16:30:00";"PR";153;307,7;"IMBITUVA";"Ingestão de Álcool";"Capotamento";"Com Vítimas Feridas";"Pleno dia";"Crescente";"Céu Claro";"Simples";"Reta";"Não";1;0;0;1;0;0;1;1;"-25.25961868";"-50.64038734";"SR-PR";"DEL7/3";"UOP04/PR"
198004;2019-03-19;"3";"16:45:00";"MG";40;780,8;"JUIZ DE FORA";"Falta de Atenção à Condução";"Queda de ocupante de veículo";"Com Vítimas Feridas";"Pleno dia";"Crescente";"Garoa/Chuvisco";"Dupla";"Reta";"Não";1;0;1;0;0;0;1;1;"-21.67939981";"-43.44987329";"SR-MG";"DEL5";"UOP01/MG"
198005;2019-03-19;"3";"15:19:00";"MG";381;520,9;"BRUMADINHO";"Falta de Atenção à Condução";"Colisão lateral";"Sem Vítimas";"Pleno dia";"Crescente";"Chuva";"Dupla";"Curva";"Não";1;0;0;0;1;0;0;1;"-20.13363702";"-44.309515";"SR-MG";"DEL4/4";"UOP03/MG"
198006;2019-03-19;"3";"15:30:00";"MG";381;330;"NOVA ERA";"Falta de Atenção à Condução";"Colisão lateral";"Com Vítimas Feridas";"Pleno dia";"Decrescente";"Nublado";"Dupla";"Reta";"Sim";2;0;1;0;1;0;1;1;"-19.75671306";"-43.02716201";"SR-MG";"DEL4/3";"UOP01/MG"
198007;2019-03-19;"3";"16:35:00";"SC";101;92,8;"BARRA VELHA";"Falta de Atenção à Condução";"Colisão lateral";"Com Vítimas Feridas";"Pleno dia";"Crescente";"Céu Claro";"Dupla";"Reta";"Não";2;0;1;0;1;0;1;2;"-26.6806041";"-48.6931497";"SR-SC";"DEL8/3";"UOP02/SC"
198008;2019-03-19;"3";"16:20:00";"SE";101;103,1;"SAO CRISTOVAO";"Falta de Atenção à Condução";"Atropelamento de Pedestre";"Com Vítimas Feridas";"Pleno dia";"Crescente";"Sol";"Dupla";"Reta";"Não";3;0;1;0;2;0;1;2;"-10.95195715";"-37.21793532";"SR-SE";"DEL20/2";"UOP01/SE"
198009;2019-03-19;"3";"17:00:00";"SP";116;52,2;"LORENA";"Defeito na Via";"Colisão com objeto estático";"Com Vítimas Feridas";"Pleno dia";"Decrescente";"Nublado";"Dupla";"Reta";"Sim";1;0;1;0;0;0;1;1;"-22.74708138";"-45.09973038";"SR-SP";"DEL6/8";"UOP02/SP"
198010;2019-03-19;"3";"16:45:00";"RJ";101;429,3;"MANGARATIBA";"Falta de Atenção à Condução";"Colisão frontal";"Com Vítimas Feridas";"Pleno dia";"Crescente";"Chuva";"Simples";"Curva";"Não";7;0;5;1;1;0;6;2;"-22.937274";"-44.009944";"SR-RJ";"DEL5/3";"UOP01/RJ"
198011;2019-03-19;"3";"17:15:00";"CE";20;427;"FORTALEZA";"Falta de Atenção à Condução";"Colisão traseira";"Com Vítimas Feridas";"Pleno dia";"Decrescente";"Chuva";"Dupla";"Reta";"Não";3;0;2;0;1;0;2;2;"-3.76999035";"-38.67006282";"SR-CE";"DEL16/1";"UOP02/CE"