"id";"data_inversa";"dia_semana";"horario";"uf";"br";"km";"municipio";"causa_acidente";"tipo_acidente";"classificacao_acidente";"fase_dia";"sentido_via";"condicao_metereologica";"tipo_pista";"tracado_via";"uso_solo";"pessoas";"mortos";"feridos_leves";"feridos_graves";"ilesos";"ignorados";"feridos";"veiculos";"latitude";"longitude";"regional";"delegacia";"uop"
198012;2019-03-19;"3";"16:26:00";"SC";101;276,4;"IMBITUBA";"Não guardar distância de segurança";"Colisão traseira";"Com Vítimas Fatais";"Pleno dia";"Decrescente";"Céu Claro";"Dupla";"Não Informado";"Não";3;1;0;0;1;1;0;2;"-28.14644701";"-48.69204746";"SR-SC";"DEL8/2";"UOP03/SC"
198014;2019-03-19;"3";"17:10:00";"RN";110;50,2;"MOSSORO";"Agressão Externa";"Colisão com objeto estático";"Com Vítimas Feridas";"Pleno dia";"Crescente";"Nublado";"Dupla";"Viaduto";"Sim";2;0;1;0;0;1;1;2;"-5.22564411";"-37.32444048";"SR-RN";"DEL15/4";"UOP01/RN"
198016;2019-03-19;"3";"17:35:00";"PR";277;81;"CURITIBA";"Falta de Atenção à Condução";"Colisão transversal";"Com Vítimas Feridas";"Pleno dia";"Decrescente";"Céu Claro";"Simples";"Interseção de vias";"Sim";2;0;1;0;1;0;1;2;"-25.568939";"-49.181978";"SR-PR";"DEL7/1";"UOP01/PR"
198017;2019-03-19;"3";"16:00:00";"PR";376;645;"TIJUCAS DO SUL";"Falta de Atenção à Condução";"Colisão lateral";"Com Vítimas Feridas";"Pleno dia";"Crescente";"Céu Claro";"Dupla";"Curva";"Não";5;0;1;0;4;0;1;2;"-25.82214295";"-49.12707913";"SR-PR";"DEL7/1";"UOP08/PR"
198018;2019-03-19;"3";"16:30:00";"BA";116;818,2;"VITORIA DA CONQUISTA";"Condutor Dormindo";"Colisão frontal";"Com Vítimas Feridas";"Pleno dia";"Crescente";"Nublado";"Simples";"Reta";"Sim";2;0;0;1;1;0;1;2;"-14.82497";"-40.82112";"SR-BA";"DEL10/8";"UOP01/BA"
198019;2019-03-19;"3";"17:15:00";"PR";116;18,3;"CURITIBA";"Não guardar distância de segurança";"Engavetamento";"Com Vítimas Feridas";"Pleno dia";"Crescente";"Nublado";"Dupla";"Não Informado";"Não";3;0;0;1;2;0;1;3;"-25.3891";"-49.1966";"SR-PR";"DEL7/1";"UOP01/PR"
198021;2019-03-19;"3";"14:37:00";"BA";324;518;"FEIRA DE SANTANA";"Falta de Atenção à Condução";"Colisão traseira";"Com Vítimas Feridas";"Pleno dia";"Crescente";"Céu Claro";"Dupla";"Reta";"Sim";2;0;1;0;1;0;1;2;"-12.258195";"-38.932182";"SR-BA";"DEL10/1";"UOP01/BA"
198022;2019-03-19;"3";"18:00:00";"RS";285;456,6;"IJUI";"Falta de Atenção à Condução";"Colisão transversal";"Sem Vítimas";"Pleno dia";"Crescente";"Sol";"Simples";"Reta";"Sim";3;0;0;0;3;0;0;3;"-28.3935523";"-53.89575005";"SR-RS";"DEL9/10";"UOP01/RS"
198023;2019-03-19;"3";"18:30:00";"MG";381;915,9;"CAMANDUCAIA";"Defeito Mecânico no Veículo";"Saída de leito carroçável";"Com Vítimas Feridas";"Anoitecer";"Crescente";"Nublado";"Dupla";"Curva";"Não";1;0;1;0;0;0;1;1;"-22.76087082";"-46.16278597";"SR-MG";"DEL09";"UOP03/MG"
198025;2019-03-19;"3";"16:30:00";"PR";476;155;"ARAUCARIA";"Falta de Atenção à Condução";"Colisão transversal";"Com Vítimas Feridas";"Pleno dia";"Decrescente";"Céu Claro";"Simples";"Reta";"Sim";2;0;0;1;1;0;1;2;"-25.590897";"-49.410622";"SR-PR";"DEL7/1";"UOP04/PR"
198026;2019-03-15;"6";"12:30:00";"SP";116;345;"MIRACATU";"Desobediência às normas de trânsito pelo condutor";"Colisão traseira";"Sem Vítimas";"Pleno dia";"Crescente";"Céu Claro";"Dupla";"Reta";"Não";4;0;0;0;4;0;0;2;"-24.03551364";"-47.18593225";"SR-SP";"DEL6/4";"UOP02/SP"
198027;2019-03-19;"3";"17:10:00";"PR";153;402;"MALLET";"Falta de Atenção à Condução";"Tombamento";"Com Vítimas Feridas";"Pleno dia";"Crescente";"Céu Claro";"Simples";"Desvio Temporário";"Não";1;0;1;0;0;0;1;1;"-25.97756901";"-50.8392222";"SR-PR";"DEL7/2";"UOP02/PR"
198028;2019-03-19;"3";"17:50:00";"SC";101;148;"ITAPEMA";"Falta de Atenção à Condução";"Colisão traseira";"Com Vítimas Feridas";"Pleno dia";"Decrescente";"Nublado";"Simples";"Reta";"Não";2;0;1;0;1;0;1;2;"-27.10123686";"-48.61807962";"SR-SC";"DEL8/4";"UOP03/SC"
198029;2019-03-19;"3";"18:30:00";"SC";101;123,2;"ITAJAI";"Avarias e/ou desgaste excessivo no pneu";"Queda de ocupante de veículo";"Com Vítimas Feridas";"Anoitecer";"Crescente";"Céu Claro";"Dupla";"Viaduto";"Não";1;0;1;0;0;0;1;1;"-26.93668609";"-48.69876905";"SR-SC";"DEL8/4";"UOP04/SC"
198030;2019-03-19;"3";"19:00:00";"PE";232;5;"RECIFE";"Falta de Atenção à Condução";"Colisão lateral";"Sem Vítimas";"Plena Noite";"Crescente";"Ignorado";"Dupla";"Interseção de vias";"Não";3;0;0;0;3;0;0;2;"-8.06795766";"-34.94535414";"SR-PE";"DEL11/1";"UOP01/PE"
198031;2019-03-19;"3";"18:50:00";"PA";155;15,3;"REDENCAO";"Desobediência às normas de trânsito pelo condutor";"Colisão frontal";"Com Vítimas Fatais";"Anoitecer";"Crescente";"Céu Claro";"Simples";"Reta";"Não";3;1;0;1;1;0;1;2;"-7.908529";"-50.04853";"SR-PA";"DEL19/3";"UOP01/PA"
198032;2019-03-19;"3";"18:00:00";"PA";316;42;"SANTA IZABEL DO PARA";"Falta de Atenção à Condução";"Colisão lateral";"Sem Vítimas";"Anoitecer";"Crescente";"Chuva";"Dupla";"Reta";"Sim";2;0;0;0;2;0;0;2;"-1.27648404";"-48.104951";"SR-PA";"DEL19/1";"UOP02/PA"
198033;2019-03-19;"3";"18:50:00";"ES";101;292,9;"CARIACICA";"Falta de Atenção à Condução";"Colisão lateral";"Com Vítimas Feridas";"Plena Noite";"Decrescente";"Céu Claro";"Dupla";"Reta";"Não";2;0;1;0;0;1;1;2;"-20.31375528";"-40.39548486";"SR-ES";"DEL12/1";"UOP01/ES"
198034;2019-03-19;"3";"16:15:00";"MG";381;675,5;"PERDOES";"Falta de Atenção à Condução";"Colisão transversal";"Com Vítimas Feridas";"Pleno dia";"Crescente";"Nublado";"Dupla";"Reta";"Sim";6;0;3;0;3;0;3;2;"-21.11551592";"-45.09411331";"SR-MG";"DEL4/4";"UOP02/MG"
198035;2019-03-19;"3";"19:00:00";"GO";50;105;"CRISTALINA";"Falta de Atenção à Condução";"Saída de leito carroçável";"Com Vítimas Feridas";"Plena Noite";"Crescente";"Nublado";"Dupla";"Reta";"Não";1;0;1;0;0;0;1;1;"-16.9309";"-47.7117";"SR-DF";"GO";"UOP02/DF"
198036;2019-03-19;"3";"19:45:00";"RN";101;106;"PARNAMIRIM";"Falta de Atenção do Pedestre";"Atropelamento de Pedestre";"Com Vítimas Feridas";"Plena Noite";"Crescente";"Céu Claro";"Dupla";"Não Informado";"Sim";2;0;2;0;0;0;2;1;"-5.91056401";"-35.26130795";"SR-RN";"DEL15/1";"UOP01/RN"
198037;2019-03-19;"3";"19:30:00";"SC";116;8,5;"MAFRA";"Ultrapassagem Indevida";"Colisão frontal";"Com Vítimas Feridas";"Plena Noite";"Crescente";"Céu Claro";"Simples";"Reta";"Não";6;0;3;1;2;0;4;3;"-26.15748603";"-49.83898198";"SR-SC";"DEL8/6";"UOP01/SC"
198038;2019-03-19;"3";"18:40:00";"BA";116;597;"IRAJUBA";"Defeito Mecânico no Veículo";"Saída de leito carroçável";"Com Vítimas Feridas";"Plena Noite";"Decrescente";"Céu Claro";"Simples";"Curva";"Não";2;0;1;0;1;0;1;1;"-13.1886621";"-40.00636166";"SR-BA";"DEL10/3";"UOP02/BA"
198039;2019-03-19;"3";"19:10:00";"GO";153;444;"ANAPOLIS";"Falta de Atenção à Condução";"Colisão traseira";"Com Vítimas Feridas";"Plena Noite";"Crescente";"Céu Claro";"Dupla";"Rotatória";"Sim";3;0;1;0;2;0;1;2;"-16.343756";"-48.9245";"SR-GO";"DEL1/2";"UOP01/GO"
198040;2019-03-19;"3";"18:20:00";"MT";70;289;"PRIMAVERA DO LESTE";"Pista Escorregadia";"Queda de ocupante de veículo";"Com Vítimas Feridas";"Plena Noite";"Crescente";"Chuva";"Dupla";"Reta";"Não";2;0;2;0;0;0;2;1;"-15.57724438";"-54.37704697";"SR-MT";"DEL2/5";"UOP01/MT"
198041;2019-03-19;"3";"19:00:00";"MG";262;357;"BETIM";"Defeito Mecânico no Veículo";"Tombamento";"Com Vítimas Feridas";"Plena Noite";"Crescente";"Céu Claro";"Dupla";"Reta";"Não";1;0;1;0;0;0;1;1;"-19.97470835";"-44.18804897";"SR-MG";"DEL4/1";"UOP03/MG"
198042;2019-03-19;"3";"20:00:00";"PR";116;136;"MANDIRITUBA";"Animais na Pista";"Atropelamento de Animal";"Com Vítimas Feridas";"Plena Noite";"Crescente";"Nublado";"Dupla";"Reta";"Não";1;0;0;1;0;0;1;1;"-25.68413003";"-49.31639964";"SR-PR";"DEL7/1";"UOP03/PR"
198043;2019-03-19;"3";"18:30:00";"RJ";40;109;"DUQUE DE CAXIAS";"Falta de Atenção à Condução";"Engavetamento";"Com Vítimas Feridas";"Anoitecer";"Decrescente";"Nublado";"Múltipla";"Reta";"Sim";4;0;1;0;3;0;1;3;"-22.67374628";"-43.28638368";"SR-RJ";"DEL5/1";"UOP01/RJ"
198044;2019-03-19;"3";"19:30:00";"PE";101;189;"PALMARES";"Falta de Atenção à Condução";"Colisão transversal";"Com Vítimas Feridas";"Plena Noite";"Crescente";"Céu Claro";"Dupla";"Reta";"Sim";4;0;0;4;0;0;4;2;"-8.69036647";"-35.60430503";"SR-PE";"DEL11/1";"UOP03/PE"
198045;2019-03-19;"3";"18:50:00";"BA";116;611,4;"IRAJUBA";"Condutor Dormindo";"Saída de leito carroçável";"Com Vítimas Fatais";"Anoitecer";"Crescente";"Céu Claro";"Simples";"Não Informado";"Não";1;1;0;0;0;0;0;1;"-13.29146806";"-40.02289375";"SR-BA";"DEL10/3";"UOP01/BA"
198046;2019-03-19;"3";"18:40:00";"MA";10;250,5;"IMPERATRIZ";"Defeito Mecânico no Veículo";"Colisão com objeto em movimento";"Sem Vítimas";"Anoitecer";"Decrescente";"Céu Claro";"Simples";"Reta";"Sim";2;0;0;0;2;0;0;2;"-5.54574607";"-47.46286869";"SR-MA";"DEL18/4";"UOP01/MA"
198047;2019-03-19;"3";"20:10:00";"SC";101;206;"SAO JOSE";"Ingestão de Álcool";"Colisão traseira";"Com Vítimas Feridas";"Plena Noite";"Crescente";"Nublado";"Simples";"Reta";"Sim";5;0;1;1;1;2;2;2;"-27.59193546";"-48.61824557";"SR-SC";"DEL8/1";"UOP01/SC"
198048;2019-03-19;"3";"20:10:00";"SC";101;219,1;"PALHOCA";"Desobediência às normas de trânsito pelo condutor";"Colisão lateral";"Com Vítimas Feridas";"Plena Noite";"Decrescente";"Nublado";"Múltipla";"Reta";"Sim";1;0;1;0;0;0;1;1;"-27.68392194";"-48.66710085";"SR-SC";"DEL8/1";"UOP02/SC"
198049;2019-03-19;"3";"19:25:00";"RJ";101;298;"ITABORAI";"Falta de Atenção do Pedestre";"Atropelamento de Pedestre";"Com Vítimas Feridas";"Plena Noite";"Decrescente";"Céu Claro";"Dupla";"Reta";"Sim";4;0;1;0;2;1;1;1;"-22.7714";"-42.92896";"SR-RJ";"DEL5/2";"UOP02/RJ"
198050;2019-03-19;"3";"20:45:00";"SP";116;146,5;"SAO JOSE DOS CAMPOS";"Pista Escorregadia";"Queda de ocupante de veículo";"Com Vítimas Feridas";"Plena Noite";"Crescente";"Chuva";"Dupla";"Reta";"Sim";1;0;1;0;0;0;1;1;"-23.19122919";"-45.86327591";"SR-SP";"DEL6/2";"UOP01/SP"
198052;2019-03-19;"3";"16:00:00";"AL";316;241,9;"ATALAIA";"Falta de Atenção à Condução";"Colisão traseira";"Sem Vítimas";"Anoitecer";"Decrescente";"Céu Claro";"Simples";"Curva";"Sim";2;0;0;0;2;0;0;2;"-9.5015368";"-36.0262847";"SR-AL";"DEL13/1";"UOP01/AL"
198053;2019-03-19;"3";"20:40:00";"BA";324;615,9;"SALVADOR";"Não guardar distância de segurança";"Colisão traseira";"Sem Vítimas";"Plena Noite";"Crescente";"Nublado";"Dupla";"Reta";"Sim";2;0;0;0;1;1;0;2;"-12.84877296";"-38.38120267";"SR-BA";"DEL10/1";"UOP01/BA"
198054;2019-03-19;"3";"19:20:00";"MG";116;414,3;"GOVERNADOR VALADARES";"Desobediência às normas de trânsito pelo condutor";"Colisão frontal";"Com Vítimas Feridas";"Plena Noite";"Crescente";"Céu Claro";"Dupla";"Interseção de vias";"Sim";2;0;2;0;0;0;2;2;"-18.88102703";"-41.95910802";"SR-MG";"DEL4/6";"UOP01/MG"
198055;2019-03-19;"3";"19:15:00";"RO";364;340;"JI-PARANA";"Desobediência às normas de trânsito pelo condutor";"Colisão transversal";"Com Vítimas Feridas";"Plena Noite";"Crescente";"Céu Claro";"Múltipla";"Interseção de vias";"Sim";2;0;1;0;1;0;1;2;"-10.898802";"-61.93046";"SR-RO";"DEL21/2";"UOP01/RO"
198056;2019-03-19;"3";"17:25:00";"PI";343;267;"CAMPO MAIOR";"Não guardar distância de segurança";"Colisão traseira";"Com Vítimas Feridas";"Pleno dia";"Decrescente";"Nublado";"Simples";"Reta";"Sim";3;0;0;2;1;0;2;2;"-4.836484";"-42.181347";"SR-PI";"DEL17/1";"UOP03/PI"
198057;2019-03-19;"3";"19:00:00";"PR";153;335;"IRATI";"Desobediência às normas de trânsito pelo condutor";"Atropelamento de Pedestre";"Com Vítimas Feridas";"Plena Noite";"Crescente";"Céu Claro";"Simples";"Interseção de vias";"Sim";4;0;2;1;0;1;3;2;"-25.48894141";"-50.64508883";"SR-PR";"DEL7/3";"UOP04/PR"
198058;2019-03-19;"3";"19:00:00";"RJ";40;82;"PETROPOLIS";"Pista Escorregadia";"Saída de leito carroçável";"Com Vítimas Feridas";"Plena Noite";"Crescente";"Chuva";"Dupla";"Curva";"Não";2;0;2;0;0;0;2;1;"-22.51947174";"-43.22897695";"SR-RJ";"DEL5/6";"UOP03/RJ"
198060;2019-03-19;"3";"19:50:00";"RJ";116;189;"QUEIMADOS";"Animais na Pista";"Atropelamento de Animal";"Com Vítimas Feridas";"Plena Noite";"Decrescente";"Nublado";"Dupla";"Reta";"Sim";1;0;1;0;0;0;1;1;"-22.73692343";"-43.54499817";"SR-RJ";"DEL5/1";"UOP03/RJ"
198061;2019-03-19;"3";"21:30:00";"SP";116;149;"SAO JOSE DOS CAMPOS";"Falta de Atenção à Condução";"Colisão lateral";"Com Vítimas Feridas";"Plena Noite";"Decrescente";"Chuva";"Múltipla";"Curva";"Sim";2;0;0;2;0;0;2;2;"-23.20067421";"-45.8795018";"SR-SP";"DEL6/2";"UOP01/SP"
198062;2019-03-19;"3";"22:10:00";"SP";116;148;"SAO JOSE DOS CAMPOS";"Falta de Atenção à Condução";"Tombamento";"Com Vítimas Feridas";"Plena Noite";"Decrescente";"Garoa/Chuvisco";"Múltipla";"Reta";"Sim";1;0;1;0;0;0;1;1;"-23.20067421";"-45.8795018";"SR-SP";"DEL6/2";"UOP01/SP"
198063;2019-03-19;"3";"20:00:00";"MG";356;268,8;"MURIAE";"Desobediência às normas de trânsito pelo condutor";"Colisão lateral";"Com Vítimas Feridas";"Plena Noite";"Decrescente";"Nublado";"Simples";"Interseção de vias";"Sim";2;0;1;0;1;0;1;2;"-21.12690881";"-42.34244401";"SR-MG";"DEL4/7";"UOP02/MG"
198064;2019-03-19;"3";"14:00:00";"MT";70;576;"POCONE";"Pista Escorregadia";"Saída de leito carroçável";"Sem Vítimas";"Pleno dia";"Crescente";"Chuva";"Simples";"Reta";"Não";1;0;0;0;1;0;0;1;"-15.73158291";"-56.52700208";"SR-MT";"DEL2/3";"UOP02/MT"
198065;2019-03-19;"3";"23:15:00";"SE";235;3,5;"ARACAJU";"Animais na Pista";"Atropelamento de Animal";"Sem Vítimas";"Plena Noite";"Decrescente";"Céu Claro";"Dupla";"Reta";"Sim";1;0;0;0;1;0;0;1;"-10.9059";"-37.111";"SR-SE";"DEL20/1";"UOP01/SE"
198066;2019-03-19;"3";"20:55:00";"PR";153;82,8;"CONSELHEIRO MAIRINCK";"Falta de Atenção à Condução";"Colisão transversal";"Com Vítimas Feridas";"Plena Noite";"Decrescente";"Nublado";"Simples";"Interseção de vias";"Não";7;0;2;0;5;0;2;2;"-23.62130024";"-50.1475051";"SR-PR";"DEL7/7";"UOP07/PR"
198067;2019-03-19;"3";"22:20:00";"SC";101;379,6;"ICARA";"Desobediência às normas de trânsito pelo condutor";"Colisão traseira";"Com Vítimas Feridas";"Plena Noite";"Decrescente";"Nublado";"Dupla";"Desvio Temporário";"Sim";2;0;1;0;1;0;1;2;"-28.74651646";"-49.2599038";"SR-SC";"DEL8/2";"UOP01/SC"
198069;2019-03-19;"3";"21:55:00";"SP";116;324;"JUQUITIBA";"Falta de Atenção à Condução";"Colisão traseira";"Sem Vítimas";"Plena Noite";"Crescente";"Céu Claro";"Dupla";"Reta";"Não";2;0;0;0;2;0;0;2;"-23.94029914";"-47.04398301";"SR-SP";"DEL6/4";"UOP02/SP"
198070;2019-03-19;"3";"20:55:00";"SC";282;384,4;"JOACABA";"Falta de Atenção à Condução";"Tombamento";"Com Vítimas Feridas";"Plena Noite";"Crescente";"Céu Claro";"Simples";"Curva";"Não";1;0;1;0;0;0;1;1;"-27.20299";"-51.515095";"SR-SC";"DEL7";"UOP07/SC"
198071;2019-02-18;"2";"06:00:00";"PB";230;66;"SAO MIGUEL DE TAIPU";"Ingestão de Álcool";"Capotamento";"Sem Vítimas";"Pleno dia";"Crescente";"Nublado";"Dupla";"Curva";"Não";1;0;0;0;1;0;0;1;"-7.1874";"-35.1889";"SR-PB";"DEL14/1";"UOP02/PB"
198072;2019-03-20;"4";"00:30:00";"PE";232;146;"SAO CAITANO";"Ingestão de Álcool";"Tombamento";"Com Vítimas Feridas";"Plena Noite";"Crescente";"Céu Claro";"Dupla";"Reta";"Sim";1;0;1;0;0;0;1;1;"-8.33218974";"-36.12904312";"SR-PE";"DEL11/2";"UOP02/PE"
198073;2019-03-20;"4";"00:00:00";"RJ";40;104;"DUQUE DE CAXIAS";"Falta de Atenção à Condução";"Colisão traseira";"Com Vítimas Feridas";"Plena Noite";"Crescente";"Garoa/Chuvisco";"Múltipla";"Reta";"Sim";1;0;1;0;0;0;1;1;"-22.62897902";"-43.28579508";"SR-RJ";"DEL5/1";"UOP01/RJ"
198075;2019-03-20;"4";"01:00:00";"SP";116;224;"GUARULHOS";"Mal Súbito";"Saída de leito carroçável";"Com Vítimas Feridas";"Plena Noite";"Crescente";"Céu Claro";"Múltipla";"Reta";"Sim";1;0;1;0;0;0;1;1;"-23.48071896";"-46.53271603";"SR-SP";"DEL6/1";"UOP01/SP"
198077;2019-03-19;"3";"19:45:00";"MG";153;48,5;"MONTE ALEGRE DE MINAS";"Falta de Atenção à Condução";"Saída de leito carroçável";"Com Vítimas Feridas";"Plena Noite";"Crescente";"Céu Claro";"Dupla";"Reta";"Não";1;0;1;0;0;0;1;1;"-18.80471613";"-49.08293767";"SR-MG";"DEL4/15";"UOP03/MG"
198078;2019-03-20;"4";"02:30:00";"PR";277;291,7;"PRUDENTOPOLIS";"Animais na Pista";"Atropelamento de Animal";"Sem Vítimas";"Plena Noite";"Decrescente";"Nublado";"Simples";"Reta";"Não";1;0;0;0;1;0;0;1;"-25.31347906";"-51.0814476";"SR-PR";"DEL7/3";"UOP04/PR"
198079;2019-03-20;"4";"02:30:00";"SC";101;199;"BIGUACU";"Falta de Atenção à Condução";"Saída de leito carroçável";"Com Vítimas Feridas";"Plena Noite";"Decrescente";"Garoa/Chuvisco";"Múltipla";"Curva";"Sim";1;0;1;0;0;0;1;1;"-27.53413705";"-48.63003205";"SR-SC";"DEL8/1";"UOP01/SC"
198080;2019-03-20;"4";"04:45:00";"SP";116;372,9;"MIRACATU";"Condutor Dormindo";"Colisão traseira";"Com Vítimas Feridas";"Plena Noite";"Crescente";"Nublado";"Dupla";"Reta";"Não";2;0;0;1;1;0;1;2;"-24.16675314";"-47.33475029";"SR-SP";"DEL6/4";"UOP03/SP"
198081;2019-03-20;"4";"04:00:00";"PA";316;27,8;"SANTA IZABEL DO PARA";"Falta de Atenção à Condução";"Colisão transversal";"Com Vítimas Feridas";"Amanhecer";"Decrescente";"Chuva";"Dupla";"Reta";"Sim";2;0;1;0;1;0;1;2;"-1.31824794";"-48.22663008";"SR-PA";"DEL19/1";"UOP01/PA"
198082;2019-03-19;"3";"03:30:00";"SC";101;283,5;"IMBITUBA";"Falta de Atenção à Condução";"Saída de leito carroçável";"Sem Vítimas";"Plena Noite";"Crescente";"Ignorado";"Dupla";"Reta";"Não";1;0;0;0;0;1;0;1;"-28.22406479";"-48.70101446";"SR-SC";"DEL8/2";"UOP03/SC"
198083;2019-02-07;"5";"17:30:00";"PI";343;334;"TERESINA";"Objeto estático sobre o leito carroçável";"Colisão com objeto estático";"Sem Vítimas";"Pleno dia";"Crescente";"Céu Claro";"Simples";"Reta";"Não";3;0;0;0;3;0;0;1;"-5.057786";"-42.688541";"SR-PI";"DEL17/1";"UOP01/PI"
198084;2019-03-20;"4";"04:30:00";"RJ";393;223,8;"VASSOURAS";"Condutor Dormindo";"Tombamento";"Com Vítimas Feridas";"Plena Noite";"Crescente";"Céu Claro";"Simples";"Reta";"Não";1;0;1;0;0;0;1;1;"-22.3520119";"-43.5779195";"SR-RJ";"DEL5/5";"UOP01/RJ"
198085;2019-03-19;"3";"17:50:00";"SC";101;298;"IMBITUBA";"Não guardar distância de segurança";"Colisão lateral";"Sem Vítimas";"Anoitecer";"Decrescente";"Nublado";"Dupla";"Reta";"Sim";2;0;0;0;2;0;0;2;"-28.3210612";"-48.7281906";"SR-SC";"DEL8/2";"UOP03/SC"
198086;2019-03-20;"4";"02:40:00";"RJ";356;102;"CARDOSO MOREIRA";"Defeito Mecânico no Veículo";"Incêndio";"Sem Vítimas";"Plena Noite";"Crescente";"Céu Claro";"Simples";"Reta";"Não";1;0;0;0;0;1;0;1;"-21.53409662";"-41.51937784";"SR-RJ";"DEL5/8";"UOP03/RJ"
198087;2019-03-20;"4";"05:52:00";"PB";230;25,8;"JOAO PESSOA";"Restrição de Visibilidade";"Colisão com objeto estático";"Com Vítimas Feridas";"Pleno dia";"Decrescente";"Sol";"Múltipla";"Viaduto";"Sim";2;0;1;0;1;0;1;2;"-7.1707";"-34.8684";"SR-PB";"DEL14/1";"UOP00/PB"
198088;2019-03-20;"4";"06:20:00";"PB";101;17;"MAMANGUAPE";"Falta de Atenção à Condução";"Colisão traseira";"Com Vítimas Feridas";"Pleno dia";"Decrescente";"Céu Claro";"Dupla";"Não Informado";"Não";6;0;5;0;1;0;5;2;"-6.63844408";"-35.12334336";"SR-PB";"DEL14/1";"UOP03/PB"
198089;2019-03-20;"4";"06:00:00";"SP";116;272;"TABOAO DA SERRA";"Falta de Atenção à Condução";"Colisão traseira";"Com Vítimas Feridas";"Amanhecer";"Decrescente";"Céu Claro";"Dupla";"Reta";"Sim";4;0;1;0;3;0;1;3;"-23.621691";"-46.813288";"SR-SP";"DEL6/4";"UOP01/SP"
198090;2019-03-20;"4";"06:00:00";"GO";153;440;"ANAPOLIS";"Animais na Pista";"Atropelamento de Animal";"Com Vítimas Feridas";"Amanhecer";"Decrescente";"Céu Claro";"Dupla";"Reta";"Não";1;0;1;0;0;0;1;1;"-16.306765";"-48.923847";"SR-GO";"DEL1/2";"UOP01/GO"
198091;2019-03-20;"4";"06:45:00";"SP";116;272;"TABOAO DA SERRA";"Não guardar distância de segurança";"Colisão traseira";"Com Vítimas Feridas";"Pleno dia";"Decrescente";"Céu Claro";"Dupla";"Reta";"Não";2;0;1;0;1;0;1;2;"-23.621691";"-46.813288";"SR-SP";"DEL6/4";"UOP01/SP"
198092;2019-03-20;"4";"05:00:00";"PI";316;248;"INHUMA";"Falta de Atenção à Condução";"Colisão frontal";"Com Vítimas Fatais";"Amanhecer";"Crescente";"Céu Claro";"Simples";"Reta";"Não";7;2;5;0;0;0;5;2;"-6.72407697";"-41.72234541";"SR-PI";"DEL17/4";"UOP02/PI"
198093;2019-03-19;"3";"14:20:00";"PI";135;577;"CORRENTE";"Defeito na Via";"Capotamento";"Com Vítimas Feridas";"Pleno dia";"Decrescente";"Chuva";"Simples";"Não Informado";"Não";6;0;6;0;0;0;6;1;"-10.32417299";"-45.17095989";"SR-PI";"DEL17/3";"UOP02/PI"
198094;2019-03-20;"4";"07:05:00";"SC";470;4,9;"NAVEGANTES";"Falta de Atenção à Condução";"Colisão frontal";"Com Vítimas Fatais";"Pleno dia";"Decrescente";"Céu Claro";"Simples";"Curva";"Sim";3;1;0;1;0;1;1;2;"-26.858473";"-48.690788";"SR-SC";"DEL8/4";"UOP04/SC"
198095;2019-03-20;"4";"06:45:00";"TO";153;567,8;"FATIMA";"Pista Escorregadia";"Tombamento";"Com Vítimas Feridas";"Pleno dia";"Crescente";"Chuva";"Simples";"Reta";"Não";1;0;1;0;0;0;1;1;"-10.80173602";"-48.90256966";"SR-TO";"UOP02/TO";""
198096;2019-03-20;"4";"06:10:00";"CE";116;1;"FORTALEZA";"Falta de Atenção à Condução";"Colisão lateral";"Com Vítimas Feridas";"Pleno dia";"Decrescente";"Nublado";"Dupla";"Reta";"Sim";2;0;1;0;1;0;1;2;"-3.76159894";"-38.51900662";"SR-CE";"DEL16/1";"UOP02/CE"
198097;2019-03-20;"4";"04:20:00";"PA";10;351;"SANTA MARIA DO PARA";"Mal Súbito";"Colisão lateral";"Com Vítimas Feridas";"Plena Noite";"Crescente";"Céu Claro";"Simples";"Reta";"Não";3;0;2;1;0;0;3;2;"-1.37355006";"-47.56819711";"SR-PA";"DEL19/1";"UOP03/PA"
198098;2019-03-20;"4";"06:40:00";"RS";290;86,2;"PORTO ALEGRE";"Falta de Atenção à Condução";"Saída de leito carroçável";"Sem Vítimas";"Pleno dia";"Decrescente";"Nublado";"Dupla";"Reta";"Não";1;0;0;0;0;1;0;1;"-29.968412";"-51.117138";"SR-RS";"DEL9/1";"UOP01/RS"
198099;2019-03-19;"3";"22:25:00";"RS";471;501,1;"RIO GRANDE";"Animais na Pista";"Atropelamento de Animal";"Com Vítimas Feridas";"Plena Noite";"Crescente";"Céu Claro";"Simples";"Reta";"Não";4;0;1;0;3;0;1;1;"-32.377121";"-52.552311";"SR-RS";"DEL9/7";"UOP02/RS"
198101;2019-03-20;"4";"07:10:00";"CE";116;501,6;"BREJO SANTO";"Falta de Atenção à Condução";"Tombamento";"Com Vítimas Feridas";"Pleno dia";"Crescente";"Céu Claro";"Simples";"Não Informado";"Sim";4;0;1;1;2;0;2;2;"-7.45382915";"-38.97311755";"SR-CE";"DEL16/5";"UOP03/CE"
198103;2019-03-18;"2";"05:00:00";"BA";101;663,5;"ITAPEBI";"Velocidade Incompatível";"Saída de leito carroçável";"Com Vítimas Feridas";"Pleno dia";"Decrescente";"Céu Claro";"Simples";"Curva";"Não";1;0;0;1;0;0;1;1;"-15.958909";"-39.560905";"SR-BA";"DEL10/9";"UOP01/BA"