"id";"data_inversa";"dia_semana";"horario";"uf";"br";"km";"municipio";"causa_acidente";"tipo_acidente";"classificacao_acidente";"fase_dia";"sentido_via";"condicao_metereologica";"tipo_pista";"tracado_via";"uso_solo";"pessoas";"mortos";"feridos_leves";"feridos_graves";"ilesos";"ignorados";"feridos";"veiculos";"latitude";"longitude";"regional";"delegacia";"uop"
198104;2019-03-20;"4";"07:25:00";"CE";222;0,6;"CAUCAIA";"Falta de Atenção do Pedestre";"Colisão lateral";"Com Vítimas Feridas";"Pleno dia";"Decrescente";"Nublado";"Dupla";"Não Informado";"Sim";3;0;2;0;1;0;2;2;"-3.736507";"-38.65337";"SR-CE";"DEL16/1";"UOP01/CE"
198105;2019-03-20;"4";"07:45:00";"RS";290;91,5;"PORTO ALEGRE";"Falta de Atenção à Condução";"Colisão lateral";"Com Vítimas Feridas";"Pleno dia";"Crescente";"Nublado";"Dupla";"Reta";"Sim";3;0;1;0;2;0;1;3;"-29.9692818";"-51.17362088";"SR-RS";"DEL9/1";"UOP01/RS"
198106;2019-03-20;"4";"07:40:00";"ES";101;293;"CARIACICA";"Defeito Mecânico no Veículo";"Colisão traseira";"Com Vítimas Feridas";"Pleno dia";"Crescente";"Céu Claro";"Dupla";"Reta";"Sim";2;0;1;0;1;0;1;2;"-20.31526144";"-40.39567044";"SR-ES";"DEL12/1";"UOP01/ES"
198107;2019-03-20;"4";"07:10:00";"GO";452;48;"RIO VERDE";"Falta de Atenção à Condução";"Colisão lateral";"Com Vítimas Fatais";"Pleno dia";"Crescente";"Céu Claro";"Simples";"Reta";"Sim";3;1;0;0;1;1;0;2;"-17.95973114";"-50.49481969";"SR-GO";"DEL1/4";"UOP01/GO"
198108;2019-03-20;"4";"07:00:00";"PB";101;70,8;"SANTA RITA";"Falta de Atenção à Condução";"Saída de leito carroçável";"Com Vítimas Feridas";"Pleno dia";"Crescente";"Céu Claro";"Dupla";"Reta";"Não";1;0;0;1;0;0;1;1;"-7.06454776";"-35.01147489";"SR-PB";"DEL14/1";"UOP03/PB"
198110;2019-03-20;"4";"08:00:00";"DF";70;6;"BRASILIA";"Não guardar distância de segurança";"Colisão traseira";"Com Vítimas Feridas";"Pleno dia";"Decrescente";"Céu Claro";"Dupla";"Reta";"Sim";2;0;0;1;1;0;1;2;"-15.791242";"-48.105759";"SR-DF";"DF";"UOP06/DF"
198111;2019-03-20;"4";"08:00:00";"AL";101;129;"SAO MIGUEL DOS CAMPOS";"Falta de Atenção à Condução";"Colisão transversal";"Com Vítimas Feridas";"Pleno dia";"Crescente";"Céu Claro";"Simples";"Reta";"Não";2;0;1;0;1;0;1;2;"-9.74963266";"-36.06531248";"SR-AL";"DEL13/2";"UOP01/AL"
198112;2019-03-20;"4";"07:55:00";"SC";101;96;"BARRA VELHA";"Agressão Externa";"Colisão traseira";"Com Vítimas Feridas";"Pleno dia";"Decrescente";"Céu Claro";"Simples";"Desvio Temporário";"Não";4;0;2;0;0;2;2;2;"-26.718427";"-48.70233";"SR-SC";"DEL8/3";"UOP02/SC"
198113;2019-03-20;"4";"08:00:00";"RJ";493;96;"SEROPEDICA";"Desobediência às normas de trânsito pelo condutor";"Saída de leito carroçável";"Com Vítimas Feridas";"Pleno dia";"Decrescente";"Nublado";"Dupla";"Reta";"Sim";1;0;1;0;0;0;1;1;"-22.71539002";"-43.7039566";"SR-RJ";"DEL5/1";"UOP03/RJ"
198114;2019-03-20;"4";"08:50:00";"SP";153;62,1;"SAO JOSE DO RIO PRETO";"Não guardar distância de segurança";"Colisão traseira";"Com Vítimas Feridas";"Pleno dia";"Crescente";"Sol";"Dupla";"Reta";"Sim";3;0;2;0;1;0;2;3;"-20.81325404";"-49.35675563";"SR-SP";"DEL6/9";"UOP01/SP"
198115;2019-03-20;"4";"08:15:00";"PB";104;113,6;"LAGOA SECA";"Falta de Atenção do Pedestre";"Atropelamento de Pedestre";"Com Vítimas Feridas";"Pleno dia";"Crescente";"Sol";"Simples";"Reta";"Sim";3;0;0;1;1;1;1;1;"-7.156613";"-35.853303";"SR-PB";"DEL14/2";"UOP04/PB"
198116;2019-03-20;"4";"09:08:00";"PB";230;11,1;"CABEDELO";"Falta de Atenção à Condução";"Colisão lateral";"Com Vítimas Feridas";"Pleno dia";"Crescente";"Céu Claro";"Dupla";"Retorno Regulamentado";"Sim";3;0;2;0;0;1;2;2;"-7.0596";"-34.8506";"SR-PB";"DEL14/1";"UOP00/PB"
198117;2019-03-20;"4";"08:50:00";"MG";459;55,4;"IPUIUNA";"Desobediência às normas de trânsito pelo condutor";"Colisão transversal";"Com Vítimas Feridas";"Pleno dia";"Crescente";"Céu Claro";"Simples";"Curva";"Não";2;0;1;0;1;0;1;2;"-22.106401";"-46.178806";"SR-MG";"DEL13";"UOP01/MG"
198119;2019-03-20;"4";"09:10:00";"ES";262;7;"CARIACICA";"Falta de Atenção do Pedestre";"Atropelamento de Pedestre";"Com Vítimas Feridas";"Pleno dia";"Decrescente";"Céu Claro";"Simples";"Viaduto";"Não";2;0;0;1;1;0;1;1;"-20.34283738";"-40.40434616";"SR-ES";"DEL12/1";"UOP01/ES"
198120;2019-03-20;"4";"07:00:00";"MT";158;798;"BARRA DO GARCAS";"Defeito Mecânico no Veículo";"Saída de leito carroçável";"Com Vítimas Feridas";"Pleno dia";"Decrescente";"Céu Claro";"Simples";"Reta";"Sim";2;0;1;0;1;0;1;2;"-15.87816947";"-52.298264";"SR-MT";"DEL2/8";"UOP01/MT"
198121;2019-03-20;"4";"09:30:00";"RN";226;9,5;"MACAIBA";"Falta de Atenção à Condução";"Colisão transversal";"Com Vítimas Feridas";"Pleno dia";"Crescente";"Céu Claro";"Simples";"Reta";"Sim";2;0;1;0;1;0;1;2;"-5.83553859";"-35.28918711";"SR-RN";"DEL15/1";"UOP02/RN"
198122;2019-02-09;"7";"08:30:00";"PB";101;96;"CONDE";"Falta de Atenção à Condução";"Colisão lateral";"Com Vítimas Feridas";"Pleno dia";"Crescente";"Céu Claro";"Dupla";"Reta";"Não";7;0;4;2;1;0;6;2;"-7.2384";"-34.9267";"SR-PB";"DEL14/1";"UOP01/PB"
198123;2019-03-16;"7";"19:20:00";"RS";153;400,5;"CACHOEIRA DO SUL";"Falta de Atenção do Pedestre";"Atropelamento de Pedestre";"Com Vítimas Fatais";"Plena Noite";"Decrescente";"Céu Claro";"Simples";"Não Informado";"Não";2;1;0;0;1;0;0;1;"-30.01154704";"-52.92076482";"SR-RS";"DEL9/2";"UOP03/RS"
198125;2019-03-20;"4";"09:50:00";"PR";476;271,9;"SAO MATEUS DO SUL";"Falta de Atenção à Condução";"Colisão lateral";"Com Vítimas Feridas";"Pleno dia";"Decrescente";"Céu Claro";"Simples";"Reta";"Não";3;0;0;1;2;0;1;3;"-25.89579";"-50.348907";"SR-PR";"DEL7/2";"UOP03/PR"
198126;2019-03-20;"4";"09:01:00";"SP";116;222;"GUARULHOS";"Falta de Atenção à Condução";"Atropelamento de Pedestre";"Com Vítimas Feridas";"Pleno dia";"Decrescente";"Nublado";"Múltipla";"Reta";"Sim";2;0;1;0;1;0;1;1;"-23.47093408";"-46.51631097";"SR-SP";"DEL6/1";"UOP01/SP"
198127;2019-03-20;"4";"06:30:00";"MS";267;203,6;"NOVA ALVORADA DO SUL";"Desobediência às normas de trânsito pelo condutor";"Colisão com objeto estático";"Com Vítimas Feridas";"Pleno dia";"Decrescente";"Nublado";"Simples";"Não Informado";"Não";3;0;1;0;2;0;1;3;"-21.58905207";"-53.97772799";"SR-MS";"DEL2";"UOP03/MS"
198128;2019-03-20;"4";"08:20:00";"PE";407;129;"PETROLINA";"Falta de Atenção à Condução";"Colisão transversal";"Com Vítimas Feridas";"Pleno dia";"Decrescente";"Sol";"Simples";"Interseção de vias";"Sim";1;0;1;0;0;0;1;1;"-9.39958299";"-40.50459298";"SR-PE";"DEL11/6";"UOP01/PE"
198129;2019-03-20;"4";"10:00:00";"BA";324;1;"SALVADOR";"Falta de Atenção à Condução";"Engavetamento";"Com Vítimas Feridas";"Pleno dia";"Crescente";"Céu Claro";"Simples";"Reta";"Sim";7;0;1;0;6;0;1;3;"-12.971561";"-38.511154";"SR-BA";"DEL10/1";"UOP01/BA"
198130;2019-03-20;"4";"09:00:00";"RS";101;53,4;"TERRA DE AREIA";"Falta de Atenção à Condução";"Saída de leito carroçável";"Sem Vítimas";"Pleno dia";"Crescente";"Nublado";"Dupla";"Curva";"Não";1;0;0;0;1;0;0;1;"-29.63086099";"-50.10144414";"SR-RS";"DEL9/3";"UOP01/RS"
198131;2019-03-20;"4";"09:53:00";"PB";230;21;"JOAO PESSOA";"Ingestão de Álcool";"Colisão traseira";"Com Vítimas Feridas";"Pleno dia";"Crescente";"Sol";"Dupla";"Reta";"Sim";2;0;1;0;1;0;1;2;"-7.141219";"-34.852025";"SR-PB";"DEL14/1";"UOP00/PB"
198132;2019-03-20;"4";"09:50:00";"PB";230;150,3;"CAMPINA GRANDE";"Defeito Mecânico no Veículo";"Incêndio";"Sem Vítimas";"Pleno dia";"Crescente";"Sol";"Dupla";"Reta";"Sim";1;0;0;0;1;0;0;1;"-7.256586";"-35.876458";"SR-PB";"DEL14/2";"UOP01/PB"
198133;2019-03-20;"4";"09:50:00";"RN";110;10,2;"AREIA BRANCA";"Carga excessiva e/ou mal acondicionada";"Derramamento de carga";"Com Vítimas Feridas";"Pleno dia";"Decrescente";"Céu Claro";"Simples";"Reta";"Não";2;0;0;1;0;1;1;2;"-4.99328888";"-37.09031022";"SR-RN";"DEL15/4";"UOP01/RN"
198134;2019-03-20;"4";"09:00:00";"BA";367;54,9;"PORTO SEGURO";"Velocidade Incompatível";"Saída de leito carroçável";"Com Vítimas Feridas";"Pleno dia";"Crescente";"Chuva";"Simples";"Curva";"Não";1;0;1;0;0;0;1;1;"-16.37909975";"-39.32439006";"SR-BA";"DEL10/9";"UOP01/BA"
198135;2019-03-20;"4";"10:20:00";"PE";232;40;"VITORIA DE SANTO ANTAO";"Falta de Atenção à Condução";"Colisão traseira";"Com Vítimas Feridas";"Pleno dia";"Crescente";"Céu Claro";"Dupla";"Reta";"Não";2;0;1;0;1;0;1;2;"-8.1162429";"-35.23508889";"SR-PE";"DEL11/1";"UOP04/PE"
198136;2019-03-20;"4";"07:25:00";"MS";163;478,5;"CAMPO GRANDE";"Desobediência às normas de trânsito pelo condutor";"Colisão frontal";"Com Vítimas Feridas";"Pleno dia";"Crescente";"Céu Claro";"Simples";"Reta";"Sim";3;0;1;0;2;0;1;2;"-20.49629699";"-54.55916871";"SR-MS";"DEL3/1";"UOP01/MS"
198137;2019-01-13;"1";"07:20:00";"PB";104;139;"QUEIMADAS";"Animais na Pista";"Tombamento";"Com Vítimas Feridas";"Pleno dia";"Decrescente";"Céu Claro";"Simples";"Reta";"Não";1;0;1;0;0;0;1;1;"-7.369483";"-35.899796";"SR-PB";"DEL14/2";"UOP03/PB"
198138;2019-03-20;"4";"08:30:00";"MG";50;0,2;"ARAGUARI";"Ingestão de Álcool";"Saída de leito carroçável";"Com Vítimas Feridas";"Pleno dia";"Decrescente";"Nublado";"Dupla";"Reta";"Não";2;0;1;0;0;1;1;1;"-18.42432";"-48.068207";"SR-MG";"DEL4/15";"UOP02/MG"
198139;2019-03-20;"4";"09:30:00";"ES";101;270,4;"SERRA";"Não guardar distância de segurança";"Colisão traseira";"Com Vítimas Feridas";"Pleno dia";"Crescente";"Céu Claro";"Dupla";"Interseção de vias";"Sim";3;0;1;0;2;0;1;2;"-20.22662056";"-40.27075088";"SR-ES";"DEL12/2";"UOP01/ES"
198140;2019-03-20;"4";"09:55:00";"ES";259;19,1;"JOAO NEIVA";"Desobediência às normas de trânsito pelo condutor";"Colisão frontal";"Com Vítimas Feridas";"Pleno dia";"Crescente";"Sol";"Simples";"Não Informado";"Não";3;0;1;0;2;0;1;2;"-19.66055731";"-40.45631938";"SR-ES";"DEL12/2";"UOP01/ES"
198142;2019-03-20;"4";"10:30:00";"SP";116;269,5;"TABOAO DA SERRA";"Falta de Atenção à Condução";"Queda de ocupante de veículo";"Com Vítimas Feridas";"Pleno dia";"Decrescente";"Nublado";"Dupla";"Reta";"Sim";2;0;1;0;1;0;1;1;"-23.60904463";"-46.75699711";"SR-SP";"DEL6/4";"UOP01/SP"
198143;2019-03-20;"4";"11:00:00";"SP";153;64;"SAO JOSE DO RIO PRETO";"Falta de Atenção à Condução";"Colisão com objeto estático";"Com Vítimas Feridas";"Pleno dia";"Crescente";"Céu Claro";"Simples";"Reta";"Sim";1;0;1;0;0;0;1;1;"-20.83064703";"-49.36294556";"SR-SP";"DEL6/9";"UOP01/SP"
198144;2019-03-07;"5";"06:30:00";"BA";101;560;"ARATACA";"Velocidade Incompatível";"Saída de leito carroçável";"Com Vítimas Feridas";"Pleno dia";"Decrescente";"Chuva";"Simples";"Curva";"Não";2;0;0;1;1;0;1;1;"-15.2548792";"-39.4488945";"SR-BA";"DEL10/5";"UOP02/BA"
198145;2019-03-20;"4";"11:00:00";"MG";153;65;"MONTE ALEGRE DE MINAS";"Defeito Mecânico no Veículo";"Colisão traseira";"Sem Vítimas";"Pleno dia";"Crescente";"Céu Claro";"Simples";"Desvio Temporário";"Não";2;0;0;0;2;0;0;2;"-18.93538417";"-49.0295424";"SR-MG";"DEL4/15";"UOP03/MG"
198146;2019-03-20;"4";"11:20:00";"DF";60;2,6;"BRASILIA";"Falta de Atenção à Condução";"Colisão lateral";"Sem Vítimas";"Pleno dia";"Crescente";"Céu Claro";"Dupla";"Reta";"Sim";2;0;0;0;2;0;0;2;"-15.887383";"-48.077988";"SR-DF";"DF";"UOP03/DF"
198147;2019-03-20;"4";"08:10:00";"PA";222;243,4;"MARABA";"Desobediência às normas de trânsito pelo condutor";"Colisão traseira";"Com Vítimas Feridas";"Pleno dia";"Decrescente";"Céu Claro";"Simples";"Interseção de vias";"Sim";2;0;1;0;1;0;1;2;"-5.339671";"-49.08239";"SR-PA";"DEL19/3";"UOP01/PA"
198148;2019-03-20;"4";"12:10:00";"PE";116;42;"SALGUEIRO";"Defeito Mecânico no Veículo";"Incêndio";"Sem Vítimas";"Pleno dia";"Crescente";"Céu Claro";"Simples";"Reta";"Não";1;0;0;0;1;0;0;1;"-8.205779";"-39.104805";"SR-PE";"DEL11/5";"UOP01/PE"
198149;2019-03-20;"4";"11:55:00";"CE";116;7;"FORTALEZA";"Falta de Atenção à Condução";"Colisão lateral";"Com Vítimas Feridas";"Pleno dia";"Decrescente";"Céu Claro";"Múltipla";"Interseção de vias";"Sim";2;0;1;0;1;0;1;2;"-3.80983148";"-38.50040674";"SR-CE";"DEL16/1";"UOP02/CE"
198150;2019-03-20;"4";"12:30:00";"PE";101;112;"CABO DE SANTO AGOSTINHO";"Defeito Mecânico no Veículo";"Capotamento";"Com Vítimas Feridas";"Pleno dia";"Decrescente";"Sol";"Dupla";"Desvio Temporário";"Não";4;0;4;0;0;0;4;1;"-8.3278918";"-35.119238";"SR-PE";"DEL11/1";"UOP03/PE"
198152;2019-03-20;"4";"08:10:00";"RJ";40;80,9;"PETROPOLIS";"Falta de Atenção do Pedestre";"Atropelamento de Pedestre";"Com Vítimas Feridas";"Pleno dia";"Crescente";"Chuva";"Simples";"Não Informado";"Não";2;0;1;0;1;0;1;1;"-22.49798597";"-43.22878703";"SR-RJ";"DEL5/6";"UOP03/RJ"
198153;2019-03-20;"4";"13:00:00";"MA";226;598,6;"ESTREITO";"Falta de Atenção do Pedestre";"Atropelamento de Pedestre";"Com Vítimas Feridas";"Pleno dia";"Decrescente";"Sol";"Simples";"Reta";"Sim";2;0;1;0;1;0;1;1;"-6.55734638";"-47.44790991";"SR-MA";"DEL18/4";"UOP02/MA"
198154;2019-03-20;"4";"12:25:00";"GO";153;521,4;"HIDROLANDIA";"Falta de Atenção à Condução";"Colisão transversal";"Com Vítimas Feridas";"Pleno dia";"Decrescente";"Céu Claro";"Dupla";"Reta";"Sim";2;0;1;0;1;0;1;2;"-16.8937";"-49.2557";"SR-GO";"DEL1/1";"UOP03/GO"
198155;2019-03-20;"4";"10:30:00";"SC";470;247,5;"CURITIBANOS";"Velocidade Incompatível";"Saída de leito carroçável";"Com Vítimas Feridas";"Pleno dia";"Crescente";"Nublado";"Simples";"Rotatória";"Sim";1;0;1;0;0;0;1;1;"-27.31245128";"-50.57779312";"SR-SC";"DEL8/5";"UOP03/SC"
198156;2019-03-20;"4";"10:15:00";"RJ";40;91,2;"PETROPOLIS";"Pista Escorregadia";"Tombamento";"Com Vítimas Feridas";"Pleno dia";"Decrescente";"Garoa/Chuvisco";"Simples";"Curva";"Não";1;0;1;0;0;0;1;1;"-22.54903566";"-43.24229724";"SR-RJ";"DEL5/6";"UOP03/RJ"
198157;2019-03-20;"4";"07:10:00";"MG";262;761,6;"UBERABA";"Falta de Atenção à Condução";"Colisão traseira";"Com Vítimas Feridas";"Pleno dia";"Crescente";"Céu Claro";"Simples";"Reta";"Não";4;0;1;0;2;1;1;3;"-19.66958449";"-47.6167202";"SR-MG";"DEL13";"UOP01/MG"
198158;2019-03-20;"4";"13:45:00";"SC";101;148,5;"ITAPEMA";"Desobediência às normas de trânsito pelo condutor";"Colisão transversal";"Com Vítimas Feridas";"Pleno dia";"Crescente";"Sol";"Dupla";"Reta";"Sim";2;0;2;0;0;0;2;2;"-27.10123686";"-48.61807962";"SR-SC";"DEL8/4";"UOP03/SC"
198159;2019-03-20;"4";"12:45:00";"RJ";40;108;"DUQUE DE CAXIAS";"Falta de Atenção à Condução";"Colisão transversal";"Com Vítimas Feridas";"Pleno dia";"Crescente";"Nublado";"Múltipla";"Reta";"Sim";2;0;0;1;1;0;1;2;"-22.66476979";"-43.28495144";"SR-RJ";"DEL5/1";"UOP01/RJ"
198160;2019-03-20;"4";"12:30:00";"RS";470;331,2;"TRIUNFO";"Falta de Atenção à Condução";"Colisão transversal";"Com Vítimas Feridas";"Pleno dia";"Decrescente";"Sol";"Simples";"Reta";"Não";2;0;1;0;1;0;1;2;"-29.84696504";"-51.69490676";"SR-RS";"DEL9/4";"UOP02/RS"
198161;2019-03-20;"4";"13:00:00";"MA";10;263;"IMPERATRIZ";"Desobediência às normas de trânsito pelo condutor";"Colisão frontal";"Com Vítimas Feridas";"Pleno dia";"Crescente";"Céu Claro";"Simples";"Interseção de vias";"Sim";2;0;0;2;0;0;2;2;"-5.436281";"-47.472649";"SR-MA";"DEL18/4";"UOP01/MA"
198162;2019-01-27;"1";"05:45:00";"RS";290;664,3;"URUGUAIANA";"Condutor Dormindo";"Saída de leito carroçável";"Com Vítimas Feridas";"Plena Noite";"Crescente";"Céu Claro";"Simples";"Reta";"Não";2;0;2;0;0;0;2;1;"-29.974524";"-56.551403";"SR-RS";"DEL9/13";"UOP01/RS"
198163;2019-03-20;"4";"13:10:00";"RS";116;38;"VACARIA";"Desobediência às normas de trânsito pelo condutor";"Colisão transversal";"Com Vítimas Feridas";"Pleno dia";"Decrescente";"Nublado";"Simples";"Interseção de vias";"Sim";2;0;2;0;0;0;2;2;"-28.50548";"-50.92516";"SR-RS";"DEL9/5";"UOP03/RS"
198164;2019-03-20;"4";"12:50:00";"RJ";116;308;"RESENDE";"Falta de Atenção à Condução";"Tombamento";"Com Vítimas Feridas";"Pleno dia";"Crescente";"Céu Claro";"Dupla";"Reta";"Sim";1;0;1;0;0;0;1;1;"-22.45783299";"-44.418685";"SR-RJ";"DEL5/7";"UOP03/RJ"
198166;2019-03-20;"4";"13:15:00";"RS";470;230;"CARLOS BARBOSA";"Falta de Atenção à Condução";"Colisão lateral";"Sem Vítimas";"Pleno dia";"Crescente";"Nublado";"Simples";"Reta";"Não";9;0;0;0;9;0;0;3;"-29.27859697";"-51.49265262";"SR-RS";"DEL9/6";"UOP01/RS"
198167;2019-01-09;"4";"09:20:00";"GO";20;221,8;"POSSE";"Ultrapassagem Indevida";"Colisão frontal";"Com Vítimas Fatais";"Pleno dia";"Crescente";"Céu Claro";"Simples";"Reta";"Não";9;3;3;3;0;0;6;2;"-14.188759";"-46.330856";"SR-DF";"GO";"UOP05/DF"
198168;2019-03-20;"4";"14:30:00";"RN";304;29,8;"MOSSORO";"Desobediência às normas de trânsito pelo condutor";"Capotamento";"Com Vítimas Feridas";"Pleno dia";"Crescente";"Céu Claro";"Simples";"Não Informado";"Não";2;0;1;0;0;1;1;2;"-5.10820698";"-37.33904209";"SR-RN";"DEL15/4";"UOP02/RN"
198170;2019-03-20;"4";"14:30:00";"CE";20;406,5;"CAUCAIA";"Falta de Atenção à Condução";"Tombamento";"Com Vítimas Feridas";"Pleno dia";"Crescente";"Céu Claro";"Dupla";"Reta";"Não";1;0;1;0;0;0;1;1;"-3.76947221";"-38.66453648";"SR-CE";"DEL16/1";"UOP01/CE"
198171;2019-03-20;"4";"10:40:00";"RJ";116;92;"GUAPIMIRIM";"Defeito Mecânico no Veículo";"Tombamento";"Com Vítimas Feridas";"Pleno dia";"Decrescente";"Nublado";"Simples";"Curva";"Não";3;0;1;1;1;0;2;1;"-22.47374702";"-43.00117923";"SR-RJ";"DEL5/4";"UOP02/RJ"
198172;2019-03-20;"4";"14:40:00";"PR";376;659;"TIJUCAS DO SUL";"Condutor Dormindo";"Capotamento";"Com Vítimas Feridas";"Pleno dia";"Crescente";"Garoa/Chuvisco";"Dupla";"Reta";"Não";2;0;2;0;0;0;2;1;"-25.8497383";"-49.01288607";"SR-PR";"DEL7/1";"UOP08/PR"
198174;2019-03-20;"4";"13:00:00";"PA";316;54,8;"CASTANHAL";"Pista Escorregadia";"Colisão com objeto estático";"Sem Vítimas";"Pleno dia";"Crescente";"Chuva";"Dupla";"Curva";"Sim";2;0;0;0;2;0;0;1;"-1.30613338";"-48.00075889";"SR-PA";"DEL19/1";"UOP02/PA"
198175;2019-03-20;"4";"14:55:00";"BA";116;542;"MILAGRES";"Falta de Atenção à Condução";"Colisão transversal";"Com Vítimas Feridas";"Pleno dia";"Decrescente";"Céu Claro";"Simples";"Rotatória";"Não";6;0;3;0;3;0;3;2;"-12.84449042";"-39.83949384";"SR-BA";"DEL10/3";"UOP02/BA"
198176;2019-03-20;"4";"15:15:00";"DF";70;4;"BRASILIA";"Falta de Atenção à Condução";"Colisão traseira";"Com Vítimas Feridas";"Pleno dia";"Decrescente";"Céu Claro";"Simples";"Reta";"Sim";2;0;1;0;1;0;1;2;"-15.798115";"-48.089317";"SR-DF";"DF";"UOP06/DF"
198177;2019-03-20;"4";"15:20:00";"SP";153;62,2;"SAO JOSE DO RIO PRETO";"Não guardar distância de segurança";"Colisão traseira";"Com Vítimas Feridas";"Pleno dia";"Crescente";"Sol";"Dupla";"Reta";"Sim";4;0;3;0;1;0;3;3;"-20.81325404";"-49.35675563";"SR-SP";"DEL6/9";"UOP01/SP"
198178;2019-03-20;"4";"15:05:00";"PR";277;729,1;"FOZ DO IGUACU";"Falta de Atenção à Condução";"Colisão com objeto estático";"Com Vítimas Feridas";"Pleno dia";"Decrescente";"Nublado";"Simples";"Curva";"Sim";2;0;2;0;0;0;2;1;"-25.50749887";"-54.58379896";"SR-PR";"DEL7/5";"UOP03/PR"
198179;2019-03-20;"4";"11:45:00";"RS";470;0,9;"BARRACAO";"Falta de Atenção à Condução";"Saída de leito carroçável";"Com Vítimas Feridas";"Pleno dia";"Crescente";"Nublado";"Dupla";"Não Informado";"Não";2;0;0;1;1;0;1;1;"-27.600798";"-51.471245";"SR-RS";"DEL08";"UOP05/RS"
198180;2019-03-20;"4";"14:50:00";"SC";101;233,6;"PALHOCA";"Falta de Atenção à Condução";"Colisão traseira";"Com Vítimas Feridas";"Pleno dia";"Decrescente";"Céu Claro";"Dupla";"Curva";"Não";4;0;1;0;3;0;1;3;"-27.80376397";"-48.63826211";"SR-SC";"DEL8/1";"UOP02/SC"
198181;2019-03-20;"4";"14:00:00";"PE";101;160;"RIBEIRAO";"Condutor Dormindo";"Colisão traseira";"Sem Vítimas";"Pleno dia";"Crescente";"Céu Claro";"Dupla";"Reta";"Não";2;0;0;0;2;0;0;2;"-8.55559186";"-35.42237611";"SR-PE";"DEL11/1";"UOP03/PE"
198182;2019-03-20;"4";"14:45:00";"RS";290;412,8;"SAO GABRIEL";"Falta de Atenção à Condução";"Colisão lateral";"Com Vítimas Feridas";"Pleno dia";"Decrescente";"Céu Claro";"Simples";"Reta";"Não";3;0;0;1;2;0;1;2;"-30.35937263";"-54.28028592";"SR-RS";"DEL9/9";"UOP02/RS"
198183;2019-03-20;"4";"16:10:00";"RJ";101;330;"RIO DE JANEIRO";"Falta de Atenção à Condução";"Colisão traseira";"Com Vítimas Feridas";"Pleno dia";"Crescente";"Nublado";"Múltipla";"Reta";"Não";2;0;0;1;1;0;1;2;"-22.8684989";"-43.18548699";"SR-RJ";"DEL5/2";"UOP01/RJ"
198184;2019-03-20;"4";"14:50:00";"PR";376;596;"CURITIBA";"Desobediência às normas de trânsito pelo condutor";"Colisão traseira";"Sem Vítimas";"Pleno dia";"Crescente";"Céu Claro";"Dupla";"Reta";"Sim";3;0;0;0;1;2;0;3;"-25.50194708";"-49.3415524";"SR-PR";"DEL7/1";"UOP04/PR"
198185;2019-03-20;"4";"15:20:00";"MG";356;264,4;"MURIAE";"Falta de Atenção à Condução";"Colisão traseira";"Com Vítimas Feridas";"Pleno dia";"Crescente";"Sol";"Simples";"Reta";"Sim";2;0;1;0;1;0;1;2;"-21.12483259";"-42.38049215";"SR-MG";"DEL4/7";"UOP02/MG"
198187;2019-03-20;"4";"16:20:00";"RS";293;0,7;"PELOTAS";"Desobediência às normas de trânsito pelo condutor";"Colisão lateral";"Com Vítimas Feridas";"Pleno dia";"Decrescente";"Céu Claro";"Simples";"Reta";"Sim";2;0;1;0;1;0;1;2;"-31.760326";"-52.356205";"SR-RS";"DEL9/7";"UOP01/RS"
198188;2019-03-20;"4";"16:45:00";"SC";470;60;"BLUMENAU";"Desobediência às normas de trânsito pelo condutor";"Colisão transversal";"Com Vítimas Feridas";"Pleno dia";"Decrescente";"Nublado";"Simples";"Curva";"Não";2;0;1;0;1;0;1;2;"-26.88138";"-49.164543";"SR-SC";"DEL8/4";"UOP01/SC"
198189;2019-03-20;"4";"16:50:00";"MG";40;620,5;"CONSELHEIRO LAFAIETE";"Avarias e/ou desgaste excessivo no pneu";"Queda de ocupante de veículo";"Com Vítimas Feridas";"Pleno dia";"Crescente";"Céu Claro";"Simples";"Curva";"Não";1;0;1;0;0;0;1;1;"-20.58512717";"-43.80766368";"SR-MG";"DEL5";"UOP02/MG"
198190;2019-03-20;"4";"16:47:00";"RN";226;1;"NATAL";"Falta de Atenção à Condução";"Colisão lateral";"Sem Vítimas";"Pleno dia";"Crescente";"Céu Claro";"Dupla";"Curva";"Sim";3;0;0;0;3;0;0;3;"-5.80642132";"-35.24167278";"SR-RN";"DEL15/1";"UOP02/RN"
198191;2019-03-20;"4";"17:00:00";"ES";262;35;"1S MARTINS";"Defeito Mecânico no Veículo";"Colisão frontal";"Com Vítimas Feridas";"Pleno dia";"Crescente";"Chuva";"Simples";"Curva";"Não";2;0;0;1;1;0;1;2;"-20.38131984";"-40.59894562";"SR-ES";"DEL12/1";"UOP01/ES"
198192;2019-03-20;"4";"17:00:00";"BA";407;4,8;"JUAZEIRO";"Falta de Atenção à Condução";"Colisão transversal";"Com Vítimas Feridas";"Pleno dia";"Decrescente";"Sol";"Simples";"Reta";"Sim";2;0;1;0;1;0;1;2;"-9.43957495";"-40.49433089";"SR-PE";"DEL11/6";"UOP01/PE"
198193;2019-03-20;"4";"16:41:00";"RJ";101;310;"SAO GONCALO";"Avarias e/ou desgaste excessivo no pneu";"Queda de ocupante de veículo";"Com Vítimas Feridas";"Pleno dia";"Decrescente";"Céu Claro";"Dupla";"Reta";"Sim";2;0;2;0;0;0;2;1;"-22.79717023";"-43.04404993";"SR-RJ";"DEL5/2";"UOP02/RJ"