"id";"data_inversa";"dia_semana";"horario";"uf";"br";"km";"municipio";"causa_acidente";"tipo_acidente";"classificacao_acidente";"fase_dia";"sentido_via";"condicao_metereologica";"tipo_pista";"tracado_via";"uso_solo";"pessoas";"mortos";"feridos_leves";"feridos_graves";"ilesos";"ignorados";"feridos";"veiculos";"latitude";"longitude";"regional";"delegacia";"uop"
198284;2019-03-21;"5";"07:10:00";"RO";319;62;"PORTO VELHO";"Desobediência às normas de trânsito pelo condutor";"Colisão lateral";"Com Vítimas Feridas";"Pleno dia";"Decrescente";"Nublado";"Dupla";"Interseção de vias";"Sim";2;0;1;0;1;0;1;2;"-8.766685";"-63.884052";"SR-RO";"DEL21/1";"UOP01/RO"
198285;2019-02-20;"4";"10:20:00";"GO";153;508;"APARECIDA DE GOIANIA";"Falta de Atenção à Condução";"Colisão traseira";"Com Vítimas Feridas";"Pleno dia";"Crescente";"Céu Claro";"Dupla";"Reta";"Sim";3;0;2;0;1;0;2;2;"-16.7804";"-49.2371";"SR-GO";"DEL1/1";"UOP03/GO"
198286;2019-03-21;"5";"08:20:00";"PR";116;109,5;"CURITIBA";"Defeito Mecânico no Veículo";"Incêndio";"Sem Vítimas";"Pleno dia";"Crescente";"Céu Claro";"Dupla";"Reta";"Sim";1;0;0;0;1;0;0;1;"-25.57140489";"-49.20748999";"SR-PR";"DEL7/1";"UOP01/PR"
198287;2019-03-21;"5";"09:10:00";"RJ";101;296;"ITABORAI";"Não guardar distância de segurança";"Colisão traseira";"Com Vítimas Feridas";"Pleno dia";"Crescente";"Garoa/Chuvisco";"Dupla";"Reta";"Sim";2;0;1;0;1;0;1;2;"-22.7670498";"-42.91019601";"SR-RJ";"DEL5/2";"UOP02/RJ"
198288;2019-03-21;"5";"07:30:00";"RS";287;275,7;"SANTA MARIA";"Falta de Atenção à Condução";"Colisão traseira";"Com Vítimas Feridas";"Pleno dia";"Crescente";"Céu Claro";"Simples";"Reta";"Não";2;0;1;0;1;0;1;2;"-29.66188963";"-54.12516993";"SR-RS";"DEL9/9";"UOP01/RS"
198289;2019-03-21;"5";"09:15:00";"MG";381;728,9;"CARMO DA CACHOEIRA";"Mal Súbito";"Tombamento";"Com Vítimas Feridas";"Pleno dia";"Decrescente";"Nublado";"Dupla";"Curva";"Não";1;0;1;0;0;0;1;1;"-21.52361199";"-45.22481701";"SR-MG";"DEL4/4";"UOP02/MG"
198290;2019-03-21;"5";"09:00:00";"SP";116;279;"EMBU DAS ARTES";"Não guardar distância de segurança";"Colisão lateral";"Sem Vítimas";"Pleno dia";"Decrescente";"Garoa/Chuvisco";"Dupla";"Reta";"Sim";2;0;0;0;2;0;0;2;"-23.66233697";"-46.85292907";"SR-SP";"DEL6/4";"UOP01/SP"
198291;2019-03-21;"5";"09:40:00";"RJ";40;118;"DUQUE DE CAXIAS";"Falta de Atenção à Condução";"Colisão traseira";"Com Vítimas Feridas";"Pleno dia";"Decrescente";"Nublado";"Dupla";"Reta";"Não";3;0;1;0;2;0;1;2;"-22.75470802";"-43.28737838";"SR-RJ";"DEL5/1";"UOP01/RJ"
198292;2019-01-28;"2";"16:30:00";"PR";116;122;"CURITIBA";"Falta de Atenção à Condução";"Colisão traseira";"Com Vítimas Feridas";"Pleno dia";"Crescente";"Céu Claro";"Dupla";"Desvio Temporário";"Sim";13;0;6;1;2;4;7;2;"-25.551222";"-49.305038";"SR-PR";"DEL7/1";"UOP03/PR"
198293;2019-03-21;"5";"09:45:00";"SP";116;517;"CAJATI";"Velocidade Incompatível";"Capotamento";"Sem Vítimas";"Pleno dia";"Decrescente";"Chuva";"Simples";"Curva";"Não";2;0;0;0;2;0;0;1;"-24.8768469";"-48.22732309";"SR-SP";"DEL6/5";"UOP02/SP"
198295;2019-03-21;"5";"10:30:00";"ES";101;349,8;"GUARAPARI";"Não guardar distância de segurança";"Atropelamento de Pedestre";"Com Vítimas Feridas";"Pleno dia";"Crescente";"Nublado";"Simples";"Não Informado";"Não";3;0;0;1;1;1;1;1;"-20.6527553";"-40.64346758";"SR-ES";"DEL12/3";"UOP01/ES"
198296;2019-03-21;"5";"11:35:00";"PE";101;62,7;"RECIFE";"Não guardar distância de segurança";"Colisão traseira";"Com Vítimas Feridas";"Pleno dia";"Crescente";"Céu Claro";"Dupla";"Reta";"Sim";2;0;1;0;1;0;1;2;"-7.99905898";"-34.93899295";"SR-PE";"DEL11/1";"UOP02/PE"
198297;2019-03-21;"5";"08:05:00";"RO";364;635,2;"ITAPUA DO OESTE";"Falta de Atenção à Condução";"Saída de leito carroçável";"Com Vítimas Feridas";"Pleno dia";"Decrescente";"Nublado";"Simples";"Curva";"Não";1;0;1;0;0;0;1;1;"-9.05470802";"-63.41069602";"SR-RO";"DEL21/3";"UOP03/RO"
198298;2019-03-21;"5";"08:15:00";"PR";153;138,8;"VENTANIA";"Velocidade Incompatível";"Saída de leito carroçável";"Com Vítimas Feridas";"Pleno dia";"Decrescente";"Céu Claro";"Simples";"Curva";"Não";1;0;1;0;0;0;1;1;"-24.06329917";"-50.25299369";"SR-PR";"DEL7/7";"UOP07/PR"
198299;2019-03-21;"5";"11:55:00";"GO";60;109;"GOIANAPOLIS";"Falta de Atenção à Condução";"Queda de ocupante de veículo";"Com Vítimas Feridas";"Pleno dia";"Decrescente";"Nublado";"Dupla";"Curva";"Não";2;0;1;0;1;0;1;2;"-16.44584024";"-49.02022362";"SR-GO";"DEL1/1";"UOP01/GO"
198300;2019-03-21;"5";"10:45:00";"RJ";101;319,5;"NITEROI";"Falta de Atenção à Condução";"Queda de ocupante de veículo";"Com Vítimas Feridas";"Pleno dia";"Crescente";"Nublado";"Dupla";"Reta";"Sim";1;0;1;0;0;0;1;1;"-22.85411774";"-43.1018014";"SR-RJ";"DEL5/2";"UOP01/RJ"
198301;2019-03-21;"5";"11:00:00";"GO";153;503,3;"GOIANIA";"Falta de Atenção à Condução";"Colisão lateral";"Com Vítimas Feridas";"Pleno dia";"Crescente";"Céu Claro";"Dupla";"Reta";"Sim";2;0;1;0;1;0;1;2;"-16.7366";"-49.243";"SR-GO";"DEL1/1";"UOP01/GO"
198302;2019-03-17;"1";"02:48:00";"PA";163;623;"TRAIRAO";"Falta de Atenção à Condução";"Saída de leito carroçável";"Sem Vítimas";"Plena Noite";"Decrescente";"Nublado";"Simples";"Curva";"Sim";1;0;0;0;1;0;0;1;"-4.71056414";"-56.01142789";"SR-PA";"DEL19/5";"UOP01/PA"
198303;2019-03-21;"5";"12:05:00";"PB";101;42,5;"MAMANGUAPE";"Velocidade Incompatível";"Saída de leito carroçável";"Com Vítimas Feridas";"Pleno dia";"Crescente";"Chuva";"Dupla";"Não Informado";"Não";1;0;1;0;0;0;1;1;"-6.856615";"-35.13444297";"SR-PB";"DEL14/1";"UOP03/PB"
198304;2019-03-21;"5";"12:35:00";"PE";101;78;"JABOATAO DOS GUARARAPES";"Falta de Atenção à Condução";"Colisão transversal";"Sem Vítimas";"Pleno dia";"Crescente";"Sol";"Simples";"Reta";"Sim";2;0;0;0;1;1;0;2;"-8.13496499";"-34.94738614";"SR-PE";"DEL11/1";"UOP01/PE"
198306;2019-03-21;"5";"12:45:00";"SC";101;185;"BIGUACU";"Velocidade Incompatível";"Colisão traseira";"Com Vítimas Feridas";"Pleno dia";"Crescente";"Sol";"Dupla";"Reta";"Não";2;0;1;0;1;0;1;2;"-27.42536698";"-48.62465876";"SR-SC";"DEL8/1";"UOP01/SC"
198307;2019-03-21;"5";"12:30:00";"RS";158;333;"SANTA MARIA";"Falta de Atenção à Condução";"Colisão traseira";"Com Vítimas Feridas";"Pleno dia";"Crescente";"Céu Claro";"Dupla";"Reta";"Sim";7;0;1;0;6;0;1;2;"-29.70846948";"-53.86426102";"SR-RS";"DEL9/9";"UOP01/RS"
198308;2019-03-21;"5";"10:55:00";"BA";101;393;"IBIRAPITANGA";"Velocidade Incompatível";"Saída de leito carroçável";"Com Vítimas Feridas";"Pleno dia";"Crescente";"Chuva";"Simples";"Curva";"Não";1;0;1;0;0;0;1;1;"-13.9777";"-39.4797";"SR-BA";"DEL10/5";"UOP03/BA"
198309;2019-03-21;"5";"13:30:00";"GO";40;112;"CRISTALINA";"Condutor Dormindo";"Saída de leito carroçável";"Com Vítimas Feridas";"Pleno dia";"Crescente";"Céu Claro";"Dupla";"Reta";"Não";4;0;3;0;1;0;3;1;"-16.849699";"-47.492645";"SR-DF";"GO";"UOP02/DF"
198310;2019-03-21;"5";"12:30:00";"SP";116;34,7;"CRUZEIRO";"Defeito Mecânico no Veículo";"Colisão com objeto estático";"Com Vítimas Feridas";"Pleno dia";"Decrescente";"Nublado";"Dupla";"Reta";"Não";1;0;0;1;0;0;1;1;"-22.65447396";"-44.95940103";"SR-SP";"DEL6/8";"UOP01/SP"
198311;2019-03-21;"5";"13:15:00";"SE";101;90;"NOSSA SENHORA DO SOCORRO";"Falta de Atenção à Condução";"Saída de leito carroçável";"Sem Vítimas";"Pleno dia";"Decrescente";"Chuva";"Dupla";"Viaduto";"Sim";1;0;0;0;1;0;0;1;"-10.90278303";"-37.13121414";"SR-SE";"DEL20/1";"UOP01/SE"
198313;2019-03-21;"5";"12:00:00";"PR";116;16;"CAMPINA GRANDE DO SUL";"Desobediência às normas de trânsito pelo condutor";"Saída de leito carroçável";"Com Vítimas Feridas";"Pleno dia";"Crescente";"Chuva";"Dupla";"Curva";"Não";4;0;1;0;3;0;1;1;"-25.09969807";"-48.692225";"SR-PR";"DEL7/1";"UOP02/PR"
198314;2019-03-21;"5";"12:30:00";"MA";316;438,2;"PERITORO";"Avarias e/ou desgaste excessivo no pneu";"Saída de leito carroçável";"Sem Vítimas";"Pleno dia";"Crescente";"Chuva";"Simples";"Reta";"Não";1;0;0;0;1;0;0;1;"-4.420809";"-44.224987";"SR-MA";"DEL18/3";"UOP01/MA"
198315;2019-03-21;"5";"11:35:00";"MA";316;435,5;"PERITORO";"Defeito na Via";"Saída de leito carroçável";"Sem Vítimas";"Pleno dia";"Decrescente";"Chuva";"Simples";"Reta";"Não";1;0;0;0;1;0;0;1;"-4.410838";"-44.249836";"SR-MA";"DEL18/3";"UOP01/MA"
198317;2019-03-21;"5";"12:15:00";"RN";304;144,5;"ANGICOS";"Pista Escorregadia";"Saída de leito carroçável";"Sem Vítimas";"Pleno dia";"Crescente";"Chuva";"Simples";"Reta";"Não";1;0;0;0;1;0;0;1;"-5.6723466";"-36.64578493";"SR-RN";"DEL15/4";"UOP01/RN"
198318;2019-03-21;"5";"12:15:00";"MA";316;436,5;"PERITORO";"Defeito na Via";"Saída de leito carroçável";"Sem Vítimas";"Pleno dia";"Decrescente";"Chuva";"Simples";"Curva";"Não";1;0;0;0;1;0;0;1;"-4.413616";"-44.2411";"SR-MA";"DEL18/3";"UOP01/MA"
198319;2019-03-21;"5";"12:10:00";"PR";376;667,1;"GUARATUBA";"Não guardar distância de segurança";"Colisão traseira";"Com Vítimas Feridas";"Pleno dia";"Crescente";"Garoa/Chuvisco";"Dupla";"Reta";"Não";3;0;0;2;1;0;2;2;"-25.86640631";"-48.94598007";"SR-PR";"DEL7/1";"UOP08/PR"
198320;2019-03-21;"5";"12:45:00";"SC";470;1,7;"NAVEGANTES";"Falta de Atenção à Condução";"Colisão lateral";"Com Vítimas Feridas";"Pleno dia";"Crescente";"Sol";"Simples";"Curva";"Não";2;0;0;1;1;0;1;2;"-26.875383";"-48.668285";"SR-SC";"DEL8/4";"UOP04/SC"
198321;2019-03-21;"5";"12:30:00";"RS";116;216,2;"MORRO REUTER";"Desobediência às normas de trânsito pelo condutor";"Colisão transversal";"Com Vítimas Feridas";"Pleno dia";"Decrescente";"Sol";"Simples";"Interseção de vias";"Sim";2;0;1;0;1;0;1;2;"-29.54001608";"-51.07711676";"SR-RS";"DEL9/5";"UOP02/RS"
198322;2019-03-21;"5";"13:50:00";"BA";324;517,9;"FEIRA DE SANTANA";"Desobediência às normas de trânsito pelo condutor";"Colisão transversal";"Com Vítimas Feridas";"Pleno dia";"Decrescente";"Céu Claro";"Simples";"Reta";"Sim";2;0;0;1;1;0;1;2;"-12.24953308";"-38.93362525";"SR-BA";"DEL10/2";"UOP01/BA"
198323;2019-03-21;"5";"11:30:00";"BA";367;84;"EUNAPOLIS";"Desobediência às normas de trânsito pelo condutor";"Colisão transversal";"Com Vítimas Feridas";"Pleno dia";"Crescente";"Nublado";"Simples";"Reta";"Sim";3;0;2;0;1;0;2;2;"-16.37465";"-39.579426";"SR-BA";"DEL10/9";"UOP01/BA"
198324;2019-03-21;"5";"12:30:00";"BA";135;61,6;"FORMOSA DO RIO PRETO";"Objeto estático sobre o leito carroçável";"Colisão traseira";"Sem Vítimas";"Pleno dia";"Decrescente";"Chuva";"Simples";"Curva";"Não";3;0;0;0;3;0;0;3;"-11.272003";"-45.012238";"SR-BA";"DEL10/10";"UOP01/BA"
198325;2019-03-21;"5";"14:20:00";"CE";222;4,2;"CAUCAIA";"Não guardar distância de segurança";"Colisão traseira";"Com Vítimas Feridas";"Pleno dia";"Crescente";"Céu Claro";"Múltipla";"Reta";"Não";2;0;1;0;1;0;1;2;"-3.74164754";"-38.60449792";"SR-CE";"DEL16/1";"UOP01/CE"
198326;2019-03-21;"5";"09:50:00";"MG";381;263;"TIMOTEO";"Falta de Atenção à Condução";"Colisão transversal";"Com Vítimas Feridas";"Pleno dia";"Decrescente";"Chuva";"Simples";"Reta";"Sim";3;0;0;1;2;0;1;2;"-19.5326764";"-42.62282881";"SR-MG";"DEL4/3";"UOP02/MG"
198327;2019-03-21;"5";"14:00:00";"GO";60;382;"RIO VERDE";"Desobediência às normas de trânsito pelo condutor";"Colisão transversal";"Com Vítimas Feridas";"Pleno dia";"Crescente";"Céu Claro";"Dupla";"Rotatória";"Sim";2;0;1;0;1;0;1;2;"-17.78707936";"-50.90326434";"SR-GO";"DEL1/4";"UOP01/GO"
198329;2019-03-21;"5";"13:05:00";"BA";110;376;"CATU";"Desobediência às normas de trânsito pelo condutor";"Colisão frontal";"Com Vítimas Fatais";"Pleno dia";"Decrescente";"Céu Claro";"Simples";"Não Informado";"Não";3;2;0;0;1;0;0;2;"-12.41579896";"-38.47467614";"SR-BA";"DEL10/1";"UOP01/BA"
198330;2019-03-21;"5";"14:30:00";"BA";101;225;"CRUZ DAS ALMAS";"Mal Súbito";"Colisão frontal";"Com Vítimas Feridas";"Pleno dia";"Decrescente";"Nublado";"Simples";"Reta";"Não";6;0;1;1;4;0;2;3;"-12.6787376";"-39.13873762";"SR-BA";"DEL10/1";"UOP02/BA"
198331;2019-03-21;"5";"13:00:00";"MG";116;527,8;"CARATINGA";"Falta de Atenção à Condução";"Colisão transversal";"Com Vítimas Feridas";"Pleno dia";"Crescente";"Nublado";"Simples";"Interseção de vias";"Sim";3;0;0;1;2;0;1;2;"-19.78510701";"-42.13445297";"SR-MG";"DEL4/6";"UOP02/MG"
198332;2019-03-21;"5";"12:15:00";"PR";116;3,2;"CAMPINA GRANDE DO SUL";"Pista Escorregadia";"Saída de leito carroçável";"Com Vítimas Feridas";"Pleno dia";"Decrescente";"Chuva";"Múltipla";"Curva";"Não";2;0;1;0;1;0;1;1;"-25.07163889";"-48.58564619";"SR-PR";"DEL7/1";"UOP01/PR"
198333;2019-03-21;"5";"13:00:00";"MT";163;1111;"GUARANTA DO NORTE";"Defeito Mecânico no Veículo";"Tombamento";"Sem Vítimas";"Pleno dia";"Crescente";"Nublado";"Simples";"Desvio Temporário";"Não";1;0;0;0;1;0;0;1;"-9.60328878";"-54.8806572";"SR-MT";"DEL2/6";"UOP02/MT"
198334;2019-03-21;"5";"13:40:00";"MT";163;834;"SINOP";"Desobediência às normas de trânsito pelo condutor";"Colisão transversal";"Com Vítimas Feridas";"Pleno dia";"Crescente";"Céu Claro";"Dupla";"Retorno Regulamentado";"Sim";2;0;1;0;1;0;1;2;"-11.86692043";"-55.49669623";"SR-MT";"DEL2/6";"UOP01/MT"
198335;2019-03-17;"1";"22:05:00";"RJ";101;283,1;"ITABORAI";"Velocidade Incompatível";"Colisão com objeto estático";"Com Vítimas Feridas";"Plena Noite";"Decrescente";"Ignorado";"Dupla";"Curva";"Não";2;0;2;0;0;0;2;2;"-22.73591014";"-42.80592689";"SR-RJ";"DEL5/2";"UOP03/RJ"
198336;2019-03-21;"5";"14:45:00";"PA";10;226,9;"IPIXUNA DO PARA";"Falta de Atenção à Condução";"Capotamento";"Com Vítimas Feridas";"Pleno dia";"Decrescente";"Nublado";"Simples";"Desvio Temporário";"Não";3;0;1;1;1;0;2;1;"-2.44295";"-47.509281";"SR-PA";"DEL19/2";"UOP02/PA"
198337;2019-03-21;"5";"14:25:00";"RJ";101;418;"ITAGUAI";"Velocidade Incompatível";"Colisão frontal";"Com Vítimas Feridas";"Pleno dia";"Crescente";"Chuva";"Simples";"Curva";"Não";3;0;1;1;1;0;2;2;"-22.9178274";"-43.90471593";"SR-RJ";"DEL5/3";"UOP01/RJ"
198338;2019-03-21;"5";"14:45:00";"MG";40;507,4;"RIBEIRAO DAS NEVES";"Falta de Atenção à Condução";"Colisão lateral";"Com Vítimas Feridas";"Pleno dia";"Crescente";"Céu Claro";"Dupla";"Reta";"Sim";2;0;1;0;1;0;1;2;"-19.75431705";"-44.14152606";"SR-MG";"DEL4/2";"UOP01/MG"
198339;2019-03-21;"5";"12:23:00";"PE";428;112,3;"SANTA MARIA DA BOA VISTA";"Animais na Pista";"Capotamento";"Com Vítimas Feridas";"Plena Noite";"Decrescente";"Chuva";"Simples";"Não Informado";"Não";3;0;3;0;0;0;3;1;"-8.8970032";"-40.04432977";"SR-PE";"DEL11/6";"UOP03/PE"
198340;2019-03-21;"5";"14:45:00";"RJ";101;64;"CAMPOS DOS GOYTACAZES";"Não guardar distância de segurança";"Colisão traseira";"Sem Vítimas";"Pleno dia";"Decrescente";"Chuva";"Simples";"Reta";"Sim";4;0;0;0;4;0;0;4;"-21.74908605";"-41.33632461";"SR-RJ";"DEL5/8";"UOP02/RJ"
198341;2019-03-21;"5";"10:07:00";"SC";280;13,3;"SAO FRANCISCO DO SUL";"Falta de Atenção à Condução";"Colisão frontal";"Com Vítimas Fatais";"Pleno dia";"Decrescente";"Céu Claro";"Simples";"Reta";"Não";4;1;2;0;1;0;2;3;"-26.32171113";"-48.64798666";"SR-SC";"DEL8/3";"UOP03/SC"
198342;2019-03-21;"5";"14:50:00";"PE";232;133,6;"CARUARU";"Condutor Dormindo";"Engavetamento";"Com Vítimas Feridas";"Pleno dia";"Decrescente";"Céu Claro";"Dupla";"Reta";"Sim";4;0;1;0;3;0;1;3;"-8.30607988";"-36.01576003";"SR-PE";"DEL11/2";"UOP02/PE"
198343;2019-03-21;"5";"14:30:00";"RS";287;248;"SANTA MARIA";"Falta de Atenção à Condução";"Colisão transversal";"Com Vítimas Feridas";"Pleno dia";"Decrescente";"Céu Claro";"Simples";"Reta";"Sim";3;0;1;1;0;1;2;2;"-29.696018";"-53.850956";"SR-RS";"DEL9/9";"UOP01/RS"
198344;2019-03-21;"5";"15:45:00";"BA";418;80,4;"NOVA VICOSA";"Falta de Atenção à Condução";"Saída de leito carroçável";"Com Vítimas Feridas";"Pleno dia";"Crescente";"Chuva";"Simples";"Reta";"Não";2;0;1;1;0;0;2;1;"-17.87014913";"-39.75939393";"SR-BA";"DEL10/9";"UOP03/BA"
198345;2019-03-21;"5";"15:30:00";"ES";101;22;"PEDRO CANARIO";"Ingestão de Álcool";"Colisão lateral";"Sem Vítimas";"Pleno dia";"Decrescente";"Chuva";"Simples";"Não Informado";"Não";2;0;0;0;1;1;0;2;"-18.34285601";"-39.95904671";"SR-ES";"DEL12/4";"UOP02/ES"
198347;2019-03-21;"5";"15:45:00";"RN";226;0,7;"NATAL";"Falta de Atenção à Condução";"Colisão traseira";"Com Vítimas Feridas";"Pleno dia";"Crescente";"Céu Claro";"Simples";"Reta";"Sim";2;0;0;1;1;0;1;2;"-5.800019";"-35.238174";"SR-RN";"DEL15/1";"UOP02/RN"
198348;2019-03-21;"5";"14:00:00";"MG";40;739,8;"SANTOS DUMONT";"Velocidade Incompatível";"Tombamento";"Sem Vítimas";"Pleno dia";"Crescente";"Nublado";"Simples";"Curva";"Não";1;0;0;0;1;0;0;1;"-21.394039";"-43.56680295";"SR-MG";"DEL5";"UOP01/MG"
198350;2019-03-21;"5";"14:45:00";"PI";343;456,7;"SAO PEDRO DO PIAUI";"Desobediência às normas de trânsito pelo condutor";"Colisão transversal";"Com Vítimas Feridas";"Pleno dia";"Decrescente";"Céu Claro";"Simples";"Interseção de vias";"Não";2;0;0;1;1;0;1;2;"-5.95952193";"-42.72711754";"SR-PI";"DEL17/1";"UOP02/PI"
198351;2019-03-21;"5";"16:10:00";"SP";116;58,2;"GUARATINGUETA";"Velocidade Incompatível";"Tombamento";"Sem Vítimas";"Pleno dia";"Decrescente";"Nublado";"Simples";"Retorno Regulamentado";"Sim";1;0;0;0;1;0;0;1;"-22.782001";"-45.146151";"SR-SP";"DEL6/8";"UOP02/SP"
198352;2019-01-20;"1";"21:55:00";"SC";282;495,3;"XANXERE";"Não guardar distância de segurança";"Colisão traseira";"Com Vítimas Feridas";"Plena Noite";"Decrescente";"Ignorado";"Simples";"Reta";"Não";3;0;1;0;1;1;1;2;"-26.875349";"-52.327076";"SR-SC";"DEL7";"UOP01/SC"
198355;2019-03-21;"5";"16:15:00";"PI";230;261,6;"NAZARE DO PIAUI";"Velocidade Incompatível";"Saída de leito carroçável";"Com Vítimas Feridas";"Pleno dia";"Crescente";"Chuva";"Simples";"Curva";"Não";1;0;0;1;0;0;1;1;"-7.00052467";"-42.64334072";"SR-PI";"DEL17/3";"UOP01/PI"
198357;2019-03-21;"5";"15:50:00";"BA";116;16,1;"VITORIA DA CONQUISTA";"Falta de Atenção à Condução";"Colisão lateral";"Com Vítimas Feridas";"Pleno dia";"Decrescente";"Nublado";"Simples";"Reta";"Não";2;0;1;0;1;0;1;2;"-14.902396";"-40.847988";"SR-BA";"DEL10/8";"UOP01/BA"
198359;2019-03-21;"5";"11:20:00";"MG";116;244,2;"TEOFILO OTONI";"Carga excessiva e/ou mal acondicionada";"Tombamento";"Sem Vítimas";"Pleno dia";"Crescente";"Chuva";"Simples";"Curva";"Não";1;0;0;0;1;0;0;1;"-17.59451802";"-41.49128013";"SR-MG";"DEL4/11";"UOP01/MG"
198360;2019-03-21;"5";"16:30:00";"BA";101;371;"GANDU";"Velocidade Incompatível";"Saída de leito carroçável";"Com Vítimas Feridas";"Pleno dia";"Decrescente";"Chuva";"Simples";"Curva";"Não";1;0;1;0;0;0;1;1;"-13.7962";"-39.4955";"SR-BA";"DEL10/5";"UOP03/BA"
198361;2019-03-21;"5";"17:20:00";"PI";343;319;"ALTOS";"Não guardar distância de segurança";"Colisão traseira";"Com Vítimas Feridas";"Anoitecer";"Crescente";"Céu Claro";"Simples";"Reta";"Não";3;0;1;0;2;0;1;3;"-5.048245";"-42.560604";"SR-PI";"DEL17/1";"UOP01/PI"
198362;2019-03-21;"5";"17:49:00";"RN";304;47;"MOSSORO";"Condutor Dormindo";"Colisão traseira";"Com Vítimas Feridas";"Anoitecer";"Crescente";"Nublado";"Dupla";"Reta";"Sim";2;0;1;0;1;0;1;2;"-5.22597224";"-37.33086797";"SR-RN";"DEL15/4";"UOP01/RN"
198363;2019-03-21;"5";"15:50:00";"MS";163;567;"BANDEIRANTES";"Não guardar distância de segurança";"Colisão traseira";"Sem Vítimas";"Pleno dia";"Crescente";"Céu Claro";"Simples";"Reta";"Não";2;0;0;0;2;0;0;2;"-19.755111";"-54.357619";"SR-MS";"DEL3/1";"UOP02/MS"
198364;2019-03-21;"5";"17:40:00";"PB";230;136;"CAMPINA GRANDE";"Velocidade Incompatível";"Queda de ocupante de veículo";"Com Vítimas Feridas";"Anoitecer";"Crescente";"Chuva";"Dupla";"Curva";"Não";1;0;1;0;0;0;1;1;"-7.2818";"-35.7675";"SR-PB";"DEL14/2";"UOP01/PB"
198365;2019-03-21;"5";"12:30:00";"SC";470;121;"IBIRAMA";"Falta de Atenção à Condução";"Saída de leito carroçável";"Com Vítimas Fatais";"Pleno dia";"Decrescente";"Nublado";"Simples";"Curva";"Não";2;1;0;1;0;0;1;1;"-27.095861";"-49.526859";"SR-SC";"DEL8/4";"UOP02/SC"
198366;2019-03-21;"5";"15:00:00";"SC";470;147;"RIO DO SUL";"Velocidade Incompatível";"Colisão transversal";"Com Vítimas Feridas";"Pleno dia";"Crescente";"Céu Claro";"Simples";"Reta";"Sim";2;0;1;0;1;0;1;2;"-27.243439";"-49.690025";"SR-SC";"DEL8/4";"UOP02/SC"
198368;2019-03-21;"5";"17:50:00";"SC";101;193,1;"BIGUACU";"Desobediência às normas de trânsito pelo condutor";"Colisão frontal";"Com Vítimas Feridas";"Pleno dia";"Decrescente";"Nublado";"Múltipla";"Reta";"Não";3;0;0;1;1;1;1;2;"-27.489574";"-48.655914";"SR-SC";"DEL8/1";"UOP01/SC"
198369;2019-03-21;"5";"14:10:00";"MG";262;594;"CAMPOS ALTOS";"Desobediência às normas de trânsito pelo condutor";"Colisão transversal";"Com Vítimas Feridas";"Pleno dia";"Decrescente";"Nublado";"Simples";"Rotatória";"Não";2;0;0;1;1;0;1;2;"-19.66568189";"-46.16901785";"SR-MG";"DEL4/8";"UOP02/MG"
198370;2019-03-21;"5";"18:25:00";"PR";376;198;"MARIALVA";"Falta de Atenção à Condução";"Colisão traseira";"Com Vítimas Feridas";"Anoitecer";"Crescente";"Nublado";"Dupla";"Curva";"Não";2;0;0;1;1;0;1;2;"-23.49962619";"-51.76783562";"SR-PR";"DEL7/7";"UOP04/PR"
198372;2019-03-21;"5";"18:25:00";"SP";116;229,7;"SAO PAULO";"Falta de Atenção à Condução";"Colisão lateral";"Com Vítimas Feridas";"Anoitecer";"Crescente";"Garoa/Chuvisco";"Múltipla";"Reta";"Sim";1;0;1;0;0;0;1;1;"-23.51291902";"-46.57604698";"SR-SP";"DEL6/1";"UOP01/SP"
198373;2019-03-21;"5";"17:20:00";"MG";40;314;"TRES MARIAS";"Falta de Atenção à Condução";"Colisão lateral";"Com Vítimas Feridas";"Plena Noite";"Crescente";"Chuva";"Simples";"Curva";"Não";2;0;2;0;0;0;2;2;"-18.46471808";"-45.05935411";"SR-MG";"DEL4/14";"UOP02/MG"
198374;2019-03-21;"5";"18:40:00";"SP";381;32,5;"ATIBAIA";"Falta de Atenção à Condução";"Colisão traseira";"Com Vítimas Feridas";"Plena Noite";"Crescente";"Nublado";"Dupla";"Reta";"Sim";2;0;1;0;1;0;1;2;"-23.06461405";"-46.57048121";"SR-SP";"DEL6/3";"UOP01/SP"
198375;2019-03-21;"5";"18:55:00";"SC";282;4,7;"SAO JOSE";"Não guardar distância de segurança";"Colisão traseira";"Com Vítimas Fatais";"Plena Noite";"Crescente";"Nublado";"Dupla";"Não Informado";"Sim";5;1;0;0;2;2;0;3;"-27.592646";"-48.604034";"SR-SC";"DEL8/1";"UOP01/SC"
198376;2019-03-21;"5";"18:20:00";"RS";392;71,4;"PELOTAS";"Falta de Atenção à Condução";"Colisão traseira";"Com Vítimas Fatais";"Pleno dia";"Crescente";"Céu Claro";"Dupla";"Viaduto";"Não";2;1;0;0;1;0;0;2;"-31.72790198";"-52.38685478";"SR-RS";"DEL9/7";"UOP01/RS"
198377;2019-03-21;"5";"18:25:00";"DF";70;16;"BRASILIA";"Desobediência às normas de trânsito pelo condutor";"Colisão traseira";"Com Vítimas Feridas";"Anoitecer";"Crescente";"Garoa/Chuvisco";"Dupla";"Reta";"Não";3;0;1;0;2;0;1;2;"-15.796144";"-48.194225";"SR-DF";"DF";"UOP06/DF"