"id";"data_inversa";"dia_semana";"horario";"uf";"br";"km";"municipio";"causa_acidente";"tipo_acidente";"classificacao_acidente";"fase_dia";"sentido_via";"condicao_metereologica";"tipo_pista";"tracado_via";"uso_solo";"pessoas";"mortos";"feridos_leves";"feridos_graves";"ilesos";"ignorados";"feridos";"veiculos";"latitude";"longitude";"regional";"delegacia";"uop"
198472;2019-03-22;"6";"07:50:00";"GO";60;296;"ACREUNA";"Falta de Atenção à Condução";"Colisão traseira";"Com Vítimas Feridas";"Pleno dia";"Crescente";"Céu Claro";"Dupla";"Reta";"Não";3;0;1;0;2;0;1;2;"-17.3374";"-50.3116";"SR-GO";"DEL1/4";"UOP01/GO"
198473;2019-03-22;"6";"07:25:00";"CE";20;204,1;"BOA VIAGEM";"Falta de Atenção à Condução";"Colisão lateral";"Com Vítimas Feridas";"Pleno dia";"Crescente";"Nublado";"Simples";"Reta";"Sim";2;0;1;0;1;0;1;2;"-5.12155025";"-39.73264757";"SR-CE";"DEL16/2";"UOP02/CE"
198474;2019-03-22;"6";"05:45:00";"RJ";493;4;"ITABORAI";"Defeito na Via";"Derramamento de carga";"Sem Vítimas";"Amanhecer";"Decrescente";"Chuva";"Simples";"Não Informado";"Sim";1;0;0;0;1;0;0;1;"-22.74828913";"-42.9500441";"SR-RJ";"DEL5/4";"UOP02/RJ"
198475;2019-03-22;"6";"07:55:00";"SC";101;124;"ITAJAI";"Não guardar distância de segurança";"Colisão traseira";"Com Vítimas Feridas";"Pleno dia";"Decrescente";"Nublado";"Dupla";"Reta";"Não";2;0;1;0;1;0;1;2;"-26.94335064";"-48.69198648";"SR-SC";"DEL8/4";"UOP04/SC"
198478;2019-03-22;"6";"06:40:00";"BA";418;89;"NOVA VICOSA";"Falta de Atenção à Condução";"Colisão frontal";"Com Vítimas Feridas";"Pleno dia";"Crescente";"Céu Claro";"Simples";"Reta";"Sim";2;0;1;0;1;0;1;2;"-17.88709248";"-39.83068288";"SR-BA";"DEL10/9";"UOP03/BA"
198479;2019-03-22;"6";"07:30:00";"PE";104;52;"CARUARU";"Falta de Atenção à Condução";"Colisão traseira";"Com Vítimas Feridas";"Pleno dia";"Crescente";"Sol";"Dupla";"Desvio Temporário";"Não";2;0;1;0;1;0;1;2;"-8.167598";"-35.97684";"SR-PE";"DEL11/2";"UOP01/PE"
198480;2019-03-22;"6";"05:00:00";"RJ";116;178;"NOVA IGUACU";"Pista Escorregadia";"Colisão com objeto estático";"Com Vítimas Feridas";"Pleno dia";"Decrescente";"Garoa/Chuvisco";"Múltipla";"Reta";"Sim";2;0;1;0;1;0;1;1;"-22.77496393";"-43.40081465";"SR-RJ";"DEL5/1";"UOP02/RJ"
198482;2019-03-21;"5";"23:00:00";"MG";262;447,5;"NOVA SERRANA";"Ingestão de Álcool";"Colisão frontal";"Sem Vítimas";"Plena Noite";"Decrescente";"Chuva";"Simples";"Reta";"Não";2;0;0;0;2;0;0;2;"-19.87341662";"-44.96007194";"SR-MG";"DEL4/8";"UOP03/MG"
198483;2019-03-22;"6";"08:20:00";"MG";381;528;"BRUMADINHO";"Velocidade Incompatível";"Colisão com objeto estático";"Com Vítimas Feridas";"Pleno dia";"Crescente";"Chuva";"Dupla";"Curva";"Não";1;0;1;0;0;0;1;1;"-20.16368096";"-44.36025002";"SR-MG";"DEL4/4";"UOP03/MG"
198484;2019-03-22;"6";"06:04:00";"RS";386;190,1;"SANTO ANTONIO DO PLANALTO";"Ultrapassagem Indevida";"Colisão frontal";"Com Vítimas Fatais";"Pleno dia";"Decrescente";"Céu Claro";"Simples";"Reta";"Sim";3;1;0;0;2;0;0;2;"-28.371929";"-52.705669";"SR-RS";"DEL08";"UOP01/RS"
198485;2019-03-14;"5";"14:20:00";"BA";324;384;"SAO SEBASTIAO DO PASSE";"Condutor Dormindo";"Colisão frontal";"Com Vítimas Feridas";"Pleno dia";"Crescente";"Chuva";"Simples";"Desvio Temporário";"Não";2;0;1;0;1;0;1;2;"-12.48467207";"-38.48440483";"SR-BA";"DEL10/4";"UOP02/BA"
198486;2019-03-22;"6";"07:00:00";"SC";101;132,9;"BALNEARIO CAMBORIU";"Não guardar distância de segurança";"Colisão lateral";"Com Vítimas Feridas";"Pleno dia";"Crescente";"Nublado";"Simples";"Reta";"Sim";3;0;1;0;2;0;1;3;"-26.99654133";"-48.65564711";"SR-SC";"DEL8/4";"UOP03/SC"
198487;2019-03-22;"6";"09:15:00";"SE";235;52,1;"ITABAIANA";"Desobediência às normas de trânsito pelo condutor";"Colisão transversal";"Com Vítimas Feridas";"Pleno dia";"Crescente";"Céu Claro";"Simples";"Interseção de vias";"Sim";3;0;2;0;1;0;2;2;"-10.693279";"-37.437557";"SR-SE";"DEL20/1";"UOP02/SE"
198489;2019-03-18;"2";"20:40:00";"BA";407;93,8;"JAGUARARI";"Animais na Pista";"Atropelamento de Animal";"Sem Vítimas";"Pleno dia";"Decrescente";"Céu Claro";"Simples";"Reta";"Não";2;0;0;0;2;0;0;1;"-10.17681404";"-40.2248002";"SR-BA";"DEL10/4";"UOP01/BA"
198490;2019-03-22;"6";"06:00:00";"SC";101;456,7;"SAO JOAO DO SUL";"Falta de Atenção à Condução";"Saída de leito carroçável";"Com Vítimas Feridas";"Amanhecer";"Decrescente";"Céu Claro";"Dupla";"Reta";"Não";2;0;1;0;1;0;1;1;"-29.22330598";"-49.76018824";"SR-SC";"DEL8/2";"UOP02/SC"
198491;2019-03-22;"6";"10:00:00";"RJ";101;61,5;"CAMPOS DOS GOYTACAZES";"Desobediência às normas de trânsito pelo condutor";"Colisão transversal";"Com Vítimas Feridas";"Pleno dia";"Crescente";"Céu Claro";"Simples";"Não Informado";"Sim";4;0;2;0;2;0;2;3;"-21.72655788";"-41.32133519";"SR-RJ";"DEL5/8";"UOP01/RJ"
198492;2019-03-22;"6";"09:50:00";"SC";470;58,9;"BLUMENAU";"Falta de Atenção à Condução";"Colisão transversal";"Com Vítimas Feridas";"Pleno dia";"Crescente";"Nublado";"Simples";"Curva";"Não";2;0;0;1;1;0;1;2;"-26.88291873";"-49.15630817";"SR-SC";"DEL8/4";"UOP01/SC"
198494;2019-03-22;"6";"07:30:00";"MG";262;359;"BETIM";"Velocidade Incompatível";"Queda de ocupante de veículo";"Com Vítimas Feridas";"Pleno dia";"Crescente";"Chuva";"Dupla";"Reta";"Não";1;0;1;0;0;0;1;1;"-19.98332234";"-44.20214426";"SR-MG";"DEL4/1";"UOP03/MG"
198495;2019-03-22;"6";"08:40:00";"MG";116;439,1;"ENGENHEIRO CALDAS";"Velocidade Incompatível";"Saída de leito carroçável";"Com Vítimas Feridas";"Pleno dia";"Decrescente";"Sol";"Simples";"Curva";"Não";1;0;1;0;0;0;1;1;"-19.06864201";"-42.00222599";"SR-MG";"DEL4/6";"UOP01/MG"
198496;2019-03-22;"6";"08:40:00";"MG";381;489;"BETIM";"Mal Súbito";"Colisão traseira";"Com Vítimas Feridas";"Pleno dia";"Decrescente";"Chuva";"Dupla";"Reta";"Sim";2;0;1;0;1;0;1;2;"-19.96245618";"-44.16455495";"SR-MG";"DEL4/1";"UOP03/MG"
198497;2019-03-22;"6";"08:20:00";"MG";381;484;"BETIM";"Pista Escorregadia";"Colisão traseira";"Com Vítimas Feridas";"Pleno dia";"Decrescente";"Garoa/Chuvisco";"Dupla";"Reta";"Não";5;0;1;0;4;0;1;2;"-19.95531717";"-44.11722196";"SR-MG";"DEL4/1";"UOP03/MG"
198498;2019-03-18;"2";"19:25:00";"PR";376;215;"JANDAIA DO SUL";"Falta de Atenção à Condução";"Colisão lateral";"Com Vítimas Feridas";"Plena Noite";"Decrescente";"Ignorado";"Simples";"Interseção de vias";"Sim";2;0;1;0;0;1;1;2;"-23.58807426";"-51.64582193";"SR-PR";"DEL7/7";"UOP04/PR"
198499;2019-03-22;"6";"09:50:00";"SP";116;226,1;"GUARULHOS";"Falta de Atenção à Condução";"Colisão lateral";"Com Vítimas Feridas";"Pleno dia";"Crescente";"Nublado";"Múltipla";"Reta";"Sim";3;0;1;0;0;2;1;3;"-23.49342746";"-46.552881";"SR-SP";"DEL6/1";"UOP01/SP"
198500;2019-03-22;"6";"09:45:00";"MG";381;529,1;"BRUMADINHO";"Velocidade Incompatível";"Saída de leito carroçável";"Com Vítimas Feridas";"Pleno dia";"Crescente";"Chuva";"Dupla";"Não Informado";"Não";3;0;1;0;2;0;1;1;"-20.16443821";"-44.36522484";"SR-MG";"DEL4/4";"UOP03/MG"
198501;2019-03-22;"6";"09:40:00";"SP";381;73;"SAO PAULO";"Falta de Atenção à Condução";"Tombamento";"Sem Vítimas";"Pleno dia";"Crescente";"Nublado";"Múltipla";"Curva";"Não";1;0;0;0;1;0;0;1;"-23.36553404";"-46.55253934";"SR-SP";"DEL6/3";"UOP02/SP"
198502;2019-03-22;"6";"09:50:00";"MG";381;533,5;"ITATIAIUCU";"Velocidade Incompatível";"Capotamento";"Com Vítimas Feridas";"Pleno dia";"Crescente";"Chuva";"Dupla";"Curva";"Não";2;0;1;1;0;0;2;1;"-20.19896036";"-44.38641307";"SR-MG";"DEL4/4";"UOP03/MG"
198503;2019-03-22;"6";"11:10:00";"SC";470;55;"BLUMENAU";"Falta de Atenção à Condução";"Colisão transversal";"Com Vítimas Feridas";"Pleno dia";"Crescente";"Nublado";"Simples";"Reta";"Não";2;0;1;0;1;0;1;2;"-26.875601";"-49.117992";"SR-SC";"DEL8/4";"UOP01/SC"
198504;2019-03-22;"6";"10:45:00";"SC";470;73,2;"INDAIAL";"Defeito Mecânico no Veículo";"Saída de leito carroçável";"Com Vítimas Feridas";"Pleno dia";"Decrescente";"Nublado";"Simples";"Reta";"Sim";2;0;2;0;0;0;2;1;"-26.908962";"-49.275089";"SR-SC";"DEL8/4";"UOP01/SC"
198505;2019-03-22;"6";"10:13:00";"PR";376;657,7;"TIJUCAS DO SUL";"Pista Escorregadia";"Colisão com objeto estático";"Com Vítimas Feridas";"Pleno dia";"Decrescente";"Chuva";"Dupla";"Não Informado";"Não";3;0;1;0;2;0;1;2;"-25.84315731";"-49.01550293";"SR-PR";"DEL7/1";"UOP08/PR"
198506;2019-03-22;"6";"09:50:00";"CE";116;375,5;"ICO";"Falta de Atenção à Condução";"Colisão frontal";"Com Vítimas Feridas";"Pleno dia";"Crescente";"Sol";"Simples";"Interseção de vias";"Sim";2;0;0;1;1;0;1;2;"-6.3951252";"-38.83101685";"SR-CE";"DEL16/5";"UOP01/CE"
198507;2019-03-06;"4";"10:51:00";"CE";222;130,8;"ITAPAJE";"Desobediência às normas de trânsito pelo condutor";"Colisão frontal";"Com Vítimas Fatais";"Pleno dia";"Crescente";"Chuva";"Simples";"Curva";"Sim";4;2;1;1;0;0;2;2;"-3.71251";"-39.630753";"SR-CE";"DEL16/4";"UOP03/CE"
198508;2019-03-22;"6";"11:57:00";"GO";40;19;"LUZIANIA";"Falta de Atenção à Condução";"Queda de ocupante de veículo";"Sem Vítimas";"Pleno dia";"Crescente";"Céu Claro";"Dupla";"Reta";"Sim";1;0;0;0;0;1;0;1;"-16.201556";"-47.921314";"SR-DF";"GO";"UOP01/DF"
198509;2019-03-22;"6";"11:20:00";"RJ";393;280,5;"BARRA DO PIRAI";"Mal Súbito";"Queda de ocupante de veículo";"Com Vítimas Feridas";"Pleno dia";"Crescente";"Garoa/Chuvisco";"Simples";"Reta";"Sim";1;0;1;0;0;0;1;1;"-22.47599943";"-44.05002594";"SR-RJ";"DEL5/5";"UOP02/RJ"
198510;2019-03-22;"6";"10:15:00";"SC";101;318;"PESCARIA BRAVA";"Falta de Atenção à Condução";"Capotamento";"Com Vítimas Feridas";"Pleno dia";"Crescente";"Nublado";"Dupla";"Reta";"Não";1;0;1;0;0;0;1;1;"-28.4266481";"-48.86160099";"SR-SC";"DEL8/2";"UOP01/SC"
198511;2019-03-22;"6";"12:05:00";"TO";153;364;"FORTALEZA DO TABOCAO";"Não guardar distância de segurança";"Saída de leito carroçável";"Com Vítimas Feridas";"Pleno dia";"Crescente";"Céu Claro";"Simples";"Reta";"Não";1;0;1;0;0;0;1;1;"-9.09977298";"-48.52779111";"SR-TO";"UOP03/TO";""
198512;2019-03-22;"6";"11:00:00";"PA";230;114;"MARABA";"Não guardar distância de segurança";"Engavetamento";"Sem Vítimas";"Pleno dia";"Crescente";"Nublado";"Simples";"Reta";"Não";5;0;0;0;5;0;0;4;"-5.36466678";"-49.06623294";"SR-PA";"DEL19/3";"UOP01/PA"
198513;2019-03-22;"6";"10:50:00";"MG";381;315;"NOVA ERA";"Falta de Atenção à Condução";"Colisão frontal";"Com Vítimas Feridas";"Pleno dia";"Decrescente";"Chuva";"Simples";"Curva";"Não";5;0;2;2;1;0;4;2;"-19.69154909";"-42.99258988";"SR-MG";"DEL4/3";"UOP02/MG"
198514;2019-03-22;"6";"08:25:00";"BA";324;619;"SALVADOR";"Falta de Atenção à Condução";"Queda de ocupante de veículo";"Com Vítimas Feridas";"Pleno dia";"Crescente";"Céu Claro";"Dupla";"Reta";"Sim";1;0;1;0;0;0;1;1;"-12.89820999";"-38.45012202";"SR-BA";"DEL10/1";"UOP01/BA"
198515;2019-03-22;"6";"11:10:00";"MT";163;813;"SINOP";"Defeito Mecânico no Veículo";"Colisão traseira";"Com Vítimas Feridas";"Pleno dia";"Crescente";"Céu Claro";"Simples";"Reta";"Não";3;0;0;2;1;0;2;2;"-12.18052509";"-55.52606686";"SR-MT";"DEL2/6";"UOP01/MT"
198516;2019-03-22;"6";"12:00:00";"SC";101;262;"GAROPABA";"Velocidade Incompatível";"Saída de leito carroçável";"Com Vítimas Feridas";"Pleno dia";"Crescente";"Nublado";"Dupla";"Curva";"Não";1;0;1;0;0;0;1;1;"-28.0353863";"-48.70884453";"SR-SC";"DEL8/2";"UOP03/SC"
198518;2019-03-22;"6";"12:45:00";"BA";116;920,7;"ENCRUZILHADA";"Não guardar distância de segurança";"Colisão traseira";"Com Vítimas Feridas";"Pleno dia";"Decrescente";"Chuva";"Simples";"Reta";"Não";6;0;3;0;3;0;3;5;"-15.59899";"-41.28082";"SR-BA";"DEL10/8";"UOP03/BA"
198519;2019-03-21;"5";"20:00:00";"AL";101;111;"PILAR";"Desobediência às normas de trânsito pelo pedestre";"Atropelamento de Pedestre";"Com Vítimas Fatais";"Plena Noite";"Crescente";"Ignorado";"Simples";"Reta";"Não";2;1;0;0;1;0;0;1;"-9.61085904";"-36.02756681";"SR-AL";"DEL13/2";"UOP01/AL"
198521;2019-03-22;"6";"11:40:00";"RS";290;194,8;"RIO PARDO";"Falta de Atenção à Condução";"Saída de leito carroçável";"Sem Vítimas";"Pleno dia";"Crescente";"Sol";"Simples";"Não Informado";"Não";1;0;0;0;1;0;0;1;"-30.163651";"-52.15506";"SR-RS";"DEL9/2";"UOP03/RS"
198522;2019-03-22;"6";"12:10:00";"PR";476;269,9;"SAO MATEUS DO SUL";"Falta de Atenção à Condução";"Colisão transversal";"Sem Vítimas";"Pleno dia";"Crescente";"Nublado";"Simples";"Não Informado";"Não";3;0;0;0;3;0;0;2;"-25.898903";"-50.32935";"SR-PR";"DEL7/2";"UOP03/PR"
198523;2019-03-22;"6";"12:20:00";"PR";277;597,9;"CASCAVEL";"Falta de Atenção à Condução";"Colisão com objeto estático";"Com Vítimas Feridas";"Pleno dia";"Crescente";"Céu Claro";"Dupla";"Reta";"Não";4;0;2;1;1;0;3;1;"-24.99599861";"-53.51520034";"SR-PR";"DEL7/4";"UOP01/PR"
198524;2019-03-22;"6";"11:30:00";"ES";262;104,7;"VENDA NOVA DO IMIGRANTE";"Falta de Atenção à Condução";"Colisão traseira";"Com Vítimas Feridas";"Pleno dia";"Crescente";"Garoa/Chuvisco";"Simples";"Não Informado";"Sim";2;0;1;0;1;0;1;2;"-20.33207211";"-41.12993717";"SR-ES";"DEL12/1";"UOP02/ES"
198525;2019-03-22;"6";"11:40:00";"RS";290;131,8;"ELDORADO DO SUL";"Carga excessiva e/ou mal acondicionada";"Colisão com objeto em movimento";"Sem Vítimas";"Pleno dia";"Crescente";"Sol";"Simples";"Reta";"Não";2;0;0;0;1;1;0;2;"-30.060116";"-51.520683";"SR-RS";"DEL9/2";"UOP01/RS"
198526;2019-03-22;"6";"13:25:00";"SP";116;285;"ITAPECERICA DA SERRA";"Falta de Atenção à Condução";"Colisão com objeto estático";"Sem Vítimas";"Pleno dia";"Crescente";"Nublado";"Simples";"Reta";"Sim";1;0;0;0;1;0;0;1;"-23.70407794";"-46.87249709";"SR-SP";"DEL6/4";"UOP01/SP"
198527;2019-02-02;"7";"17:40:00";"PR";116;98,9;"SAO JOSE DOS PINHAIS";"Falta de Atenção do Pedestre";"Atropelamento de Pedestre";"Com Vítimas Fatais";"Pleno dia";"Crescente";"Nublado";"Dupla";"Reta";"Não";4;1;0;0;2;1;0;4;"-25.519745";"-49.134327";"SR-PR";"DEL7/1";"UOP01/PR"
198528;2019-03-22;"6";"13:30:00";"BA";410;1;"RIBEIRA DO POMBAL";"Animais na Pista";"Atropelamento de Animal";"Com Vítimas Feridas";"Pleno dia";"Decrescente";"Garoa/Chuvisco";"Simples";"Não Informado";"Não";1;0;0;1;0;0;1;1;"-10.81977994";"-38.53734704";"SR-BA";"DEL10/7";"UOP02/BA"
198530;2019-03-22;"6";"13:30:00";"PI";316;31;"DEMERVAL LOBAO";"Falta de Atenção à Condução";"Colisão traseira";"Com Vítimas Feridas";"Pleno dia";"Crescente";"Sol";"Simples";"Reta";"Não";3;0;1;0;2;0;1;3;"-5.33958796";"-42.69400899";"SR-PI";"DEL17/1";"UOP02/PI"
198531;2019-03-22;"6";"13:55:00";"GO";60;213;"VARJAO";"Falta de Atenção à Condução";"Colisão traseira";"Com Vítimas Feridas";"Pleno dia";"Decrescente";"Nublado";"Dupla";"Reta";"Não";3;0;1;0;2;0;1;2;"-16.9529";"-49.6924";"SR-GO";"DEL1/1";"UOP02/GO"
198532;2019-03-22;"6";"14:00:00";"RS";101;58,7;"MAQUINE";"Condutor Dormindo";"Saída de leito carroçável";"Com Vítimas Feridas";"Pleno dia";"Decrescente";"Nublado";"Dupla";"Curva";"Não";4;0;1;3;0;0;4;1;"-29.67181595";"-50.13928208";"SR-RS";"DEL9/3";"UOP01/RS"
198533;2019-03-22;"6";"12:53:00";"SC";101;116;"ITAJAI";"Não guardar distância de segurança";"Colisão lateral";"Com Vítimas Feridas";"Pleno dia";"Decrescente";"Nublado";"Múltipla";"Interseção de vias";"Não";3;0;1;0;2;0;1;2;"-26.87905605";"-48.72603512";"SR-SC";"DEL8/4";"UOP04/SC"
198535;2019-03-22;"6";"14:50:00";"PR";369;189;"ARAPONGAS";"Não guardar distância de segurança";"Colisão traseira";"Com Vítimas Feridas";"Pleno dia";"Crescente";"Céu Claro";"Dupla";"Reta";"Não";2;0;1;0;1;0;1;2;"-23.44063887";"-51.42263532";"SR-PR";"DEL7/7";"UOP03/PR"
198536;2019-03-22;"6";"13:00:00";"SC";101;42;"JOINVILLE";"Agressão Externa";"Saída de leito carroçável";"Com Vítimas Feridas";"Pleno dia";"Crescente";"Chuva";"Dupla";"Reta";"Não";2;0;1;1;0;0;2;1;"-26.29251598";"-48.88474385";"SR-SC";"DEL8/3";"UOP01/SC"
198537;2019-03-22;"6";"15:00:00";"MG";381;901;"CAMBUI";"Defeito Mecânico no Veículo";"Colisão com objeto estático";"Com Vítimas Feridas";"Pleno dia";"Decrescente";"Nublado";"Dupla";"Reta";"Não";1;0;1;0;0;0;1;1;"-22.66922696";"-46.09354146";"SR-MG";"DEL09";"UOP03/MG"
198538;2019-03-22;"6";"14:00:00";"MG";40;522,4;"CONTAGEM";"Avarias e/ou desgaste excessivo no pneu";"Tombamento";"Com Vítimas Feridas";"Pleno dia";"Decrescente";"Chuva";"Dupla";"Reta";"Sim";2;0;1;0;1;0;1;1;"-19.8638731";"-44.06749809";"SR-MG";"DEL4/1";"UOP03/MG"
198540;2019-03-22;"6";"14:40:00";"PB";101;3;"MATARACA";"Condutor Dormindo";"Colisão traseira";"Com Vítimas Feridas";"Pleno dia";"Crescente";"Céu Claro";"Dupla";"Reta";"Não";2;0;0;1;1;0;1;2;"-6.53182311";"-35.11546245";"SR-PB";"DEL14/1";"UOP03/PB"
198541;2019-03-22;"6";"11:40:00";"MS";163;223,7;"CAARAPO";"Não guardar distância de segurança";"Colisão traseira";"Com Vítimas Feridas";"Pleno dia";"Crescente";"Sol";"Simples";"Reta";"Não";3;0;1;0;1;1;1;2;"-22.51758799";"-54.86012799";"SR-MS";"DEL3/4";"UOP02/MS"
198542;2019-03-22;"6";"13:10:00";"SC";101;131,3;"BALNEARIO CAMBORIU";"Não guardar distância de segurança";"Colisão traseira";"Com Vítimas Feridas";"Pleno dia";"Decrescente";"Nublado";"Simples";"Reta";"Sim";2;0;1;0;1;0;1;2;"-26.99064209";"-48.66310912";"SR-SC";"DEL8/4";"UOP03/SC"
198543;2019-03-22;"6";"15:45:00";"DF";20;17;"BRASILIA";"Mal Súbito";"Saída de leito carroçável";"Com Vítimas Feridas";"Pleno dia";"Crescente";"Nublado";"Dupla";"Não Informado";"Não";1;0;1;0;0;0;1;1;"-15.621374";"-47.71698";"SR-DF";"DF";"UOP04/DF"
198544;2019-03-22;"6";"13:20:00";"PR";467;100,9;"CASCAVEL";"Velocidade Incompatível";"Tombamento";"Com Vítimas Feridas";"Pleno dia";"Decrescente";"Sol";"Dupla";"Curva";"Não";1;0;1;0;0;0;1;1;"-24.8947";"-53.5355";"SR-PR";"DEL7/4";"UOP06/PR"
198545;2019-03-22;"6";"12:10:00";"SC";101;24,2;"JOINVILLE";"Falta de Atenção à Condução";"Colisão traseira";"Com Vítimas Feridas";"Pleno dia";"Decrescente";"Chuva";"Dupla";"Reta";"Não";3;0;1;0;2;0;1;2;"-26.17483309";"-48.90767978";"SR-SC";"DEL8/3";"UOP01/SC"
198547;2019-03-22;"6";"14:50:00";"RJ";40;123;"DUQUE DE CAXIAS";"Defeito Mecânico no Veículo";"Incêndio";"Sem Vítimas";"Pleno dia";"Decrescente";"Nublado";"Múltipla";"Reta";"Sim";2;0;0;0;2;0;0;2;"-22.79907687";"-43.29015739";"SR-RJ";"DEL5/1";"UOP01/RJ"
198548;2019-03-22;"6";"15:45:00";"PE";101;78;"RECIFE";"Sinalização da via insuficiente ou inadequada";"Colisão transversal";"Com Vítimas Feridas";"Anoitecer";"Decrescente";"Céu Claro";"Simples";"Interseção de vias";"Sim";2;0;1;0;0;1;1;2;"-8.13496499";"-34.94738614";"SR-PE";"DEL11/1";"UOP01/PE"
198549;2019-03-22;"6";"11:10:00";"SC";282;29,1;"SANTO AMARO DA IMPERATRIZ";"Falta de Atenção à Condução";"Colisão transversal";"Com Vítimas Feridas";"Pleno dia";"Decrescente";"Nublado";"Simples";"Curva";"Não";2;0;0;1;1;0;1;2;"-27.679737";"-48.786785";"SR-SC";"DEL8/1";"UOP03/SC"
198550;2019-03-22;"6";"10:00:00";"SC";282;463;"PONTE SERRADA";"Falta de Atenção à Condução";"Colisão transversal";"Com Vítimas Feridas";"Pleno dia";"Crescente";"Céu Claro";"Simples";"Reta";"Sim";5;0;1;2;2;0;3;3;"-26.855036";"-52.059551";"SR-SC";"DEL7";"UOP05/SC"
198551;2019-03-22;"6";"14:30:00";"SC";282;257,9;"SAO JOSE DO CERRITO";"Desobediência às normas de trânsito pelo condutor";"Colisão lateral";"Sem Vítimas";"Pleno dia";"Crescente";"Nublado";"Simples";"Não Informado";"Não";2;0;0;0;2;0;0;2;"-27.664351";"-50.584618";"SR-SC";"DEL8/5";"UOP02/SC"
198552;2019-03-22;"6";"08:40:00";"MG";381;683,7;"RIBEIRAO VERMELHO";"Falta de Atenção à Condução";"Tombamento";"Sem Vítimas";"Pleno dia";"Decrescente";"Nublado";"Dupla";"Curva";"Não";1;0;0;0;1;0;0;1;"-21.15675804";"-45.11594157";"SR-MG";"DEL4/4";"UOP02/MG"
198553;2019-03-22;"6";"15:50:00";"PR";476;133;"CURITIBA";"Velocidade Incompatível";"Colisão traseira";"Sem Vítimas";"Pleno dia";"Decrescente";"Nublado";"Dupla";"Curva";"Sim";2;0;0;0;1;1;0;2;"-25.469219";"-49.254143";"SR-PR";"DEL7/1";"UOP03/PR"
198555;2019-03-22;"6";"16:25:00";"MG";40;516;"RIBEIRAO DAS NEVES";"Defeito Mecânico no Veículo";"Incêndio";"Sem Vítimas";"Pleno dia";"Crescente";"Chuva";"Dupla";"Reta";"Sim";1;0;0;0;1;0;0;1;"-19.81628624";"-44.08960124";"SR-MG";"DEL4/1";"UOP03/MG"
198556;2019-03-22;"6";"16:20:00";"BA";116;462,7;"SANTO ESTEVAO";"Desobediência às normas de trânsito pelo condutor";"Atropelamento de Pedestre";"Com Vítimas Feridas";"Pleno dia";"Crescente";"Nublado";"Dupla";"Reta";"Sim";5;0;0;1;3;1;1;1;"-12.45273335";"-39.25520794";"SR-BA";"DEL10/2";"UOP01/BA"
198557;2019-03-22;"6";"16:43:00";"PR";369;187;"ARAPONGAS";"Desobediência às normas de trânsito pelo condutor";"Colisão transversal";"Com Vítimas Feridas";"Pleno dia";"Decrescente";"Céu Claro";"Simples";"Reta";"Sim";2;0;1;0;1;0;1;2;"-23.42796886";"-51.52587891";"SR-PR";"DEL7/7";"UOP03/PR"
198558;2019-03-22;"6";"16:36:00";"DF";20;12;"BRASILIA";"Pista Escorregadia";"Colisão traseira";"Com Vítimas Feridas";"Pleno dia";"Crescente";"Chuva";"Dupla";"Reta";"Sim";2;0;1;0;1;0;1;2;"-15.642812";"-47.757786";"SR-DF";"DF";"UOP04/DF"
198559;2019-03-22;"6";"15:30:00";"BA";116;439,7;"FEIRA DE SANTANA";"Condutor Dormindo";"Saída de leito carroçável";"Sem Vítimas";"Pleno dia";"Crescente";"Nublado";"Dupla";"Curva";"Não";1;0;0;0;1;0;0;1;"-12.32191792";"-39.05070505";"SR-BA";"DEL10/2";"UOP01/BA"
198560;2019-03-22;"6";"16:40:00";"ES";101;174;"ARACRUZ";"Ingestão de Álcool";"Colisão com objeto estático";"Com Vítimas Feridas";"Plena Noite";"Decrescente";"Céu Claro";"Dupla";"Reta";"Não";2;0;1;0;1;0;1;1;"-19.58047007";"-40.18782185";"SR-ES";"DEL12/4";"UOP01/ES"
198561;2019-03-22;"6";"14:20:00";"MG";116;603,2;"SAO JOAO DO MANHUACU";"Falta de Atenção à Condução";"Colisão lateral";"Com Vítimas Feridas";"Pleno dia";"Decrescente";"Nublado";"Simples";"Curva";"Não";3;0;1;1;1;0;2;2;"-20.35289099";"-42.15247011";"SR-MG";"DEL4/6";"UOP04/MG"
198562;2019-03-22;"6";"17:15:00";"RS";285;416,2;"PANAMBI";"Desobediência às normas de trânsito pelo condutor";"Colisão traseira";"Com Vítimas Feridas";"Pleno dia";"Crescente";"Sol";"Simples";"Reta";"Sim";4;0;3;1;0;0;4;2;"-28.3472857";"-53.5202837";"SR-RS";"DEL9/10";"UOP01/RS"
198563;2019-03-22;"6";"16:30:00";"SC";116;4,5;"MAFRA";"Desobediência às normas de trânsito pelo condutor";"Colisão lateral";"Com Vítimas Feridas";"Pleno dia";"Crescente";"Nublado";"Simples";"Interseção de vias";"Sim";2;0;1;0;1;0;1;2;"-26.13964334";"-49.81314898";"SR-SC";"DEL8/6";"UOP01/SC"
198564;2019-03-22;"6";"17:20:00";"SC";101;214;"PALHOCA";"Pista Escorregadia";"Tombamento";"Com Vítimas Feridas";"Anoitecer";"Crescente";"Chuva";"Múltipla";"Reta";"Sim";1;0;0;1;0;0;1;1;"-27.64443";"-48.67057";"SR-SC";"DEL8/1";"UOP02/SC"