"id";"data_inversa";"dia_semana";"horario";"uf";"br";"km";"municipio";"causa_acidente";"tipo_acidente";"classificacao_acidente";"fase_dia";"sentido_via";"condicao_metereologica";"tipo_pista";"tracado_via";"uso_solo";"pessoas";"mortos";"feridos_leves";"feridos_graves";"ilesos";"ignorados";"feridos";"veiculos";"latitude";"longitude";"regional";"delegacia";"uop"
198754;2019-03-23;"7";"10:35:00";"PB";101;12,8;"MAMANGUAPE";"Velocidade Incompatível";"Saída de leito carroçável";"Com Vítimas Feridas";"Pleno dia";"Decrescente";"Chuva";"Dupla";"Curva";"Não";2;0;1;0;1;0;1;1;"-6.60488583";"-35.13985634";"SR-PB";"DEL14/1";"UOP03/PB"
198755;2019-03-23;"7";"11:15:00";"PI";343;347,6;"TERESINA";"Não guardar distância de segurança";"Engavetamento";"Com Vítimas Feridas";"Pleno dia";"Crescente";"Céu Claro";"Dupla";"Reta";"Sim";3;0;1;0;2;0;1;3;"-5.11624934";"-42.78151274";"SR-PI";"DEL17/1";"UOP01/PI"
198756;2019-03-23;"7";"11:20:00";"MG";40;478,5;"SETE LAGOAS";"Velocidade Incompatível";"Tombamento";"Com Vítimas Feridas";"Pleno dia";"Decrescente";"Céu Claro";"Dupla";"Retorno Regulamentado";"Não";2;0;2;0;0;0;2;1;"-19.52848686";"-44.25950083";"SR-MG";"DEL4/2";"UOP01/MG"
198757;2019-03-23;"7";"09:20:00";"PI";316;57;"MONSENHOR GIL";"Desobediência às normas de trânsito pelo condutor";"Colisão frontal";"Com Vítimas Feridas";"Pleno dia";"Crescente";"Céu Claro";"Simples";"Reta";"Sim";2;0;1;1;0;0;2;2;"-5.54844026";"-42.61484423";"SR-PI";"DEL17/1";"UOP02/PI"
198758;2019-03-23;"7";"11:00:00";"RJ";465;20;"NOVA IGUACU";"Falta de Atenção à Condução";"Colisão transversal";"Com Vítimas Feridas";"Pleno dia";"Crescente";"Céu Claro";"Simples";"Reta";"Sim";3;0;1;0;1;1;1;3;"-22.846828";"-43.605339";"SR-RJ";"DEL5/1";"UOP03/RJ"
198759;2019-03-23;"7";"12:40:00";"PE";424;80,5;"GARANHUNS";"Falta de Atenção à Condução";"Colisão traseira";"Com Vítimas Feridas";"Pleno dia";"Crescente";"Céu Claro";"Simples";"Reta";"Não";3;0;1;0;2;0;1;3;"-8.8305209";"-36.54673593";"SR-PE";"DEL11/3";"UOP01/PE"
198760;2019-03-23;"7";"12:35:00";"SC";280;28,8;"ARAQUARI";"Desobediência às normas de trânsito pelo condutor";"Colisão lateral";"Com Vítimas Feridas";"Pleno dia";"Decrescente";"Sol";"Simples";"Reta";"Não";3;0;2;0;1;0;2;2;"-26.40450077";"-48.74561031";"SR-SC";"DEL8/3";"UOP03/SC"
198761;2019-03-23;"7";"12:35:00";"SC";101;218,3;"PALHOCA";"Velocidade Incompatível";"Colisão traseira";"Sem Vítimas";"Pleno dia";"Crescente";"Céu Claro";"Múltipla";"Reta";"Sim";2;0;0;0;2;0;0;2;"-27.6758601";"-48.67052525";"SR-SC";"DEL8/1";"UOP02/SC"
198762;2019-03-23;"7";"12:50:00";"MG";40;525,2;"CONTAGEM";"Falta de Atenção à Condução";"Colisão traseira";"Com Vítimas Feridas";"Pleno dia";"Decrescente";"Nublado";"Dupla";"Reta";"Sim";2;0;1;0;1;0;1;2;"-19.88361702";"-44.05039336";"SR-MG";"DEL4/1";"UOP03/MG"
198763;2019-03-23;"7";"09:00:00";"SC";282;525,2;"XAXIM";"Velocidade Incompatível";"Colisão lateral";"Com Vítimas Feridas";"Pleno dia";"Crescente";"Céu Claro";"Simples";"Curva";"Não";3;0;1;0;1;1;1;2;"-26.965441";"-52.566383";"SR-SC";"DEL7";"UOP01/SC"
198764;2019-03-23;"7";"13:00:00";"SC";470;49;"BLUMENAU";"Falta de Atenção à Condução";"Colisão lateral";"Com Vítimas Feridas";"Pleno dia";"Crescente";"Céu Claro";"Simples";"Reta";"Não";2;0;1;0;1;0;1;2;"-26.860662";"-49.065159";"SR-SC";"DEL8/4";"UOP01/SC"
198765;2019-03-23;"7";"12:50:00";"SC";282;6;"SAO JOSE";"Velocidade Incompatível";"Tombamento";"Com Vítimas Feridas";"Pleno dia";"Crescente";"Céu Claro";"Simples";"Curva";"Não";2;0;2;0;0;0;2;1;"-27.591936";"-48.618244";"SR-SC";"DEL8/1";"UOP01/SC"
198766;2019-02-07;"5";"13:15:00";"MT";70;275;"PRIMAVERA DO LESTE";"Falta de Atenção à Condução";"Saída de leito carroçável";"Com Vítimas Feridas";"Pleno dia";"Decrescente";"Ignorado";"Simples";"Reta";"Sim";1;0;1;0;0;0;1;1;"-15.54957476";"-54.25390412";"SR-MT";"DEL2/5";"UOP01/MT"
198767;2019-03-23;"7";"10:40:00";"CE";222;40;"CAUCAIA";"Defeito Mecânico no Veículo";"Queda de ocupante de veículo";"Com Vítimas Feridas";"Pleno dia";"Crescente";"Chuva";"Simples";"Reta";"Não";1;0;1;0;0;0;1;1;"-3.68690023";"-38.90730706";"SR-CE";"DEL16/1";"UOP03/CE"
198768;2019-03-23;"7";"13:00:00";"MG";116;607,9;"MANHUACU";"Velocidade Incompatível";"Colisão traseira";"Com Vítimas Feridas";"Pleno dia";"Decrescente";"Chuva";"Simples";"Reta";"Não";2;0;1;0;1;0;1;2;"-20.38752606";"-42.14687854";"SR-MG";"DEL4/7";"UOP03/MG"
198769;2019-03-23;"7";"12:40:00";"GO";40;1,8;"VALPARAISO DE GOIAS";"Ingestão de Álcool";"Colisão traseira";"Sem Vítimas";"Pleno dia";"Crescente";"Nublado";"Dupla";"Reta";"Não";2;0;0;0;2;0;0;2;"-16.058245";"-47.982825";"SR-DF";"GO";"UOP01/DF"
198770;2019-03-23;"7";"12:15:00";"MT";364;331;"SANTO ANTONIO DO LEVERGER";"Falta de Atenção à Condução";"Saída de leito carroçável";"Com Vítimas Feridas";"Pleno dia";"Decrescente";"Sol";"Dupla";"Não Informado";"Não";1;0;1;0;0;0;1;1;"-15.822813";"-55.419647";"SR-MT";"DEL2/1";"UOP02/MT"
198772;2019-03-23;"7";"11:40:00";"PR";277;296,2;"PRUDENTOPOLIS";"Desobediência às normas de trânsito pelo condutor";"Colisão transversal";"Sem Vítimas";"Pleno dia";"Decrescente";"Céu Claro";"Simples";"Reta";"Não";2;0;0;0;1;1;0;2;"-25.31539475";"-51.05956598";"SR-PR";"DEL7/3";"UOP04/PR"
198774;2019-03-23;"7";"11:40:00";"MG";381;704,4;"LAVRAS";"Velocidade Incompatível";"Tombamento";"Sem Vítimas";"Pleno dia";"Decrescente";"Céu Claro";"Dupla";"Curva";"Não";1;0;0;0;1;0;0;1;"-21.34177704";"-45.17643719";"SR-MG";"DEL4/4";"UOP02/MG"
198776;2019-03-23;"7";"14:40:00";"GO";60;91,9;"ANAPOLIS";"Falta de Atenção à Condução";"Colisão transversal";"Com Vítimas Feridas";"Pleno dia";"Crescente";"Céu Claro";"Dupla";"Retorno Regulamentado";"Sim";4;0;1;0;3;0;1;2;"-16.3491";"-48.9095";"SR-GO";"DEL1/2";"UOP01/GO"
198777;2019-03-23;"7";"14:00:00";"MG";50;77;"UBERLANDIA";"Ingestão de Álcool";"Colisão com objeto estático";"Sem Vítimas";"Pleno dia";"Crescente";"Céu Claro";"Dupla";"Viaduto";"Sim";1;0;0;0;1;0;0;1;"-18.93743954";"-48.21971482";"SR-MG";"DEL4/15";"UOP01/MG"
198778;2019-03-23;"7";"09:50:00";"SC";282;6;"SAO JOSE";"Falta de Atenção à Condução";"Tombamento";"Com Vítimas Feridas";"Pleno dia";"Crescente";"Céu Claro";"Múltipla";"Curva";"Sim";1;0;1;0;0;0;1;1;"-27.591936";"-48.618244";"SR-SC";"DEL8/1";"UOP01/SC"
198779;2019-03-23;"7";"14:50:00";"PR";277;71;"SAO JOSE DOS PINHAIS";"Falta de Atenção à Condução";"Colisão traseira";"Com Vítimas Feridas";"Pleno dia";"Crescente";"Céu Claro";"Dupla";"Reta";"Não";3;0;1;0;2;0;1;2;"-25.52920381";"-49.08862791";"SR-PR";"DEL7/1";"UOP06/PR"
198780;2019-03-23;"7";"13:35:00";"PR";277;462;"LARANJEIRAS DO SUL";"Falta de Atenção à Condução";"Colisão lateral";"Com Vítimas Feridas";"Pleno dia";"Crescente";"Céu Claro";"Simples";"Curva";"Não";2;0;1;0;1;0;1;2;"-25.36758126";"-52.45452903";"SR-PR";"DEL7/4";"UOP03/PR"
198781;2019-03-23;"7";"14:10:00";"MG";381;416;"NOVA UNIAO";"Falta de Atenção à Condução";"Colisão transversal";"Com Vítimas Feridas";"Pleno dia";"Decrescente";"Céu Claro";"Simples";"Interseção de vias";"Sim";5;0;4;1;0;0;5;2;"-19.72420655";"-43.58355224";"SR-MG";"DEL4/1";"UOP01/MG"
198782;2019-03-23;"7";"12:00:00";"MA";230;406;"BALSAS";"Falta de Atenção à Condução";"Colisão transversal";"Com Vítimas Feridas";"Pleno dia";"Decrescente";"Céu Claro";"Simples";"Reta";"Sim";3;0;1;1;1;0;2;2;"-7.51971965";"-46.05845601";"SR-MA";"DEL18/5";"UOP01/MA"
198783;2019-03-23;"7";"15:20:00";"MT";70;6;"BARRA DO GARCAS";"Falta de Atenção à Condução";"Colisão transversal";"Com Vítimas Feridas";"Pleno dia";"Decrescente";"Sol";"Dupla";"Desvio Temporário";"Sim";3;0;3;0;0;0;3;2;"-15.878268";"-52.306705";"SR-MT";"DEL2/8";"UOP01/MT"
198784;2019-03-23;"7";"13:55:00";"RJ";101;304,5;"SAO GONCALO";"Falta de Atenção à Condução";"Capotamento";"Com Vítimas Feridas";"Pleno dia";"Crescente";"Nublado";"Dupla";"Reta";"Não";1;0;1;0;0;0;1;1;"-22.78491869";"-42.98627706";"SR-RJ";"DEL5/2";"UOP02/RJ"
198785;2019-03-23;"7";"15:00:00";"GO";20;2;"FORMOSA";"Defeito na Via";"Colisão traseira";"Sem Vítimas";"Pleno dia";"Crescente";"Chuva";"Simples";"Reta";"Sim";2;0;0;0;2;0;0;2;"-15.57089265";"-47.32446671";"SR-DF";"GO";"UOP04/DF"
198786;2019-03-23;"7";"15:20:00";"RS";386;435,5;"NOVA SANTA RITA";"Desobediência às normas de trânsito pelo condutor";"Colisão transversal";"Sem Vítimas";"Pleno dia";"Crescente";"Céu Claro";"Dupla";"Reta";"Sim";3;0;0;0;2;1;0;2;"-29.846369";"-51.275738";"SR-RS";"DEL9/4";"UOP02/RS"
198787;2019-03-23;"7";"15:10:00";"PR";277;594,9;"CASCAVEL";"Desobediência às normas de trânsito pelo condutor";"Colisão transversal";"Com Vítimas Fatais";"Pleno dia";"Decrescente";"Céu Claro";"Simples";"Curva";"Sim";5;1;1;1;1;1;2;2;"-24.980399";"-53.500067";"SR-PR";"DEL7/4";"UOP01/PR"
198788;2019-03-23;"7";"15:00:00";"RJ";116;127;"MAGE";"Falta de Atenção à Condução";"Colisão lateral";"Com Vítimas Feridas";"Pleno dia";"Crescente";"Céu Claro";"Dupla";"Reta";"Não";3;0;1;0;2;0;1;2;"-22.65725934";"-43.13296105";"SR-RJ";"DEL5/4";"UOP02/RJ"
198789;2019-03-23;"7";"15:30:00";"PR";277;474,4;"NOVA LARANJEIRAS";"Velocidade Incompatível";"Colisão frontal";"Com Vítimas Fatais";"Pleno dia";"Decrescente";"Céu Claro";"Simples";"Não Informado";"Não";3;1;1;1;0;0;2;2;"-25.30013295";"-52.55812168";"SR-PR";"DEL7/4";"UOP03/PR"
198790;2019-03-23;"7";"14:20:00";"BA";324;525;"FEIRA DE SANTANA";"Desobediência às normas de trânsito pelo condutor";"Saída de leito carroçável";"Com Vítimas Feridas";"Pleno dia";"Decrescente";"Céu Claro";"Dupla";"Reta";"Não";2;0;0;1;1;0;1;2;"-12.30106981";"-38.8977869";"SR-BA";"DEL10/1";"UOP01/BA"
198791;2019-03-23;"7";"15:05:00";"PR";277;131,1;"BALSA NOVA";"Desobediência às normas de trânsito pelo condutor";"Colisão com objeto estático";"Com Vítimas Feridas";"Pleno dia";"Crescente";"Céu Claro";"Dupla";"Reta";"Não";1;0;0;1;0;0;1;1;"-25.46322431";"-49.6495986";"SR-PR";"DEL7/1";"UOP05/PR"
198792;2019-03-23;"7";"04:50:00";"PA";316;31;"SANTA IZABEL DO PARA";"Pista Escorregadia";"Tombamento";"Sem Vítimas";"Amanhecer";"Decrescente";"Chuva";"Dupla";"Reta";"Não";1;0;0;0;1;0;0;1;"-1.3025866";"-48.1965672";"SR-PA";"DEL19/1";"UOP01/PA"
198793;2019-03-23;"7";"13:45:00";"RJ";495;2;"PETROPOLIS";"Falta de Atenção à Condução";"Colisão transversal";"Com Vítimas Feridas";"Pleno dia";"Crescente";"Céu Claro";"Simples";"Curva";"Sim";2;0;1;0;1;0;1;2;"-22.397038";"-42.984928";"SR-RJ";"DEL5/6";"UOP01/RJ"
198794;2019-03-23;"7";"15:45:00";"SC";101;127;"ITAJAI";"Defeito Mecânico no Veículo";"Tombamento";"Com Vítimas Feridas";"Pleno dia";"Crescente";"Céu Claro";"Dupla";"Curva";"Não";2;0;1;1;0;0;2;1;"-26.9639319";"-48.68328024";"SR-SC";"DEL8/4";"UOP04/SC"
198795;2019-03-23;"7";"14:00:00";"AP";210;4;"MACAPA";"Mal Súbito";"Colisão lateral";"Com Vítimas Feridas";"Pleno dia";"Decrescente";"Céu Claro";"Dupla";"Reta";"Sim";3;0;1;0;2;0;1;2;"0.08824228";"-51.09472897";"SR-AP";"UOP01/AP";""
198796;2019-03-23;"7";"15:35:00";"MA";316;264,1;"SANTA INES";"Falta de Atenção à Condução";"Colisão transversal";"Com Vítimas Feridas";"Pleno dia";"Decrescente";"Sol";"Simples";"Reta";"Sim";2;0;0;1;1;0;1;2;"-3.673308";"-45.362946";"SR-MA";"DEL18/2";"UOP02/MA"
198797;2019-03-23;"7";"14:00:00";"MG";40;717,6;"BARBACENA";"Falta de Atenção à Condução";"Colisão lateral";"Sem Vítimas";"Pleno dia";"Decrescente";"Céu Claro";"Dupla";"Curva";"Não";2;0;0;0;2;0;0;2;"-21.26034802";"-43.66189055";"SR-MG";"DEL5";"UOP01/MG"
198798;2019-02-15;"6";"17:10:00";"GO";364;212,9;"JATAI";"Desobediência às normas de trânsito pelo condutor";"Colisão com objeto estático";"Com Vítimas Fatais";"Pleno dia";"Crescente";"Nublado";"Simples";"Não Informado";"Não";3;2;0;0;1;0;0;2;"-17.887983";"-51.858814";"SR-GO";"DEL1/5";"UOP01/GO"
198799;2019-03-23;"7";"16:15:00";"SP";381;77;"SAO PAULO";"Falta de Atenção à Condução";"Colisão traseira";"Com Vítimas Feridas";"Pleno dia";"Crescente";"Céu Claro";"Dupla";"Reta";"Não";2;0;1;0;1;0;1;2;"-23.39682749";"-46.57433867";"SR-SP";"DEL6/3";"UOP02/SP"
198800;2019-03-23;"7";"16:20:00";"PE";101;50,6;"ABREU E LIMA";"Falta de Atenção à Condução";"Colisão lateral";"Com Vítimas Feridas";"Pleno dia";"Crescente";"Céu Claro";"Múltipla";"Reta";"Sim";2;0;1;0;1;0;1;2;"-7.91433489";"-34.89909237";"SR-PE";"DEL11/1";"UOP02/PE"
198801;2019-03-23;"7";"14:10:00";"SC";470;86,7;"RODEIO";"Falta de Atenção à Condução";"Tombamento";"Com Vítimas Feridas";"Pleno dia";"Decrescente";"Sol";"Simples";"Reta";"Não";1;0;1;0;0;0;1;1;"-26.949951";"-49.357296";"SR-SC";"DEL8/4";"UOP01/SC"
198802;2019-03-23;"7";"16:20:00";"PA";316;21;"BENEVIDES";"Desobediência às normas de trânsito pelo condutor";"Colisão transversal";"Sem Vítimas";"Pleno dia";"Crescente";"Céu Claro";"Dupla";"Interseção de vias";"Sim";3;0;0;0;3;0;0;2;"-1.34599732";"-48.25152822";"SR-PA";"DEL19/1";"UOP01/PA"
198803;2019-03-23;"7";"16:15:00";"RS";386;376,7;"TAQUARI";"Velocidade Incompatível";"Tombamento";"Sem Vítimas";"Pleno dia";"Decrescente";"Céu Claro";"Dupla";"Curva";"Não";1;0;0;0;1;0;0;1;"-29.620808";"-51.777538";"SR-RS";"DEL9/4";"UOP02/RS"
198804;2019-03-23;"7";"16:30:00";"MG";381;492;"BETIM";"Defeito Mecânico no Veículo";"Colisão traseira";"Com Vítimas Feridas";"Pleno dia";"Crescente";"Céu Claro";"Simples";"Reta";"Sim";3;0;2;0;1;0;2;2;"-19.97490091";"-44.19004301";"SR-MG";"DEL4/1";"UOP03/MG"
198805;2019-03-23;"7";"16:05:00";"SC";101;129,6;"BALNEARIO CAMBORIU";"Falta de Atenção à Condução";"Tombamento";"Com Vítimas Feridas";"Pleno dia";"Decrescente";"Céu Claro";"Dupla";"Reta";"Sim";2;0;2;0;0;0;2;1;"-26.98064277";"-48.6790679";"SR-SC";"DEL8/4";"UOP03/SC"
198806;2019-03-23;"7";"16:30:00";"PB";230;90,6;"GURINHEM";"Desobediência às normas de trânsito pelo condutor";"Queda de ocupante de veículo";"Com Vítimas Feridas";"Pleno dia";"Crescente";"Céu Claro";"Dupla";"Reta";"Sim";1;0;0;1;0;0;1;1;"-7.173";"-35.3934";"SR-PB";"DEL14/1";"UOP02/PB"
198807;2019-03-23;"7";"17:05:00";"PR";376;4,2;"MANDAGUARI";"Desobediência às normas de trânsito pelo condutor";"Colisão transversal";"Com Vítimas Feridas";"Pleno dia";"Crescente";"Sol";"Simples";"Reta";"Sim";3;0;2;0;1;0;2;2;"-23.518573";"-51.680974";"SR-PR";"DEL7/7";"UOP03/PR"
198808;2019-03-23;"7";"16:30:00";"PR";476;171,1;"CONTENDA";"Velocidade Incompatível";"Colisão traseira";"Com Vítimas Feridas";"Pleno dia";"Decrescente";"Céu Claro";"Dupla";"Curva";"Sim";3;0;2;0;1;0;2;2;"-25.672495";"-49.510612";"SR-PR";"DEL7/1";"UOP03/PR"
198809;2019-03-22;"6";"13:00:00";"BA";116;650,2;"JEQUIE";"Ultrapassagem Indevida";"Capotamento";"Com Vítimas Feridas";"Pleno dia";"Crescente";"Céu Claro";"Simples";"Reta";"Não";2;0;2;0;0;0;2;1;"-13.61074294";"-40.09094936";"SR-BA";"DEL10/3";"UOP01/BA"
198810;2019-03-23;"7";"16:50:00";"MG";381;931,2;"EXTREMA";"Falta de Atenção à Condução";"Colisão com objeto estático";"Com Vítimas Feridas";"Pleno dia";"Decrescente";"Céu Claro";"Dupla";"Curva";"Sim";2;0;1;0;1;0;1;1;"-22.8076393";"-46.27636971";"SR-MG";"DEL09";"UOP03/MG"
198811;2019-03-23;"7";"10:10:00";"RO";435;123;"CEREJEIRAS";"Desobediência às normas de trânsito pelo condutor";"Colisão lateral";"Com Vítimas Feridas";"Pleno dia";"Crescente";"Céu Claro";"Dupla";"Reta";"Sim";2;0;1;0;1;0;1;2;"-13.18889171";"-60.808424";"SR-RO";"DEL21/4";"UOP02/RO"
198812;2019-03-23;"7";"17:35:00";"SC";470;71,1;"INDAIAL";"Falta de Atenção à Condução";"Colisão traseira";"Sem Vítimas";"Pleno dia";"Crescente";"Céu Claro";"Simples";"Reta";"Não";2;0;0;0;1;1;0;2;"-26.895243";"-49.262104";"SR-SC";"DEL8/4";"UOP01/SC"
198813;2019-03-23;"7";"17:00:00";"PR";376;595,5;"CURITIBA";"Falta de Atenção do Pedestre";"Atropelamento de Pedestre";"Com Vítimas Feridas";"Pleno dia";"Decrescente";"Céu Claro";"Dupla";"Reta";"Não";2;0;1;0;1;0;1;1;"-25.49317991";"-49.34370776";"SR-PR";"DEL7/1";"UOP04/PR"
198814;2019-03-23;"7";"17:15:00";"MG";459;90,9;"CONGONHAL";"Ingestão de Álcool";"Colisão frontal";"Com Vítimas Fatais";"Pleno dia";"Decrescente";"Nublado";"Simples";"Curva";"Não";6;3;1;1;0;1;2;2;"-22.179953";"-45.994399";"SR-MG";"DEL13";"UOP01/MG"
198815;2019-03-23;"7";"13:30:00";"GO";60;379;"RIO VERDE";"Defeito Mecânico no Veículo";"Danos eventuais";"Sem Vítimas";"Pleno dia";"Crescente";"Céu Claro";"Dupla";"Reta";"Não";1;0;0;0;0;1;0;1;"-17.7564";"-50.8793";"SR-GO";"DEL1/4";"UOP01/GO"
198816;2019-03-23;"7";"17:00:00";"PR";116;163;"QUITANDINHA";"Restrição de Visibilidade";"Capotamento";"Com Vítimas Feridas";"Pleno dia";"Crescente";"Sol";"Simples";"Reta";"Não";5;0;2;1;2;0;3;1;"-25.86442035";"-49.41795105";"SR-PR";"DEL7/1";"UOP03/PR"
198818;2019-03-23;"7";"18:20:00";"PE";232;119,1;"CARUARU";"Ingestão de Álcool";"Colisão lateral";"Com Vítimas Feridas";"Plena Noite";"Crescente";"Nublado";"Dupla";"Reta";"Não";2;0;1;1;0;0;2;2;"-8.2962792";"-35.89314995";"SR-PE";"DEL11/2";"UOP02/PE"
198819;2019-03-23;"7";"15:35:00";"MA";10;157,3;"PORTO FRANCO";"Desobediência às normas de trânsito pelo condutor";"Colisão traseira";"Com Vítimas Feridas";"Pleno dia";"Crescente";"Céu Claro";"Simples";"Reta";"Não";2;0;1;0;1;0;1;2;"-6.34733";"-47.374878";"SR-MA";"DEL18/4";"UOP02/MA"
198821;2019-03-23;"7";"17:40:00";"SP";116;220;"GUARULHOS";"Condutor Dormindo";"Colisão traseira";"Com Vítimas Feridas";"Anoitecer";"Decrescente";"Céu Claro";"Múltipla";"Reta";"Sim";4;0;2;0;2;0;2;3;"-23.46472809";"-46.49793962";"SR-SP";"DEL6/1";"UOP01/SP"
198822;2019-03-23;"7";"17:20:00";"MS";60;384,4;"CAMPO GRANDE";"Condutor Dormindo";"Saída de leito carroçável";"Com Vítimas Feridas";"Anoitecer";"Crescente";"Céu Claro";"Simples";"Reta";"Não";2;0;2;0;0;0;2;1;"-20.66100305";"-54.7554875";"SR-MS";"DEL3/1";"UOP04/MS"
198823;2019-03-23;"7";"16:40:00";"MA";135;5,6;"SAO LUIS";"Falta de Atenção à Condução";"Colisão lateral";"Sem Vítimas";"Pleno dia";"Crescente";"Chuva";"Dupla";"Reta";"Sim";3;0;0;0;3;0;0;3;"-2.62145385";"-44.25797421";"SR-MA";"DEL18/1";"UOP01/MA"
198824;2019-03-23;"7";"17:15:00";"GO";60;4,5;"SANTO ANTONIO DO DESCOBERTO";"Falta de Atenção à Condução";"Saída de leito carroçável";"Com Vítimas Fatais";"Pleno dia";"Crescente";"Nublado";"Dupla";"Curva";"Não";1;1;0;0;0;0;0;1;"-16.09200071";"-48.27976227";"SR-DF";"GO";"UOP03/DF"
198825;2019-03-23;"7";"18:41:00";"DF";60;8,6;"BRASILIA";"Defeito Mecânico no Veículo";"Saída de leito carroçável";"Com Vítimas Feridas";"Anoitecer";"Crescente";"Nublado";"Dupla";"Reta";"Não";3;0;2;1;0;0;3;1;"-15.90324";"-48.130695";"SR-DF";"DF";"UOP03/DF"
198826;2019-03-23;"7";"18:10:00";"CE";20;335,5;"CARIDADE";"Desobediência às normas de trânsito pelo condutor";"Colisão transversal";"Sem Vítimas";"Anoitecer";"Crescente";"Céu Claro";"Simples";"Rotatória";"Não";3;0;0;0;2;1;0;2;"-4.16571325";"-39.15249153";"SR-CE";"DEL16/2";"UOP01/CE"
198827;2019-03-23;"7";"18:20:00";"AL";316;82,1;"SANTANA DO IPANEMA";"Restrição de Visibilidade";"Colisão traseira";"Com Vítimas Feridas";"Anoitecer";"Crescente";"Chuva";"Simples";"Curva";"Não";4;0;3;1;0;0;4;2;"-9.36141079";"-37.2685338";"SR-AL";"DEL13/3";"UOP02/AL"
198828;2019-03-23;"7";"17:55:00";"RJ";116;255,4;"PIRAI";"Falta de Atenção à Condução";"Queda de ocupante de veículo";"Com Vítimas Feridas";"Anoitecer";"Crescente";"Nublado";"Dupla";"Não Informado";"Não";2;0;0;2;0;0;2;1;"-22.58171235";"-43.99533787";"SR-RJ";"DEL5/7";"UOP02/RJ"
198829;2019-03-23;"7";"17:05:00";"RO";364;209;"PIMENTA BUENO";"Pista Escorregadia";"Colisão frontal";"Com Vítimas Feridas";"Pleno dia";"Crescente";"Garoa/Chuvisco";"Simples";"Reta";"Não";2;0;2;0;0;0;2;2;"-11.59383384";"-61.24554291";"SR-RO";"DEL21/2";"UOP02/RO"
198830;2019-03-23;"7";"18:00:00";"PR";277;115,8;"CAMPO LARGO";"Desobediência às normas de trânsito pelo condutor";"Colisão transversal";"Sem Vítimas";"Pleno dia";"Decrescente";"Céu Claro";"Simples";"Interseção de vias";"Sim";2;0;0;0;1;1;0;2;"-25.45035344";"-49.52210406";"SR-PR";"DEL7/1";"UOP05/PR"
198831;2019-03-23;"7";"16:55:00";"PA";230;618;"VITORIA DO XINGU";"Não guardar distância de segurança";"Colisão traseira";"Com Vítimas Feridas";"Pleno dia";"Crescente";"Nublado";"Simples";"Reta";"Sim";3;0;2;0;1;0;2;2;"-3.17076331";"-52.05155899";"SR-PA";"DEL19/4";"UOP01/PA"
198832;2019-03-23;"7";"17:45:00";"SC";101;369,4;"ICARA";"Falta de Atenção à Condução";"Saída de leito carroçável";"Com Vítimas Feridas";"Pleno dia";"Crescente";"Céu Claro";"Dupla";"Reta";"Sim";3;0;2;0;1;0;2;1;"-28.69775604";"-49.182934";"SR-SC";"DEL8/2";"UOP01/SC"
198833;2019-03-23;"7";"18:10:00";"RS";386;352,9;"ESTRELA";"Não guardar distância de segurança";"Saída de leito carroçável";"Com Vítimas Feridas";"Pleno dia";"Decrescente";"Céu Claro";"Dupla";"Curva";"Não";2;0;1;0;1;0;1;2;"-29.491436";"-51.95174";"SR-RS";"DEL9/4";"UOP01/RS"
198834;2019-03-23;"7";"19:15:00";"PR";376;602;"CURITIBA";"Restrição de Visibilidade";"Atropelamento de Pedestre";"Com Vítimas Feridas";"Plena Noite";"Decrescente";"Céu Claro";"Dupla";"Reta";"Sim";2;0;0;1;1;0;1;1;"-25.54329052";"-49.30719981";"SR-PR";"DEL7/1";"UOP03/PR"
198835;2019-03-23;"7";"13:45:00";"SC";282;503,1;"XANXERE";"Velocidade Incompatível";"Colisão lateral";"Com Vítimas Feridas";"Pleno dia";"Decrescente";"Sol";"Dupla";"Curva";"Sim";3;0;0;1;1;1;1;3;"-26.88576081";"-52.39802599";"SR-SC";"DEL7";"UOP01/SC"
198836;2019-03-23;"7";"18:00:00";"MS";163;257,9;"DOURADOS";"Ingestão de Álcool";"Colisão traseira";"Com Vítimas Feridas";"Plena Noite";"Decrescente";"Céu Claro";"Dupla";"Não Informado";"Sim";3;0;3;0;0;0;3;2;"-22.25888398";"-54.793819";"SR-MS";"DEL3/4";"UOP01/MS"
198838;2019-03-23;"7";"16:25:00";"SC";101;122;"ITAJAI";"Falta de Atenção à Condução";"Tombamento";"Com Vítimas Feridas";"Pleno dia";"Decrescente";"Céu Claro";"Dupla";"Reta";"Não";1;0;0;1;0;0;1;1;"-26.92955916";"-48.70499836";"SR-SC";"DEL8/4";"UOP04/SC"
198839;2019-03-23;"7";"18:35:00";"ES";101;146;"LINHARES";"Falta de Atenção à Condução";"Queda de ocupante de veículo";"Com Vítimas Feridas";"Plena Noite";"Decrescente";"Chuva";"Múltipla";"Reta";"Sim";1;0;0;1;0;0;1;1;"-19.36990998";"-40.06560718";"SR-ES";"DEL12/4";"UOP01/ES"
198840;2019-03-23;"7";"17:20:00";"SC";470;175;"POUSO REDONDO";"Mal Súbito";"Tombamento";"Com Vítimas Feridas";"Pleno dia";"Decrescente";"Céu Claro";"Simples";"Reta";"Não";1;0;1;0;0;0;1;1;"-27.25617";"-49.938969";"SR-SC";"DEL8/4";"UOP02/SC"