"id";"data_inversa";"dia_semana";"horario";"uf";"br";"km";"municipio";"causa_acidente";"tipo_acidente";"classificacao_acidente";"fase_dia";"sentido_via";"condicao_metereologica";"tipo_pista";"tracado_via";"uso_solo";"pessoas";"mortos";"feridos_leves";"feridos_graves";"ilesos";"ignorados";"feridos";"veiculos";"latitude";"longitude";"regional";"delegacia";"uop"
198842;2019-03-23;"7";"18:25:00";"PA";316;273,5;"CACHOEIRA DO PIRIA";"Ultrapassagem Indevida";"Colisão frontal";"Com Vítimas Fatais";"Anoitecer";"Crescente";"Nublado";"Simples";"Desvio Temporário";"Sim";7;1;1;1;4;0;2;2;"-1.80614105";"-46.32470697";"SR-PA";"DEL19/1";"UOP05/PA"
198843;2019-03-23;"7";"18:30:00";"PB";230;330,5;"PATOS";"Ingestão de Álcool";"Colisão frontal";"Com Vítimas Feridas";"Plena Noite";"Crescente";"Nublado";"Simples";"Desvio Temporário";"Não";2;0;1;0;1;0;1;2;"-7.0173";"-37.2249";"SR-PB";"DEL14/3";"UOP01/PB"
198845;2019-03-23;"7";"19:30:00";"PR";158;506;"CORONEL VIVIDA";"Ingestão de Álcool";"Saída de leito carroçável";"Com Vítimas Feridas";"Plena Noite";"Crescente";"Céu Claro";"Simples";"Curva";"Não";1;0;0;1;0;0;1;1;"-26.01525192";"-52.57019203";"SR-PR";"DEL7/2";"UOP01/PR"
198846;2019-03-23;"7";"19:40:00";"SC";280;55;"GUARAMIRIM";"Falta de Atenção à Condução";"Colisão transversal";"Com Vítimas Feridas";"Plena Noite";"Decrescente";"Céu Claro";"Simples";"Reta";"Sim";3;0;1;0;2;0;1;2;"-26.47584353";"-48.9937858";"SR-SC";"DEL8/3";"UOP03/SC"
198848;2019-03-23;"7";"19:30:00";"MG";40;485;"SETE LAGOAS";"Desobediência às normas de trânsito pelo condutor";"Colisão transversal";"Com Vítimas Feridas";"Plena Noite";"Crescente";"Céu Claro";"Dupla";"Reta";"Sim";2;0;0;1;1;0;1;2;"-19.58183697";"-44.22853982";"SR-MG";"DEL4/2";"UOP01/MG"
198849;2019-03-23;"7";"19:30:00";"RJ";116;246,4;"PIRAI";"Falta de Atenção do Pedestre";"Atropelamento de Pedestre";"Com Vítimas Fatais";"Plena Noite";"Crescente";"Nublado";"Dupla";"Reta";"Sim";2;1;0;0;0;1;0;1;"-22.61426907";"-43.93189964";"SR-RJ";"DEL5/7";"UOP01/RJ"
198850;2019-03-23;"7";"19:15:00";"PR";373;176,6;"PONTA GROSSA";"Ingestão de álcool e/ou substâncias psicoativas pelo pedestre";"Atropelamento de Pedestre";"Com Vítimas Feridas";"Plena Noite";"Decrescente";"Céu Claro";"Dupla";"Reta";"Sim";2;0;1;1;0;0;2;1;"-25.06082803";"-50.21845202";"SR-PR";"DEL7/3";"UOP01/PR"
198851;2019-03-23;"7";"19:30:00";"SC";101;208,1;"SAO JOSE";"Desobediência às normas de trânsito pelo condutor";"Tombamento";"Com Vítimas Feridas";"Plena Noite";"Decrescente";"Céu Claro";"Simples";"Reta";"Sim";1;0;1;0;0;0;1;1;"-27.59193546";"-48.61824557";"SR-SC";"DEL8/1";"UOP01/SC"
198852;2019-03-23;"7";"16:30:00";"RN";405;77,1;"APODI";"Desobediência às normas de trânsito pelo condutor";"Colisão transversal";"Com Vítimas Feridas";"Pleno dia";"Crescente";"Ignorado";"Dupla";"Reta";"Não";2;0;0;1;1;0;1;2;"-5.66178802";"-37.79895858";"SR-RN";"DEL15/4";"UOP02/RN"
198853;2019-03-23;"7";"19:50:00";"MG";251;451,3;"GRAO MOGOL";"Desobediência às normas de trânsito pelo condutor";"Colisão frontal";"Com Vítimas Feridas";"Plena Noite";"Decrescente";"Nublado";"Simples";"Não Informado";"Não";4;0;2;0;2;0;2;2;"-16.41900232";"-43.30798792";"SR-MG";"DEL4/12";"UOP01/MG"
198854;2019-03-23;"7";"19:15:00";"PR";116;100;"SAO JOSE DOS PINHAIS";"Não guardar distância de segurança";"Colisão traseira";"Com Vítimas Feridas";"Plena Noite";"Crescente";"Nublado";"Dupla";"Não Informado";"Não";3;0;0;1;2;0;1;2;"-25.53379421";"-49.14663578";"SR-PR";"DEL7/1";"UOP06/PR"
198855;2019-03-23;"7";"13:20:00";"SP";116;544;"BARRA DO TURVO";"Velocidade Incompatível";"Queda de ocupante de veículo";"Com Vítimas Feridas";"Pleno dia";"Decrescente";"Céu Claro";"Dupla";"Curva";"Não";1;0;1;0;0;0;1;1;"-24.9642727";"-48.42533112";"SR-SP";"DEL6/5";"UOP03/SP"
198856;2019-03-23;"7";"20:30:00";"PI";316;314,4;"PICOS";"Desobediência às normas de trânsito pelo condutor";"Colisão lateral";"Com Vítimas Feridas";"Plena Noite";"Decrescente";"Nublado";"Simples";"Reta";"Sim";2;0;1;0;1;0;1;2;"-7.0776992";"-41.44117384";"SR-PI";"DEL17/4";"UOP01/PI"
198857;2019-03-23;"7";"18:00:00";"PA";155;299;"MARABA";"Ingestão de Álcool";"Tombamento";"Com Vítimas Feridas";"Anoitecer";"Crescente";"Nublado";"Simples";"Reta";"Não";1;0;0;1;0;0;1;1;"-5.74066199";"-49.14781304";"SR-PA";"DEL19/3";"UOP01/PA"
198858;2019-03-23;"7";"21:00:00";"SC";470;68;"INDAIAL";"Falta de Atenção à Condução";"Queda de ocupante de veículo";"Com Vítimas Feridas";"Plena Noite";"Decrescente";"Nublado";"Simples";"Rotatória";"Sim";1;0;1;0;0;0;1;1;"-26.877615";"-49.239231";"SR-SC";"DEL8/4";"UOP01/SC"
198859;2019-03-23;"7";"20:25:00";"SC";101;209,3;"SAO JOSE";"Velocidade Incompatível";"Colisão lateral";"Com Vítimas Fatais";"Plena Noite";"Crescente";"Céu Claro";"Múltipla";"Reta";"Sim";7;1;1;2;1;2;3;3;"-27.61225928";"-48.64116311";"SR-SC";"DEL8/1";"UOP01/SC"
198860;2019-03-23;"7";"20:20:00";"BA";116;807,9;"VITORIA DA CONQUISTA";"Ingestão de Álcool";"Tombamento";"Com Vítimas Feridas";"Plena Noite";"Decrescente";"Céu Claro";"Simples";"Reta";"Não";1;0;1;0;0;0;1;1;"-14.73914195";"-40.65690702";"SR-BA";"DEL10/8";"UOP01/BA"
198861;2019-03-23;"7";"20:20:00";"SC";116;206,5;"PONTE ALTA";"Defeito Mecânico no Veículo";"Queda de ocupante de veículo";"Com Vítimas Feridas";"Plena Noite";"Decrescente";"Céu Claro";"Simples";"Não Informado";"Não";2;0;0;2;0;0;2;1;"-27.47335386";"-50.3816746";"SR-SC";"DEL8/5";"UOP03/SC"
198862;2019-03-23;"7";"18:00:00";"MG";381;548;"RIO MANSO";"Condutor Dormindo";"Saída de leito carroçável";"Com Vítimas Feridas";"Anoitecer";"Decrescente";"Nublado";"Dupla";"Não Informado";"Não";1;0;1;0;0;0;1;1;"-20.3102109";"-44.44993116";"SR-MG";"DEL4/4";"UOP03/MG"
198863;2019-03-23;"7";"20:20:00";"PR";163;285;"MARECHAL CANDIDO RONDON";"Velocidade Incompatível";"Capotamento";"Sem Vítimas";"Plena Noite";"Crescente";"Céu Claro";"Dupla";"Reta";"Sim";1;0;0;0;1;0;0;1;"-24.568102";"-54.034168";"SR-PR";"DEL7/6";"UOP04/PR"
198864;2019-03-23;"7";"20:50:00";"ES";101;64,6;"SAO MATEUS";"Defeito Mecânico no Veículo";"Incêndio";"Sem Vítimas";"Plena Noite";"Crescente";"Céu Claro";"Dupla";"Reta";"Sim";1;0;0;0;1;0;0;1;"-18.70428583";"-39.87065983";"SR-ES";"DEL12/4";"UOP02/ES"
198865;2019-03-23;"7";"19:00:00";"RO";364;710;"PORTO VELHO";"Falta de Atenção à Condução";"Colisão traseira";"Com Vítimas Feridas";"Anoitecer";"Decrescente";"Nublado";"Dupla";"Reta";"Sim";2;0;1;0;1;0;1;1;"-8.78621576";"-63.85712687";"SR-RO";"DEL21/1";"UOP01/RO"
198866;2019-03-23;"7";"20:08:00";"BA";101;212;"CRUZ DAS ALMAS";"Falta de Atenção à Condução";"Queda de ocupante de veículo";"Com Vítimas Feridas";"Plena Noite";"Decrescente";"Ignorado";"Simples";"Reta";"Sim";1;0;0;1;0;0;1;1;"-12.65351724";"-39.12236761";"SR-BA";"DEL10/1";"UOP03/BA"
198868;2019-03-23;"7";"20:45:00";"ES";101;167,5;"LINHARES";"Falta de Atenção à Condução";"Colisão traseira";"Com Vítimas Feridas";"Plena Noite";"Crescente";"Garoa/Chuvisco";"Simples";"Reta";"Não";2;0;0;1;0;1;1;2;"-19.52734804";"-40.15218496";"SR-ES";"DEL12/4";"UOP01/ES"
198869;2019-03-23;"7";"18:50:00";"SE";235;2,6;"NOSSA SENHORA DO SOCORRO";"Carga excessiva e/ou mal acondicionada";"Colisão com objeto estático";"Sem Vítimas";"Plena Noite";"Decrescente";"Nublado";"Dupla";"Não Informado";"Sim";1;0;0;0;1;0;0;1;"-10.9062";"-37.1034";"SR-SE";"DEL20/1";"UOP01/SE"
198870;2019-03-23;"7";"21:25:00";"PR";153;345,3;"REBOUCAS";"Ingestão de Álcool";"Colisão traseira";"Com Vítimas Feridas";"Plena Noite";"Decrescente";"Nublado";"Simples";"Reta";"Não";3;0;0;1;1;1;1;3;"-25.56994301";"-50.67942923";"SR-PR";"DEL7/3";"UOP04/PR"
198871;2019-03-23;"7";"15:30:00";"PR";116;210;"RIO NEGRO";"Ultrapassagem Indevida";"Colisão lateral";"Com Vítimas Feridas";"Pleno dia";"Decrescente";"Céu Claro";"Simples";"Reta";"Sim";3;0;2;0;1;0;2;2;"-26.07479435";"-49.76117178";"SR-SC";"DEL8/6";"UOP01/SC"
198872;2019-03-23;"7";"21:30:00";"TO";153;147;"ARAGUAINA";"Ingestão de Álcool";"Colisão traseira";"Com Vítimas Feridas";"Plena Noite";"Decrescente";"Céu Claro";"Dupla";"Reta";"Sim";2;0;1;0;1;0;1;2;"-7.22175693";"-48.24826214";"SR-TO";"UOP04/TO";""
198873;2019-03-23;"7";"22:15:00";"SP";381;65;"MAIRIPORA";"Falta de Atenção à Condução";"Tombamento";"Com Vítimas Feridas";"Plena Noite";"Crescente";"Nublado";"Dupla";"Reta";"Sim";1;0;0;1;0;0;1;1;"-23.316547";"-46.58251";"SR-SP";"DEL6/3";"UOP02/SP"
198874;2019-03-23;"7";"21:30:00";"RS";153;50,7;"ERECHIM";"Desobediência às normas de trânsito pelo condutor";"Colisão transversal";"Com Vítimas Feridas";"Plena Noite";"Crescente";"Céu Claro";"Simples";"Rotatória";"Sim";5;0;1;0;4;0;1;2;"-27.65623359";"-52.27554709";"SR-RS";"DEL08";"UOP04/RS"
198875;2019-03-23;"7";"21:10:00";"CE";116;302;"JAGUARIBE";"Defeito na Via";"Queda de ocupante de veículo";"Com Vítimas Feridas";"Plena Noite";"Decrescente";"Céu Claro";"Simples";"Reta";"Não";1;0;0;1;0;0;1;1;"-5.8540122";"-38.57570286";"SR-CE";"DEL16/5";"UOP02/CE"
198876;2019-03-23;"7";"20:55:00";"SC";282;350;"CAMPOS NOVOS";"Ingestão de álcool e/ou substâncias psicoativas pelo pedestre";"Colisão lateral";"Com Vítimas Feridas";"Plena Noite";"Decrescente";"Céu Claro";"Simples";"Reta";"Não";5;0;1;0;4;0;1;2;"-27.358767";"-51.29229";"SR-SC";"DEL7";"UOP08/SC"
198877;2019-03-23;"7";"21:00:00";"MG";365;575;"INDIANOPOLIS";"Desobediência às normas de trânsito pelo condutor";"Colisão transversal";"Com Vítimas Fatais";"Plena Noite";"Crescente";"Vento";"Simples";"Não Informado";"Não";2;1;0;0;1;0;0;2;"-18.89688385";"-47.91517084";"SR-MG";"DEL4/15";"UOP02/MG"
198878;2019-03-23;"7";"21:30:00";"BA";116;360;"SERRINHA";"Velocidade Incompatível";"Colisão frontal";"Com Vítimas Feridas";"Plena Noite";"Decrescente";"Nublado";"Simples";"Reta";"Não";5;0;5;0;0;0;5;2;"-11.67414115";"-38.99714822";"SR-BA";"DEL10/2";"UOP01/BA"
198879;2019-03-23;"7";"20:40:00";"RJ";393;146;"TRES RIOS";"Velocidade Incompatível";"Tombamento";"Com Vítimas Feridas";"Plena Noite";"Decrescente";"Céu Claro";"Simples";"Curva";"Não";1;0;0;1;0;0;1;1;"-22.04426691";"-43.00821304";"SR-RJ";"DEL5/6";"UOP02/RJ"
198880;2019-03-23;"7";"21:15:00";"GO";153;73;"PORANGATU";"Defeito Mecânico no Veículo";"Tombamento";"Com Vítimas Feridas";"Plena Noite";"Crescente";"Nublado";"Simples";"Reta";"Sim";1;0;1;0;0;0;1;1;"-13.475327";"-49.136101";"SR-GO";"DEL1/7";"UOP01/GO"
198881;2019-03-23;"7";"22:40:00";"BA";101;8;"RIO REAL";"Ingestão de Álcool";"Colisão com objeto estático";"Com Vítimas Feridas";"Plena Noite";"Crescente";"Céu Claro";"Simples";"Não Informado";"Não";2;0;0;2;0;0;2;1;"-11.60539795";"-37.88039716";"SR-SE";"DEL20/2";"UOP03/SE"
198882;2019-03-23;"7";"22:50:00";"RS";386;344;"LAJEADO";"Falta de Atenção à Condução";"Queda de ocupante de veículo";"Com Vítimas Feridas";"Plena Noite";"Crescente";"Céu Claro";"Simples";"Reta";"Sim";1;0;1;0;0;0;1;1;"-29.439268";"-51.993633";"SR-RS";"DEL9/4";"UOP01/RS"
198883;2019-03-23;"7";"22:40:00";"SC";282;3;"FLORIANOPOLIS";"Falta de Atenção à Condução";"Colisão lateral";"Com Vítimas Feridas";"Plena Noite";"Crescente";"Céu Claro";"Dupla";"Não Informado";"Sim";3;0;0;1;2;0;1;3;"-27.600384";"-48.599705";"SR-SC";"DEL8/1";"UOP01/SC"
198884;2019-03-23;"7";"16:17:00";"PR";277;425,8;"CANTAGALO";"Velocidade Incompatível";"Saída de leito carroçável";"Com Vítimas Feridas";"Pleno dia";"Decrescente";"Céu Claro";"Simples";"Curva";"Não";1;0;0;1;0;0;1;1;"-25.38220585";"-52.11624364";"SR-PR";"DEL7/4";"UOP03/PR"
198885;2019-03-23;"7";"22:00:00";"MT";364;543,9;"ROSARIO OESTE";"Desobediência às normas de trânsito pelo condutor";"Colisão transversal";"Com Vítimas Feridas";"Plena Noite";"Decrescente";"Céu Claro";"Dupla";"Desvio Temporário";"Sim";2;0;1;0;1;0;1;2;"-14.90512097";"-56.4679881";"SR-MT";"DEL2/4";"UOP01/MT"
198886;2019-03-23;"7";"22:20:00";"SC";101;317,4;"PESCARIA BRAVA";"Animais na Pista";"Colisão com objeto estático";"Com Vítimas Feridas";"Plena Noite";"Decrescente";"Nublado";"Dupla";"Curva";"Sim";2;0;2;0;0;0;2;1;"-28.42978736";"-48.87148792";"SR-SC";"DEL8/2";"UOP01/SC"
198887;2019-03-23;"7";"21:40:00";"MT";163;42,6;"ITIQUIRA";"Ingestão de álcool e/ou substâncias psicoativas pelo pedestre";"Saída de leito carroçável";"Com Vítimas Feridas";"Plena Noite";"Decrescente";"Céu Claro";"Dupla";"Reta";"Não";1;0;1;0;0;0;1;1;"-17.146228";"-54.75700786";"SR-MT";"DEL2/2";"UOP02/MT"
198889;2019-03-23;"7";"23:00:00";"SP";381;58;"MAIRIPORA";"Falta de Atenção à Condução";"Capotamento";"Sem Vítimas";"Pleno dia";"Crescente";"Céu Claro";"Múltipla";"Reta";"Sim";1;0;0;0;0;1;0;1;"-23.18904617";"-46.58407757";"SR-SP";"DEL6/3";"UOP02/SP"
198890;2019-03-23;"7";"21:00:00";"RS";116;82;"CAMPESTRE DA SERRA";"Ingestão de Álcool";"Saída de leito carroçável";"Sem Vítimas";"Plena Noite";"Decrescente";"Céu Claro";"Simples";"Curva";"Não";1;0;0;0;1;0;0;1;"-28.81518199";"-51.10902702";"SR-RS";"DEL9/5";"UOP03/RS"
198891;2019-03-23;"7";"23:35:00";"MG";50;93;"UBERLANDIA";"Falta de Atenção à Condução";"Colisão transversal";"Com Vítimas Feridas";"Plena Noite";"Decrescente";"Céu Claro";"Dupla";"Reta";"Não";2;0;1;0;1;0;1;2;"-19.07492502";"-48.18892306";"SR-MG";"DEL4/15";"UOP01/MG"
198892;2019-03-23;"7";"15:30:00";"MT";158;680,4;"BARRA DO GARCAS";"Falta de Atenção à Condução";"Saída de leito carroçável";"Com Vítimas Feridas";"Pleno dia";"Crescente";"Céu Claro";"Simples";"Reta";"Não";3;0;2;0;1;0;2;1;"-14.88734015";"-52.28186454";"SR-MT";"DEL2/8";"UOP01/MT"
198893;2019-03-23;"7";"23:30:00";"SP";116;217;"GUARULHOS";"Condutor Dormindo";"Colisão com objeto estático";"Com Vítimas Feridas";"Plena Noite";"Crescente";"Céu Claro";"Múltipla";"Reta";"Sim";3;0;2;0;1;0;2;2;"-23.45423824";"-46.47119028";"SR-SP";"DEL6/1";"UOP01/SP"
198895;2019-03-23;"7";"10:40:00";"PB";101;10,8;"MAMANGUAPE";"Velocidade Incompatível";"Saída de leito carroçável";"Sem Vítimas";"Pleno dia";"Crescente";"Chuva";"Dupla";"Desvio Temporário";"Não";1;0;0;0;1;0;0;1;"-6.583587";"-35.144005";"SR-PB";"DEL14/1";"UOP03/PB"
198896;2019-03-23;"7";"19:30:00";"PE";423;154,9;"AGUAS BELAS";"Ingestão de Álcool";"Colisão frontal";"Com Vítimas Fatais";"Plena Noite";"Decrescente";"Nublado";"Simples";"Curva";"Não";2;1;0;0;0;1;0;2;"-9.0566026";"-36.93412423";"SR-PE";"DEL11/3";"UOP01/PE"
198897;2019-03-24;"1";"00:15:00";"RS";116;658;"JAGUARAO";"Falta de Atenção à Condução";"Colisão com objeto estático";"Com Vítimas Feridas";"Plena Noite";"Crescente";"Céu Claro";"Dupla";"Reta";"Sim";2;0;0;1;0;1;1;2;"-32.56067023";"-53.38439839";"SR-RS";"DEL9/7";"UOP03/RS"
198898;2019-03-23;"7";"22:00:00";"MG";381;586;"CARMOPOLIS DE MINAS";"Condutor Dormindo";"Capotamento";"Com Vítimas Feridas";"Plena Noite";"Crescente";"Nublado";"Dupla";"Curva";"Não";4;0;3;0;1;0;3;1;"-20.521543";"-44.626944";"SR-MG";"DEL4/4";"UOP01/MG"
198899;2019-03-23;"7";"23:17:00";"MS";463;1;"DOURADOS";"Desobediência às normas de trânsito pelo condutor";"Colisão traseira";"Com Vítimas Feridas";"Plena Noite";"Crescente";"Céu Claro";"Simples";"Reta";"Sim";2;0;1;0;1;0;1;2;"-22.25906342";"-54.81148303";"SR-MS";"DEL3/4";"UOP01/MS"
198900;2019-03-24;"1";"00:00:00";"PE";101;79,4;"JABOATAO DOS GUARARAPES";"Condutor Dormindo";"Colisão lateral";"Com Vítimas Feridas";"Plena Noite";"Decrescente";"Nublado";"Simples";"Curva";"Sim";2;0;0;1;1;0;1;2;"-8.14366112";"-34.94723453";"SR-PE";"DEL11/1";"UOP01/PE"
198901;2019-03-23;"7";"22:00:00";"MT";364;487;"JANGADA";"Falta de Atenção à Condução";"Colisão traseira";"Sem Vítimas";"Plena Noite";"Crescente";"Céu Claro";"Simples";"Reta";"Não";3;0;0;0;3;0;0;2;"-15.35004515";"-56.41556739";"SR-MT";"DEL2/4";"UOP02/MT"
198902;2019-03-23;"7";"21:30:00";"GO";364;130;"APARECIDA DO RIO DOCE";"Defeito na Via";"Tombamento";"Com Vítimas Feridas";"Plena Noite";"Decrescente";"Céu Claro";"Simples";"Reta";"Não";1;0;1;0;0;0;1;1;"-18.23842";"-51.27425";"SR-GO";"DEL1/5";"UOP01/GO"
198904;2019-03-24;"1";"01:20:00";"SP";116;51,1;"LORENA";"Falta de Atenção à Condução";"Capotamento";"Com Vítimas Feridas";"Plena Noite";"Decrescente";"Céu Claro";"Dupla";"Reta";"Sim";2;0;2;0;0;0;2;1;"-22.74157511";"-45.09206392";"SR-SP";"DEL6/8";"UOP03/SP"
198905;2019-03-24;"1";"01:30:00";"SP";116;271,9;"TABOAO DA SERRA";"Falta de Atenção à Condução";"Colisão lateral";"Com Vítimas Feridas";"Plena Noite";"Decrescente";"Nublado";"Dupla";"Reta";"Sim";2;0;1;0;1;0;1;2;"-23.61809286";"-46.80556302";"SR-SP";"DEL6/4";"UOP01/SP"
198906;2019-03-24;"1";"01:48:00";"DF";20;6;"BRASILIA";"Velocidade Incompatível";"Saída de leito carroçável";"Sem Vítimas";"Plena Noite";"Crescente";"Chuva";"Dupla";"Reta";"Sim";1;0;0;0;1;0;0;1;"-15.665888";"-47.808308";"SR-DF";"DF";"UOP04/DF"
198907;2019-03-23;"7";"21:20:00";"MG";116;119,1;"ITAOBIM";"Falta de Atenção à Condução";"Colisão frontal";"Com Vítimas Fatais";"Plena Noite";"Decrescente";"Céu Claro";"Simples";"Reta";"Não";9;1;0;8;0;0;8;2;"-16.58259665";"-41.50168389";"SR-MG";"DEL4/11";"UOP02/MG"
198908;2019-03-24;"1";"01:50:00";"GO";40;12;"LUZIANIA";"Ingestão de Álcool";"Colisão com objeto estático";"Com Vítimas Feridas";"Plena Noite";"Crescente";"Céu Claro";"Dupla";"Reta";"Sim";3;0;2;0;0;1;2;1;"-16.145123";"-47.945382";"SR-DF";"GO";"UOP01/DF"
198909;2019-03-24;"1";"01:55:00";"RN";304;36,7;"MOSSORO";"Falta de Atenção à Condução";"Colisão traseira";"Com Vítimas Feridas";"Plena Noite";"Decrescente";"Nublado";"Dupla";"Reta";"Sim";2;0;1;0;0;1;1;2;"-5.17294721";"-37.36024261";"SR-RN";"DEL15/4";"UOP02/RN"
198910;2019-03-24;"1";"01:50:00";"PR";376;182;"MARINGA";"Desobediência às normas de trânsito pelo condutor";"Colisão transversal";"Com Vítimas Feridas";"Plena Noite";"Crescente";"Céu Claro";"Simples";"Rotatória";"Sim";2;0;1;0;0;1;1;2;"-23.43684112";"-51.87880764";"SR-PR";"DEL7/7";"UOP04/PR"
198911;2019-03-24;"1";"01:50:00";"RJ";393;287,8;"VOLTA REDONDA";"Falta de Atenção à Condução";"Colisão transversal";"Com Vítimas Feridas";"Plena Noite";"Decrescente";"Céu Claro";"Simples";"Interseção de vias";"Sim";3;0;1;0;2;0;1;2;"-22.497896";"-44.072598";"SR-RJ";"DEL5/5";"UOP02/RJ"
198912;2019-03-23;"7";"20:10:00";"MT";163;669;"LUCAS DO RIO VERDE";"Falta de Atenção à Condução";"Colisão traseira";"Com Vítimas Feridas";"Plena Noite";"Crescente";"Céu Claro";"Simples";"Reta";"Não";2;0;1;0;1;0;1;2;"-13.33146783";"-56.05150838";"SR-MT";"DEL2/6";"UOP01/MT"
198913;2019-03-23;"7";"19:20:00";"RO";435;86;"COLORADO DO OESTE";"Desobediência às normas de trânsito pelo condutor";"Colisão traseira";"Com Vítimas Feridas";"Plena Noite";"Decrescente";"Céu Claro";"Simples";"Reta";"Sim";4;0;1;0;1;2;1;2;"-13.12026846";"-60.54055407";"SR-RO";"DEL21/4";"UOP02/RO"
198914;2019-03-23;"7";"19:30:00";"MT";163;830,1;"SINOP";"Falta de Atenção à Condução";"Colisão lateral";"Com Vítimas Feridas";"Plena Noite";"Decrescente";"Chuva";"Simples";"Reta";"Não";2;0;1;0;1;0;1;2;"-12.0305";"-55.51731";"SR-MT";"DEL2/6";"UOP01/MT"
198915;2019-03-24;"1";"00:50:00";"PE";407;126;"PETROLINA";"Ingestão de Álcool";"Queda de ocupante de veículo";"Com Vítimas Feridas";"Plena Noite";"Crescente";"Nublado";"Dupla";"Rotatória";"Sim";1;0;1;0;0;0;1;1;"-9.38723463";"-40.52612364";"SR-PE";"DEL11/6";"UOP01/PE"
198916;2019-03-24;"1";"01:25:00";"PR";277;99;"CURITIBA";"Falta de Atenção à Condução";"Colisão traseira";"Sem Vítimas";"Plena Noite";"Crescente";"Céu Claro";"Dupla";"Reta";"Sim";2;0;0;0;2;0;0;2;"-25.53375211";"-49.31824405";"SR-PR";"DEL7/1";"UOP04/PR"
198917;2019-03-24;"1";"01:30:00";"MG";116;738,5;"LARANJAL";"Ingestão de Álcool";"Saída de leito carroçável";"Com Vítimas Feridas";"Plena Noite";"Decrescente";"Nublado";"Simples";"Curva";"Sim";2;0;2;0;0;0;2;1;"-21.376934";"-42.48054";"SR-MG";"DEL4/7";"UOP01/MG"
198918;2019-03-24;"1";"03:25:00";"SC";282;15,5;"PALHOCA";"Desobediência às normas de trânsito pelo condutor";"Colisão transversal";"Com Vítimas Feridas";"Plena Noite";"Crescente";"Nublado";"Simples";"Reta";"Sim";2;0;1;0;1;0;1;2;"-27.651848";"-48.676048";"SR-SC";"DEL8/1";"UOP02/SC"
198919;2019-03-24;"1";"02:00:00";"PR";163;289;"MARECHAL CANDIDO RONDON";"Velocidade Incompatível";"Saída de leito carroçável";"Sem Vítimas";"Plena Noite";"Decrescente";"Céu Claro";"Simples";"Curva";"Não";1;0;0;0;0;1;0;1;"-24.51717165";"-54.08511706";"SR-PR";"DEL7/6";"UOP04/PR"
198921;2019-03-24;"1";"03:20:00";"SC";101;194,1;"BIGUACU";"Ingestão de Álcool";"Saída de leito carroçável";"Sem Vítimas";"Plena Noite";"Crescente";"Nublado";"Dupla";"Reta";"Não";2;0;0;0;2;0;0;1;"-27.49815117";"-48.65661236";"SR-SC";"DEL8/1";"UOP01/SC"
198922;2019-03-24;"1";"02:50:00";"RJ";40;115;"DUQUE DE CAXIAS";"Não guardar distância de segurança";"Colisão traseira";"Com Vítimas Feridas";"Plena Noite";"Crescente";"Céu Claro";"Múltipla";"Reta";"Não";3;0;2;0;0;1;2;2;"-22.72756999";"-43.2891609";"SR-RJ";"DEL5/1";"UOP01/RJ"
198923;2019-03-24;"1";"01:50:00";"RO";174;18;"VILHENA";"Ingestão de Álcool";"Atropelamento de Pedestre";"Com Vítimas Feridas";"Plena Noite";"Crescente";"Céu Claro";"Simples";"Reta";"Sim";2;0;2;0;0;0;2;1;"-12.6991689";"-60.1173752";"SR-RO";"DEL21/4";"UOP01/RO"
198924;2019-03-24;"1";"01:50:00";"RJ";40;113;"DUQUE DE CAXIAS";"Falta de Atenção à Condução";"Colisão lateral";"Com Vítimas Feridas";"Plena Noite";"Decrescente";"Nublado";"Múltipla";"Reta";"Sim";2;0;1;0;1;0;1;2;"-22.70948502";"-43.29040354";"SR-RJ";"DEL5/1";"UOP01/RJ"
198925;2019-03-24;"1";"03:45:00";"SP";381;34,6;"ATIBAIA";"Falta de Atenção à Condução";"Saída de leito carroçável";"Com Vítimas Feridas";"Plena Noite";"Crescente";"Céu Claro";"Dupla";"Curva";"Não";1;0;1;0;0;0;1;1;"-23.079939";"-46.569862";"SR-SP";"DEL6/3";"UOP01/SP"
198926;2019-03-24;"1";"04:30:00";"SC";101;139;"BALNEARIO CAMBORIU";"Velocidade Incompatível";"Saída de leito carroçável";"Com Vítimas Feridas";"Plena Noite";"Crescente";"Nublado";"Dupla";"Não Informado";"Não";1;0;0;1;0;0;1;1;"-27.02982303";"-48.60115006";"SR-SC";"DEL8/4";"UOP03/SC"
198927;2019-03-24;"1";"04:40:00";"SP";116;202;"ARUJA";"Ingestão de Álcool";"Colisão traseira";"Sem Vítimas";"Plena Noite";"Decrescente";"Nublado";"Dupla";"Curva";"Não";2;0;0;0;1;1;0;2;"-23.40809408";"-46.33859597";"SR-SP";"DEL6/1";"UOP02/SP"
198928;2019-03-24;"1";"04:35:00";"PB";101;38,5;"MAMANGUAPE";"Falta de Atenção à Condução";"Queda de ocupante de veículo";"Com Vítimas Feridas";"Amanhecer";"Decrescente";"Céu Claro";"Simples";"Curva";"Não";1;0;0;1;0;0;1;1;"-6.82583252";"-35.13763547";"SR-PB";"DEL14/1";"UOP03/PB"
198929;2019-03-24;"1";"04:24:00";"PA";163;1002;"SANTAREM";"Não guardar distância de segurança";"Colisão traseira";"Com Vítimas Fatais";"Amanhecer";"Crescente";"Chuva";"Simples";"Reta";"Não";1;1;0;0;0;0;0;1;"-2.45567004";"-54.72854541";"SR-PA";"DEL19/5";"UOP01/PA"