"id";"data_inversa";"dia_semana";"horario";"uf";"br";"km";"municipio";"causa_acidente";"tipo_acidente";"classificacao_acidente";"fase_dia";"sentido_via";"condicao_metereologica";"tipo_pista";"tracado_via";"uso_solo";"pessoas";"mortos";"feridos_leves";"feridos_graves";"ilesos";"ignorados";"feridos";"veiculos";"latitude";"longitude";"regional";"delegacia";"uop"
199021;2019-03-24;"1";"16:30:00";"RJ";116;169,9;"SAO JOAO DE MERITI";"Desobediência às normas de trânsito pelo pedestre";"Colisão traseira";"Com Vítimas Feridas";"Pleno dia";"Decrescente";"Céu Claro";"Múltipla";"Reta";"Sim";2;0;0;1;1;0;1;1;"-22.79580631";"-43.36338043";"SR-RJ";"DEL5/1";"UOP02/RJ"
199022;2019-03-24;"1";"16:20:00";"PR";277;592;"CASCAVEL";"Falta de Atenção à Condução";"Colisão frontal";"Com Vítimas Feridas";"Pleno dia";"Crescente";"Céu Claro";"Simples";"Interseção de vias";"Sim";2;0;1;1;0;0;2;2;"-24.98285697";"-53.47319399";"SR-PR";"DEL7/4";"UOP01/PR"
199023;2019-03-24;"1";"16:00:00";"RS";392;351,9;"SANTA MARIA";"Desobediência às normas de trânsito pelo condutor";"Colisão transversal";"Com Vítimas Feridas";"Pleno dia";"Decrescente";"Sol";"Simples";"Não Informado";"Sim";2;0;1;0;1;0;1;2;"-29.7284269";"-53.80323691";"SR-RS";"DEL9/9";"UOP01/RS"
199024;2019-03-24;"1";"16:00:00";"RJ";493;2;"ITABORAI";"Falta de Atenção à Condução";"Colisão lateral";"Sem Vítimas";"Pleno dia";"Crescente";"Céu Claro";"Simples";"Reta";"Sim";2;0;0;0;2;0;0;2;"-22.75950214";"-42.93544822";"SR-RJ";"DEL5/4";"UOP02/RJ"
199025;2019-03-24;"1";"17:25:00";"PR";476;114,9;"COLOMBO";"Falta de Atenção à Condução";"Colisão transversal";"Com Vítimas Feridas";"Pleno dia";"Crescente";"Céu Claro";"Dupla";"Rotatória";"Sim";2;0;1;0;1;0;1;2;"-25.335966";"-49.158184";"SR-PR";"DEL7/1";"UOP06/PR"
199026;2019-03-24;"1";"11:10:00";"MG";116;428,2;"ALPERCATA";"Ingestão de Substâncias Psicoativas";"Colisão com objeto estático";"Com Vítimas Feridas";"Pleno dia";"Crescente";"Nublado";"Simples";"Reta";"Sim";3;0;1;0;2;0;1;2;"-18.9840019";"-41.98837826";"SR-MG";"DEL4/6";"UOP01/MG"
199028;2019-03-24;"1";"17:15:00";"RS";285;289;"PASSO FUNDO";"Não guardar distância de segurança";"Colisão traseira";"Com Vítimas Feridas";"Pleno dia";"Decrescente";"Céu Claro";"Simples";"Rotatória";"Sim";3;0;1;0;2;0;1;2;"-28.23697598";"-52.37575829";"SR-RS";"DEL08";"UOP03/RS"
199029;2019-03-24;"1";"16:50:00";"MG";40;530,3;"CONTAGEM";"Não guardar distância de segurança";"Colisão traseira";"Com Vítimas Feridas";"Pleno dia";"Crescente";"Céu Claro";"Dupla";"Reta";"Sim";3;0;2;0;1;0;2;2;"-19.91876737";"-44.02996302";"SR-MG";"DEL4/1";"UOP03/MG"
199030;2019-03-24;"1";"16:10:00";"SC";101;412,2;"ARARANGUA";"Avarias e/ou desgaste excessivo no pneu";"Tombamento";"Com Vítimas Feridas";"Pleno dia";"Decrescente";"Nublado";"Dupla";"Reta";"Não";2;0;2;0;0;0;2;1;"-28.939333";"-49.497513";"SR-SC";"DEL8/2";"UOP02/SC"
199031;2019-03-24;"1";"17:50:00";"PB";104;112,8;"LAGOA SECA";"Ultrapassagem Indevida";"Colisão frontal";"Com Vítimas Feridas";"Anoitecer";"Decrescente";"Céu Claro";"Simples";"Reta";"Não";4;0;0;2;0;2;2;1;"-7.1450288";"-35.85692679";"SR-PB";"DEL14/2";"UOP04/PB"
199032;2019-03-23;"7";"12:00:00";"SC";282;521,1;"IRACEMINHA";"Mal Súbito";"Saída de leito carroçável";"Com Vítimas Fatais";"Pleno dia";"Crescente";"Céu Claro";"Simples";"Não Informado";"Não";1;1;0;0;0;0;0;1;"-26.79975974";"-53.33545804";"SR-SC";"DEL7";"UOP01/SC"
199033;2019-03-24;"1";"12:15:00";"PR";153;124,9;"IBAITI";"Desobediência às normas de trânsito pelo condutor";"Capotamento";"Com Vítimas Feridas";"Pleno dia";"Crescente";"Céu Claro";"Simples";"Curva";"Não";1;0;1;0;0;0;1;1;"-23.95615418";"-50.23736625";"SR-PR";"DEL7/7";"UOP07/PR"
199034;2019-03-24;"1";"17:35:00";"PB";101;86,8;"JOAO PESSOA";"Ingestão de Álcool";"Saída de leito carroçável";"Com Vítimas Feridas";"Anoitecer";"Decrescente";"Céu Claro";"Dupla";"Reta";"Sim";2;0;1;1;0;0;2;1;"-7.15118983";"-34.91012184";"SR-PB";"DEL14/1";"UOP00/PB"
199035;2019-03-24;"1";"17:50:00";"SP";153;68,7;"SAO JOSE DO RIO PRETO";"Ingestão de Álcool";"Colisão com objeto estático";"Sem Vítimas";"Pleno dia";"Crescente";"Céu Claro";"Simples";"Não Informado";"Sim";2;0;0;0;2;0;0;2;"-20.8505829";"-49.383795";"SR-SP";"DEL6/9";"UOP01/SP"
199036;2019-03-24;"1";"18:10:00";"GO";60;50,5;"ALEXANIA";"Falta de Atenção à Condução";"Colisão traseira";"Com Vítimas Feridas";"Anoitecer";"Crescente";"Nublado";"Dupla";"Não Informado";"Não";10;0;10;0;0;0;10;2;"-16.1625";"-48.624";"SR-GO";"DEL1/2";"UOP01/GO"
199037;2019-03-24;"1";"17:55:00";"SP";116;283,7;"EMBU DAS ARTES";"Não guardar distância de segurança";"Colisão lateral";"Com Vítimas Feridas";"Anoitecer";"Decrescente";"Céu Claro";"Dupla";"Reta";"Sim";2;0;1;0;1;0;1;2;"-23.69297005";"-46.86352786";"SR-SP";"DEL6/4";"UOP01/SP"
199038;2019-03-24;"1";"18:00:00";"PR";373;223;"IMBITUVA";"Falta de Atenção à Condução";"Colisão transversal";"Com Vítimas Feridas";"Plena Noite";"Crescente";"Nublado";"Simples";"Interseção de vias";"Não";2;0;1;0;1;0;1;2;"-25.17835987";"-50.60094493";"SR-PR";"DEL7/3";"UOP01/PR"
199039;2019-03-24;"1";"14:20:00";"BA";101;669,3;"EUNAPOLIS";"Pista Escorregadia";"Saída de leito carroçável";"Com Vítimas Feridas";"Pleno dia";"Decrescente";"Garoa/Chuvisco";"Simples";"Curva";"Não";2;0;1;1;0;0;2;1;"-16.17926489";"-39.60043014";"SR-BA";"DEL10/9";"UOP01/BA"
199040;2019-03-24;"1";"18:00:00";"AL";104;35;"UNIAO DOS PALMARES";"Desobediência às normas de trânsito pelo condutor";"Colisão frontal";"Com Vítimas Feridas";"Plena Noite";"Decrescente";"Céu Claro";"Simples";"Reta";"Sim";3;0;0;1;2;0;1;2;"-9.1616676";"-36.01701171";"SR-AL";"DEL13/1";"UOP02/AL"
199042;2019-03-24;"1";"18:50:00";"PE";101;70,4;"RECIFE";"Ingestão de Álcool";"Colisão lateral";"Sem Vítimas";"Plena Noite";"Decrescente";"Nublado";"Dupla";"Reta";"Sim";2;0;0;0;2;0;0;2;"-8.073829";"-34.942566";"SR-PE";"DEL11/1";"UOP01/PE"
199043;2019-03-24;"1";"17:30:00";"PR";277;229,9;"FERNANDES PINHEIRO";"Falta de Atenção à Condução";"Saída de leito carroçável";"Com Vítimas Feridas";"Pleno dia";"Decrescente";"Chuva";"Simples";"Curva";"Não";3;0;2;0;1;0;2;2;"-25.45811601";"-50.45955299";"SR-PR";"DEL7/3";"UOP04/PR"
199044;2019-03-24;"1";"19:00:00";"ES";101;293;"CARIACICA";"Desobediência às normas de trânsito pelo condutor";"Colisão frontal";"Com Vítimas Feridas";"Plena Noite";"Decrescente";"Céu Claro";"Múltipla";"Reta";"Sim";2;0;0;1;0;1;1;2;"-20.31526144";"-40.39567044";"SR-ES";"DEL12/1";"UOP01/ES"
199045;2019-03-24;"1";"18:20:00";"MS";262;326,2;"CAMPO GRANDE";"Falta de Atenção do Pedestre";"Atropelamento de Pedestre";"Com Vítimas Feridas";"Anoitecer";"Decrescente";"Céu Claro";"Dupla";"Reta";"Sim";2;0;0;1;0;1;1;1;"-20.46867409";"-54.53455902";"SR-MS";"DEL3/1";"UOP01/MS"
199047;2019-03-24;"1";"19:30:00";"ES";262;158,3;"IBATIBA";"Defeito Mecânico no Veículo";"Saída de leito carroçável";"Com Vítimas Fatais";"Plena Noite";"Crescente";"Nublado";"Simples";"Reta";"Sim";1;1;0;0;0;0;0;1;"-20.23026795";"-41.49909496";"SR-ES";"DEL12/1";"UOP02/ES"
199049;2019-03-24;"1";"18:20:00";"BA";242;879;"LUIS EDUARDO MAGALHAES";"Desobediência às normas de trânsito pelo condutor";"Colisão com objeto em movimento";"Com Vítimas Fatais";"Plena Noite";"Decrescente";"Chuva";"Dupla";"Reta";"Sim";6;1;0;0;5;0;0;2;"-12.087023";"-45.7632";"SR-BA";"DEL10/10";"UOP01/BA"
199050;2019-03-24;"1";"13:30:00";"BA";116;426;"FEIRA DE SANTANA";"Ingestão de Álcool";"Colisão traseira";"Sem Vítimas";"Pleno dia";"Crescente";"Céu Claro";"Simples";"Viaduto";"Sim";2;0;0;0;2;0;0;2;"-12.26850718";"-38.98976153";"SR-BA";"DEL10/2";"UOP01/BA"
199051;2019-03-24;"1";"19:30:00";"RN";101;66,2;"EXTREMOZ";"Falta de Atenção à Condução";"Colisão transversal";"Com Vítimas Feridas";"Plena Noite";"Decrescente";"Céu Claro";"Simples";"Rotatória";"Não";4;0;0;1;1;2;1;2;"-5.65033356";"-35.25016233";"SR-RN";"DEL15/2";"UOP01/RN"
199052;2019-03-24;"1";"18:30:00";"BA";110;401;"SAO SEBASTIAO DO PASSE";"Falta de Atenção à Condução";"Capotamento";"Com Vítimas Feridas";"Plena Noite";"Decrescente";"Nublado";"Simples";"Reta";"Não";3;0;2;0;1;0;2;1;"-12.50766107";"-38.49626949";"SR-BA";"DEL10/1";"UOP01/BA"
199054;2019-03-24;"1";"18:50:00";"PR";373;176,3;"PONTA GROSSA";"Ingestão de Álcool";"Colisão traseira";"Sem Vítimas";"Plena Noite";"Crescente";"Céu Claro";"Dupla";"Interseção de vias";"Sim";2;0;0;0;2;0;0;2;"-25.06082803";"-50.21845202";"SR-PR";"DEL7/3";"UOP01/PR"
199055;2019-03-24;"1";"19:45:00";"PR";369;4,2;"JACAREZINHO";"Desobediência às normas de trânsito pelo condutor";"Colisão transversal";"Com Vítimas Feridas";"Plena Noite";"Decrescente";"Céu Claro";"Dupla";"Reta";"Não";4;0;0;1;3;0;1;2;"-23.00402653";"-49.91683245";"SR-PR";"DEL7/7";"UOP06/PR"
199057;2019-03-24;"1";"19:00:00";"MS";163;369;"NOVA ALVORADA DO SUL";"Defeito Mecânico no Veículo";"Queda de ocupante de veículo";"Com Vítimas Feridas";"Plena Noite";"Crescente";"Céu Claro";"Dupla";"Reta";"Não";2;0;2;0;0;0;2;1;"-21.42976186";"-54.37996064";"SR-MS";"DEL2";"UOP01/MS"
199058;2019-03-24;"1";"19:00:00";"RJ";116;276;"BARRA MANSA";"Ingestão de álcool e/ou substâncias psicoativas pelo pedestre";"Atropelamento de Pedestre";"Com Vítimas Feridas";"Plena Noite";"Crescente";"Nublado";"Dupla";"Reta";"Sim";5;0;0;1;3;1;1;1;"-22.56183393";"-44.16588602";"SR-RJ";"DEL5/7";"UOP02/RJ"
199059;2019-03-24;"1";"19:35:00";"CE";20;407,3;"CAUCAIA";"Falta de Atenção à Condução";"Colisão transversal";"Com Vítimas Feridas";"Plena Noite";"Decrescente";"Nublado";"Múltipla";"Desvio Temporário";"Não";2;0;0;1;1;0;1;2;"-3.77550046";"-38.66097819";"SR-CE";"DEL16/1";"UOP01/CE"
199060;2019-03-24;"1";"19:45:00";"RS";285;197,1;"LAGOA VERMELHA";"Falta de Atenção à Condução";"Colisão transversal";"Com Vítimas Feridas";"Plena Noite";"Crescente";"Céu Claro";"Simples";"Reta";"Sim";4;0;2;0;2;0;2;2;"-28.218493";"-51.509666";"SR-RS";"DEL08";"UOP05/RS"
199062;2019-03-24;"1";"16:15:00";"MG";381;878,9;"ESTIVA";"Ingestão de Álcool";"Saída de leito carroçável";"Com Vítimas Feridas";"Pleno dia";"Crescente";"Céu Claro";"Dupla";"Reta";"Não";1;0;1;0;0;0;1;1;"-22.49086793";"-46.01107952";"SR-MG";"DEL09";"UOP01/MG"
199063;2019-03-24;"1";"18:20:00";"SC";470;100;"APIUNA";"Falta de Atenção à Condução";"Colisão transversal";"Com Vítimas Feridas";"Anoitecer";"Crescente";"Céu Claro";"Simples";"Reta";"Sim";2;0;1;0;1;0;1;2;"-27.045143";"-49.394142";"SR-SC";"DEL8/4";"UOP02/SC"
199064;2019-03-24;"1";"19:40:00";"MG";40;504,7;"ESMERALDAS";"Falta de Atenção do Pedestre";"Atropelamento de Pedestre";"Com Vítimas Fatais";"Plena Noite";"Decrescente";"Céu Claro";"Dupla";"Reta";"Sim";4;2;0;0;2;0;0;3;"-19.7376225";"-44.14993286";"SR-MG";"DEL4/2";"UOP01/MG"
199065;2019-03-24;"1";"20:10:00";"SP";116;432,6;"REGISTRO";"Defeito Mecânico no Veículo";"Saída de leito carroçável";"Sem Vítimas";"Plena Noite";"Decrescente";"Céu Claro";"Dupla";"Reta";"Não";1;0;0;0;1;0;0;1;"-24.416593";"-47.76187";"SR-SP";"DEL6/5";"UOP01/SP"
199066;2019-03-24;"1";"18:35:00";"PR";476;233;"LAPA";"Ingestão de Álcool";"Saída de leito carroçável";"Sem Vítimas";"Anoitecer";"Decrescente";"Céu Claro";"Simples";"Curva";"Não";1;0;0;0;1;0;0;1;"-25.882042";"-50.008629";"SR-PR";"DEL7/2";"UOP03/PR"
199067;2019-03-24;"1";"19:15:00";"GO";60;201,3;"GUAPO";"Velocidade Incompatível";"Colisão com objeto estático";"Com Vítimas Feridas";"Anoitecer";"Crescente";"Céu Claro";"Dupla";"Não Informado";"Não";1;0;1;0;0;0;1;1;"-16.8815";"-49.6179";"SR-GO";"DEL1/1";"UOP02/GO"
199068;2019-03-24;"1";"17:15:00";"SC";280;48,2;"GUARAMIRIM";"Ingestão de Álcool";"Colisão transversal";"Com Vítimas Feridas";"Pleno dia";"Crescente";"Sol";"Simples";"Reta";"Não";3;0;1;0;2;0;1;2;"-26.45591629";"-48.93005848";"SR-SC";"DEL8/3";"UOP03/SC"
199070;2019-03-24;"1";"19:10:00";"RS";392;59,9;"PELOTAS";"Não guardar distância de segurança";"Colisão traseira";"Com Vítimas Feridas";"Plena Noite";"Decrescente";"Nublado";"Simples";"Ponte";"Não";2;0;1;0;1;0;1;2;"-31.78994401";"-52.34800816";"SR-RS";"DEL9/7";"UOP02/RS"
199071;2019-03-24;"1";"19:30:00";"MG";262;375;"JUATUBA";"Agressão Externa";"Colisão com objeto estático";"Com Vítimas Feridas";"Plena Noite";"Decrescente";"Céu Claro";"Dupla";"Reta";"Não";1;0;0;1;0;0;1;1;"-19.959929";"-44.337997";"SR-MG";"DEL4/1";"UOP03/MG"
199072;2019-03-22;"6";"07:30:00";"RJ";116;272;"BARRA MANSA";"Falta de Atenção à Condução";"Queda de ocupante de veículo";"Com Vítimas Feridas";"Pleno dia";"Crescente";"Nublado";"Dupla";"Curva";"Não";1;0;1;0;0;0;1;1;"-22.55606865";"-44.13021704";"SR-RJ";"DEL5/7";"UOP02/RJ"
199073;2019-03-24;"1";"19:40:00";"RJ";101;60;"CAMPOS DOS GOYTACAZES";"Falta de Atenção à Condução";"Colisão transversal";"Com Vítimas Feridas";"Plena Noite";"Decrescente";"Céu Claro";"Simples";"Reta";"Sim";3;0;2;0;1;0;2;2;"-21.74908605";"-41.33632461";"SR-RJ";"DEL5/8";"UOP01/RJ"
199074;2019-03-24;"1";"17:35:00";"PR";376;266,2;"MARILANDIA DO SUL";"Falta de Atenção à Condução";"Colisão traseira";"Com Vítimas Feridas";"Anoitecer";"Crescente";"Céu Claro";"Simples";"Reta";"Sim";5;0;2;1;2;0;3;2;"-23.73390825";"-51.28327917";"SR-PR";"DEL7/7";"UOP03/PR"
199075;2019-03-24;"1";"20:30:00";"MG";251;487,4;"FRANCISCO SA";"Falta de Atenção à Condução";"Colisão traseira";"Com Vítimas Feridas";"Plena Noite";"Crescente";"Chuva";"Simples";"Reta";"Não";2;0;0;1;0;1;1;2;"-16.51784211";"-43.55947992";"SR-MG";"DEL4/12";"UOP01/MG"
199076;2019-03-24;"1";"20:10:00";"RS";386;158;"ALMIRANTE TAMANDARE DO SUL";"Falta de Atenção à Condução";"Saída de leito carroçável";"Com Vítimas Feridas";"Plena Noite";"Crescente";"Céu Claro";"Simples";"Curva";"Não";1;0;1;0;0;0;1;1;"-28.142254";"-52.845757";"SR-RS";"DEL08";"UOP01/RS"
199077;2019-03-24;"1";"19:15:00";"RJ";101;303;"SAO GONCALO";"Desobediência às normas de trânsito pelo condutor";"Capotamento";"Com Vítimas Feridas";"Plena Noite";"Decrescente";"Céu Claro";"Dupla";"Reta";"Sim";2;0;1;0;1;0;1;1;"-22.7828205";"-42.9766681";"SR-RJ";"DEL5/2";"UOP02/RJ"
199078;2019-03-24;"1";"20:10:00";"SC";280;57;"GUARAMIRIM";"Ingestão de Álcool";"Colisão traseira";"Sem Vítimas";"Plena Noite";"Crescente";"Céu Claro";"Simples";"Reta";"Não";2;0;0;0;2;0;0;2;"-26.47811421";"-49.01259213";"SR-SC";"DEL8/3";"UOP03/SC"
199079;2019-03-24;"1";"19:30:00";"SP";459;25,3;"LORENA";"Falta de Atenção à Condução";"Colisão transversal";"Com Vítimas Feridas";"Plena Noite";"Decrescente";"Nublado";"Simples";"Reta";"Não";2;0;1;0;1;0;1;2;"-22.686485";"-45.128445";"SR-SP";"DEL6/8";"UOP03/SP"
199080;2019-03-24;"1";"20:45:00";"BA";116;421;"FEIRA DE SANTANA";"Condutor Dormindo";"Colisão com objeto estático";"Com Vítimas Feridas";"Plena Noite";"Crescente";"Nublado";"Múltipla";"Reta";"Sim";2;0;0;2;0;0;2;1;"-12.21025741";"-38.96567345";"SR-BA";"DEL10/2";"UOP01/BA"
199081;2019-03-24;"1";"18:15:00";"SC";282;208,6;"LAGES";"Falta de Atenção do Pedestre";"Atropelamento de Pedestre";"Com Vítimas Feridas";"Pleno dia";"Decrescente";"Céu Claro";"Simples";"Desvio Temporário";"Não";2;0;1;0;1;0;1;2;"-27.775284";"-50.211971";"SR-SC";"DEL8/5";"UOP01/SC"
199082;2019-03-24;"1";"19:00:00";"MG";381;334;"NOVA ERA";"Desobediência às normas de trânsito pelo condutor";"Colisão transversal";"Com Vítimas Feridas";"Plena Noite";"Crescente";"Céu Claro";"Dupla";"Reta";"Não";3;0;1;2;0;0;3;2;"-19.81025584";"-43.06303471";"SR-MG";"DEL4/3";"UOP01/MG"
199083;2019-03-24;"1";"18:40:00";"PE";232;129;"CARUARU";"Falta de Atenção do Pedestre";"Atropelamento de Pedestre";"Com Vítimas Feridas";"Pleno dia";"Crescente";"Céu Claro";"Dupla";"Reta";"Sim";2;0;1;0;1;0;1;1;"-8.30193507";"-35.98092002";"SR-PE";"DEL11/2";"UOP02/PE"
199084;2019-03-24;"1";"20:30:00";"MG";40;718,5;"BARBACENA";"Falta de Atenção à Condução";"Colisão traseira";"Com Vítimas Feridas";"Plena Noite";"Crescente";"Céu Claro";"Dupla";"Reta";"Sim";3;0;0;1;1;1;1;3;"-21.2656332";"-43.65557499";"SR-MG";"DEL5";"UOP01/MG"
199085;2019-03-24;"1";"18:25:00";"MG";262;65,2;"MATIPO";"Falta de Atenção à Condução";"Colisão traseira";"Com Vítimas Feridas";"Plena Noite";"Crescente";"Nublado";"Simples";"Reta";"Não";2;0;0;1;1;0;1;2;"-20.29814971";"-42.25292916";"SR-MG";"DEL4/6";"UOP04/MG"
199086;2019-03-20;"4";"20:00:00";"MG";153;57;"MONTE ALEGRE DE MINAS";"Velocidade Incompatível";"Saída de leito carroçável";"Sem Vítimas";"Plena Noite";"Crescente";"Céu Claro";"Dupla";"Reta";"Não";1;0;0;0;0;1;0;1;"-18.87131545";"-49.0623664";"SR-MG";"DEL4/15";"UOP03/MG"
199087;2019-03-24;"1";"21:30:00";"SC";101;195,1;"BIGUACU";"Ingestão de Álcool";"Colisão traseira";"Sem Vítimas";"Plena Noite";"Decrescente";"Céu Claro";"Dupla";"Reta";"Não";2;0;0;0;2;0;0;2;"-27.5047092";"-48.65010819";"SR-SC";"DEL8/1";"UOP01/SC"
199088;2019-03-24;"1";"21:15:00";"PR";277;3;"PARANAGUA";"Ingestão de Álcool";"Atropelamento de Pedestre";"Com Vítimas Feridas";"Plena Noite";"Crescente";"Céu Claro";"Múltipla";"Reta";"Sim";2;0;1;0;1;0;1;1;"-25.568198";"-48.615292";"SR-PR";"DEL7/1";"UOP07/PR"
199089;2019-03-24;"1";"20:30:00";"SP";381;38;"ATIBAIA";"Desobediência às normas de trânsito pelo pedestre";"Atropelamento de Pedestre";"Com Vítimas Feridas";"Plena Noite";"Decrescente";"Céu Claro";"Múltipla";"Reta";"Sim";2;0;0;1;1;0;1;1;"-23.1133221";"-46.57174974";"SR-SP";"DEL6/3";"UOP02/SP"
199090;2019-03-24;"1";"21:05:00";"CE";20;428;"FORTALEZA";"Velocidade Incompatível";"Saída de leito carroçável";"Sem Vítimas";"Plena Noite";"Crescente";"Nublado";"Dupla";"Curva";"Não";1;0;0;0;1;0;0;1;"-3.860594";"-38.536718";"SR-CE";"DEL16/1";"UOP02/CE"
199091;2019-03-24;"1";"22:10:00";"SP";116;13,4;"QUELUZ";"Falta de Atenção à Condução";"Colisão lateral";"Com Vítimas Feridas";"Plena Noite";"Crescente";"Céu Claro";"Dupla";"Curva";"Não";3;0;0;1;2;0;1;2;"-22.55124414";"-44.8118935";"SR-SP";"DEL6/8";"UOP01/SP"
199092;2019-03-24;"1";"20:25:00";"PI";316;315,8;"PICOS";"Falta de Atenção à Condução";"Colisão traseira";"Com Vítimas Feridas";"Plena Noite";"Decrescente";"Céu Claro";"Simples";"Reta";"Sim";2;0;0;1;1;0;1;2;"-7.07951262";"-41.43236492";"SR-PI";"DEL17/4";"UOP01/PI"
199093;2019-03-24;"1";"22:20:00";"RS";116;0;"PORTO ALEGRE";"Falta de Atenção à Condução";"Colisão traseira";"Com Vítimas Feridas";"Plena Noite";"Decrescente";"Céu Claro";"Dupla";"Reta";"Sim";2;0;1;0;1;0;1;2;"-29.9704083";"-51.17639393";"SR-RS";"DEL9/5";"UOP03/RS"
199094;2019-03-24;"1";"20:30:00";"MG";262;447,5;"NOVA SERRANA";"Pista Escorregadia";"Saída de leito carroçável";"Com Vítimas Feridas";"Plena Noite";"Decrescente";"Chuva";"Simples";"Reta";"Não";1;0;1;0;0;0;1;1;"-19.85605416";"-45.01656532";"SR-MG";"DEL4/8";"UOP03/MG"
199095;2019-03-24;"1";"21:00:00";"RJ";101;206;"CASIMIRO DE ABREU";"Ingestão de Álcool";"Atropelamento de Pedestre";"Com Vítimas Feridas";"Plena Noite";"Crescente";"Nublado";"Simples";"Interseção de vias";"Sim";2;0;1;0;1;0;1;2;"-22.47673341";"-42.2017251";"SR-RJ";"DEL5/2";"UOP04/RJ"
199096;2019-03-24;"1";"22:15:00";"RS";116;241;"NOVO HAMBURGO";"Avarias e/ou desgaste excessivo no pneu";"Tombamento";"Com Vítimas Feridas";"Plena Noite";"Crescente";"Nublado";"Múltipla";"Reta";"Não";2;0;2;0;0;0;2;1;"-29.71396796";"-51.1476744";"SR-RS";"DEL9/1";"UOP02/RS"
199097;2019-03-24;"1";"22:15:00";"BA";324;621;"SALVADOR";"Fenômenos da Natureza";"Capotamento";"Com Vítimas Feridas";"Plena Noite";"Decrescente";"Nublado";"Dupla";"Reta";"Sim";1;0;1;0;0;0;1;1;"-12.91233708";"-38.45956983";"SR-BA";"DEL10/1";"UOP01/BA"
199098;2019-03-24;"1";"20:20:00";"RO";364;374,9;"OURO PRETO DO OESTE";"Fenômenos da Natureza";"Queda de ocupante de veículo";"Com Vítimas Feridas";"Plena Noite";"Crescente";"Chuva";"Simples";"Reta";"Não";1;0;1;0;0;0;1;1;"-10.73903309";"-62.18624722";"SR-RO";"DEL21/2";"UOP01/RO"
199099;2019-03-24;"1";"22:18:00";"PE";232;145;"SAO CAITANO";"Velocidade Incompatível";"Colisão com objeto estático";"Com Vítimas Feridas";"Plena Noite";"Crescente";"Céu Claro";"Dupla";"Rotatória";"Não";4;0;0;1;0;3;1;4;"-8.32868";"-36.120811";"SR-PE";"DEL11/2";"UOP02/PE"
199100;2019-03-24;"1";"21:30:00";"RJ";116;175;"NOVA IGUACU";"Desobediência às normas de trânsito pelo condutor";"Queda de ocupante de veículo";"Com Vítimas Feridas";"Plena Noite";"Crescente";"Céu Claro";"Múltipla";"Reta";"Sim";1;0;0;1;0;0;1;1;"-22.78923555";"-43.37275272";"SR-RJ";"DEL5/1";"UOP02/RJ"
199101;2019-03-24;"1";"20:30:00";"SC";280;202,7;"MAFRA";"Falta de Atenção do Pedestre";"Atropelamento de Pedestre";"Com Vítimas Fatais";"Plena Noite";"Decrescente";"Céu Claro";"Simples";"Reta";"Não";2;1;0;0;1;0;0;1;"-26.1696856";"-50.09236594";"SR-SC";"DEL8/6";"UOP01/SC"
199102;2019-03-24;"1";"23:00:00";"RN";101;94;"NATAL";"Não guardar distância de segurança";"Colisão traseira";"Com Vítimas Feridas";"Plena Noite";"Crescente";"Céu Claro";"Múltipla";"Reta";"Sim";3;0;1;0;2;0;1;2;"-5.83176615";"-35.21191342";"SR-RN";"DEL15/1";"UOP01/RN"
199104;2019-03-24;"1";"22:30:00";"RJ";493;0,7;"ITABORAI";"Desobediência às normas de trânsito pelo condutor";"Colisão lateral";"Com Vítimas Feridas";"Plena Noite";"Decrescente";"Nublado";"Simples";"Reta";"Sim";7;0;1;0;5;1;1;2;"-22.767155";"-42.92262023";"SR-RJ";"DEL5/4";"UOP02/RJ"
199105;2019-03-24;"1";"16:00:00";"MT";163;812;"SINOP";"Falta de Atenção à Condução";"Queda de ocupante de veículo";"Com Vítimas Feridas";"Pleno dia";"Crescente";"Céu Claro";"Simples";"Reta";"Não";2;0;2;0;0;0;2;1;"-12.18814067";"-55.53087854";"SR-MT";"DEL2/6";"UOP01/MT"
199106;2019-03-24;"1";"22:30:00";"PR";369;176;"ROLANDIA";"Desobediência às normas de trânsito pelo pedestre";"Atropelamento de Pedestre";"Com Vítimas Feridas";"Plena Noite";"Crescente";"Céu Claro";"Simples";"Não Informado";"Sim";3;0;0;1;1;1;1;1;"-23.33690232";"-51.38832266";"SR-PR";"DEL7/7";"UOP01/PR"
199107;2019-03-24;"1";"20:30:00";"PB";230;477;"MARIZOPOLIS";"Falta de Atenção à Condução";"Colisão traseira";"Com Vítimas Feridas";"Plena Noite";"Crescente";"Nublado";"Simples";"Desvio Temporário";"Não";6;0;0;6;0;0;6;2;"-6.8432";"-38.3351";"SR-PB";"DEL14/3";"UOP03/PB"
199108;2019-03-24;"1";"20:30:00";"SC";116;215,6;"PONTE ALTA";"Defeito Mecânico no Veículo";"Queda de ocupante de veículo";"Com Vítimas Feridas";"Plena Noite";"Decrescente";"Nublado";"Simples";"Reta";"Não";2;0;1;1;0;0;2;1;"-27.538325";"-50.376366";"SR-SC";"DEL8/5";"UOP03/SC"