"id";"data_inversa";"dia_semana";"horario";"uf";"br";"km";"municipio";"causa_acidente";"tipo_acidente";"classificacao_acidente";"fase_dia";"sentido_via";"condicao_metereologica";"tipo_pista";"tracado_via";"uso_solo";"pessoas";"mortos";"feridos_leves";"feridos_graves";"ilesos";"ignorados";"feridos";"veiculos";"latitude";"longitude";"regional";"delegacia";"uop"
199109;2019-03-24;"1";"23:00:00";"RS";471;168;"RIO PARDO";"Ingestão de Álcool";"Colisão frontal";"Com Vítimas Feridas";"Plena Noite";"Crescente";"Nublado";"Simples";"Reta";"Não";2;0;1;0;1;0;1;2;"-29.971069";"-52.370651";"SR-RS";"DEL9/2";"UOP03/RS"
199110;2019-03-24;"1";"21:30:00";"RJ";116;37,6;"SAPUCAIA";"Ingestão de Álcool";"Colisão frontal";"Com Vítimas Feridas";"Plena Noite";"Crescente";"Céu Claro";"Simples";"Não Informado";"Não";3;0;0;1;2;0;1;2;"-22.10884271";"-42.78535659";"SR-RJ";"DEL5/4";"UOP01/RJ"
199111;2019-03-24;"1";"21:45:00";"SC";282;507;"XANXERE";"Falta de Atenção à Condução";"Colisão lateral";"Com Vítimas Feridas";"Plena Noite";"Crescente";"Céu Claro";"Dupla";"Interseção de vias";"Sim";3;0;0;1;1;1;1;2;"-26.886171";"-52.43911";"SR-SC";"DEL7";"UOP01/SC"
199112;2019-03-24;"1";"21:00:00";"SC";282;518,6;"XAXIM";"Falta de Atenção à Condução";"Saída de leito carroçável";"Sem Vítimas";"Plena Noite";"Decrescente";"Céu Claro";"Simples";"Curva";"Não";1;0;0;0;1;0;0;1;"-26.94540873";"-52.51280308";"SR-SC";"DEL7";"UOP01/SC"
199113;2019-03-24;"1";"21:05:00";"SC";282;518,6;"XAXIM";"Ingestão de álcool e/ou substâncias psicoativas pelo pedestre";"Atropelamento de Pedestre";"Com Vítimas Feridas";"Plena Noite";"Decrescente";"Céu Claro";"Simples";"Reta";"Não";2;0;0;1;1;0;1;2;"-26.94548525";"-52.51293182";"SR-SC";"DEL7";"UOP01/SC"
199115;2019-03-24;"1";"22:30:00";"MT";163;104,9;"RONDONOPOLIS";"Falta de Atenção à Condução";"Colisão traseira";"Com Vítimas Feridas";"Plena Noite";"Crescente";"Céu Claro";"Dupla";"Curva";"Não";4;0;1;0;3;0;1;2;"-16.6287819";"-54.69729761";"SR-MT";"DEL2/2";"UOP01/MT"
199116;2019-03-24;"1";"16:00:00";"MT";364;484;"JANGADA";"Ingestão de Álcool";"Saída de leito carroçável";"Sem Vítimas";"Pleno dia";"Decrescente";"Sol";"Simples";"Reta";"Não";1;0;0;0;1;0;0;1;"-15.37386488";"-56.40350683";"SR-MT";"DEL2/4";"UOP02/MT"
199117;2019-03-25;"2";"00:00:00";"SC";101;206,1;"SAO JOSE";"Não guardar distância de segurança";"Colisão traseira";"Com Vítimas Feridas";"Plena Noite";"Decrescente";"Nublado";"Múltipla";"Reta";"Sim";2;0;1;0;0;1;1;2;"-27.59193546";"-48.61824557";"SR-SC";"DEL8/1";"UOP01/SC"
199118;2019-03-24;"1";"21:30:00";"MG";116;802,7;"ALEM PARAIBA";"Falta de Atenção à Condução";"Colisão com objeto estático";"Com Vítimas Feridas";"Plena Noite";"Crescente";"Ignorado";"Simples";"Não Informado";"Não";1;0;0;1;0;0;1;1;"-21.78236392";"-42.72264454";"SR-MG";"DEL4/7";"UOP01/MG"
199119;2019-03-25;"2";"00:30:00";"PE";407;124;"PETROLINA";"Ingestão de Álcool";"Colisão com objeto estático";"Com Vítimas Feridas";"Plena Noite";"Crescente";"Céu Claro";"Simples";"Curva";"Sim";1;0;0;1;0;0;1;1;"-9.36929881";"-40.54137139";"SR-PE";"DEL11/6";"UOP01/PE"
199120;2019-03-24;"1";"19:28:00";"PR";376;624;"SAO JOSE DOS PINHAIS";"Falta de Atenção à Condução";"Saída de leito carroçável";"Sem Vítimas";"Plena Noite";"Decrescente";"Nublado";"Dupla";"Não Informado";"Não";1;0;0;0;1;0;0;1;"-25.64336599";"-49.15942795";"SR-PR";"DEL7/1";"UOP01/PR"
199121;2019-03-24;"1";"23:45:00";"SC";282;345,5;"CAMPOS NOVOS";"Ingestão de Álcool";"Colisão com objeto estático";"Com Vítimas Feridas";"Plena Noite";"Crescente";"Céu Claro";"Simples";"Reta";"Não";2;0;0;2;0;0;2;1;"-27.374619";"-51.247044";"SR-SC";"DEL7";"UOP08/SC"
199122;2019-03-25;"2";"00:50:00";"PI";343;4,6;"TERESINA";"Ingestão de Álcool";"Colisão traseira";"Com Vítimas Feridas";"Plena Noite";"Crescente";"Chuva";"Múltipla";"Ponte";"Sim";2;0;1;0;1;0;1;2;"-5.0825659";"-42.79483795";"SR-PI";"DEL17/1";"UOP01/PI"
199123;2019-03-25;"2";"01:10:00";"ES";101;8,5;"PEDRO CANARIO";"Falta de Atenção à Condução";"Saída de leito carroçável";"Com Vítimas Feridas";"Plena Noite";"Decrescente";"Nublado";"Simples";"Reta";"Não";1;0;0;1;0;0;1;1;"-18.23027961";"-39.95278417";"SR-ES";"DEL12/4";"UOP02/ES"
199124;2019-03-24;"1";"19:30:00";"BA";242;331;"LENCOIS";"Falta de Atenção à Condução";"Atropelamento de Pedestre";"Com Vítimas Fatais";"Plena Noite";"Decrescente";"Chuva";"Simples";"Reta";"Não";2;1;0;0;1;0;0;2;"-12.49073063";"-41.15861911";"SR-BA";"DEL10/6";"UOP01/BA"
199126;2019-03-25;"2";"03:25:00";"RS";386;351,2;"ESTRELA";"Condutor Dormindo";"Saída de leito carroçável";"Com Vítimas Feridas";"Plena Noite";"Decrescente";"Céu Claro";"Dupla";"Não Informado";"Não";1;0;1;0;0;0;1;1;"-29.49381257";"-51.95099831";"SR-RS";"DEL9/4";"UOP01/RS"
199127;2019-03-25;"2";"00:25:00";"MG";262;19,9;"REDUTO";"Ingestão de Álcool";"Colisão frontal";"Com Vítimas Feridas";"Plena Noite";"Crescente";"Céu Claro";"Simples";"Curva";"Não";6;0;3;3;0;0;6;2;"-20.24812441";"-41.90211694";"SR-MG";"DEL4/6";"UOP04/MG"
199128;2019-03-24;"1";"23:00:00";"GO";414;341;"COCALZINHO DE GOIAS";"Ingestão de Álcool";"Colisão frontal";"Com Vítimas Feridas";"Plena Noite";"Crescente";"Chuva";"Simples";"Reta";"Não";4;0;0;3;1;0;3;2;"-15.53936825";"-48.62308502";"SR-GO";"DEL1/2";"UOP01/GO"
199130;2019-03-25;"2";"02:00:00";"BA";367;28,6;"PORTO SEGURO";"Ingestão de Álcool";"Colisão lateral";"Sem Vítimas";"Plena Noite";"Decrescente";"Céu Claro";"Simples";"Curva";"Não";3;0;0;0;3;0;0;2;"-16.41760283";"-39.10888793";"SR-BA";"DEL10/9";"UOP01/BA"
199131;2019-03-24;"1";"23:00:00";"BA";101;725;"ITABELA";"Falta de Atenção à Condução";"Tombamento";"Com Vítimas Feridas";"Plena Noite";"Decrescente";"Nublado";"Simples";"Curva";"Não";2;0;0;1;1;0;1;2;"-16.59628792";"-39.55057482";"SR-BA";"DEL10/9";"UOP01/BA"
199132;2019-02-24;"1";"16:40:00";"PB";230;239,5;"JUAZEIRINHO";"Desobediência às normas de trânsito pelo pedestre";"Atropelamento de Pedestre";"Com Vítimas Feridas";"Pleno dia";"Decrescente";"Sol";"Simples";"Reta";"Sim";2;0;0;1;1;0;1;1;"-7.0595";"-36.555";"SR-PB";"DEL14/2";"UOP02/PB"
199133;2019-03-25;"2";"05:00:00";"SE";101;180,6;"UMBAUBA";"Ingestão de Álcool";"Queda de ocupante de veículo";"Com Vítimas Feridas";"Amanhecer";"Crescente";"Nublado";"Simples";"Reta";"Não";1;0;0;1;0;0;1;1;"-11.36478008";"-37.63993699";"SR-SE";"DEL20/2";"UOP03/SE"
199134;2019-03-25;"2";"06:00:00";"SC";282;17;"PALHOCA";"Falta de Atenção à Condução";"Colisão traseira";"Sem Vítimas";"Amanhecer";"Decrescente";"Céu Claro";"Simples";"Reta";"Não";3;0;0;0;3;0;0;3;"-27.665707";"-48.688065";"SR-SC";"DEL8/1";"UOP02/SC"
199135;2019-03-25;"2";"01:15:00";"GO";153;510;"APARECIDA DE GOIANIA";"Defeito Mecânico no Veículo";"Tombamento";"Com Vítimas Feridas";"Plena Noite";"Decrescente";"Nublado";"Dupla";"Reta";"Sim";2;0;1;1;0;0;2;1;"-16.7977";"-49.2386";"SR-GO";"DEL1/1";"UOP03/GO"
199136;2019-03-25;"2";"06:00:00";"TO";153;154;"ARAGUAINA";"Falta de Atenção à Condução";"Atropelamento de Pedestre";"Com Vítimas Feridas";"Amanhecer";"Crescente";"Nublado";"Simples";"Reta";"Não";2;0;2;0;0;0;2;1;"-7.27973969";"-48.27188825";"SR-TO";"UOP04/TO";""
199137;2019-03-25;"2";"06:30:00";"SC";282;17;"PALHOCA";"Falta de Atenção à Condução";"Colisão traseira";"Com Vítimas Feridas";"Amanhecer";"Decrescente";"Céu Claro";"Simples";"Reta";"Não";2;0;1;0;1;0;1;2;"-27.665707";"-48.688065";"SR-SC";"DEL8/1";"UOP02/SC"
199139;2019-03-24;"1";"22:50:00";"RS";392;5,2;"RIO GRANDE";"Falta de Atenção à Condução";"Colisão lateral";"Sem Vítimas";"Plena Noite";"Crescente";"Céu Claro";"Simples";"Reta";"Não";3;0;0;0;3;0;0;2;"-32.07687877";"-52.10166627";"SR-RS";"DEL9/7";"UOP02/RS"
199140;2019-03-25;"2";"03:40:00";"SC";282;587,5;"SAUDADES";"Ingestão de Álcool";"Saída de leito carroçável";"Sem Vítimas";"Plena Noite";"Decrescente";"Céu Claro";"Simples";"Curva";"Não";1;0;0;0;1;0;0;1;"-26.830677";"-53.04443";"SR-SC";"DEL7";"UOP02/SC"
199142;2019-03-25;"2";"05:32:00";"PA";316;99;"SANTA MARIA DO PARA";"Ultrapassagem Indevida";"Colisão transversal";"Com Vítimas Feridas";"Plena Noite";"Crescente";"Nevoeiro/Neblina";"Simples";"Desvio Temporário";"Não";5;0;1;0;4;0;1;2;"-1.33574782";"-47.60032654";"SR-PA";"DEL19/1";"UOP03/PA"
199143;2019-03-25;"2";"07:00:00";"RS";116;514,1;"PELOTAS";"Defeito Mecânico no Veículo";"Colisão com objeto estático";"Com Vítimas Feridas";"Pleno dia";"Crescente";"Céu Claro";"Simples";"Reta";"Sim";1;0;1;0;0;0;1;1;"-31.65213506";"-52.33684672";"SR-RS";"DEL9/7";"UOP01/RS"
199144;2019-03-24;"1";"23:00:00";"BA";330;804;"UBATA";"Falta de Atenção à Condução";"Saída de leito carroçável";"Com Vítimas Feridas";"Plena Noite";"Crescente";"Chuva";"Simples";"Curva";"Sim";6;0;5;1;0;0;6;1;"-14.21069";"-39.523425";"SR-BA";"DEL10/3";"UOP01/BA"
199145;2019-03-25;"2";"07:30:00";"SC";101;199;"BIGUACU";"Desobediência às normas de trânsito pelo condutor";"Colisão transversal";"Com Vítimas Feridas";"Pleno dia";"Crescente";"Céu Claro";"Dupla";"Reta";"Não";2;0;0;1;1;0;1;2;"-27.53413705";"-48.63003205";"SR-SC";"DEL8/1";"UOP01/SC"
199146;2019-03-25;"2";"03:00:00";"RO";364;456;"JARU";"Velocidade Incompatível";"Tombamento";"Sem Vítimas";"Plena Noite";"Crescente";"Céu Claro";"Simples";"Curva";"Não";1;0;0;0;1;0;0;1;"-10.26727425";"-62.69772512";"SR-RO";"DEL21/3";"UOP02/RO"
199147;2019-03-25;"2";"07:45:00";"PR";376;178;"MARINGA";"Falta de Atenção à Condução";"Colisão com objeto estático";"Com Vítimas Feridas";"Pleno dia";"Crescente";"Céu Claro";"Dupla";"Reta";"Não";2;0;0;1;0;1;1;2;"-23.41690334";"-51.92046404";"SR-PR";"DEL7/7";"UOP04/PR"
199148;2019-03-25;"2";"07:50:00";"PR";277;591;"CASCAVEL";"Desobediência às normas de trânsito pelo condutor";"Tombamento";"Com Vítimas Feridas";"Pleno dia";"Crescente";"Céu Claro";"Simples";"Reta";"Sim";1;0;1;0;0;0;1;1;"-24.98473242";"-53.46501885";"SR-PR";"DEL7/4";"UOP01/PR"
199149;2019-03-24;"1";"19:45:00";"RS";290;347,3;"SAO SEPE";"Animais na Pista";"Atropelamento de Animal";"Sem Vítimas";"Plena Noite";"Crescente";"Nublado";"Simples";"Reta";"Não";3;0;0;0;3;0;0;1;"-30.365965";"-53.643803";"SR-RS";"DEL9/9";"UOP02/RS"
199150;2019-03-25;"2";"07:00:00";"GO";60;31;"ALEXANIA";"Animais na Pista";"Atropelamento de Animal";"Com Vítimas Feridas";"Pleno dia";"Decrescente";"Nublado";"Dupla";"Reta";"Sim";1;0;1;0;0;0;1;1;"-16.0963";"-48.5202";"SR-DF";"GO";"UOP03/DF"
199151;2019-03-25;"2";"07:30:00";"PE";316;21,9;"ARARIPINA";"Desobediência às normas de trânsito pelo condutor";"Colisão transversal";"Com Vítimas Feridas";"Pleno dia";"Crescente";"Nublado";"Simples";"Reta";"Sim";3;0;1;0;1;1;1;2;"-7.56839315";"-40.52717307";"SR-PE";"DEL11/5";"UOP02/PE"
199152;2019-03-25;"2";"07:50:00";"SC";101;208,6;"SAO JOSE";"Velocidade Incompatível";"Tombamento";"Com Vítimas Feridas";"Pleno dia";"Crescente";"Céu Claro";"Dupla";"Não Informado";"Sim";1;0;1;0;0;0;1;1;"-27.6056666";"-48.63141537";"SR-SC";"DEL8/1";"UOP01/SC"
199153;2019-03-25;"2";"06:35:00";"SC";280;102,2;"SAO BENTO DO SUL";"Restrição de Visibilidade";"Colisão lateral";"Com Vítimas Feridas";"Amanhecer";"Crescente";"Nevoeiro/Neblina";"Simples";"Reta";"Não";4;0;4;0;0;0;4;2;"-26.37158361";"-49.33137101";"SR-SC";"DEL8/6";"UOP03/SC"
199155;2019-03-25;"2";"07:30:00";"BA";135;180;"RIACHAO DAS NEVES";"Animais na Pista";"Atropelamento de Animal";"Com Vítimas Feridas";"Pleno dia";"Crescente";"Chuva";"Simples";"Reta";"Não";2;0;1;0;1;0;1;1;"-11.6320099";"-44.84833423";"SR-BA";"DEL10/10";"UOP01/BA"
199157;2019-03-25;"2";"08:20:00";"ES";262;1,4;"CARIACICA";"Falta de Atenção do Pedestre";"Atropelamento de Pedestre";"Com Vítimas Feridas";"Pleno dia";"Decrescente";"Céu Claro";"Dupla";"Reta";"Sim";4;0;1;1;1;1;2;2;"-20.32955204";"-40.35492602";"SR-ES";"DEL12/1";"UOP01/ES"
199158;2019-03-25;"2";"08:25:00";"SC";101;215;"PALHOCA";"Falta de Atenção à Condução";"Colisão lateral";"Com Vítimas Feridas";"Pleno dia";"Decrescente";"Sol";"Dupla";"Curva";"Sim";3;0;2;0;1;0;2;2;"-27.65184843";"-48.67604941";"SR-SC";"DEL8/1";"UOP02/SC"
199159;2019-03-25;"2";"08:30:00";"PR";476;94,1;"BOCAIUVA DO SUL";"Falta de Atenção à Condução";"Colisão transversal";"Com Vítimas Feridas";"Pleno dia";"Crescente";"Céu Claro";"Simples";"Reta";"Sim";3;0;2;0;1;0;2;2;"-25.21765711";"-49.11534548";"SR-PR";"DEL7/1";"UOP06/PR"
199160;2019-03-25;"2";"07:40:00";"BA";116;827,3;"VITORIA DA CONQUISTA";"Não guardar distância de segurança";"Engavetamento";"Com Vítimas Feridas";"Pleno dia";"Decrescente";"Céu Claro";"Simples";"Reta";"Sim";3;0;1;0;2;0;1;3;"-14.88643";"-40.85953";"SR-BA";"DEL10/8";"UOP01/BA"
199161;2019-03-25;"2";"07:00:00";"CE";222;223;"SOBRAL";"Velocidade Incompatível";"Saída de leito carroçável";"Com Vítimas Feridas";"Pleno dia";"Decrescente";"Nublado";"Simples";"Rotatória";"Não";1;0;1;0;0;0;1;1;"-3.71763404";"-40.33424377";"SR-CE";"DEL16/4";"UOP01/CE"
199162;2019-03-25;"2";"08:30:00";"RJ";40;98;"DUQUE DE CAXIAS";"Desobediência às normas de trânsito pelo condutor";"Colisão transversal";"Com Vítimas Feridas";"Pleno dia";"Crescente";"Céu Claro";"Simples";"Reta";"Não";2;0;0;1;1;0;1;2;"-22.57773682";"-43.27329036";"SR-RJ";"DEL5/6";"UOP03/RJ"
199163;2019-03-25;"2";"08:50:00";"PE";232;90,9;"SAIRE";"Defeito Mecânico no Veículo";"Colisão com objeto estático";"Com Vítimas Feridas";"Pleno dia";"Crescente";"Nublado";"Dupla";"Reta";"Não";1;0;1;0;0;0;1;1;"-8.2172915";"-35.65572305";"SR-PE";"DEL11/1";"UOP04/PE"
199164;2019-03-25;"2";"08:05:00";"PB";104;129,5;"QUEIMADAS";"Não guardar distância de segurança";"Engavetamento";"Com Vítimas Feridas";"Amanhecer";"Decrescente";"Céu Claro";"Simples";"Reta";"Sim";4;0;1;0;3;0;1;4;"-7.31674795";"-35.89500926";"SR-PB";"DEL14/2";"UOP01/PB"
199165;2019-03-20;"4";"18:30:00";"CE";222;297,8;"TIANGUA";"Velocidade Incompatível";"Saída de leito carroçável";"Com Vítimas Feridas";"Plena Noite";"Decrescente";"Chuva";"Simples";"Não Informado";"Não";2;0;1;1;0;0;2;1;"-3.65826065";"-40.92482891";"SR-CE";"DEL16/4";"UOP02/CE"
199166;2019-03-25;"2";"06:40:00";"MG";40;530;"CONTAGEM";"Agressão Externa";"Colisão traseira";"Com Vítimas Feridas";"Pleno dia";"Crescente";"Céu Claro";"Dupla";"Não Informado";"Sim";2;0;1;0;1;0;1;2;"-19.92064782";"-44.0335681";"SR-MG";"DEL4/1";"UOP03/MG"
199167;2019-03-25;"2";"08:23:00";"RJ";116;163,4;"RIO DE JANEIRO";"Falta de Atenção à Condução";"Colisão lateral";"Com Vítimas Feridas";"Pleno dia";"Decrescente";"Nublado";"Dupla";"Curva";"Sim";2;0;1;0;1;0;1;2;"-22.802729";"-43.290424";"SR-RJ";"DEL5/1";"UOP02/RJ"
199168;2019-03-25;"2";"06:40:00";"PB";230;81,1;"CALDAS BRANDAO";"Não guardar distância de segurança";"Colisão traseira";"Sem Vítimas";"Pleno dia";"Decrescente";"Céu Claro";"Dupla";"Desvio Temporário";"Sim";2;0;0;0;2;0;0;2;"-7.1785";"-35.3219";"SR-PB";"DEL14/1";"UOP02/PB"
199169;2019-03-25;"2";"07:20:00";"PB";230;19;"JOAO PESSOA";"Falta de Atenção à Condução";"Tombamento";"Com Vítimas Feridas";"Pleno dia";"Crescente";"Céu Claro";"Dupla";"Reta";"Sim";1;0;1;0;0;0;1;1;"-7.1281";"-34.8466";"SR-PB";"DEL14/1";"UOP00/PB"
199170;2019-03-25;"2";"08:50:00";"PR";476;136,2;"CURITIBA";"Falta de Atenção à Condução";"Colisão traseira";"Com Vítimas Feridas";"Pleno dia";"Decrescente";"Céu Claro";"Dupla";"Não Informado";"Sim";3;0;1;0;2;0;1;3;"-25.491047";"-49.271679";"SR-PR";"DEL7/1";"UOP03/PR"
199171;2019-03-25;"2";"08:16:00";"RO";364;343;"JI-PARANA";"Falta de Atenção do Pedestre";"Atropelamento de Pedestre";"Com Vítimas Feridas";"Pleno dia";"Crescente";"Sol";"Dupla";"Reta";"Sim";2;0;1;0;1;0;1;1;"-10.87878519";"-61.94499012";"SR-RO";"DEL21/2";"UOP01/RO"
199172;2019-03-25;"2";"07:50:00";"PB";230;22;"JOAO PESSOA";"Não guardar distância de segurança";"Colisão lateral";"Com Vítimas Feridas";"Pleno dia";"Decrescente";"Sol";"Dupla";"Reta";"Sim";2;0;1;0;0;1;1;2;"-7.1495";"-34.8517";"SR-PB";"DEL14/1";"UOP00/PB"
199173;2019-03-25;"2";"08:15:00";"RO";364;515;"ARIQUEMES";"Falta de Atenção à Condução";"Queda de ocupante de veículo";"Com Vítimas Feridas";"Pleno dia";"Crescente";"Céu Claro";"Simples";"Rotatória";"Não";1;0;1;0;0;0;1;1;"-9.915961";"-63.05532";"SR-RO";"DEL21/3";"UOP01/RO"
199174;2019-03-24;"1";"16:00:00";"PI";20;41,9;"SAO RAIMUNDO NONATO";"Velocidade Incompatível";"Saída de leito carroçável";"Com Vítimas Fatais";"Pleno dia";"Decrescente";"Chuva";"Simples";"Reta";"Não";1;1;0;0;0;0;0;1;"-9.018392";"-42.673634";"SR-PI";"DEL17/3";"UOP01/PI"
199175;2019-03-09;"7";"14:00:00";"MT";163;621;"NOVA MUTUM";"Não guardar distância de segurança";"Colisão traseira";"Com Vítimas Feridas";"Pleno dia";"Decrescente";"Céu Claro";"Simples";"Reta";"Não";3;0;1;0;2;0;1;2;"-13.60312693";"-56.0";"SR-MT";"DEL2/4";"UOP01/MT"
199176;2019-03-25;"2";"10:00:00";"PA";308;174;"TRACUATEUA";"Ultrapassagem Indevida";"Saída de leito carroçável";"Com Vítimas Feridas";"Pleno dia";"Decrescente";"Chuva";"Simples";"Não Informado";"Não";5;0;3;0;1;1;3;2;"-1.1661187";"-46.99043033";"SR-PA";"DEL19/1";"UOP04/PA"
199177;2019-03-25;"2";"06:50:00";"MG";116;503,4;"INHAPIM";"Falta de Atenção à Condução";"Colisão transversal";"Com Vítimas Fatais";"Pleno dia";"Crescente";"Céu Claro";"Simples";"Desvio Temporário";"Não";3;1;1;0;0;1;1;2;"-19.58559493";"-42.11244886";"SR-MG";"DEL4/6";"UOP02/MG"
199178;2019-03-25;"2";"08:30:00";"PA";316;94;"SAO FRANCISCO DO PARA";"Falta de Atenção à Condução";"Colisão transversal";"Com Vítimas Feridas";"Pleno dia";"Crescente";"Nublado";"Simples";"Reta";"Não";6;0;2;2;2;0;4;2;"-1.32568297";"-47.656705";"SR-PA";"DEL19/1";"UOP03/PA"
199179;2019-03-25;"2";"09:40:00";"BA";110;398;"SAO SEBASTIAO DO PASSE";"Animais na Pista";"Atropelamento de Animal";"Com Vítimas Feridas";"Pleno dia";"Decrescente";"Chuva";"Simples";"Reta";"Sim";1;0;1;0;0;0;1;1;"-12.50766107";"-38.49626949";"SR-BA";"DEL10/1";"UOP01/BA"
199180;2019-03-25;"2";"10:00:00";"GO";20;12;"FORMOSA";"Defeito Mecânico no Veículo";"Danos eventuais";"Sem Vítimas";"Pleno dia";"Decrescente";"Céu Claro";"Simples";"Reta";"Não";1;0;0;0;1;0;0;1;"-15.565637";"-47.249306";"SR-DF";"GO";"UOP04/DF"
199181;2019-03-25;"2";"10:00:00";"RS";290;178,2;"BUTIA";"Falta de Atenção à Condução";"Colisão traseira";"Com Vítimas Feridas";"Pleno dia";"Crescente";"Céu Claro";"Simples";"Reta";"Sim";2;0;1;0;1;0;1;2;"-30.134542";"-51.992455";"SR-RS";"DEL9/2";"UOP03/RS"
199182;2019-03-25;"2";"09:00:00";"RJ";116;111,7;"GUAPIMIRIM";"Condutor Dormindo";"Colisão traseira";"Com Vítimas Feridas";"Pleno dia";"Crescente";"Céu Claro";"Dupla";"Reta";"Não";2;0;1;0;1;0;1;2;"-22.56361029";"-42.99877167";"SR-RJ";"DEL5/4";"UOP02/RJ"
199183;2019-03-25;"2";"09:29:00";"RO";364;307,5;"PRESIDENTE MEDICI";"Desobediência às normas de trânsito pelo condutor";"Colisão transversal";"Com Vítimas Feridas";"Pleno dia";"Decrescente";"Sol";"Simples";"Interseção de vias";"Sim";3;0;0;1;2;0;1;2;"-11.17638101";"-61.90169334";"SR-RO";"DEL21/2";"UOP01/RO"
199184;2019-03-25;"2";"11:00:00";"GO";153;77;"PORANGATU";"Defeito Mecânico no Veículo";"Saída de leito carroçável";"Com Vítimas Feridas";"Pleno dia";"Decrescente";"Céu Claro";"Simples";"Reta";"Não";1;0;1;0;0;0;1;1;"-13.506414";"-49.125942";"SR-GO";"DEL1/7";"UOP01/GO"
199185;2019-03-21;"5";"19:00:00";"MG";50;174,9;"UBERABA";"Falta de Atenção do Pedestre";"Atropelamento de Pedestre";"Com Vítimas Feridas";"Plena Noite";"Crescente";"Garoa/Chuvisco";"Dupla";"Curva";"Sim";4;0;0;1;1;2;1;1;"-19.770817";"-47.973434";"SR-MG";"DEL13";"UOP01/MG"
199186;2019-03-25;"2";"10:50:00";"SC";101;41;"JOINVILLE";"Desobediência às normas de trânsito pelo condutor";"Colisão transversal";"Com Vítimas Feridas";"Pleno dia";"Decrescente";"Céu Claro";"Dupla";"Rotatória";"Sim";2;0;1;0;1;0;1;2;"-26.28215489";"-48.88973081";"SR-SC";"DEL8/3";"UOP01/SC"
199187;2019-03-25;"2";"10:35:00";"BA";242;369;"PALMEIRAS";"Pista Escorregadia";"Capotamento";"Com Vítimas Feridas";"Pleno dia";"Crescente";"Chuva";"Simples";"Curva";"Não";1;0;1;0;0;0;1;1;"-12.455256";"-41.483121";"SR-BA";"DEL10/6";"UOP01/BA"
199188;2019-03-25;"2";"10:54:00";"SP";116;205;"ARUJA";"Ingestão de Álcool";"Colisão lateral";"Com Vítimas Feridas";"Pleno dia";"Decrescente";"Céu Claro";"Dupla";"Reta";"Sim";2;0;1;0;1;0;1;2;"-23.41475243";"-46.36600788";"SR-SP";"DEL6/1";"UOP01/SP"
199189;2019-03-25;"2";"07:30:00";"RJ";495;28;"PETROPOLIS";"Falta de Atenção à Condução";"Colisão lateral";"Com Vítimas Feridas";"Pleno dia";"Decrescente";"Céu Claro";"Dupla";"Reta";"Sim";2;0;1;0;1;0;1;2;"-22.396297";"-43.120255";"SR-RJ";"DEL5/6";"UOP01/RJ"
199191;2019-03-25;"2";"10:40:00";"PB";230;16,9;"JOAO PESSOA";"Falta de Atenção à Condução";"Colisão traseira";"Sem Vítimas";"Pleno dia";"Decrescente";"Céu Claro";"Dupla";"Reta";"Sim";2;0;0;0;2;0;0;2;"-7.1039";"-34.8458";"SR-PB";"DEL14/1";"UOP00/PB"
199192;2019-03-25;"2";"11:20:00";"ES";101;147;"LINHARES";"Falta de Atenção à Condução";"Colisão traseira";"Sem Vítimas";"Pleno dia";"Crescente";"Céu Claro";"Múltipla";"Reta";"Não";2;0;0;0;2;0;0;2;"-19.37887202";"-40.06657892";"SR-ES";"DEL12/4";"UOP01/ES"
199193;2019-02-15;"6";"12:10:00";"PE";101;49,4;"ABREU E LIMA";"Falta de Atenção à Condução";"Colisão traseira";"Sem Vítimas";"Pleno dia";"Crescente";"Céu Claro";"Múltipla";"Reta";"Sim";2;0;0;0;2;0;0;2;"-7.9068";"-34.9013";"SR-PE";"DEL11/1";"UOP02/PE"
199194;2019-03-25;"2";"10:15:00";"GO";153;622,6;"MORRINHOS";"Condutor Dormindo";"Saída de leito carroçável";"Com Vítimas Feridas";"Pleno dia";"Decrescente";"Céu Claro";"Dupla";"Não Informado";"Não";1;0;1;0;0;0;1;1;"-17.7397";"-49.1575";"SR-GO";"DEL1/3";"UOP01/GO"
199195;2019-03-25;"2";"12:35:00";"PR";277;84;"CURITIBA";"Desobediência às normas de trânsito pelo condutor";"Colisão frontal";"Com Vítimas Fatais";"Pleno dia";"Decrescente";"Sol";"Dupla";"Viaduto";"Sim";3;1;1;0;1;0;1;3;"-25.44393438";"-49.23360622";"SR-PR";"DEL7/1";"UOP06/PR"
199196;2019-03-25;"2";"11:00:00";"RO";364;237,4;"CACOAL";"Desobediência às normas de trânsito pelo condutor";"Colisão traseira";"Com Vítimas Feridas";"Pleno dia";"Decrescente";"Sol";"Simples";"Interseção de vias";"Sim";2;0;0;1;1;0;1;2;"-11.44187657";"-61.44976258";"SR-RO";"DEL21/2";"UOP02/RO"
199197;2019-03-25;"2";"12:20:00";"ES";259;49,1;"COLATINA";"Falta de Atenção à Condução";"Tombamento";"Com Vítimas Feridas";"Pleno dia";"Crescente";"Sol";"Simples";"Interseção de vias";"Não";1;0;1;0;0;0;1;1;"-19.51263159";"-40.60413837";"SR-ES";"DEL12/2";"UOP01/ES"
199198;2019-03-25;"2";"11:40:00";"GO";60;53;"ABADIANIA";"Não guardar distância de segurança";"Saída de leito carroçável";"Com Vítimas Feridas";"Pleno dia";"Decrescente";"Céu Claro";"Dupla";"Curva";"Não";3;0;1;2;0;0;3;1;"-16.1737";"-48.6483";"SR-GO";"DEL1/2";"UOP01/GO"