"id";"data_inversa";"dia_semana";"horario";"uf";"br";"km";"municipio";"causa_acidente";"tipo_acidente";"classificacao_acidente";"fase_dia";"sentido_via";"condicao_metereologica";"tipo_pista";"tracado_via";"uso_solo";"pessoas";"mortos";"feridos_leves";"feridos_graves";"ilesos";"ignorados";"feridos";"veiculos";"latitude";"longitude";"regional";"delegacia";"uop"
199199;2019-03-25;"2";"09:00:00";"MG";262;795,5;"UBERABA";"Falta de Atenção à Condução";"Saída de leito carroçável";"Com Vítimas Feridas";"Pleno dia";"Crescente";"Céu Claro";"Simples";"Reta";"Não";4;0;3;0;0;1;3;1;"-19.76314949";"-47.85747528";"SR-MG";"DEL13";"UOP01/MG"
199200;2019-03-25;"2";"12:35:00";"PR";116;10,5;"COLOMBO";"Falta de Atenção à Condução";"Colisão traseira";"Com Vítimas Feridas";"Pleno dia";"Crescente";"Céu Claro";"Dupla";"Reta";"Sim";2;0;1;0;1;0;1;2;"-25.37262834";"-49.13950682";"SR-PR";"DEL7/1";"UOP01/PR"
199201;2019-03-25;"2";"12:10:00";"PB";230;23;"JOAO PESSOA";"Ingestão de Álcool";"Colisão traseira";"Sem Vítimas";"Pleno dia";"Decrescente";"Céu Claro";"Dupla";"Desvio Temporário";"Sim";2;0;0;0;2;0;0;2;"-7.1562";"-34.8574";"SR-PB";"DEL14/1";"UOP00/PB"
199203;2019-03-25;"2";"12:00:00";"SC";280;56,4;"GUARAMIRIM";"Falta de Atenção à Condução";"Colisão transversal";"Com Vítimas Feridas";"Pleno dia";"Crescente";"Céu Claro";"Simples";"Reta";"Sim";2;0;1;0;1;0;1;2;"-26.47947677";"-49.00298702";"SR-SC";"DEL8/3";"UOP03/SC"
199204;2019-03-25;"2";"12:05:00";"SC";280;55,5;"GUARAMIRIM";"Falta de Atenção à Condução";"Colisão traseira";"Sem Vítimas";"Pleno dia";"Crescente";"Céu Claro";"Simples";"Reta";"Sim";3;0;0;0;3;0;0;3;"-26.47773743";"-48.99805784";"SR-SC";"DEL8/3";"UOP03/SC"
199205;2019-03-25;"2";"12:50:00";"SC";470;133,2;"RIO DO SUL";"Falta de Atenção à Condução";"Colisão lateral";"Com Vítimas Feridas";"Pleno dia";"Crescente";"Céu Claro";"Simples";"Reta";"Não";2;0;1;0;0;1;1;2;"-27.174187";"-49.588497";"SR-SC";"DEL8/4";"UOP02/SC"
199206;2019-03-25;"2";"13:20:00";"RS";470;175,8;"VERANOPOLIS";"Falta de Atenção à Condução";"Colisão transversal";"Com Vítimas Feridas";"Pleno dia";"Decrescente";"Céu Claro";"Simples";"Reta";"Sim";2;0;0;1;1;0;1;2;"-28.91926201";"-51.53914905";"SR-RS";"DEL9/6";"UOP02/RS"
199208;2019-03-25;"2";"13:20:00";"TO";153;796,4;"TALISMA";"Falta de Atenção à Condução";"Colisão traseira";"Com Vítimas Feridas";"Pleno dia";"Crescente";"Nublado";"Simples";"Reta";"Sim";2;0;0;1;1;0;1;2;"-12.66032723";"-48.97556142";"SR-TO";"UOP01/TO";""
199209;2019-03-25;"2";"11:20:00";"PR";376;679;"GUARATUBA";"Sinalização da via insuficiente ou inadequada";"Colisão com objeto em movimento";"Com Vítimas Feridas";"Pleno dia";"Crescente";"Céu Claro";"Dupla";"Curva";"Não";2;0;1;0;1;0;1;2;"-25.95050276";"-48.90514477";"SR-PR";"DEL7/1";"UOP08/PR"
199210;2019-03-25;"2";"13:40:00";"RS";116;233,6;"NOVO HAMBURGO";"Falta de Atenção à Condução";"Colisão frontal";"Com Vítimas Feridas";"Pleno dia";"Decrescente";"Céu Claro";"Simples";"Ponte";"Sim";2;0;1;0;1;0;1;2;"-29.64746814";"-51.14367669";"SR-RS";"DEL9/1";"UOP02/RS"
199211;2019-03-25;"2";"12:30:00";"AL";101;133;"SAO MIGUEL DOS CAMPOS";"Falta de Atenção à Condução";"Colisão transversal";"Com Vítimas Feridas";"Pleno dia";"Crescente";"Céu Claro";"Simples";"Reta";"Sim";2;0;0;1;1;0;1;2;"-9.77267463";"-36.10116533";"SR-AL";"DEL13/2";"UOP01/AL"
199212;2019-03-25;"2";"12:30:00";"PR";277;302,4;"GUARAPUAVA";"Velocidade Incompatível";"Saída de leito carroçável";"Com Vítimas Feridas";"Pleno dia";"Decrescente";"Sol";"Simples";"Curva";"Não";1;0;1;0;0;0;1;1;"-25.41395537";"-51.55916231";"SR-PR";"DEL7/3";"UOP02/PR"
199214;2019-03-25;"2";"14:05:00";"PR";277;591,4;"CASCAVEL";"Desobediência às normas de trânsito pelo condutor";"Colisão lateral";"Com Vítimas Feridas";"Pleno dia";"Decrescente";"Céu Claro";"Simples";"Curva";"Sim";3;0;0;1;1;1;1;2;"-24.98473242";"-53.46501885";"SR-PR";"DEL7/4";"UOP01/PR"
199215;2019-02-17;"1";"09:30:00";"MG";365;281,4;"JOAO PINHEIRO";"Desobediência às normas de trânsito pelo condutor";"Colisão com objeto estático";"Com Vítimas Fatais";"Plena Noite";"Crescente";"Chuva";"Simples";"Reta";"Não";8;6;0;1;1;0;1;2;"-18.00863";"-45.62943";"SR-MG";"DEL4/10";"UOP01/MG"
199216;2019-03-25;"2";"13:25:00";"SP";116;336,7;"JUQUITIBA";"Falta de Atenção à Condução";"Colisão lateral";"Com Vítimas Feridas";"Pleno dia";"Crescente";"Céu Claro";"Dupla";"Reta";"Sim";4;0;1;0;3;0;1;2;"-23.975182";"-47.140694";"SR-SP";"DEL6/4";"UOP02/SP"
199217;2019-03-25;"2";"14:10:00";"PR";376;653,6;"TIJUCAS DO SUL";"Condutor Dormindo";"Saída de leito carroçável";"Com Vítimas Feridas";"Pleno dia";"Decrescente";"Nublado";"Dupla";"Curva";"Não";2;0;1;0;1;0;1;1;"-25.84420191";"-49.0604381";"SR-PR";"DEL7/1";"UOP08/PR"
199218;2019-03-25;"2";"14:05:00";"RN";304;235,5;"RIACHUELO";"Desobediência às normas de trânsito pelo condutor";"Colisão transversal";"Com Vítimas Fatais";"Pleno dia";"Decrescente";"Céu Claro";"Simples";"Interseção de vias";"Não";3;1;1;0;0;1;1;2;"-5.76792572";"-35.85918188";"SR-RN";"DEL15/1";"UOP02/RN"
199220;2019-03-25;"2";"13:20:00";"MG";116;410,8;"GOVERNADOR VALADARES";"Falta de Atenção à Condução";"Colisão traseira";"Com Vítimas Feridas";"Pleno dia";"Crescente";"Céu Claro";"Dupla";"Reta";"Sim";2;0;1;0;1;0;1;2;"-18.85478756";"-41.97606683";"SR-MG";"DEL4/6";"UOP01/MG"
199221;2019-03-25;"2";"14:40:00";"PE";232;22,2;"MORENO";"Defeito Mecânico no Veículo";"Colisão lateral";"Com Vítimas Fatais";"Pleno dia";"Crescente";"Sol";"Dupla";"Reta";"Não";3;1;1;0;1;0;1;2;"-8.09712273";"-35.088592";"SR-PE";"DEL11/1";"UOP04/PE"
199222;2019-03-25;"2";"14:40:00";"MG";262;22,2;"MARTINS SOARES";"Desobediência às normas de trânsito pelo condutor";"Colisão transversal";"Com Vítimas Feridas";"Pleno dia";"Crescente";"Céu Claro";"Simples";"Curva";"Não";3;0;1;0;2;0;1;2;"-20.24575292";"-41.92502101";"SR-MG";"DEL4/6";"UOP04/MG"
199223;2019-03-25;"2";"14:30:00";"SC";101;32;"JOINVILLE";"Falta de Atenção à Condução";"Colisão traseira";"Com Vítimas Feridas";"Pleno dia";"Crescente";"Céu Claro";"Dupla";"Reta";"Sim";2;0;1;0;1;0;1;2;"-26.226987";"-48.91657";"SR-SC";"DEL8/3";"UOP01/SC"
199224;2019-03-25;"2";"14:30:00";"SP";116;269,5;"TABOAO DA SERRA";"Falta de Atenção do Pedestre";"Atropelamento de Pedestre";"Com Vítimas Feridas";"Pleno dia";"Decrescente";"Sol";"Dupla";"Reta";"Sim";2;0;1;0;1;0;1;1;"-23.61593059";"-46.78826044";"SR-SP";"DEL6/4";"UOP01/SP"
199225;2019-03-25;"2";"15:40:00";"PR";153;330,2;"IRATI";"Falta de Atenção à Condução";"Colisão transversal";"Com Vítimas Feridas";"Pleno dia";"Decrescente";"Céu Claro";"Dupla";"Reta";"Sim";4;0;2;0;2;0;2;2;"-25.45471011";"-50.6196247";"SR-PR";"DEL7/3";"UOP04/PR"
199226;2019-03-25;"2";"15:15:00";"RN";406;168,8;"SAO GONCALO DO AMARANTE";"Ingestão de Álcool";"Queda de ocupante de veículo";"Com Vítimas Feridas";"Pleno dia";"Crescente";"Céu Claro";"Dupla";"Reta";"Sim";1;0;1;0;0;0;1;1;"-5.75269453";"-35.31535484";"SR-RN";"DEL15/2";"UOP01/RN"
199228;2019-03-25;"2";"15:55:00";"ES";262;3,7;"CARIACICA";"Falta de Atenção à Condução";"Colisão lateral";"Com Vítimas Feridas";"Pleno dia";"Crescente";"Sol";"Dupla";"Não Informado";"Sim";3;0;1;1;1;0;2;2;"-20.33374432";"-40.36910933";"SR-ES";"DEL12/1";"UOP01/ES"
199229;2019-03-25;"2";"16:00:00";"PI";316;312;"PICOS";"Falta de Atenção à Condução";"Queda de ocupante de veículo";"Com Vítimas Feridas";"Pleno dia";"Decrescente";"Céu Claro";"Simples";"Reta";"Sim";1;0;0;1;0;0;1;1;"-7.079238";"-41.448899";"SR-PI";"DEL17/4";"UOP01/PI"
199230;2019-03-09;"7";"16:47:00";"MG";40;517;"RIBEIRAO DAS NEVES";"Não guardar distância de segurança";"Queda de ocupante de veículo";"Com Vítimas Feridas";"Pleno dia";"Crescente";"Céu Claro";"Dupla";"Reta";"Sim";1;0;1;0;0;0;1;1;"-19.82351202";"-44.08438913";"SR-MG";"DEL4/1";"UOP03/MG"
199231;2019-03-25;"2";"11:30:00";"PE";101;156;"RIBEIRAO";"Condutor Dormindo";"Tombamento";"Com Vítimas Feridas";"Pleno dia";"Crescente";"Céu Claro";"Múltipla";"Reta";"Não";2;0;1;0;1;0;1;1;"-8.54597711";"-35.39140871";"SR-PE";"DEL11/1";"UOP03/PE"
199232;2019-03-25;"2";"16:40:00";"MG";40;458,5;"SETE LAGOAS";"Não guardar distância de segurança";"Colisão traseira";"Com Vítimas Feridas";"Pleno dia";"Crescente";"Céu Claro";"Dupla";"Não Informado";"Não";3;0;0;2;1;0;2;2;"-19.380294";"-44.33825395";"SR-MG";"DEL4/2";"UOP01/MG"
199233;2019-03-25;"2";"16:50:00";"SE";101;88;"NOSSA SENHORA DO SOCORRO";"Falta de Atenção do Pedestre";"Colisão traseira";"Com Vítimas Feridas";"Pleno dia";"Decrescente";"Céu Claro";"Dupla";"Desvio Temporário";"Não";2;0;2;0;0;0;2;2;"-10.87113297";"-37.1344637";"SR-SE";"DEL20/1";"UOP01/SE"
199235;2019-03-25;"2";"17:15:00";"GO";153;499;"GOIANIA";"Defeito Mecânico no Veículo";"Queda de ocupante de veículo";"Com Vítimas Feridas";"Pleno dia";"Decrescente";"Céu Claro";"Dupla";"Reta";"Sim";2;0;2;0;0;0;2;1;"-16.7033";"-49.2311";"SR-GO";"DEL1/1";"UOP01/GO"
199238;2019-03-25;"2";"16:30:00";"MG";381;919,3;"CAMANDUCAIA";"Velocidade Incompatível";"Colisão traseira";"Com Vítimas Feridas";"Pleno dia";"Crescente";"Céu Claro";"Dupla";"Não Informado";"Não";2;0;0;1;1;0;1;2;"-22.75617115";"-46.15418859";"SR-MG";"DEL09";"UOP03/MG"
199239;2019-03-25;"2";"17:20:00";"GO";414;440,1;"ANAPOLIS";"Desobediência às normas de trânsito pelo condutor";"Colisão lateral";"Com Vítimas Feridas";"Pleno dia";"Decrescente";"Céu Claro";"Dupla";"Interseção de vias";"Sim";2;0;1;0;1;0;1;2;"-16.28574601";"-48.94342661";"SR-GO";"DEL1/2";"UOP01/GO"
199240;2019-03-25;"2";"17:45:00";"SC";470;56;"BLUMENAU";"Desobediência às normas de trânsito pelo condutor";"Colisão transversal";"Com Vítimas Feridas";"Pleno dia";"Crescente";"Céu Claro";"Simples";"Interseção de vias";"Sim";2;0;1;0;1;0;1;2;"-26.87674";"-49.127743";"SR-SC";"DEL8/4";"UOP01/SC"
199241;2019-03-25;"2";"16:45:00";"MS";60;134,3;"PARAISO DAS AGUAS";"Defeito na Via";"Saída de leito carroçável";"Com Vítimas Feridas";"Pleno dia";"Crescente";"Céu Claro";"Simples";"Reta";"Não";1;0;1;0;0;0;1;1;"-19.35302464";"-53.52517707";"SR-MS";"DEL3/6";"UOP02/MS"
199242;2019-03-25;"2";"16:50:00";"RN";304;297,2;"MACAIBA";"Falta de Atenção à Condução";"Colisão lateral";"Com Vítimas Feridas";"Anoitecer";"Decrescente";"Céu Claro";"Simples";"Interseção de vias";"Sim";3;0;1;0;1;1;1;2;"-5.86364667";"-35.34404755";"SR-RN";"DEL15/1";"UOP02/RN"
199244;2019-03-25;"2";"17:00:00";"SC";101;36;"JOINVILLE";"Falta de Atenção à Condução";"Queda de ocupante de veículo";"Com Vítimas Feridas";"Pleno dia";"Crescente";"Céu Claro";"Dupla";"Reta";"Não";1;0;1;0;0;0;1;1;"-26.24573198";"-48.9101069";"SR-SC";"DEL8/3";"UOP01/SC"
199245;2019-03-25;"2";"16:45:00";"PB";101;11;"MAMANGUAPE";"Falta de Atenção à Condução";"Colisão traseira";"Com Vítimas Feridas";"Pleno dia";"Crescente";"Céu Claro";"Dupla";"Desvio Temporário";"Sim";4;0;2;0;0;2;2;2;"-6.593073";"-35.14504";"SR-PB";"DEL14/1";"UOP03/PB"
199246;2019-03-25;"2";"17:40:00";"SP";116;90;"PINDAMONHANGABA";"Falta de Atenção à Condução";"Colisão com objeto estático";"Com Vítimas Feridas";"Pleno dia";"Decrescente";"Céu Claro";"Dupla";"Reta";"Não";2;0;1;0;0;1;1;2;"-22.94361839";"-45.3873088";"SR-SP";"DEL6";"UOP01/SP"
199247;2019-03-25;"2";"17:30:00";"SC";101;118,5;"ITAJAI";"Falta de Atenção à Condução";"Colisão lateral";"Com Vítimas Feridas";"Pleno dia";"Crescente";"Céu Claro";"Dupla";"Reta";"Não";2;0;1;0;1;0;1;2;"-26.895859";"-48.71903";"SR-SC";"DEL8/4";"UOP04/SC"
199248;2019-03-25;"2";"17:35:00";"SP";153;58,1;"SAO JOSE DO RIO PRETO";"Defeito na Via";"Tombamento";"Com Vítimas Feridas";"Pleno dia";"Decrescente";"Céu Claro";"Simples";"Não Informado";"Não";1;0;1;0;0;0;1;1;"-20.77838195";"-49.35300538";"SR-SP";"DEL6/9";"UOP01/SP"
199249;2019-03-25;"2";"17:00:00";"RS";392;36;"RIO GRANDE";"Restrição de Visibilidade";"Colisão traseira";"Com Vítimas Feridas";"Pleno dia";"Decrescente";"Céu Claro";"Dupla";"Reta";"Sim";3;0;1;0;2;0;1;3;"-31.99762093";"-52.28884683";"SR-RS";"DEL9/7";"UOP02/RS"
199250;2019-03-25;"2";"18:20:00";"PE";101;53,7;"PAULISTA";"Falta de Atenção do Pedestre";"Atropelamento de Pedestre";"Com Vítimas Feridas";"Anoitecer";"Decrescente";"Céu Claro";"Dupla";"Reta";"Não";2;0;2;0;0;0;2;1;"-7.93961103";"-34.90356584";"SR-PE";"DEL11/1";"UOP02/PE"
199251;2019-03-25;"2";"17:16:00";"PR";277;300,2;"PRUDENTOPOLIS";"Ingestão de Álcool";"Colisão transversal";"Sem Vítimas";"Pleno dia";"Decrescente";"Sol";"Simples";"Reta";"Sim";2;0;0;0;2;0;0;2;"-25.31084217";"-51.09699901";"SR-PR";"DEL7/3";"UOP02/PR"
199252;2019-03-25;"2";"18:20:00";"PR";277;660;"MATELANDIA";"Velocidade Incompatível";"Colisão com objeto estático";"Com Vítimas Feridas";"Pleno dia";"Decrescente";"Céu Claro";"Dupla";"Curva";"Não";1;0;1;0;0;0;1;1;"-25.25136237";"-53.99027796";"SR-PR";"DEL7/5";"UOP02/PR"
199253;2019-03-25;"2";"18:30:00";"SC";101;202;"SAO JOSE";"Falta de Atenção à Condução";"Colisão traseira";"Com Vítimas Feridas";"Plena Noite";"Crescente";"Céu Claro";"Múltipla";"Reta";"Sim";2;0;1;0;1;0;1;2;"-27.55711595";"-48.61897889";"SR-SC";"DEL8/1";"UOP01/SC"
199254;2019-03-25;"2";"18:25:00";"RS";290;91,5;"PORTO ALEGRE";"Falta de Atenção à Condução";"Colisão traseira";"Com Vítimas Feridas";"Pleno dia";"Decrescente";"Sol";"Múltipla";"Reta";"Sim";2;0;1;0;1;0;1;2;"-29.969055";"-51.167439";"SR-RS";"DEL9/1";"UOP01/RS"
199255;2019-03-25;"2";"18:25:00";"RS";290;105,6;"ELDORADO DO SUL";"Agressão Externa";"Saída de leito carroçável";"Com Vítimas Feridas";"Anoitecer";"Crescente";"Céu Claro";"Dupla";"Reta";"Não";2;0;2;0;0;0;2;1;"-29.99608";"-51.285023";"SR-RS";"DEL9/2";"UOP01/RS"
199256;2019-03-25;"2";"17:20:00";"RO";364;287,8;"PRESIDENTE MEDICI";"Desobediência às normas de trânsito pelo condutor";"Colisão frontal";"Com Vítimas Feridas";"Anoitecer";"Crescente";"Céu Claro";"Simples";"Reta";"Não";5;0;2;0;3;0;2;3;"-11.31266214";"-61.88482323";"SR-RO";"DEL21/2";"UOP01/RO"
199257;2019-03-25;"2";"15:45:00";"MG";267;24,5;"ARGIRITA";"Defeito Mecânico no Veículo";"Incêndio";"Sem Vítimas";"Pleno dia";"Decrescente";"Céu Claro";"Simples";"Reta";"Não";1;0;0;0;1;0;0;1;"-21.6071359";"-42.80271614";"SR-MG";"DEL4/7";"UOP01/MG"
199258;2019-03-25;"2";"18:20:00";"PE";428;184,7;"PETROLINA";"Falta de Atenção do Pedestre";"Atropelamento de Pedestre";"Com Vítimas Feridas";"Plena Noite";"Decrescente";"Céu Claro";"Simples";"Reta";"Sim";2;0;1;1;0;0;2;1;"-9.35061863";"-40.47570532";"SR-PE";"DEL11/6";"UOP01/PE"
199260;2019-03-25;"2";"18:20:00";"RS";472;188,1;"SANTO CRISTO";"Desobediência às normas de trânsito pelo condutor";"Colisão traseira";"Com Vítimas Feridas";"Anoitecer";"Crescente";"Céu Claro";"Simples";"Reta";"Não";6;0;1;0;2;3;1;3;"-27.83783169";"-54.63912427";"SR-RS";"DEL9/10";"UOP01/RS"
199261;2019-03-25;"2";"18:45:00";"RS";290;90;"PORTO ALEGRE";"Falta de Atenção à Condução";"Colisão traseira";"Com Vítimas Feridas";"Plena Noite";"Decrescente";"Céu Claro";"Dupla";"Reta";"Sim";4;0;1;0;3;0;1;3;"-29.968319";"-51.157398";"SR-RS";"DEL9/1";"UOP01/RS"
199262;2019-03-25;"2";"18:56:00";"CE";222;143;"IRAUCUBA";"Falta de Atenção do Pedestre";"Atropelamento de Pedestre";"Com Vítimas Fatais";"Plena Noite";"Crescente";"Céu Claro";"Simples";"Reta";"Não";3;1;0;0;2;0;0;1;"-3.7636308";"-39.73100609";"SR-CE";"DEL16/4";"UOP03/CE"
199263;2019-03-25;"2";"16:50:00";"RS";386;221,4;"MORMACO";"Falta de Atenção à Condução";"Colisão lateral";"Com Vítimas Feridas";"Pleno dia";"Crescente";"Céu Claro";"Simples";"Reta";"Não";2;0;1;0;0;1;1;2;"-28.627148";"-52.613129";"SR-RS";"DEL9/4";"UOP04/RS"
199264;2019-03-25;"2";"11:50:00";"MG";116;417;"GOVERNADOR VALADARES";"Falta de Atenção à Condução";"Colisão traseira";"Com Vítimas Feridas";"Pleno dia";"Crescente";"Céu Claro";"Simples";"Reta";"Sim";2;0;1;0;1;0;1;2;"-18.90130308";"-41.94492414";"SR-MG";"DEL4/6";"UOP01/MG"
199265;2019-03-25;"2";"17:30:00";"MA";135;5;"SAO LUIS";"Não guardar distância de segurança";"Colisão traseira";"Com Vítimas Feridas";"Plena Noite";"Crescente";"Chuva";"Dupla";"Reta";"Sim";2;0;1;0;1;0;1;2;"-2.62145385";"-44.25797421";"SR-MA";"DEL18/1";"UOP01/MA"
199266;2019-02-01;"6";"20:59:00";"MG";40;509;"RIBEIRAO DAS NEVES";"Animais na Pista";"Colisão com objeto em movimento";"Com Vítimas Feridas";"Plena Noite";"Crescente";"Céu Claro";"Dupla";"Reta";"Sim";2;0;2;0;0;0;2;1;"-19.76728744";"-44.12855905";"SR-MG";"DEL4/1";"UOP03/MG"
199267;2019-03-25;"2";"18:10:00";"PE";110;242;"JATOBA";"Animais na Pista";"Queda de ocupante de veículo";"Com Vítimas Feridas";"Anoitecer";"Decrescente";"Céu Claro";"Simples";"Reta";"Sim";1;0;0;1;0;0;1;1;"-9.15735192";"-38.28225372";"SR-BA";"DEL10/7";"UOP01/BA"
199269;2019-03-25;"2";"19:30:00";"RJ";116;141;"DUQUE DE CAXIAS";"Falta de Atenção do Pedestre";"Atropelamento de Pedestre";"Com Vítimas Fatais";"Plena Noite";"Decrescente";"Céu Claro";"Dupla";"Reta";"Não";3;1;0;0;1;1;0;2;"-22.64876087";"-43.23031638";"SR-RJ";"DEL5/4";"UOP02/RJ"
199270;2019-02-01;"6";"18:00:00";"ES";101;213,3;"IBIRACU";"Falta de Atenção do Pedestre";"Atropelamento de Pedestre";"Com Vítimas Feridas";"Anoitecer";"Crescente";"Sol";"Simples";"Reta";"Não";2;0;1;0;1;0;1;1;"-19.82628064";"-40.36904904";"SR-ES";"DEL12/2";"UOP01/ES"
199271;2019-03-14;"5";"06:10:00";"RJ";40;114;"DUQUE DE CAXIAS";"Desobediência às normas de trânsito pelo condutor";"Colisão transversal";"Com Vítimas Feridas";"Pleno dia";"Crescente";"Sol";"Dupla";"Reta";"Sim";2;0;1;0;1;0;1;2;"-22.71853604";"-43.28993324";"SR-RJ";"DEL5/1";"UOP01/RJ"
199272;2019-03-25;"2";"19:50:00";"SP";116;346,4;"MIRACATU";"Velocidade Incompatível";"Colisão com objeto estático";"Com Vítimas Feridas";"Plena Noite";"Decrescente";"Nublado";"Dupla";"Não Informado";"Não";1;0;1;0;0;0;1;1;"-24.04428444";"-47.1931476";"SR-SP";"DEL6/4";"UOP02/SP"
199275;2019-02-08;"6";"06:45:00";"PR";116;119;"CURITIBA";"Não guardar distância de segurança";"Engavetamento";"Com Vítimas Feridas";"Pleno dia";"Decrescente";"Nublado";"Dupla";"Reta";"Sim";6;0;2;0;4;0;2;5;"-25.544559";"-49.30146";"SR-PR";"DEL7/1";"UOP06/PR"
199276;2019-03-25;"2";"14:40:00";"TO";153;549;"NOVA ROSALANDIA";"Defeito na Via";"Colisão traseira";"Sem Vítimas";"Pleno dia";"Decrescente";"Nublado";"Simples";"Reta";"Não";2;0;0;0;2;0;0;2;"-10.63867299";"-48.91009181";"SR-TO";"UOP02/TO";""
199277;2019-03-25;"2";"19:30:00";"SE";101;72,9;"MARUIM";"Falta de Atenção à Condução";"Queda de ocupante de veículo";"Com Vítimas Feridas";"Plena Noite";"Crescente";"Céu Claro";"Simples";"Reta";"Não";1;0;0;1;0;0;1;1;"-10.75607631";"-37.10426331";"SR-SE";"DEL20/1";"UOP01/SE"
199278;2019-03-25;"2";"20:00:00";"SC";280;51,3;"GUARAMIRIM";"Falta de Atenção à Condução";"Saída de leito carroçável";"Com Vítimas Feridas";"Plena Noite";"Crescente";"Garoa/Chuvisco";"Simples";"Rotatória";"Sim";1;0;0;1;0;0;1;1;"-26.46538871";"-48.95544449";"SR-SC";"DEL8/3";"UOP03/SC"
199279;2019-03-25;"2";"19:45:00";"SP";116;513,2;"CAJATI";"Falta de Atenção à Condução";"Tombamento";"Com Vítimas Feridas";"Plena Noite";"Decrescente";"Nublado";"Simples";"Curva";"Não";2;0;1;1;0;0;2;1;"-24.85109616";"-48.21802405";"SR-SP";"DEL6/5";"UOP02/SP"
199280;2019-03-25;"2";"20:00:00";"SC";470;72,2;"INDAIAL";"Falta de Atenção à Condução";"Colisão traseira";"Com Vítimas Feridas";"Plena Noite";"Crescente";"Céu Claro";"Simples";"Ponte";"Não";2;0;1;0;1;0;1;2;"-26.901979";"-49.268745";"SR-SC";"DEL8/4";"UOP01/SC"
199281;2019-03-25;"2";"18:15:00";"RS";293;159;"HULHA NEGRA";"Falta de Atenção à Condução";"Colisão traseira";"Com Vítimas Feridas";"Anoitecer";"Crescente";"Sol";"Simples";"Reta";"Não";2;0;1;0;1;0;1;2;"-31.39159656";"-53.86077501";"SR-RS";"DEL9/11";"UOP03/RS"
199283;2019-03-25;"2";"20:30:00";"GO";20;198,2;"POSSE";"Fenômenos da Natureza";"Colisão frontal";"Com Vítimas Feridas";"Plena Noite";"Decrescente";"Chuva";"Simples";"Reta";"Não";3;0;0;2;1;0;2;2;"-14.330847";"-46.439438";"SR-DF";"GO";"UOP05/DF"
199284;2019-03-25;"2";"20:50:00";"SP";116;122;"CACAPAVA";"Ingestão de Álcool";"Atropelamento de Pedestre";"Com Vítimas Feridas";"Plena Noite";"Decrescente";"Céu Claro";"Dupla";"Reta";"Sim";2;0;1;0;0;1;1;1;"-23.08192414";"-45.66154591";"SR-SP";"DEL6";"UOP02/SP"
199285;2019-03-25;"2";"18:40:00";"PI";343;344,4;"TERESINA";"Falta de Atenção à Condução";"Colisão traseira";"Com Vítimas Feridas";"Plena Noite";"Crescente";"Céu Claro";"Múltipla";"Rotatória";"Sim";3;0;1;0;2;0;1;2;"-5.08059421";"-42.77507544";"SR-PI";"DEL17/1";"UOP01/PI"
199286;2019-03-25;"2";"20:40:00";"GO";364;383;"SANTA RITA DO ARAGUAIA";"Ultrapassagem Indevida";"Colisão transversal";"Com Vítimas Feridas";"Plena Noite";"Crescente";"Céu Claro";"Simples";"Reta";"Não";2;0;0;1;1;0;1;2;"-17.339317";"-53.178375";"SR-GO";"DEL1/5";"UOP01/GO"
199287;2019-03-25;"2";"20:25:00";"SC";101;106,5;"PENHA";"Carga excessiva e/ou mal acondicionada";"Colisão com objeto estático";"Com Vítimas Feridas";"Plena Noite";"Crescente";"Céu Claro";"Múltipla";"Reta";"Sim";2;0;1;0;1;0;1;2;"-26.81031601";"-48.68293896";"SR-SC";"DEL8/3";"UOP02/SC"
199288;2019-03-25;"2";"17:00:00";"MA";230;58,9;"SAO JOAO DOS PATOS";"Defeito Mecânico no Veículo";"Incêndio";"Sem Vítimas";"Anoitecer";"Decrescente";"Nublado";"Simples";"Reta";"Não";1;0;0;0;1;0;0;1;"-6.59170406";"-43.46545072";"SR-PI";"DEL17/3";"UOP01/PI"
199289;2019-03-25;"2";"21:00:00";"PB";230;61,8;"CRUZ DO ESPIRITO SANTO";"Ingestão de Álcool";"Capotamento";"Com Vítimas Feridas";"Plena Noite";"Decrescente";"Céu Claro";"Dupla";"Reta";"Não";1;0;1;0;0;0;1;1;"-7.20019288";"-35.16242981";"SR-PB";"DEL14/1";"UOP02/PB"
199290;2019-03-25;"2";"20:00:00";"RJ";116;172,1;"SAO JOAO DE MERITI";"Falta de Atenção do Pedestre";"Atropelamento de Pedestre";"Com Vítimas Feridas";"Plena Noite";"Crescente";"Nublado";"Múltipla";"Reta";"Sim";2;0;1;0;1;0;1;1;"-22.80188151";"-43.35043673";"SR-RJ";"DEL5/1";"UOP02/RJ"
199291;2019-03-25;"2";"16:45:00";"SC";101;406,8;"ARARANGUA";"Defeito Mecânico no Veículo";"Incêndio";"Sem Vítimas";"Pleno dia";"Decrescente";"Céu Claro";"Múltipla";"Reta";"Não";1;0;0;0;1;0;0;1;"-28.89284011";"-49.46880088";"SR-SC";"DEL8/2";"UOP02/SC"
199292;2019-03-25;"2";"16:10:00";"BA";242;352,4;"LENCOIS";"Velocidade Incompatível";"Tombamento";"Com Vítimas Fatais";"Pleno dia";"Decrescente";"Nublado";"Simples";"Não Informado";"Não";1;1;0;0;0;0;0;1;"-12.49857081";"-41.33159186";"SR-BA";"DEL10/6";"UOP01/BA"