"id";"data_inversa";"dia_semana";"horario";"uf";"br";"km";"municipio";"causa_acidente";"tipo_acidente";"classificacao_acidente";"fase_dia";"sentido_via";"condicao_metereologica";"tipo_pista";"tracado_via";"uso_solo";"pessoas";"mortos";"feridos_leves";"feridos_graves";"ilesos";"ignorados";"feridos";"veiculos";"latitude";"longitude";"regional";"delegacia";"uop"
199293;2019-03-25;"2";"22:00:00";"MG";354;750,2;"ITAMONTE";"Animais na Pista";"Atropelamento de Animal";"Com Vítimas Feridas";"Plena Noite";"Decrescente";"Céu Claro";"Simples";"Curva";"Não";2;0;2;0;0;0;2;1;"-22.28077569";"-44.87170669";"SR-MG";"DEL09";"UOP02/MG"
199294;2019-03-25;"2";"21:50:00";"SP";101;385,3;"MIRACATU";"Condutor Dormindo";"Queda de ocupante de veículo";"Com Vítimas Feridas";"Plena Noite";"Decrescente";"Céu Claro";"Dupla";"Curva";"Não";1;0;1;0;0;0;1;1;"-24.25979839";"-47.377038";"SR-SP";"DEL6/4";"UOP03/SP"
199295;2019-03-25;"2";"19:00:00";"RS";471;613,2;"SANTA VITORIA DO PALMAR";"Deficiência ou não Acionamento do Sistema de Iluminação/Sinalização do Veículo";"Colisão transversal";"Sem Vítimas";"Plena Noite";"Crescente";"Nublado";"Simples";"Reta";"Não";2;0;0;0;1;1;0;2;"-33.248631";"-53.076729";"SR-RS";"DEL9/7";"UOP04/RS"
199296;2019-03-25;"2";"22:15:00";"CE";222;301,7;"TIANGUA";"Defeito Mecânico no Veículo";"Tombamento";"Com Vítimas Feridas";"Plena Noite";"Crescente";"Céu Claro";"Simples";"Não Informado";"Não";1;0;0;1;0;0;1;1;"-3.66";"-40.951";"SR-CE";"DEL16/4";"UOP02/CE"
199297;2019-03-25;"2";"20:55:00";"SC";470;141,1;"RIO DO SUL";"Falta de Atenção à Condução";"Colisão com objeto estático";"Sem Vítimas";"Plena Noite";"Crescente";"Céu Claro";"Simples";"Não Informado";"Sim";1;0;0;0;1;0;0;1;"-27.226065";"-49.666161";"SR-SC";"DEL8/4";"UOP02/SC"
199298;2019-03-25;"2";"22:00:00";"MG";40;527;"CONTAGEM";"Velocidade Incompatível";"Saída de leito carroçável";"Com Vítimas Feridas";"Plena Noite";"Decrescente";"Céu Claro";"Simples";"Curva";"Sim";1;0;1;0;0;0;1;1;"-19.90171277";"-44.04913892";"SR-MG";"DEL4/1";"UOP03/MG"
199299;2019-03-25;"2";"22:40:00";"AL";101;137;"SAO MIGUEL DOS CAMPOS";"Velocidade Incompatível";"Capotamento";"Com Vítimas Feridas";"Plena Noite";"Crescente";"Céu Claro";"Simples";"Reta";"Sim";1;0;1;0;0;0;1;1;"-9.80260488";"-36.11277021";"SR-AL";"DEL13/2";"UOP01/AL"
199300;2019-03-25;"2";"08:15:00";"GO";60;101;"ANAPOLIS";"Ingestão de Álcool";"Saída de leito carroçável";"Com Vítimas Feridas";"Pleno dia";"Decrescente";"Céu Claro";"Dupla";"Reta";"Sim";2;0;1;0;1;0;1;1;"-16.4022";"-48.9745";"SR-GO";"DEL1/2";"UOP01/GO"
199301;2019-03-25;"2";"20:40:00";"SC";282;29,7;"SANTO AMARO DA IMPERATRIZ";"Pista Escorregadia";"Colisão traseira";"Com Vítimas Feridas";"Plena Noite";"Crescente";"Garoa/Chuvisco";"Simples";"Curva";"Não";3;0;1;0;2;0;1;2;"-27.68711928";"-48.79057288";"SR-SC";"DEL8/1";"UOP03/SC"
199302;2019-03-25;"2";"22:50:00";"SC";101;210,6;"PALHOCA";"Desobediência às normas de trânsito pelo condutor";"Colisão lateral";"Sem Vítimas";"Plena Noite";"Decrescente";"Céu Claro";"Simples";"Reta";"Sim";1;0;0;0;1;0;0;1;"-27.6167305";"-48.6457265";"SR-SC";"DEL8/1";"UOP01/SC"
199303;2019-03-25;"2";"23:45:00";"SP";116;513;"CAJATI";"Velocidade Incompatível";"Tombamento";"Com Vítimas Feridas";"Plena Noite";"Decrescente";"Céu Claro";"Dupla";"Não Informado";"Não";1;0;1;0;0;0;1;1;"-24.85684586";"-48.21247101";"SR-SP";"DEL6/5";"UOP02/SP"
199304;2019-03-26;"3";"01:20:00";"PE";423;104,6;"GARANHUNS";"Falta de Atenção à Condução";"Colisão frontal";"Com Vítimas Feridas";"Plena Noite";"Decrescente";"Céu Claro";"Simples";"Reta";"Não";2;0;1;0;1;0;1;2;"-8.87705776";"-36.55534007";"SR-PE";"DEL11/3";"UOP01/PE"
199305;2019-03-26;"3";"00:30:00";"MS";163;648,7;"SAO GABRIEL DO OESTE";"Condutor Dormindo";"Tombamento";"Com Vítimas Feridas";"Plena Noite";"Decrescente";"Céu Claro";"Simples";"Reta";"Não";2;0;1;0;1;0;1;2;"-19.17474073";"-54.75501716";"SR-MS";"DEL3/6";"UOP02/MS"
199306;2019-03-26;"3";"01:50:00";"SC";101;213,9;"PALHOCA";"Ingestão de Álcool";"Colisão com objeto estático";"Com Vítimas Feridas";"Plena Noite";"Crescente";"Céu Claro";"Múltipla";"Reta";"Sim";2;0;0;1;1;0;1;2;"-27.64443";"-48.67057";"SR-SC";"DEL8/1";"UOP02/SC"
199307;2019-03-25;"2";"23:25:00";"RS";158;0,3;"SANTANA DO LIVRAMENTO";"Animais na Pista";"Atropelamento de Animal";"Com Vítimas Feridas";"Plena Noite";"Decrescente";"Céu Claro";"Simples";"Reta";"Sim";1;0;1;0;0;0;1;1;"-30.87552409";"-55.51300406";"SR-RS";"DEL08";"UOP02/RS"
199308;2019-03-26;"3";"01:50:00";"MG";116;764;"LEOPOLDINA";"Animais na Pista";"Atropelamento de Animal";"Com Vítimas Feridas";"Plena Noite";"Decrescente";"Nublado";"Simples";"Reta";"Não";1;0;1;0;0;0;1;1;"-21.52171912";"-42.64030314";"SR-MG";"DEL4/7";"UOP01/MG"
199309;2019-03-26;"3";"03:10:00";"MG";40;761,1;"JUIZ DE FORA";"Condutor Dormindo";"Saída de leito carroçável";"Com Vítimas Feridas";"Plena Noite";"Decrescente";"Nublado";"Simples";"Reta";"Não";1;0;1;0;0;0;1;1;"-21.53704503";"-43.51126405";"SR-MG";"DEL5";"UOP01/MG"
199310;2019-03-26;"3";"01:15:00";"MG";40;462,7;"SETE LAGOAS";"Condutor Dormindo";"Saída de leito carroçável";"Com Vítimas Feridas";"Plena Noite";"Crescente";"Céu Claro";"Dupla";"Desvio Temporário";"Não";1;0;1;0;0;0;1;1;"-19.4136917";"-44.33879427";"SR-MG";"DEL4/2";"UOP01/MG"
199311;2019-03-26;"3";"05:10:00";"ES";101;228,5;"FUNDAO";"Falta de Atenção à Condução";"Colisão transversal";"Com Vítimas Feridas";"Amanhecer";"Crescente";"Céu Claro";"Simples";"Curva";"Não";2;0;0;1;1;0;1;2;"-19.91868701";"-40.40570613";"SR-ES";"DEL12/2";"UOP01/ES"
199312;2019-03-26;"3";"05:30:00";"SP";116;37;"CACHOEIRA PAULISTA";"Falta de Atenção à Condução";"Colisão traseira";"Com Vítimas Feridas";"Amanhecer";"Crescente";"Nublado";"Dupla";"Reta";"Não";3;0;2;1;0;0;3;2;"-22.66497021";"-44.98430985";"SR-SP";"DEL6/8";"UOP01/SP"
199313;2019-03-26;"3";"05:10:00";"MG";381;740,5;"TRES CORACOES";"Condutor Dormindo";"Saída de leito carroçável";"Com Vítimas Feridas";"Amanhecer";"Crescente";"Céu Claro";"Dupla";"Curva";"Não";2;0;1;0;1;0;1;2;"-21.58898876";"-45.23751578";"SR-MG";"DEL09";"UOP02/MG"
199314;2019-03-26;"3";"06:00:00";"MG";40;787,5;"JUIZ DE FORA";"Falta de Atenção à Condução";"Queda de ocupante de veículo";"Com Vítimas Feridas";"Amanhecer";"Decrescente";"Nevoeiro/Neblina";"Dupla";"Curva";"Não";1;0;1;0;0;0;1;1;"-21.75120912";"-43.44526291";"SR-MG";"DEL5";"UOP01/MG"
199315;2019-03-26;"3";"06:20:00";"PE";101;68;"RECIFE";"Falta de Atenção à Condução";"Colisão lateral";"Com Vítimas Feridas";"Pleno dia";"Decrescente";"Céu Claro";"Múltipla";"Reta";"Sim";2;0;1;0;1;0;1;2;"-8.05074296";"-34.94580619";"SR-PE";"DEL11/1";"UOP01/PE"
199316;2019-03-25;"2";"20:00:00";"BA";420;336;"ITAQUARA";"Falta de Atenção à Condução";"Queda de ocupante de veículo";"Com Vítimas Feridas";"Plena Noite";"Decrescente";"Ignorado";"Simples";"Reta";"Não";1;0;1;0;0;0;1;1;"-13.47757215";"-39.94947955";"SR-BA";"DEL10/3";"UOP01/BA"
199317;2019-03-26;"3";"06:45:00";"PR";158;503,1;"CORONEL VIVIDA";"Falta de Atenção à Condução";"Colisão transversal";"Com Vítimas Feridas";"Pleno dia";"Crescente";"Céu Claro";"Simples";"Reta";"Sim";2;0;1;0;1;0;1;2;"-25.99111233";"-52.55704663";"SR-PR";"DEL7/2";"UOP01/PR"
199318;2019-03-25;"2";"23:59:00";"SP";116;62;"GUARATINGUETA";"Velocidade Incompatível";"Colisão traseira";"Com Vítimas Feridas";"Plena Noite";"Decrescente";"Céu Claro";"Dupla";"Reta";"Não";2;0;1;0;1;0;1;2;"-22.80538606";"-45.17236692";"SR-SP";"DEL6/8";"UOP02/SP"
199319;2019-03-26;"3";"07:00:00";"SP";116;269,5;"TABOAO DA SERRA";"Falta de Atenção à Condução";"Colisão lateral";"Com Vítimas Feridas";"Pleno dia";"Decrescente";"Céu Claro";"Múltipla";"Reta";"Não";3;0;1;0;2;0;1;3;"-23.61593059";"-46.78826044";"SR-SP";"DEL6/4";"UOP01/SP"
199320;2019-03-26;"3";"06:10:00";"PR";277;122;"CAMPO LARGO";"Falta de Atenção à Condução";"Colisão transversal";"Com Vítimas Feridas";"Pleno dia";"Decrescente";"Nublado";"Dupla";"Reta";"Sim";2;0;0;1;1;0;1;2;"-25.46023536";"-49.57017571";"SR-PR";"DEL7/1";"UOP05/PR"
199321;2019-03-26;"3";"01:20:00";"SC";116;157,2;"SANTA CECILIA";"Falta de Atenção à Condução";"Tombamento";"Sem Vítimas";"Plena Noite";"Decrescente";"Nevoeiro/Neblina";"Simples";"Curva";"Não";1;0;0;0;1;0;0;1;"-27.08465913";"-50.44357078";"SR-SC";"DEL8/6";"UOP02/SC"
199322;2019-03-26;"3";"07:20:00";"PB";104;132;"CAMPINA GRANDE";"Falta de Atenção à Condução";"Colisão lateral";"Com Vítimas Feridas";"Pleno dia";"Crescente";"Céu Claro";"Dupla";"Interseção de vias";"Não";2;0;1;0;1;0;1;2;"-7.27860075";"-35.88887297";"SR-PB";"DEL14/2";"UOP03/PB"
199323;2019-03-26;"3";"07:10:00";"SP";381;72;"SAO PAULO";"Defeito Mecânico no Veículo";"Incêndio";"Sem Vítimas";"Pleno dia";"Crescente";"Céu Claro";"Dupla";"Reta";"Não";1;0;0;0;1;0;0;1;"-23.35761806";"-46.54970281";"SR-SP";"DEL6/3";"UOP02/SP"
199324;2019-03-26;"3";"07:30:00";"SC";101;201;"SAO JOSE";"Falta de Atenção à Condução";"Colisão traseira";"Com Vítimas Feridas";"Pleno dia";"Crescente";"Nublado";"Múltipla";"Reta";"Sim";2;0;1;0;1;0;1;2;"-27.54836599";"-48.61977975";"SR-SC";"DEL8/1";"UOP01/SC"
199325;2019-03-26;"3";"07:50:00";"RJ";40;113;"DUQUE DE CAXIAS";"Falta de Atenção à Condução";"Colisão traseira";"Com Vítimas Feridas";"Pleno dia";"Crescente";"Chuva";"Dupla";"Reta";"Sim";3;0;1;0;2;0;1;2;"-22.70948502";"-43.29040354";"SR-RJ";"DEL5/1";"UOP01/RJ"
199326;2019-03-26;"3";"07:30:00";"ES";101;271,7;"SERRA";"Falta de Atenção à Condução";"Colisão transversal";"Com Vítimas Feridas";"Pleno dia";"Decrescente";"Céu Claro";"Dupla";"Reta";"Sim";2;0;0;2;0;0;2;2;"-20.22779816";"-40.2839613";"SR-ES";"DEL12/2";"UOP01/ES"
199327;2019-03-26;"3";"07:50:00";"RS";290;94;"PORTO ALEGRE";"Falta de Atenção à Condução";"Colisão traseira";"Com Vítimas Feridas";"Pleno dia";"Crescente";"Sol";"Dupla";"Reta";"Sim";3;0;1;0;2;0;1;3;"-29.98066446";"-51.20119979";"SR-RS";"DEL9/1";"UOP01/RS"
199329;2019-03-26;"3";"07:30:00";"RS";392;673,6;"SALVADOR DAS MISSOES";"Desobediência às normas de trânsito pelo condutor";"Colisão transversal";"Com Vítimas Feridas";"Pleno dia";"Crescente";"Sol";"Simples";"Reta";"Sim";5;0;0;2;1;2;2;2;"-28.11673198";"-54.83696901";"SR-RS";"DEL9/10";"UOP01/RS"
199330;2019-03-26;"3";"08:30:00";"PR";277;295,7;"PRUDENTOPOLIS";"Velocidade Incompatível";"Saída de leito carroçável";"Com Vítimas Feridas";"Pleno dia";"Crescente";"Céu Claro";"Simples";"Curva";"Não";1;0;1;0;0;0;1;1;"-25.31583904";"-51.04969199";"SR-PR";"DEL7/3";"UOP04/PR"
199331;2019-03-26;"3";"04:15:00";"RS";290;626;"ALEGRETE";"Animais na Pista";"Atropelamento de Animal";"Sem Vítimas";"Plena Noite";"Decrescente";"Céu Claro";"Simples";"Ponte";"Não";6;0;0;0;6;0;0;1;"-29.9910767";"-56.176267";"SR-RS";"DEL9/13";"UOP02/RS"
199332;2019-03-26;"3";"06:30:00";"BA";324;566;"SAO SEBASTIAO DO PASSE";"Falta de Atenção à Condução";"Saída de leito carroçável";"Sem Vítimas";"Pleno dia";"Crescente";"Céu Claro";"Dupla";"Reta";"Não";1;0;0;0;1;0;0;1;"-12.52455997";"-38.61040198";"SR-BA";"DEL10/1";"UOP01/BA"
199333;2019-03-26;"3";"08:50:00";"PE";101;50;"ABREU E LIMA";"Não guardar distância de segurança";"Colisão traseira";"Com Vítimas Feridas";"Pleno dia";"Crescente";"Nublado";"Dupla";"Reta";"Sim";3;0;2;0;1;0;2;2;"-7.90938602";"-34.90123228";"SR-PE";"DEL11/1";"UOP02/PE"
199334;2019-03-26;"3";"08:40:00";"SC";470;2;"NAVEGANTES";"Ultrapassagem Indevida";"Colisão lateral";"Com Vítimas Feridas";"Pleno dia";"Decrescente";"Nublado";"Simples";"Reta";"Não";3;0;1;1;1;0;2;2;"-26.868551";"-48.674831";"SR-SC";"DEL8/4";"UOP04/SC"
199335;2019-03-26;"3";"09:00:00";"TO";153;260;"COLINAS DO TOCANTINS";"Velocidade Incompatível";"Colisão frontal";"Com Vítimas Fatais";"Pleno dia";"Decrescente";"Chuva";"Simples";"Ponte";"Não";4;1;1;0;2;0;1;4;"-8.17174301";"-48.46378306";"SR-TO";"UOP03/TO";""
199336;2019-03-26;"3";"09:00:00";"GO";153;53;"PORANGATU";"Pista Escorregadia";"Colisão frontal";"Com Vítimas Feridas";"Pleno dia";"Crescente";"Chuva";"Simples";"Reta";"Não";2;0;0;1;1;0;1;2;"-13.276153";"-49.129692";"SR-GO";"DEL1/7";"UOP01/GO"
199337;2019-03-26;"3";"08:05:00";"PE";232;58,4;"POMBOS";"Mal Súbito";"Atropelamento de Pedestre";"Com Vítimas Feridas";"Pleno dia";"Crescente";"Céu Claro";"Dupla";"Reta";"Sim";4;0;1;1;2;0;2;1;"-8.14462866";"-35.39034714";"SR-PE";"DEL11/1";"UOP04/PE"
199338;2019-03-26;"3";"07:40:00";"RJ";116;94,1;"GUAPIMIRIM";"Defeito Mecânico no Veículo";"Tombamento";"Com Vítimas Feridas";"Pleno dia";"Decrescente";"Sol";"Simples";"Curva";"Não";2;0;2;0;0;0;2;1;"-22.46643519";"-43.00088701";"SR-RJ";"DEL5/4";"UOP02/RJ"
199339;2019-03-26;"3";"09:10:00";"SP";116;231;"SAO PAULO";"Não guardar distância de segurança";"Colisão lateral";"Com Vítimas Feridas";"Pleno dia";"Crescente";"Sol";"Múltipla";"Não Informado";"Sim";3;0;2;0;1;0;2;2;"-23.5290581";"-46.59398303";"SR-SP";"DEL6/1";"UOP01/SP"
199340;2019-03-20;"4";"20:30:00";"MT";70;228;"POXOREO";"Falta de Atenção à Condução";"Capotamento";"Com Vítimas Feridas";"Plena Noite";"Crescente";"Céu Claro";"Simples";"Reta";"Não";1;0;1;0;0;0;1;1;"-15.65222972";"-53.9290177";"SR-MT";"DEL2/5";"UOP01/MT"
199341;2019-03-26;"3";"08:45:00";"SP";116;280,9;"EMBU DAS ARTES";"Falta de Atenção à Condução";"Colisão lateral";"Com Vítimas Feridas";"Pleno dia";"Decrescente";"Sol";"Dupla";"Reta";"Sim";3;0;1;0;2;0;1;3;"-23.65125409";"-46.84697541";"SR-SP";"DEL6/4";"UOP01/SP"
199342;2019-03-26;"3";"08:10:00";"SC";470;161;"TROMBUDO CENTRAL";"Animais na Pista";"Atropelamento de Animal";"Com Vítimas Feridas";"Pleno dia";"Decrescente";"Céu Claro";"Simples";"Reta";"Não";1;0;1;0;0;0;1;1;"-27.285444";"-49.807579";"SR-SC";"DEL8/4";"UOP02/SC"
199343;2019-03-26;"3";"08:45:00";"PE";101;86;"CABO DE SANTO AGOSTINHO";"Pista Escorregadia";"Saída de leito carroçável";"Com Vítimas Feridas";"Pleno dia";"Crescente";"Chuva";"Dupla";"Reta";"Sim";2;0;2;0;0;0;2;1;"-8.18470013";"-34.96816895";"SR-PE";"DEL11/1";"UOP03/PE"
199344;2019-03-26;"3";"09:35:00";"PR";476;129,7;"CURITIBA";"Desobediência às normas de trânsito pelo condutor";"Colisão transversal";"Com Vítimas Feridas";"Pleno dia";"Decrescente";"Nublado";"Múltipla";"Reta";"Sim";4;0;1;0;3;0;1;4;"-25.440983";"-49.233715";"SR-PR";"DEL7/1";"UOP06/PR"
199345;2019-03-26;"3";"09:20:00";"SP";116;231,4;"SAO PAULO";"Falta de Atenção à Condução";"Colisão lateral";"Com Vítimas Feridas";"Pleno dia";"Crescente";"Céu Claro";"Múltipla";"Reta";"Sim";2;0;1;0;0;1;1;2;"-23.5290581";"-46.59398303";"SR-SP";"DEL6/1";"UOP01/SP"
199346;2019-03-26;"3";"09:00:00";"MS";163;679,1;"RIO VERDE DE MATO GROSSO";"Animais na Pista";"Queda de ocupante de veículo";"Com Vítimas Feridas";"Pleno dia";"Crescente";"Céu Claro";"Simples";"Desvio Temporário";"Sim";1;0;1;0;0;0;1;1;"-18.93217701";"-54.83111904";"SR-MS";"DEL3/6";"UOP02/MS"
199347;2019-03-26;"3";"09:30:00";"PI";316;87,9;"OLHO DAGUA DO PIAUI";"Falta de Atenção à Condução";"Tombamento";"Com Vítimas Feridas";"Pleno dia";"Decrescente";"Céu Claro";"Simples";"Curva";"Não";2;0;1;0;1;0;1;1;"-5.78094848";"-42.56498337";"SR-PI";"DEL17/4";"UOP02/PI"
199348;2019-03-26;"3";"10:00:00";"PE";101;123;"ESCADA";"Falta de Atenção à Condução";"Colisão traseira";"Com Vítimas Feridas";"Pleno dia";"Crescente";"Nublado";"Dupla";"Reta";"Não";3;0;1;0;1;1;1;2;"-8.35963442";"-35.20419694";"SR-PE";"DEL11/1";"UOP03/PE"
199349;2019-03-26;"3";"10:00:00";"RS";285;206,3;"LAGOA VERMELHA";"Falta de Atenção do Pedestre";"Atropelamento de Pedestre";"Com Vítimas Fatais";"Pleno dia";"Decrescente";"Céu Claro";"Simples";"Reta";"Não";5;1;0;0;1;3;0;1;"-28.218395";"-51.579144";"SR-RS";"DEL08";"UOP05/RS"
199350;2019-03-26;"3";"10:15:00";"SP";116;215;"GUARULHOS";"Não guardar distância de segurança";"Colisão traseira";"Com Vítimas Feridas";"Pleno dia";"Crescente";"Céu Claro";"Múltipla";"Reta";"Sim";3;0;2;0;1;0;2;2;"-23.44736301";"-46.45610253";"SR-SP";"DEL6/1";"UOP01/SP"
199351;2019-03-26;"3";"09:45:00";"SC";282;54,9;"AGUAS MORNAS";"Velocidade Incompatível";"Colisão frontal";"Com Vítimas Feridas";"Pleno dia";"Crescente";"Garoa/Chuvisco";"Simples";"Curva";"Não";3;0;2;0;1;0;2;2;"-27.68968435";"-48.98164272";"SR-SC";"DEL8/1";"UOP03/SC"
199352;2019-03-26;"3";"10:10:00";"PI";316;9;"TERESINA";"Falta de Atenção à Condução";"Colisão lateral";"Com Vítimas Feridas";"Pleno dia";"Crescente";"Sol";"Simples";"Reta";"Não";1;0;1;0;0;0;1;1;"-5.17381686";"-42.76624952";"SR-PI";"DEL17/1";"UOP02/PI"
199353;2019-03-26;"3";"10:30:00";"MG";40;665,1;"CARANDAI";"Desobediência às normas de trânsito pelo condutor";"Colisão frontal";"Com Vítimas Feridas";"Pleno dia";"Crescente";"Céu Claro";"Simples";"Reta";"Sim";3;0;0;3;0;0;3;2;"-20.93778015";"-43.81473317";"SR-MG";"DEL5";"UOP02/MG"
199355;2019-03-26;"3";"10:40:00";"CE";116;63,5;"CHOROZINHO";"Pista Escorregadia";"Colisão transversal";"Com Vítimas Feridas";"Pleno dia";"Decrescente";"Chuva";"Simples";"Desvio Temporário";"Não";3;0;3;0;0;0;3;2;"-4.27263318";"-38.49159144";"SR-CE";"DEL16/3";"UOP02/CE"
199356;2019-03-22;"6";"07:37:00";"MG";381;599,5;"CARMOPOLIS DE MINAS";"Falta de Atenção à Condução";"Colisão lateral";"Sem Vítimas";"Pleno dia";"Decrescente";"Céu Claro";"Dupla";"Não Informado";"Não";3;0;0;0;3;0;0;3;"-20.60183577";"-44.71422672";"SR-MG";"DEL4/4";"UOP01/MG"
199357;2019-03-26;"3";"08:15:00";"MT";70;514;"VARZEA GRANDE";"Não guardar distância de segurança";"Colisão traseira";"Com Vítimas Feridas";"Pleno dia";"Decrescente";"Céu Claro";"Simples";"Reta";"Não";5;0;1;0;3;1;1;2;"-15.70105263";"-56.1157608";"SR-MT";"DEL2/4";"UOP02/MT"
199358;2019-03-26;"3";"10:50:00";"PR";116;131;"FAZENDA RIO GRANDE";"Desobediência às normas de trânsito pelo condutor";"Saída de leito carroçável";"Com Vítimas Fatais";"Pleno dia";"Decrescente";"Céu Claro";"Dupla";"Não Informado";"Não";3;1;0;0;0;2;0;1;"-25.648307";"-49.31251207";"SR-PR";"DEL7/1";"UOP03/PR"
199360;2019-03-26;"3";"10:50:00";"PE";423;132,1;"SALOA";"Defeito Mecânico no Veículo";"Colisão frontal";"Com Vítimas Fatais";"Pleno dia";"Crescente";"Céu Claro";"Simples";"Desvio Temporário";"Não";3;2;1;0;0;0;1;2;"-8.95943517";"-36.76461912";"SR-PE";"DEL11/3";"UOP01/PE"
199361;2019-03-26;"3";"11:15:00";"RN";406;170;"SAO GONCALO DO AMARANTE";"Não guardar distância de segurança";"Colisão traseira";"Com Vítimas Feridas";"Pleno dia";"Crescente";"Céu Claro";"Dupla";"Reta";"Não";2;0;1;0;1;0;1;2;"-5.75767809";"-35.30220509";"SR-RN";"DEL15/2";"UOP01/RN"
199362;2019-03-26;"3";"11:20:00";"BA";20;206;"LUIS EDUARDO MAGALHAES";"Defeito Mecânico no Veículo";"Saída de leito carroçável";"Com Vítimas Feridas";"Pleno dia";"Decrescente";"Chuva";"Simples";"Não Informado";"Não";1;0;1;0;0;0;1;1;"-12.13692352";"-45.81555432";"SR-BA";"DEL10/10";"UOP01/BA"
199363;2019-03-26;"3";"11:15:00";"CE";116;544,8;"PENAFORTE";"Falta de Atenção à Condução";"Colisão frontal";"Com Vítimas Feridas";"Pleno dia";"Crescente";"Céu Claro";"Simples";"Reta";"Sim";2;0;1;0;1;0;1;2;"-7.83088";"-39.087517";"SR-CE";"DEL16/5";"UOP03/CE"
199365;2019-03-26;"3";"11:10:00";"RJ";116;257;"VOLTA REDONDA";"Falta de Atenção do Pedestre";"Atropelamento de Pedestre";"Com Vítimas Feridas";"Pleno dia";"Decrescente";"Céu Claro";"Dupla";"Não Informado";"Não";2;0;0;1;1;0;1;1;"-22.58631777";"-44.01407302";"SR-RJ";"DEL5/7";"UOP02/RJ"
199366;2019-03-26;"3";"11:50:00";"GO";20;26;"FORMOSA";"Pista Escorregadia";"Tombamento";"Com Vítimas Feridas";"Pleno dia";"Crescente";"Chuva";"Dupla";"Curva";"Não";4;0;3;0;1;0;3;1;"-15.528576";"-47.129608";"SR-DF";"GO";"UOP04/DF"
199367;2019-03-26;"3";"11:40:00";"PE";101;86;"JABOATAO DOS GUARARAPES";"Falta de Atenção à Condução";"Colisão transversal";"Com Vítimas Feridas";"Pleno dia";"Decrescente";"Chuva";"Simples";"Reta";"Sim";2;0;1;0;1;0;1;2;"-8.18470013";"-34.96816895";"SR-PE";"DEL11/1";"UOP03/PE"
199369;2019-03-26;"3";"09:15:00";"SC";282;535,2;"CHAPECO";"Falta de Atenção à Condução";"Colisão transversal";"Com Vítimas Feridas";"Pleno dia";"Decrescente";"Sol";"Simples";"Interseção de vias";"Sim";2;0;1;0;1;0;1;2;"-26.998245";"-52.643768";"SR-SC";"DEL7";"UOP01/SC"
199370;2019-03-26;"3";"11:50:00";"PE";428;187;"PETROLINA";"Desobediência às normas de trânsito pelo condutor";"Tombamento";"Com Vítimas Feridas";"Pleno dia";"Decrescente";"Sol";"Simples";"Reta";"Sim";2;0;1;0;1;0;1;2;"-9.35604301";"-40.47854198";"SR-PE";"DEL11/6";"UOP01/PE"
199371;2019-03-26;"3";"11:00:00";"PI";316;310,3;"PICOS";"Falta de Atenção à Condução";"Atropelamento de Pedestre";"Com Vítimas Feridas";"Pleno dia";"Decrescente";"Céu Claro";"Simples";"Reta";"Sim";2;0;1;1;0;0;2;1;"-7.07606425";"-41.47249818";"SR-PI";"DEL17/4";"UOP01/PI"
199372;2019-03-26;"3";"11:30:00";"RJ";465;6;"SEROPEDICA";"Falta de Atenção à Condução";"Colisão lateral";"Com Vítimas Feridas";"Pleno dia";"Crescente";"Céu Claro";"Simples";"Reta";"Sim";2;0;1;0;0;1;1;2;"-22.754314";"-43.692879";"SR-RJ";"DEL5/1";"UOP04/RJ"
199373;2019-03-26;"3";"12:30:00";"MG";262;120,5;"RIO CASCA";"Desobediência às normas de trânsito pelo condutor";"Colisão transversal";"Com Vítimas Feridas";"Pleno dia";"Decrescente";"Céu Claro";"Simples";"Interseção de vias";"Não";2;0;1;0;1;0;1;2;"-20.21946878";"-42.65064354";"SR-MG";"DEL4/3";"UOP03/MG"
199374;2019-03-26;"3";"12:30:00";"RN";304;48,9;"MOSSORO";"Desobediência às normas de trânsito pelo condutor";"Colisão transversal";"Com Vítimas Feridas";"Pleno dia";"Crescente";"Nublado";"Simples";"Reta";"Sim";3;0;0;2;1;0;2;2;"-5.235481";"-37.318105";"SR-RN";"DEL15/4";"UOP01/RN"
199375;2019-03-26;"3";"11:15:00";"SC";163;115,4;"DIONISIO CERQUEIRA";"Defeito na Via";"Saída de leito carroçável";"Com Vítimas Feridas";"Pleno dia";"Decrescente";"Céu Claro";"Simples";"Desvio Temporário";"Não";1;0;1;0;0;0;1;1;"-26.36827905";"-53.53348015";"SR-SC";"DEL7";"UOP04/SC"
199376;2019-03-26;"3";"12:00:00";"PE";101;158;"RIBEIRAO";"Velocidade Incompatível";"Saída de leito carroçável";"Com Vítimas Feridas";"Pleno dia";"Crescente";"Chuva";"Dupla";"Curva";"Não";2;0;1;0;1;0;1;1;"-8.55179162";"-35.4051441";"SR-PE";"DEL11/1";"UOP03/PE"
199377;2019-03-26;"3";"12:45:00";"MG";381;368;"SAO GONCALO DO RIO ABAIXO";"Velocidade Incompatível";"Tombamento";"Com Vítimas Feridas";"Pleno dia";"Crescente";"Céu Claro";"Simples";"Curva";"Não";2;0;1;0;1;0;1;1;"-19.85072732";"-43.28377384";"SR-MG";"DEL4/3";"UOP01/MG"
199378;2019-03-26;"3";"12:00:00";"ES";101;214,1;"IBIRACU";"Desobediência às normas de trânsito pelo condutor";"Colisão transversal";"Com Vítimas Feridas";"Pleno dia";"Decrescente";"Céu Claro";"Simples";"Interseção de vias";"Sim";2;0;1;0;1;0;1;2;"-19.82999127";"-40.37211181";"SR-ES";"DEL12/2";"UOP01/ES"