"id";"data_inversa";"dia_semana";"horario";"uf";"br";"km";"municipio";"causa_acidente";"tipo_acidente";"classificacao_acidente";"fase_dia";"sentido_via";"condicao_metereologica";"tipo_pista";"tracado_via";"uso_solo";"pessoas";"mortos";"feridos_leves";"feridos_graves";"ilesos";"ignorados";"feridos";"veiculos";"latitude";"longitude";"regional";"delegacia";"uop"
199468;2019-03-26;"3";"22:45:00";"RO";364;341,3;"JI-PARANA";"Não guardar distância de segurança";"Colisão traseira";"Sem Vítimas";"Plena Noite";"Decrescente";"Chuva";"Dupla";"Reta";"Sim";3;0;0;0;3;0;0;2;"-10.88987987";"-61.93126772";"SR-RO";"DEL21/2";"UOP01/RO"
199469;2019-03-26;"3";"22:00:00";"MG";251;413;"GRAO MOGOL";"Fenômenos da Natureza";"Saída de leito carroçável";"Com Vítimas Feridas";"Plena Noite";"Decrescente";"Chuva";"Simples";"Reta";"Não";1;0;1;0;0;0;1;1;"-16.2892832";"-43.02510292";"SR-MG";"DEL4/12";"UOP01/MG"
199470;2019-03-26;"3";"22:00:00";"PR";376;402;"TIBAGI";"Ultrapassagem Indevida";"Colisão frontal";"Com Vítimas Feridas";"Plena Noite";"Crescente";"Céu Claro";"Simples";"Não Informado";"Não";3;0;3;0;0;0;3;2;"-24.57001285";"-50.68684671";"SR-PR";"DEL7/3";"UOP05/PR"
199471;2019-03-26;"3";"16:30:00";"BA";110;137;"CICERO DANTAS";"Pista Escorregadia";"Tombamento";"Com Vítimas Feridas";"Pleno dia";"Decrescente";"Chuva";"Simples";"Curva";"Não";1;0;1;0;0;0;1;1;"-10.58317696";"-38.37435277";"SR-BA";"DEL10/7";"UOP02/BA"
199472;2019-03-27;"4";"00:10:00";"MG";381;721;"CARMO DA CACHOEIRA";"Objeto estático sobre o leito carroçável";"Colisão traseira";"Com Vítimas Feridas";"Plena Noite";"Crescente";"Céu Claro";"Dupla";"Curva";"Não";5;0;2;0;3;0;2;3;"-21.43320878";"-45.21059384";"SR-MG";"DEL4/4";"UOP02/MG"
199473;2019-03-26;"3";"22:10:00";"GO";60;329;"ACREUNA";"Pista Escorregadia";"Saída de leito carroçável";"Sem Vítimas";"Plena Noite";"Crescente";"Chuva";"Dupla";"Reta";"Não";1;0;0;0;0;1;0;1;"-17.5466";"-50.5124";"SR-GO";"DEL1/4";"UOP01/GO"
199474;2019-03-27;"4";"01:00:00";"RJ";101;47;"CAMPOS DOS GOYTACAZES";"Ingestão de Álcool";"Saída de leito carroçável";"Sem Vítimas";"Plena Noite";"Crescente";"Céu Claro";"Simples";"Reta";"Não";1;0;0;0;1;0;0;1;"-21.60743504";"-41.31655533";"SR-RJ";"DEL5/8";"UOP01/RJ"
199475;2019-03-27;"4";"01:20:00";"SC";101;209;"SAO JOSE";"Falta de Atenção à Condução";"Saída de leito carroçável";"Com Vítimas Feridas";"Plena Noite";"Crescente";"Céu Claro";"Múltipla";"Reta";"Sim";1;0;1;0;0;0;1;1;"-27.61000542";"-48.63895057";"SR-SC";"DEL8/1";"UOP01/SC"
199476;2019-03-27;"4";"00:25:00";"SC";470;86,8;"ASCURRA";"Defeito na Via";"Derramamento de carga";"Sem Vítimas";"Plena Noite";"Crescente";"Nublado";"Simples";"Curva";"Não";1;0;0;0;1;0;0;1;"-26.949951";"-49.357296";"SR-SC";"DEL8/4";"UOP01/SC"
199477;2019-03-27;"4";"01:55:00";"RS";158;322;"SANTA MARIA";"Ingestão de Álcool";"Colisão com objeto estático";"Sem Vítimas";"Plena Noite";"Crescente";"Céu Claro";"Simples";"Ponte";"Sim";1;0;0;0;1;0;0;1;"-29.70282955";"-53.83537175";"SR-RS";"DEL9/9";"UOP01/RS"
199478;2019-03-26;"3";"20:50:00";"BA";242;430;"SEABRA";"Desobediência às normas de trânsito pelo condutor";"Colisão frontal";"Com Vítimas Fatais";"Plena Noite";"Crescente";"Céu Claro";"Simples";"Reta";"Não";2;1;0;0;1;0;0;2;"-12.390192";"-41.900593";"SR-BA";"DEL10/6";"UOP01/BA"
199479;2019-03-27;"4";"01:29:00";"MT";163;733;"SORRISO";"Defeito Mecânico no Veículo";"Saída de leito carroçável";"Com Vítimas Feridas";"Plena Noite";"Crescente";"Chuva";"Simples";"Reta";"Não";1;0;1;0;0;0;1;1;"-12.6974835";"-55.8111722";"SR-MT";"DEL2/6";"UOP01/MT"
199480;2019-03-27;"4";"02:09:00";"PA";316;204;"SANTA LUZIA DO PARA";"Animais na Pista";"Saída de leito carroçável";"Com Vítimas Feridas";"Plena Noite";"Decrescente";"Garoa/Chuvisco";"Simples";"Reta";"Não";1;0;1;0;0;0;1;1;"-1.56605192";"-46.86143391";"SR-PA";"DEL19/1";"UOP04/PA"
199481;2019-03-27;"4";"03:15:00";"MS";163;244,7;"CAARAPO";"Falta de Atenção à Condução";"Saída de leito carroçável";"Com Vítimas Feridas";"Plena Noite";"Crescente";"Céu Claro";"Simples";"Reta";"Não";1;0;1;0;0;0;1;1;"-22.35692307";"-54.80340314";"SR-MS";"DEL3/4";"UOP01/MS"
199482;2019-03-27;"4";"04:00:00";"PE";232;297,4;"SERTANIA";"Restrição de Visibilidade";"Capotamento";"Com Vítimas Feridas";"Plena Noite";"Decrescente";"Nevoeiro/Neblina";"Simples";"Reta";"Não";4;0;3;0;1;0;3;1;"-8.25029924";"-37.39955734";"SR-PE";"DEL11/3";"UOP02/PE"
199483;2019-03-27;"4";"04:42:00";"RJ";40;120;"DUQUE DE CAXIAS";"Ingestão de Álcool";"Colisão traseira";"Com Vítimas Feridas";"Plena Noite";"Decrescente";"Céu Claro";"Múltipla";"Reta";"Sim";2;0;1;0;1;0;1;2;"-22.77280597";"-43.28626763";"SR-RJ";"DEL5/1";"UOP01/RJ"
199484;2019-03-27;"4";"05:00:00";"SC";470;127,1;"LONTRAS";"Falta de Atenção à Condução";"Colisão traseira";"Com Vítimas Feridas";"Plena Noite";"Decrescente";"Nublado";"Simples";"Reta";"Não";2;0;2;0;0;0;2;1;"-27.136574";"-49.543015";"SR-SC";"DEL8/4";"UOP02/SC"
199485;2019-03-27;"4";"05:20:00";"ES";101;299;"VIANA";"Ingestão de álcool e/ou substâncias psicoativas pelo pedestre";"Atropelamento de Pedestre";"Com Vítimas Feridas";"Amanhecer";"Decrescente";"Céu Claro";"Dupla";"Curva";"Sim";2;0;1;0;1;0;1;1;"-20.35860628";"-40.42327504";"SR-ES";"DEL12/1";"UOP01/ES"
199486;2019-03-27;"4";"06:35:00";"PR";369;199,8;"APUCARANA";"Velocidade Incompatível";"Colisão traseira";"Com Vítimas Feridas";"Pleno dia";"Decrescente";"Céu Claro";"Simples";"Reta";"Não";4;0;1;0;3;0;1;3;"-23.5259483";"-51.44510686";"SR-PR";"DEL7/7";"UOP03/PR"
199487;2019-03-26;"3";"22:10:00";"PB";230;156;"CAMPINA GRANDE";"Desobediência às normas de trânsito pelo condutor";"Colisão transversal";"Com Vítimas Feridas";"Plena Noite";"Decrescente";"Céu Claro";"Simples";"Interseção de vias";"Sim";2;0;1;0;1;0;1;2;"-7.2693";"-35.9138";"SR-PB";"DEL14/2";"UOP01/PB"
199489;2019-03-27;"4";"06:50:00";"RS";386;343,9;"LAJEADO";"Não guardar distância de segurança";"Colisão traseira";"Com Vítimas Feridas";"Pleno dia";"Crescente";"Nublado";"Simples";"Reta";"Sim";3;0;2;0;1;0;2;2;"-29.434835";"-52.002365";"SR-RS";"DEL9/4";"UOP01/RS"
199490;2019-03-27;"4";"02:30:00";"PB";104;129,5;"CAMPINA GRANDE";"Sinalização da via insuficiente ou inadequada";"Saída de leito carroçável";"Sem Vítimas";"Plena Noite";"Decrescente";"Nublado";"Simples";"Curva";"Sim";1;0;0;0;0;1;0;1;"-7.28120589";"-35.88915693";"SR-PB";"DEL14/2";"UOP01/PB"
199491;2019-03-27;"4";"06:50:00";"PR";476;151,8;"ARAUCARIA";"Não guardar distância de segurança";"Queda de ocupante de veículo";"Com Vítimas Feridas";"Pleno dia";"Crescente";"Céu Claro";"Dupla";"Reta";"Sim";2;0;1;0;0;1;1;2;"-25.563601";"-49.377041";"SR-PR";"DEL7/1";"UOP03/PR"
199493;2019-03-27;"4";"03:50:00";"MG";116;410,7;"GOVERNADOR VALADARES";"Falta de Atenção à Condução";"Tombamento";"Sem Vítimas";"Plena Noite";"Decrescente";"Céu Claro";"Dupla";"Reta";"Sim";1;0;0;0;1;0;0;1;"-18.855625";"-41.975623";"SR-MG";"DEL4/6";"UOP01/MG"
199494;2019-03-27;"4";"06:30:00";"MT";163;731,1;"SORRISO";"Desobediência às normas de trânsito pelo condutor";"Colisão lateral";"Com Vítimas Feridas";"Pleno dia";"Crescente";"Nublado";"Simples";"Reta";"Não";3;0;1;0;2;0;1;2;"-12.82833704";"-55.82495813";"SR-MT";"DEL2/6";"UOP01/MT"
199495;2019-03-26;"3";"21:30:00";"BA";101;884,6;"IBIRAPUA";"Carga excessiva e/ou mal acondicionada";"Danos eventuais";"Sem Vítimas";"Plena Noite";"Decrescente";"Céu Claro";"Simples";"Curva";"Não";1;0;0;0;1;0;0;1;"-17.79839296";"-39.78177014";"SR-BA";"DEL10/9";"UOP03/BA"
199496;2019-03-27;"4";"07:00:00";"SP";116;143;"SAO JOSE DOS CAMPOS";"Não guardar distância de segurança";"Engavetamento";"Com Vítimas Feridas";"Pleno dia";"Decrescente";"Céu Claro";"Dupla";"Reta";"Sim";3;0;1;0;2;0;1;3;"-23.17849879";"-45.83787411";"SR-SP";"DEL6";"UOP02/SP"
199497;2019-03-27;"4";"07:20:00";"PB";101;69,1;"SANTA RITA";"Pista Escorregadia";"Colisão com objeto estático";"Com Vítimas Feridas";"Pleno dia";"Crescente";"Chuva";"Dupla";"Não Informado";"Não";2;0;1;0;0;1;1;1;"-7.06071589";"-35.01964495";"SR-PB";"DEL14/1";"UOP03/PB"
199498;2019-03-27;"4";"08:00:00";"RS";285;567,5;"SAO LUIZ GONZAGA";"Desobediência às normas de trânsito pelo condutor";"Colisão lateral";"Com Vítimas Feridas";"Pleno dia";"Crescente";"Céu Claro";"Simples";"Reta";"Sim";2;0;0;1;1;0;1;2;"-28.417452";"-54.966869";"SR-RS";"DEL9/10";"UOP01/RS"
199499;2019-03-26;"3";"20:20:00";"MS";60;532,9;"NIOAQUE";"Defeito Mecânico no Veículo";"Colisão com objeto estático";"Com Vítimas Fatais";"Plena Noite";"Crescente";"Céu Claro";"Simples";"Reta";"Não";4;2;0;2;0;0;2;3;"-21.13295241";"-55.76523376";"SR-MS";"DEL3/5";"UOP01/MS"
199500;2019-03-11;"2";"09:00:00";"RJ";101;431,8;"MANGARATIBA";"Velocidade Incompatível";"Saída de leito carroçável";"Com Vítimas Feridas";"Pleno dia";"Decrescente";"Nublado";"Dupla";"Curva";"Não";2;0;1;1;0;0;2;1;"-22.934676";"-44.02665";"SR-RJ";"DEL5/3";"UOP01/RJ"
199501;2019-03-27;"4";"08:00:00";"ES";101;293,4;"CARIACICA";"Falta de Atenção à Condução";"Colisão traseira";"Com Vítimas Feridas";"Pleno dia";"Decrescente";"Sol";"Simples";"Reta";"Não";2;0;1;0;1;0;1;2;"-20.31526144";"-40.39567044";"SR-ES";"DEL12/1";"UOP01/ES"
199502;2019-03-27;"4";"08:35:00";"PR";476;136,4;"CURITIBA";"Desobediência às normas de trânsito pelo condutor";"Colisão traseira";"Com Vítimas Feridas";"Pleno dia";"Decrescente";"Nublado";"Múltipla";"Reta";"Sim";2;0;1;0;1;0;1;2;"-25.491047";"-49.271679";"SR-PR";"DEL7/1";"UOP03/PR"
199503;2019-01-18;"6";"21:19:00";"SC";101;209,4;"SAO JOSE";"Não guardar distância de segurança";"Engavetamento";"Com Vítimas Feridas";"Plena Noite";"Decrescente";"Chuva";"Dupla";"Reta";"Sim";6;0;1;0;3;2;1;5;"-27.6176";"-48.6463";"SR-SC";"DEL8/1";"UOP01/SC"
199504;2019-03-27;"4";"07:40:00";"MS";158;63;"PARANAIBA";"Ingestão de Álcool";"Colisão frontal";"Com Vítimas Fatais";"Pleno dia";"Crescente";"Céu Claro";"Simples";"Reta";"Não";3;1;1;0;1;0;1;2;"-19.45246907";"-51.34793705";"SR-MS";"DEL3/8";"UOP01/MS"
199505;2019-03-27;"4";"08:20:00";"MA";135;5,2;"SAO LUIS";"Falta de Atenção à Condução";"Colisão lateral";"Sem Vítimas";"Pleno dia";"Decrescente";"Nublado";"Dupla";"Reta";"Sim";4;0;0;0;4;0;0;4;"-2.62145385";"-44.25797421";"SR-MA";"DEL18/1";"UOP01/MA"
199506;2019-02-28;"5";"03:25:00";"PR";369;80,3;"SANTA MARIANA";"Falta de Atenção à Condução";"Colisão traseira";"Com Vítimas Fatais";"Plena Noite";"Crescente";"Nublado";"Simples";"Reta";"Não";9;1;7;0;1;0;7;2;"-23.14454361";"-50.58454156";"SR-PR";"DEL7/7";"UOP06/PR"
199507;2019-03-26;"3";"20:00:00";"RJ";116;173;"BELFORD ROXO";"Não guardar distância de segurança";"Colisão traseira";"Com Vítimas Feridas";"Plena Noite";"Crescente";"Céu Claro";"Dupla";"Reta";"Sim";2;0;1;0;1;0;1;2;"-22.79810324";"-43.35726614";"SR-RJ";"DEL5/1";"UOP02/RJ"
199508;2019-03-27;"4";"08:45:00";"MG";116;410;"GOVERNADOR VALADARES";"Falta de Atenção à Condução";"Atropelamento de Pedestre";"Com Vítimas Feridas";"Pleno dia";"Crescente";"Céu Claro";"Dupla";"Reta";"Sim";2;0;1;0;0;1;1;1;"-18.855625";"-41.975623";"SR-MG";"DEL4/6";"UOP01/MG"
199509;2019-03-27;"4";"09:16:00";"RS";158;329,8;"SANTA MARIA";"Desobediência às normas de trânsito pelo condutor";"Tombamento";"Com Vítimas Feridas";"Pleno dia";"Decrescente";"Nublado";"Simples";"Rotatória";"Sim";1;0;1;0;0;0;1;1;"-29.70087696";"-53.84056091";"SR-RS";"DEL9/9";"UOP01/RS"
199510;2019-03-27;"4";"09:00:00";"SC";101;120,5;"ITAJAI";"Falta de Atenção à Condução";"Colisão lateral";"Com Vítimas Feridas";"Pleno dia";"Decrescente";"Nublado";"Dupla";"Reta";"Sim";2;0;1;0;1;0;1;2;"-26.912758";"-48.711998";"SR-SC";"DEL8/4";"UOP04/SC"
199511;2019-03-26;"3";"16:15:00";"RS";392;239,1;"CACAPAVA DO SUL";"Velocidade Incompatível";"Saída de leito carroçável";"Sem Vítimas";"Pleno dia";"Decrescente";"Céu Claro";"Simples";"Desvio Temporário";"Não";1;0;0;0;0;1;0;1;"-30.61653165";"-53.35369477";"SR-RS";"DEL9/9";"UOP02/RS"
199512;2019-02-04;"2";"06:45:00";"PB";101;82,9;"BAYEUX";"Ingestão de Álcool";"Colisão traseira";"Com Vítimas Feridas";"Pleno dia";"Crescente";"Sol";"Dupla";"Viaduto";"Sim";2;0;1;0;1;0;1;2;"-7.13285";"-34.930609";"SR-PB";"DEL14/1";"UOP00/PB"
199513;2019-03-27;"4";"09:30:00";"MG";381;316;"NOVA ERA";"Não guardar distância de segurança";"Colisão lateral";"Com Vítimas Feridas";"Pleno dia";"Decrescente";"Céu Claro";"Simples";"Curva";"Não";2;0;1;0;1;0;1;2;"-19.69896406";"-42.99486928";"SR-MG";"DEL4/3";"UOP02/MG"
199514;2019-03-27;"4";"09:50:00";"PR";277;580;"CASCAVEL";"Defeito Mecânico no Veículo";"Colisão com objeto estático";"Sem Vítimas";"Pleno dia";"Decrescente";"Sol";"Simples";"Reta";"Não";1;0;0;0;1;0;0;1;"-24.984741";"-53.368952";"SR-PR";"DEL7/4";"UOP01/PR"
199515;2019-03-27;"4";"10:05:00";"RS";285;440,8;"BOZANO";"Falta de Atenção à Condução";"Saída de leito carroçável";"Com Vítimas Feridas";"Pleno dia";"Decrescente";"Sol";"Simples";"Desvio Temporário";"Não";2;0;0;2;0;0;2;1;"-28.357073";"-53.733364";"SR-RS";"DEL9/10";"UOP01/RS"
199517;2019-03-27;"4";"10:50:00";"GO";40;1,2;"VALPARAISO DE GOIAS";"Falta de Atenção à Condução";"Saída de leito carroçável";"Com Vítimas Feridas";"Pleno dia";"Decrescente";"Nublado";"Dupla";"Reta";"Sim";3;0;1;1;1;0;2;2;"-16.058245";"-47.982825";"SR-DF";"GO";"UOP01/DF"
199518;2019-03-27;"4";"09:30:00";"MA";135;34,4;"BACABEIRA";"Avarias e/ou desgaste excessivo no pneu";"Saída de leito carroçável";"Com Vítimas Feridas";"Pleno dia";"Crescente";"Nublado";"Dupla";"Reta";"Não";1;0;1;0;0;0;1;1;"-2.840086";"-44.37459507";"SR-MA";"DEL18/1";"UOP01/MA"
199519;2019-03-27;"4";"10:30:00";"SP";381;79;"SAO PAULO";"Falta de Atenção à Condução";"Tombamento";"Com Vítimas Feridas";"Pleno dia";"Crescente";"Céu Claro";"Dupla";"Curva";"Sim";1;0;0;1;0;0;1;1;"-23.40319901";"-46.57564699";"SR-SP";"DEL6/3";"UOP02/SP"
199520;2019-03-27;"4";"10:45:00";"AL";101;228,6;"PORTO REAL DO COLEGIO";"Falta de Atenção à Condução";"Saída de leito carroçável";"Com Vítimas Fatais";"Pleno dia";"Decrescente";"Céu Claro";"Dupla";"Reta";"Não";1;1;0;0;0;0;0;1;"-10.1098756";"-36.71933632";"SR-AL";"DEL13/2";"UOP02/AL"
199521;2019-03-27;"4";"11:10:00";"ES";101;1,1;"SERRA";"Velocidade Incompatível";"Colisão com objeto estático";"Com Vítimas Fatais";"Pleno dia";"Decrescente";"Céu Claro";"Dupla";"Reta";"Sim";1;1;0;0;0;0;0;1;"-20.24272124";"-40.28122555";"SR-ES";"DEL12/2";"UOP01/ES"
199522;2019-03-27;"4";"11:20:00";"PR";476;130,6;"CURITIBA";"Falta de Atenção do Pedestre";"Atropelamento de Pedestre";"Com Vítimas Feridas";"Pleno dia";"Crescente";"Céu Claro";"Múltipla";"Reta";"Sim";2;0;2;0;0;0;2;1;"-25.449564";"-49.236427";"SR-PR";"DEL7/1";"UOP06/PR"
199523;2019-03-27;"4";"10:50:00";"MG";365;612;"UBERLANDIA";"Não guardar distância de segurança";"Colisão traseira";"Com Vítimas Feridas";"Pleno dia";"Crescente";"Sol";"Simples";"Reta";"Não";2;0;1;0;1;0;1;2;"-18.92642291";"-48.19736481";"SR-MG";"DEL4/15";"UOP01/MG"
199524;2019-03-27;"4";"08:00:00";"MT";70;509,8;"CUIABA";"Ultrapassagem Indevida";"Colisão transversal";"Com Vítimas Feridas";"Pleno dia";"Crescente";"Céu Claro";"Simples";"Curva";"Não";2;0;1;0;1;0;1;2;"-15.65051022";"-55.99823809";"SR-MT";"DEL2/1";"UOP01/MT"
199525;2019-03-27;"4";"11:30:00";"GO";153;73;"PORANGATU";"Desobediência às normas de trânsito pelo condutor";"Colisão traseira";"Com Vítimas Feridas";"Pleno dia";"Crescente";"Céu Claro";"Simples";"Reta";"Não";3;0;1;0;2;0;1;2;"-13.513705";"-49.121609";"SR-GO";"DEL1/7";"UOP01/GO"
199526;2019-03-27;"4";"11:45:00";"RS";471;160;"RIO PARDO";"Falta de Atenção à Condução";"Colisão traseira";"Com Vítimas Feridas";"Pleno dia";"Crescente";"Nublado";"Simples";"Reta";"Não";2;0;1;0;1;0;1;2;"-29.905725";"-52.391739";"SR-RS";"DEL9/2";"UOP03/RS"
199527;2019-03-27;"4";"11:00:00";"MG";381;347;"BELA VISTA DE MINAS";"Falta de Atenção à Condução";"Tombamento";"Com Vítimas Feridas";"Pleno dia";"Decrescente";"Céu Claro";"Simples";"Curva";"Não";2;0;0;2;0;0;2;1;"-19.85407113";"-43.13180602";"SR-MG";"DEL4/3";"UOP01/MG"
199528;2019-03-27;"4";"12:00:00";"PE";101;79;"JABOATAO DOS GUARARAPES";"Defeito Mecânico no Veículo";"Colisão lateral";"Com Vítimas Feridas";"Pleno dia";"Crescente";"Sol";"Simples";"Reta";"Sim";2;0;1;0;1;0;1;2;"-8.14366112";"-34.94723453";"SR-PE";"DEL11/1";"UOP01/PE"
199529;2019-03-27;"4";"08:30:00";"MG";40;799,1;"JUIZ DE FORA";"Velocidade Incompatível";"Queda de ocupante de veículo";"Com Vítimas Feridas";"Pleno dia";"Crescente";"Céu Claro";"Simples";"Curva";"Não";1;0;1;0;0;0;1;1;"-21.82857001";"-43.37364401";"SR-MG";"DEL5";"UOP01/MG"
199530;2019-03-27;"4";"12:05:00";"RS";116;149,1;"CAXIAS DO SUL";"Desobediência às normas de trânsito pelo condutor";"Atropelamento de Pedestre";"Com Vítimas Feridas";"Pleno dia";"Decrescente";"Céu Claro";"Múltipla";"Reta";"Sim";2;0;1;0;1;0;1;1;"-29.15996905";"-51.15645292";"SR-RS";"DEL9/5";"UOP01/RS"
199531;2019-03-27;"4";"11:40:00";"PE";101;69,8;"RECIFE";"Falta de Atenção à Condução";"Colisão traseira";"Com Vítimas Feridas";"Pleno dia";"Decrescente";"Nublado";"Dupla";"Reta";"Sim";2;0;1;0;1;0;1;2;"-8.06776119";"-34.94265074";"SR-PE";"DEL11/1";"UOP01/PE"
199532;2019-03-27;"4";"12:00:00";"BA";367;23;"PORTO SEGURO";"Falta de Atenção à Condução";"Colisão transversal";"Com Vítimas Feridas";"Pleno dia";"Crescente";"Céu Claro";"Simples";"Reta";"Sim";2;0;1;0;1;0;1;2;"-16.43517732";"-39.07201198";"SR-BA";"DEL10/9";"UOP01/BA"
199533;2019-03-27;"4";"11:20:00";"SC";101;152;"ITAPEMA";"Falta de Atenção à Condução";"Colisão transversal";"Com Vítimas Feridas";"Pleno dia";"Decrescente";"Céu Claro";"Simples";"Reta";"Sim";2;0;1;0;1;0;1;2;"-27.13563503";"-48.61004665";"SR-SC";"DEL8/4";"UOP03/SC"
199534;2019-03-27;"4";"11:30:00";"MA";10;253;"IMPERATRIZ";"Defeito Mecânico no Veículo";"Colisão traseira";"Com Vítimas Feridas";"Pleno dia";"Crescente";"Sol";"Simples";"Reta";"Sim";2;0;0;1;1;0;1;2;"-5.526911";"-47.471455";"SR-MA";"DEL18/4";"UOP01/MA"
199537;2019-03-27;"4";"13:10:00";"MG";146;517,5;"POCOS DE CALDAS";"Ingestão de Álcool";"Colisão traseira";"Sem Vítimas";"Pleno dia";"Decrescente";"Céu Claro";"Simples";"Reta";"Não";2;0;0;0;2;0;0;2;"-21.808167";"-46.47014";"SR-MG";"DEL13";"UOP01/MG"
199538;2019-03-27;"4";"09:00:00";"GO";153;508;"APARECIDA DE GOIANIA";"Falta de Atenção à Condução";"Colisão traseira";"Com Vítimas Feridas";"Pleno dia";"Decrescente";"Garoa/Chuvisco";"Dupla";"Desvio Temporário";"Sim";1;0;1;0;0;0;1;1;"-16.7804";"-49.2371";"SR-GO";"DEL1/1";"UOP03/GO"
199539;2019-03-27;"4";"12:35:00";"RS";153;42,8;"ERECHIM";"Defeito Mecânico no Veículo";"Incêndio";"Sem Vítimas";"Pleno dia";"Decrescente";"Céu Claro";"Simples";"Reta";"Não";1;0;0;0;1;0;0;1;"-27.60602218";"-52.23788583";"SR-RS";"DEL08";"UOP04/RS"
199541;2019-03-27;"4";"13:10:00";"GO";60;223,7;"CEZARINA";"Pista Escorregadia";"Saída de leito carroçável";"Com Vítimas Feridas";"Pleno dia";"Crescente";"Chuva";"Dupla";"Curva";"Não";1;0;1;0;0;0;1;1;"-16.9998";"-49.768";"SR-GO";"DEL1/1";"UOP02/GO"
199542;2019-03-27;"4";"13:20:00";"ES";101;174;"ARACRUZ";"Falta de Atenção à Condução";"Colisão traseira";"Com Vítimas Feridas";"Pleno dia";"Crescente";"Sol";"Múltipla";"Reta";"Sim";4;0;0;3;1;0;3;2;"-19.58047007";"-40.18782185";"SR-ES";"DEL12/4";"UOP01/ES"
199543;2019-03-27;"4";"13:00:00";"RJ";101;315;"SAO GONCALO";"Não guardar distância de segurança";"Engavetamento";"Com Vítimas Feridas";"Pleno dia";"Crescente";"Céu Claro";"Dupla";"Reta";"Não";3;0;2;0;1;0;2;3;"-22.82262092";"-43.08460805";"SR-RJ";"DEL5/2";"UOP02/RJ"
199544;2019-03-21;"5";"18:20:00";"MS";262;130;"AGUA CLARA";"Falta de Atenção à Condução";"Saída de leito carroçável";"Com Vítimas Feridas";"Anoitecer";"Crescente";"Nublado";"Simples";"Reta";"Não";2;0;2;0;0;0;2;1;"-20.48881316";"-52.76728103";"SR-MS";"DEL3/7";"UOP02/MS"
199547;2019-03-27;"4";"14:00:00";"RS";NA;NA;"CANOAS";"Desobediência às normas de trânsito pelo condutor";"Colisão transversal";"Com Vítimas Feridas";"Pleno dia";"Não Informado";"Céu Claro";"Múltipla";"Interseção de vias";"Sim";2;0;1;0;1;0;1;2;"-29.90396268";"-51.17663383";"SR-RS";"DEL9/1";"UOP01/RS"
199548;2019-03-27;"4";"14:55:00";"PR";376;343,8;"ORTIGUEIRA";"Falta de Atenção à Condução";"Tombamento";"Com Vítimas Feridas";"Pleno dia";"Decrescente";"Garoa/Chuvisco";"Simples";"Curva";"Não";1;0;1;0;0;0;1;1;"-24.19556913";"-50.95456314";"SR-PR";"DEL7/7";"UOP02/PR"
199549;2019-03-27;"4";"14:30:00";"RS";116;319,5;"BARRA DO RIBEIRO";"Não guardar distância de segurança";"Colisão traseira";"Sem Vítimas";"Pleno dia";"Decrescente";"Nublado";"Dupla";"Não Informado";"Não";2;0;0;0;2;0;0;2;"-30.28228779";"-51.41260386";"SR-RS";"DEL9/2";"UOP01/RS"
199550;2019-03-27;"4";"13:40:00";"DF";60;28,5;"BRASILIA";"Falta de Atenção à Condução";"Saída de leito carroçável";"Com Vítimas Feridas";"Pleno dia";"Decrescente";"Chuva";"Dupla";"Curva";"Não";4;0;2;0;2;0;2;1;"-16.020638";"-48.250832";"SR-DF";"DF";"UOP03/DF"
199551;2019-03-27;"4";"15:00:00";"MG";40;279;"TRES MARIAS";"Falta de Atenção à Condução";"Colisão transversal";"Com Vítimas Feridas";"Pleno dia";"Crescente";"Nublado";"Simples";"Reta";"Sim";2;0;1;0;1;0;1;2;"-18.22833211";"-45.2202001";"SR-MG";"DEL4/14";"UOP02/MG"
199552;2019-03-27;"4";"12:30:00";"RJ";116;88;"TERESOPOLIS";"Velocidade Incompatível";"Tombamento";"Com Vítimas Feridas";"Pleno dia";"Decrescente";"Nublado";"Simples";"Reta";"Não";1;0;1;0;0;0;1;1;"-22.453468";"-42.954449";"SR-RJ";"DEL5/4";"UOP01/RJ"
199553;2019-03-27;"4";"14:45:00";"CE";116;3;"FORTALEZA";"Falta de Atenção à Condução";"Colisão lateral";"Sem Vítimas";"Pleno dia";"Decrescente";"Céu Claro";"Dupla";"Reta";"Não";2;0;0;0;2;0;0;2;"-3.77866493";"-38.51490171";"SR-CE";"DEL16/1";"UOP02/CE"
199555;2019-03-27;"4";"15:10:00";"BA";116;3,1;"VITORIA DA CONQUISTA";"Desobediência às normas de trânsito pelo condutor";"Colisão transversal";"Com Vítimas Feridas";"Pleno dia";"Decrescente";"Nublado";"Simples";"Reta";"Não";2;0;1;0;1;0;1;2;"-14.82481";"-40.861976";"SR-BA";"DEL10/8";"UOP01/BA"
199557;2019-02-07;"5";"14:05:00";"PE";232;11;"JABOATAO DOS GUARARAPES";"Falta de Atenção à Condução";"Colisão traseira";"Sem Vítimas";"Pleno dia";"Decrescente";"Sol";"Dupla";"Reta";"Sim";2;0;0;0;2;0;0;2;"-8.081954";"-34.995449";"SR-PE";"DEL11/1";"UOP01/PE"
199558;2019-03-27;"4";"12:20:00";"SC";101;450,2;"SAO JOAO DO SUL";"Desobediência às normas de trânsito pelo condutor";"Colisão frontal";"Com Vítimas Fatais";"Pleno dia";"Crescente";"Céu Claro";"Dupla";"Curva";"Sim";6;1;1;0;1;3;1;2;"-29.17229091";"-49.74904711";"SR-SC";"DEL8/2";"UOP02/SC"