"id";"data_inversa";"dia_semana";"horario";"uf";"br";"km";"municipio";"causa_acidente";"tipo_acidente";"classificacao_acidente";"fase_dia";"sentido_via";"condicao_metereologica";"tipo_pista";"tracado_via";"uso_solo";"pessoas";"mortos";"feridos_leves";"feridos_graves";"ilesos";"ignorados";"feridos";"veiculos";"latitude";"longitude";"regional";"delegacia";"uop"
200016;2019-03-29;"6";"19:40:00";"PB";230;156,3;"CAMPINA GRANDE";"Mal Súbito";"Saída de leito carroçável";"Com Vítimas Feridas";"Plena Noite";"Crescente";"Céu Claro";"Simples";"Reta";"Sim";1;0;1;0;0;0;1;1;"-7.2693";"-35.9138";"SR-PB";"DEL14/2";"UOP01/PB"
200017;2019-03-30;"7";"02:00:00";"RJ";101;309;"SAO GONCALO";"Não guardar distância de segurança";"Colisão traseira";"Com Vítimas Feridas";"Plena Noite";"Decrescente";"Nublado";"Dupla";"Reta";"Sim";2;0;0;1;1;0;1;2;"-22.79498873";"-43.03446105";"SR-RJ";"DEL5/2";"UOP02/RJ"
200019;2019-03-30;"7";"01:00:00";"SC";280;51,5;"GUARAMIRIM";"Falta de Atenção à Condução";"Colisão frontal";"Com Vítimas Feridas";"Plena Noite";"Decrescente";"Garoa/Chuvisco";"Simples";"Reta";"Não";5;0;3;2;0;0;5;2;"-26.46538871";"-48.95544449";"SR-SC";"DEL8/3";"UOP03/SC"
200020;2019-03-30;"7";"00:40:00";"PI";316;6,9;"TERESINA";"Desobediência às normas de trânsito pelo condutor";"Colisão frontal";"Com Vítimas Feridas";"Plena Noite";"Decrescente";"Nublado";"Simples";"Reta";"Sim";2;0;0;2;0;0;2;2;"-5.15584638";"-42.77173332";"SR-PI";"DEL17/1";"UOP02/PI"
200021;2019-03-30;"7";"03:10:00";"MG";381;519,8;"IGARAPE";"Condutor Dormindo";"Colisão traseira";"Com Vítimas Feridas";"Plena Noite";"Decrescente";"Céu Claro";"Dupla";"Reta";"Não";2;0;1;0;1;0;1;2;"-20.12834104";"-44.30330781";"SR-MG";"DEL4/1";"UOP03/MG"
200023;2019-03-30;"7";"03:20:00";"PB";230;22;"JOAO PESSOA";"Falta de Atenção à Condução";"Queda de ocupante de veículo";"Com Vítimas Feridas";"Plena Noite";"Crescente";"Garoa/Chuvisco";"Dupla";"Reta";"Não";1;0;1;0;0;0;1;1;"-7.1495";"-34.8517";"SR-PB";"DEL14/1";"UOP01/PB"
200024;2019-03-30;"7";"02:55:00";"GO";251;31;"CRISTALINA";"Restrição de Visibilidade";"Atropelamento de Pedestre";"Com Vítimas Fatais";"Pleno dia";"Decrescente";"Céu Claro";"Simples";"Reta";"Não";2;1;0;0;0;1;0;1;"-16.07547768";"-47.52869776";"SR-DF";"GO";"UOP01/DF"
200025;2019-03-30;"7";"03:50:00";"PR";116;11;"CAMPINA GRANDE DO SUL";"Mal Súbito";"Colisão com objeto estático";"Sem Vítimas";"Plena Noite";"Decrescente";"Céu Claro";"Dupla";"Reta";"Sim";2;0;0;0;2;0;0;1;"-25.09123278";"-48.6477702";"SR-PR";"DEL7/1";"UOP01/PR"
200027;2019-03-30;"7";"04:30:00";"ES";101;269,5;"SERRA";"Desobediência às normas de trânsito pelo condutor";"Colisão transversal";"Com Vítimas Feridas";"Amanhecer";"Crescente";"Céu Claro";"Múltipla";"Interseção de vias";"Sim";3;0;1;0;2;0;1;2;"-20.21740496";"-40.26990578";"SR-ES";"DEL12/2";"UOP01/ES"
200028;2019-03-30;"7";"03:00:00";"PR";163;123,6;"REALEZA";"Falta de Atenção à Condução";"Tombamento";"Com Vítimas Feridas";"Plena Noite";"Decrescente";"Céu Claro";"Simples";"Interseção de vias";"Não";1;0;0;1;0;0;1;1;"-25.60437915";"-53.56315613";"SR-PR";"DEL7/2";"UOP04/PR"
200030;2019-03-30;"7";"03:40:00";"SP";116;222,2;"GUARULHOS";"Ingestão de Álcool";"Colisão lateral";"Sem Vítimas";"Plena Noite";"Decrescente";"Nublado";"Múltipla";"Reta";"Sim";2;0;0;0;1;1;0;2;"-23.47093408";"-46.51631097";"SR-SP";"DEL6/1";"UOP01/SP"
200031;2019-03-30;"7";"04:40:00";"SP";116;154,9;"SAO JOSE DOS CAMPOS";"Falta de Atenção à Condução";"Colisão lateral";"Sem Vítimas";"Plena Noite";"Crescente";"Céu Claro";"Dupla";"Desvio Temporário";"Sim";2;0;0;0;2;0;0;2;"-23.24436206";"-45.92675753";"SR-SP";"DEL6/2";"UOP01/SP"
200032;2019-03-30;"7";"04:20:00";"SP";116;147;"SAO JOSE DOS CAMPOS";"Falta de Atenção à Condução";"Colisão com objeto estático";"Com Vítimas Feridas";"Plena Noite";"Decrescente";"Céu Claro";"Múltipla";"Reta";"Sim";2;0;2;0;0;0;2;1;"-23.19542994";"-45.87176303";"SR-SP";"DEL6/2";"UOP01/SP"
200033;2019-03-30;"7";"04:15:00";"PR";376;590,4;"CURITIBA";"Falta de Atenção à Condução";"Capotamento";"Com Vítimas Feridas";"Plena Noite";"Decrescente";"Nublado";"Múltipla";"Reta";"Sim";1;0;1;0;0;0;1;1;"-25.45338873";"-49.36166883";"SR-PR";"DEL7/1";"UOP05/PR"
200034;2019-03-30;"7";"04:40:00";"MG";40;698;"BARBACENA";"Ingestão de Álcool";"Colisão lateral";"Sem Vítimas";"Amanhecer";"Decrescente";"Nublado";"Simples";"Reta";"Não";2;0;0;0;2;0;0;2;"-21.16235";"-43.759854";"SR-MG";"DEL5";"UOP02/MG"
200035;2019-03-30;"7";"05:10:00";"ES";262;6;"CARIACICA";"Desobediência às normas de trânsito pelo condutor";"Colisão frontal";"Sem Vítimas";"Pleno dia";"Decrescente";"Céu Claro";"Múltipla";"Reta";"Sim";2;0;0;0;2;0;0;2;"-20.34007493";"-40.39451305";"SR-ES";"DEL12/1";"UOP01/ES"
200036;2019-03-30;"7";"05:00:00";"SC";101;135,2;"BALNEARIO CAMBORIU";"Velocidade Incompatível";"Colisão traseira";"Com Vítimas Feridas";"Plena Noite";"Crescente";"Céu Claro";"Dupla";"Reta";"Sim";2;0;1;0;1;0;1;2;"-27.0050108";"-48.62677494";"SR-SC";"DEL8/4";"UOP03/SC"
200038;2019-03-30;"7";"04:50:00";"PI";343;321;"ALTOS";"Falta de Atenção à Condução";"Colisão lateral";"Com Vítimas Feridas";"Amanhecer";"Crescente";"Céu Claro";"Simples";"Reta";"Não";2;0;0;1;1;0;1;2;"-5.051889";"-42.57745";"SR-PI";"DEL17/1";"UOP01/PI"
200039;2019-03-30;"7";"05:50:00";"MG";116;682,1;"MIRADOURO";"Não guardar distância de segurança";"Colisão traseira";"Com Vítimas Feridas";"Amanhecer";"Decrescente";"Céu Claro";"Simples";"Reta";"Não";4;0;2;0;2;0;2;2;"-20.95666795";"-42.34992689";"SR-MG";"DEL4/7";"UOP02/MG"
200040;2019-03-30;"7";"02:00:00";"PE";232;123,2;"CARUARU";"Ingestão de Álcool";"Saída de leito carroçável";"Com Vítimas Feridas";"Plena Noite";"Decrescente";"Céu Claro";"Dupla";"Reta";"Não";1;0;0;1;0;0;1;1;"-8.30417276";"-35.92823905";"SR-PE";"DEL11/2";"UOP02/PE"
200041;2019-03-29;"6";"23:20:00";"PR";277;109;"CAMPO LARGO";"Desobediência às normas de trânsito pelo condutor";"Colisão com objeto estático";"Com Vítimas Feridas";"Plena Noite";"Crescente";"Nublado";"Dupla";"Curva";"Sim";4;0;2;2;0;0;4;1;"-25.44229458";"-49.44880843";"SR-PR";"DEL7/1";"UOP05/PR"
200042;2019-03-30;"7";"01:10:00";"RS";386;38,1;"FREDERICO WESTPHALEN";"Ingestão de Álcool";"Colisão frontal";"Com Vítimas Feridas";"Plena Noite";"Crescente";"Céu Claro";"Simples";"Reta";"Não";3;0;1;1;1;0;2;2;"-27.391367";"-53.400776";"SR-RS";"DEL08";"UOP02/RS"
200043;2019-03-30;"7";"04:30:00";"SP";116;230,5;"SAO PAULO";"Falta de Atenção à Condução";"Colisão com objeto estático";"Sem Vítimas";"Amanhecer";"Decrescente";"Céu Claro";"Múltipla";"Reta";"Sim";1;0;0;0;0;1;0;1;"-23.52251783";"-46.5855702";"SR-SP";"DEL6/1";"UOP01/SP"
200044;2019-03-30;"7";"05:00:00";"TO";153;145;"ARAGUAINA";"Falta de Atenção à Condução";"Queda de ocupante de veículo";"Com Vítimas Feridas";"Amanhecer";"Decrescente";"Nublado";"Dupla";"Não Informado";"Sim";1;0;1;0;0;0;1;1;"-7.20503614";"-48.24035166";"SR-TO";"UOP04/TO";""
200045;2019-03-30;"7";"06:35:00";"TO";153;129,8;"WANDERLANDIA";"Condutor Dormindo";"Colisão frontal";"Com Vítimas Fatais";"Pleno dia";"Decrescente";"Céu Claro";"Simples";"Curva";"Não";2;1;0;0;1;0;0;2;"-7.08893865";"-48.16292616";"SR-TO";"UOP04/TO";""
200046;2019-03-30;"7";"06:15:00";"CE";116;17;"EUSEBIO";"Desobediência às normas de trânsito pelo condutor";"Colisão transversal";"Sem Vítimas";"Pleno dia";"Crescente";"Céu Claro";"Dupla";"Não Informado";"Sim";2;0;0;0;2;0;0;2;"-3.89617918";"-38.50336042";"SR-CE";"DEL16/1";"UOP02/CE"
200047;2019-03-29;"6";"18:20:00";"SC";282;46;"AGUAS MORNAS";"Velocidade Incompatível";"Capotamento";"Com Vítimas Feridas";"Plena Noite";"Decrescente";"Garoa/Chuvisco";"Simples";"Desvio Temporário";"Não";2;0;1;1;0;0;2;1;"-27.721041";"-48.925152";"SR-SC";"DEL8/1";"UOP03/SC"
200048;2019-03-29;"6";"23:45:00";"RS";472;478,2;"ITAQUI";"Ingestão de Álcool";"Saída de leito carroçável";"Com Vítimas Feridas";"Plena Noite";"Decrescente";"Céu Claro";"Simples";"Reta";"Não";1;0;1;0;0;0;1;1;"-29.16685209";"-56.48483276";"SR-RS";"DEL9/12";"UOP01/RS"
200049;2019-03-30;"7";"06:20:00";"MG";381;446;"SANTA LUZIA";"Restrição de Visibilidade";"Engavetamento";"Com Vítimas Feridas";"Pleno dia";"Decrescente";"Céu Claro";"Simples";"Reta";"Não";8;0;5;0;2;1;5;3;"-19.82950465";"-43.84255613";"SR-MG";"DEL4/1";"UOP01/MG"
200050;2019-03-30;"7";"06:25:00";"MS";262;313,9;"CAMPO GRANDE";"Ultrapassagem Indevida";"Colisão frontal";"Com Vítimas Fatais";"Pleno dia";"Crescente";"Céu Claro";"Simples";"Reta";"Não";2;1;0;0;1;0;0;2;"-20.472361";"-54.419537";"SR-MS";"DEL3/1";"UOP01/MS"
200051;2019-03-30;"7";"07:10:00";"PE";232;554,3;"PARNAMIRIM";"Velocidade Incompatível";"Capotamento";"Com Vítimas Feridas";"Pleno dia";"Crescente";"Sol";"Simples";"Reta";"Não";7;0;5;2;0;0;7;1;"-8.08677211";"-39.52424697";"SR-PE";"DEL11/5";"UOP01/PE"
200052;2019-03-29;"6";"11:40:00";"SC";282;25,6;"SANTO AMARO DA IMPERATRIZ";"Mal Súbito";"Saída de leito carroçável";"Com Vítimas Feridas";"Pleno dia";"Decrescente";"Garoa/Chuvisco";"Simples";"Reta";"Não";1;0;1;0;0;0;1;1;"-27.678228";"-48.752895";"SR-SC";"DEL8/1";"UOP03/SC"
200053;2019-03-30;"7";"07:00:00";"ES";101;285,5;"CARIACICA";"Falta de Atenção à Condução";"Colisão traseira";"Com Vítimas Feridas";"Pleno dia";"Crescente";"Céu Claro";"Dupla";"Não Informado";"Sim";3;0;2;0;1;0;2;2;"-20.25148171";"-40.37270066";"SR-ES";"DEL12/1";"UOP01/ES"
200054;2019-03-30;"7";"07:00:00";"GO";60;192,9;"GUAPO";"Defeito na Via";"Capotamento";"Sem Vítimas";"Pleno dia";"Decrescente";"Céu Claro";"Dupla";"Reta";"Não";1;0;0;0;1;0;0;1;"-16.8429";"-49.5503";"SR-GO";"DEL1/1";"UOP02/GO"
200055;2019-03-30;"7";"07:15:00";"SP";116;210,2;"GUARULHOS";"Falta de Atenção à Condução";"Colisão lateral";"Com Vítimas Feridas";"Pleno dia";"Crescente";"Céu Claro";"Dupla";"Reta";"Não";2;0;1;0;0;1;1;2;"-23.42991803";"-46.41408205";"SR-SP";"DEL6/1";"UOP01/SP"
200057;2019-03-30;"7";"07:20:00";"RS";392;26,5;"RIO GRANDE";"Falta de Atenção à Condução";"Saída de leito carroçável";"Com Vítimas Feridas";"Pleno dia";"Decrescente";"Céu Claro";"Simples";"Reta";"Sim";2;0;1;0;1;0;1;1;"-32.07835445";"-52.25665029";"SR-RS";"DEL9/7";"UOP02/RS"
200058;2019-03-29;"6";"14:05:00";"SC";282;80;"ALFREDO WAGNER";"Velocidade Incompatível";"Colisão frontal";"Com Vítimas Feridas";"Pleno dia";"Decrescente";"Chuva";"Simples";"Curva";"Não";6;0;5;0;1;0;5;3;"-27.663555";"-49.159309";"SR-SC";"DEL8/1";"UOP03/SC"
200059;2019-03-30;"7";"08:00:00";"PE";232;97;"BEZERROS";"Condutor Dormindo";"Colisão traseira";"Com Vítimas Feridas";"Pleno dia";"Crescente";"Garoa/Chuvisco";"Dupla";"Reta";"Não";3;0;1;0;2;0;1;2;"-8.23379718";"-35.71628894";"SR-PE";"DEL11/1";"UOP04/PE"
200060;2019-03-29;"6";"20:30:00";"SC";282;72;"RANCHO QUEIMADO";"Velocidade Incompatível";"Colisão frontal";"Com Vítimas Feridas";"Plena Noite";"Decrescente";"Chuva";"Simples";"Curva";"Não";2;0;1;0;1;0;1;2;"-27.683439";"-49.105259";"SR-SC";"DEL8/1";"UOP03/SC"
200061;2019-03-30;"7";"06:20:00";"BA";116;922,5;"ENCRUZILHADA";"Falta de Atenção à Condução";"Colisão traseira";"Sem Vítimas";"Pleno dia";"Crescente";"Céu Claro";"Simples";"Reta";"Não";2;0;0;0;2;0;0;2;"-15.523232";"-41.243477";"SR-BA";"DEL10/8";"UOP03/BA"
200062;2019-03-30;"7";"07:00:00";"PR";369;158,7;"CAMBE";"Ingestão de Álcool";"Saída de leito carroçável";"Sem Vítimas";"Pleno dia";"Crescente";"Sol";"Dupla";"Não Informado";"Sim";5;0;0;0;5;0;0;1;"-23.2846946";"-51.24125093";"SR-PR";"DEL7/7";"UOP01/PR"
200063;2019-03-30;"7";"08:15:00";"MG";262;384,2;"MATEUS LEME";"Condutor Dormindo";"Saída de leito carroçável";"Com Vítimas Feridas";"Pleno dia";"Decrescente";"Céu Claro";"Dupla";"Curva";"Não";1;0;1;0;0;0;1;1;"-19.93073825";"-44.41148997";"SR-MG";"DEL4/1";"UOP03/MG"
200064;2019-03-02;"7";"07:40:00";"MG";262;716,1;"ARAXA";"Ingestão de álcool e/ou substâncias psicoativas pelo pedestre";"Saída de leito carroçável";"Com Vítimas Feridas";"Pleno dia";"Crescente";"Chuva";"Simples";"Reta";"Não";1;0;1;0;0;0;1;1;"-19.60792077";"-47.15801066";"SR-MG";"DEL4/8";"UOP01/MG"
200065;2019-03-30;"7";"08:35:00";"GO";40;0,7;"VALPARAISO DE GOIAS";"Não guardar distância de segurança";"Engavetamento";"Com Vítimas Feridas";"Pleno dia";"Crescente";"Céu Claro";"Dupla";"Reta";"Sim";5;0;0;1;4;0;1;4;"-16.058273";"-47.982655";"SR-DF";"GO";"UOP01/DF"
200066;2019-03-30;"7";"09:20:00";"PR";369;202,1;"APUCARANA";"Desobediência às normas de trânsito pelo condutor";"Colisão transversal";"Com Vítimas Feridas";"Pleno dia";"Crescente";"Céu Claro";"Simples";"Não Informado";"Sim";2;0;0;1;1;0;1;2;"-23.5434544";"-51.45464748";"SR-PR";"DEL7/7";"UOP03/PR"
200067;2019-03-30;"7";"08:10:00";"RS";116;513,9;"PELOTAS";"Falta de Atenção à Condução";"Colisão transversal";"Com Vítimas Feridas";"Pleno dia";"Decrescente";"Céu Claro";"Simples";"Interseção de vias";"Não";2;0;1;0;1;0;1;2;"-31.64313197";"-52.33497415";"SR-RS";"DEL9/7";"UOP01/RS"
200068;2019-03-30;"7";"09:00:00";"SP";116;219;"GUARULHOS";"Não guardar distância de segurança";"Colisão lateral";"Com Vítimas Feridas";"Pleno dia";"Crescente";"Sol";"Múltipla";"Reta";"Sim";3;0;1;0;2;0;1;3;"-23.46143954";"-46.48885316";"SR-SP";"DEL6/1";"UOP01/SP"
200069;2019-03-30;"7";"08:15:00";"GO";60;23;"ALEXANIA";"Falta de Atenção à Condução";"Saída de leito carroçável";"Com Vítimas Feridas";"Pleno dia";"Crescente";"Céu Claro";"Dupla";"Reta";"Não";4;0;2;0;2;0;2;2;"-16.11814123";"-48.43055606";"SR-DF";"GO";"UOP03/DF"
200070;2019-03-30;"7";"09:20:00";"ES";101;419,1;"CACHOEIRO DE ITAPEMIRIM";"Falta de Atenção à Condução";"Colisão com objeto em movimento";"Com Vítimas Feridas";"Pleno dia";"Crescente";"Céu Claro";"Simples";"Curva";"Não";2;0;1;0;0;1;1;2;"-20.95924919";"-41.10118693";"SR-ES";"DEL12/3";"UOP02/ES"
200071;2019-03-30;"7";"08:45:00";"CE";222;153;"IRAUCUBA";"Falta de Atenção à Condução";"Colisão transversal";"Com Vítimas Feridas";"Pleno dia";"Decrescente";"Nublado";"Simples";"Reta";"Não";2;0;0;1;1;0;1;2;"-3.73604265";"-39.81449294";"SR-CE";"DEL16/4";"UOP03/CE"
200072;2019-03-30;"7";"08:40:00";"RO";319;59;"PORTO VELHO";"Falta de Atenção à Condução";"Colisão lateral";"Com Vítimas Feridas";"Pleno dia";"Crescente";"Céu Claro";"Dupla";"Retorno Regulamentado";"Sim";2;0;1;0;1;0;1;2;"-8.74293589";"-63.9069593";"SR-RO";"DEL21/1";"UOP01/RO"
200073;2019-03-30;"7";"09:45:00";"MG";116;754,5;"LEOPOLDINA";"Falta de Atenção à Condução";"Colisão traseira";"Com Vítimas Feridas";"Pleno dia";"Crescente";"Céu Claro";"Simples";"Reta";"Não";2;0;0;1;1;0;1;2;"-21.47859776";"-42.57564516";"SR-MG";"DEL4/7";"UOP01/MG"
200074;2019-03-30;"7";"06:00:00";"MS";60;515,7;"NIOAQUE";"Velocidade Incompatível";"Saída de leito carroçável";"Com Vítimas Fatais";"Amanhecer";"Crescente";"Céu Claro";"Simples";"Não Informado";"Não";1;1;0;0;0;0;0;1;"-21.17732695";"-55.628235";"SR-MS";"DEL3/5";"UOP01/MS"
200075;2019-03-30;"7";"09:38:00";"RN";101;93,9;"NATAL";"Falta de Atenção à Condução";"Colisão lateral";"Com Vítimas Feridas";"Pleno dia";"Decrescente";"Sol";"Dupla";"Interseção de vias";"Sim";2;0;2;0;0;0;2;2;"-5.82309126";"-35.20879637";"SR-RN";"DEL15/1";"UOP01/RN"
200076;2019-03-30;"7";"06:30:00";"RN";304;35,6;"MOSSORO";"Falta de Atenção à Condução";"Colisão lateral";"Com Vítimas Feridas";"Pleno dia";"Crescente";"Céu Claro";"Dupla";"Reta";"Não";2;0;1;0;1;0;1;2;"-5.16642924";"-37.35239983";"SR-RN";"DEL15/4";"UOP02/RN"
200077;2019-03-30;"7";"07:40:00";"SC";101;139;"ITAPEMA";"Falta de Atenção à Condução";"Colisão lateral";"Com Vítimas Feridas";"Pleno dia";"Crescente";"Céu Claro";"Simples";"Curva";"Não";2;0;1;0;1;0;1;2;"-27.02982303";"-48.60115006";"SR-SC";"DEL8/4";"UOP03/SC"
200078;2019-03-30;"7";"09:10:00";"SE";101;8;"CEDRO DE SAO JOAO";"Desobediência às normas de trânsito pelo condutor";"Saída de leito carroçável";"Sem Vítimas";"Pleno dia";"Decrescente";"Nublado";"Simples";"Reta";"Não";3;0;0;0;3;0;0;1;"-10.26375274";"-36.86557237";"SR-SE";"DEL20/2";"UOP02/SE"
200079;2019-03-30;"7";"09:10:00";"PR";116;181;"CAMPO DO TENENTE";"Defeito Mecânico no Veículo";"Saída de leito carroçável";"Sem Vítimas";"Pleno dia";"Crescente";"Céu Claro";"Simples";"Reta";"Não";1;0;0;0;1;0;0;1;"-25.90843967";"-49.58233507";"SR-PR";"DEL7/1";"UOP03/PR"
200080;2019-03-30;"7";"07:40:00";"SC";282;28,6;"SANTO AMARO DA IMPERATRIZ";"Falta de Atenção à Condução";"Colisão transversal";"Com Vítimas Feridas";"Pleno dia";"Decrescente";"Céu Claro";"Simples";"Rotatória";"Não";2;0;1;0;1;0;1;2;"-27.67478";"-48.778904";"SR-SC";"DEL8/1";"UOP03/SC"
200081;2019-03-30;"7";"10:00:00";"PE";232;125,9;"CARUARU";"Defeito na Via";"Saída de leito carroçável";"Sem Vítimas";"Pleno dia";"Decrescente";"Chuva";"Dupla";"Reta";"Não";2;0;0;0;2;0;0;1;"-8.30807114";"-35.94580097";"SR-PE";"DEL11/2";"UOP02/PE"
200082;2019-03-30;"7";"09:30:00";"MG";381;363;"JOAO MONLEVADE";"Velocidade Incompatível";"Tombamento";"Com Vítimas Feridas";"Pleno dia";"Crescente";"Céu Claro";"Simples";"Curva";"Não";2;0;2;0;0;0;2;1;"-19.85130197";"-43.24808594";"SR-MG";"DEL4/3";"UOP01/MG"
200083;2019-03-30;"7";"10:20:00";"GO";60;18,5;"ALEXANIA";"Falta de Atenção à Condução";"Saída de leito carroçável";"Com Vítimas Feridas";"Pleno dia";"Crescente";"Céu Claro";"Dupla";"Curva";"Não";1;0;1;0;0;0;1;1;"-16.0963";"-48.5202";"SR-DF";"GO";"UOP03/DF"
200084;2019-03-30;"7";"09:35:00";"RO";364;330;"JI-PARANA";"Desobediência às normas de trânsito pelo condutor";"Colisão lateral";"Com Vítimas Feridas";"Pleno dia";"Crescente";"Céu Claro";"Simples";"Reta";"Não";5;0;1;1;3;0;2;2;"-10.984673";"-61.9171";"SR-RO";"DEL21/2";"UOP01/RO"
200085;2019-03-30;"7";"07:50:00";"CE";222;313,1;"TIANGUA";"Falta de Atenção à Condução";"Colisão transversal";"Com Vítimas Feridas";"Pleno dia";"Decrescente";"Sol";"Simples";"Reta";"Sim";2;0;2;0;0;0;2;2;"-3.7236142";"-40.99670064";"SR-CE";"DEL16/4";"UOP02/CE"
200086;2019-03-30;"7";"09:50:00";"SP";116;317,8;"JUQUITIBA";"Falta de Atenção à Condução";"Colisão traseira";"Com Vítimas Feridas";"Pleno dia";"Crescente";"Céu Claro";"Dupla";"Reta";"Sim";4;0;1;0;3;0;1;2;"-23.92245308";"-46.99243069";"SR-SP";"DEL6/4";"UOP02/SP"
200087;2019-03-30;"7";"10:40:00";"PR";277;589;"CASCAVEL";"Não guardar distância de segurança";"Colisão traseira";"Com Vítimas Feridas";"Pleno dia";"Crescente";"Céu Claro";"Simples";"Reta";"Sim";4;0;1;0;3;0;1;2;"-24.97777319";"-53.44688591";"SR-PR";"DEL7/4";"UOP01/PR"
200088;2019-03-30;"7";"10:15:00";"RJ";40;74,9;"PETROPOLIS";"Velocidade Incompatível";"Queda de ocupante de veículo";"Com Vítimas Feridas";"Pleno dia";"Crescente";"Nublado";"Simples";"Curva";"Não";1;0;1;0;0;0;1;1;"-22.47224973";"-43.22332717";"SR-RJ";"DEL5/6";"UOP03/RJ"
200089;2019-03-30;"7";"10:25:00";"PR";376;169,2;"MARINGA";"Não guardar distância de segurança";"Colisão traseira";"Com Vítimas Feridas";"Pleno dia";"Decrescente";"Sol";"Dupla";"Reta";"Não";2;0;1;0;1;0;1;2;"-23.41293401";"-51.98354301";"SR-PR";"DEL7/7";"UOP04/PR"
200091;2019-03-30;"7";"09:50:00";"RO";319;64;"PORTO VELHO";"Falta de Atenção à Condução";"Colisão traseira";"Com Vítimas Feridas";"Pleno dia";"Decrescente";"Céu Claro";"Dupla";"Reta";"Sim";3;0;1;0;2;0;1;2;"-8.766685";"-63.884052";"SR-RO";"DEL21/1";"UOP01/RO"
200092;2019-03-30;"7";"10:10:00";"PI";316;0,4;"TERESINA";"Desobediência às normas de trânsito pelo condutor";"Colisão transversal";"Com Vítimas Feridas";"Pleno dia";"Crescente";"Céu Claro";"Dupla";"Reta";"Sim";3;0;2;0;1;0;2;2;"-5.131168";"-42.81564";"SR-PI";"DEL17/1";"UOP02/PI"
200093;2019-03-30;"7";"10:35:00";"RS";116;247,1;"SAO LEOPOLDO";"Falta de Atenção à Condução";"Colisão traseira";"Com Vítimas Feridas";"Pleno dia";"Decrescente";"Sol";"Dupla";"Reta";"Sim";3;0;1;1;1;0;2;2;"-29.76733091";"-51.1535296";"SR-RS";"DEL9/1";"UOP02/RS"
200094;2019-03-30;"7";"08:10:00";"RS";153;45,6;"ERECHIM";"Velocidade Incompatível";"Colisão frontal";"Com Vítimas Feridas";"Pleno dia";"Crescente";"Céu Claro";"Simples";"Curva";"Não";2;0;0;1;1;0;1;2;"-27.63214303";"-52.23626162";"SR-RS";"DEL08";"UOP04/RS"
200095;2019-03-30;"7";"10:20:00";"PR";277;543;"IBEMA";"Mal Súbito";"Saída de leito carroçável";"Com Vítimas Feridas";"Pleno dia";"Decrescente";"Céu Claro";"Simples";"Curva";"Não";3;0;1;0;2;0;1;1;"-25.10347621";"-53.06199515";"SR-PR";"DEL7/4";"UOP02/PR"
200096;2019-03-30;"7";"09:15:00";"RJ";40;121;"DUQUE DE CAXIAS";"Falta de Atenção à Condução";"Queda de ocupante de veículo";"Com Vítimas Feridas";"Pleno dia";"Crescente";"Sol";"Múltipla";"Reta";"Sim";1;0;1;0;0;0;1;1;"-22.78185499";"-43.28571273";"SR-RJ";"DEL5/1";"UOP01/RJ"
200098;2019-03-30;"7";"09:29:00";"RJ";40;113;"DUQUE DE CAXIAS";"Falta de Atenção à Condução";"Colisão traseira";"Com Vítimas Feridas";"Pleno dia";"Crescente";"Céu Claro";"Múltipla";"Reta";"Sim";3;0;1;0;2;0;1;2;"-22.70948502";"-43.29040354";"SR-RJ";"DEL5/1";"UOP01/RJ"
200099;2019-03-30;"7";"11:00:00";"GO";153;534;"HIDROLANDIA";"Desobediência às normas de trânsito pelo condutor";"Colisão transversal";"Com Vítimas Feridas";"Pleno dia";"Crescente";"Céu Claro";"Dupla";"Reta";"Não";3;0;3;0;0;0;3;2;"-17.0016";"-49.2231";"SR-GO";"DEL1/1";"UOP03/GO"
200100;2019-03-30;"7";"09:30:00";"AL";423;22,8;"CANAPI";"Falta de Atenção à Condução";"Tombamento";"Sem Vítimas";"Pleno dia";"Decrescente";"Chuva";"Simples";"Reta";"Não";3;0;0;0;3;0;0;1;"-9.18236527";"-37.48030491";"SR-AL";"DEL13/3";"UOP02/AL"
200102;2019-03-30;"7";"10:30:00";"MG";40;805,4;"MATIAS BARBOSA";"Velocidade Incompatível";"Colisão com objeto estático";"Com Vítimas Feridas";"Pleno dia";"Crescente";"Céu Claro";"Dupla";"Não Informado";"Não";3;0;3;0;0;0;3;1;"-21.86534291";"-43.36765294";"SR-MG";"DEL5";"UOP01/MG"
200103;2019-03-30;"7";"10:30:00";"BA";407;125;"SENHOR DO BONFIM";"Falta de Atenção à Condução";"Colisão transversal";"Com Vítimas Feridas";"Pleno dia";"Decrescente";"Nublado";"Simples";"Reta";"Sim";3;0;1;1;1;0;2;2;"-10.44762504";"-40.18494809";"SR-BA";"DEL10/4";"UOP01/BA"
200104;2019-03-30;"7";"10:25:00";"MS";463;101,7;"PONTA PORA";"Desobediência às normas de trânsito pelo condutor";"Colisão lateral";"Com Vítimas Feridas";"Pleno dia";"Decrescente";"Céu Claro";"Simples";"Reta";"Sim";2;0;0;1;1;0;1;2;"-22.62057208";"-55.62439404";"SR-MS";"DEL3/4";"UOP03/MS"
200105;2019-03-30;"7";"08:40:00";"MS";163;477,9;"CAMPO GRANDE";"Falta de Atenção à Condução";"Colisão transversal";"Com Vítimas Feridas";"Pleno dia";"Crescente";"Céu Claro";"Simples";"Reta";"Não";2;0;2;0;0;0;2;2;"-20.50427591";"-54.55557367";"SR-MS";"DEL3/1";"UOP01/MS"