"id";"data_inversa";"dia_semana";"horario";"uf";"br";"km";"municipio";"causa_acidente";"tipo_acidente";"classificacao_acidente";"fase_dia";"sentido_via";"condicao_metereologica";"tipo_pista";"tracado_via";"uso_solo";"pessoas";"mortos";"feridos_leves";"feridos_graves";"ilesos";"ignorados";"feridos";"veiculos";"latitude";"longitude";"regional";"delegacia";"uop"
200106;2019-03-22;"6";"23:30:00";"MS";163;525,1;"JARAGUARI";"Defeito Mecânico no Veículo";"Tombamento";"Com Vítimas Feridas";"Plena Noite";"Crescente";"Céu Claro";"Simples";"Curva";"Não";1;0;1;0;0;0;1;1;"-20.114303115";"-54.444278469";"SR-MS";"DEL3/1";"UOP02/MS"
200108;2019-03-30;"7";"11:10:00";"RS";153;3,9;"MARCELINO RAMOS";"Ultrapassagem Indevida";"Colisão frontal";"Com Vítimas Feridas";"Pleno dia";"Crescente";"Céu Claro";"Simples";"Curva";"Não";3;0;0;1;2;0;1;3;"-27.39202692";"-52.00953309";"SR-RS";"DEL08";"UOP04/RS"
200109;2019-03-30;"7";"10:15:00";"MG";381;596,5;"CARMOPOLIS DE MINAS";"Falta de Atenção à Condução";"Colisão lateral";"Sem Vítimas";"Pleno dia";"Decrescente";"Céu Claro";"Dupla";"Não Informado";"Não";2;0;0;0;2;0;0;2;"-20.58324328";"-44.69193041";"SR-MG";"DEL4/4";"UOP01/MG"
200110;2019-03-30;"7";"07:00:00";"MG";381;839;"SAO SEBASTIAO DA BELA VISTA";"Desobediência às normas de trânsito pelo condutor";"Saída de leito carroçável";"Sem Vítimas";"Pleno dia";"Decrescente";"Ignorado";"Dupla";"Reta";"Não";8;0;0;0;8;0;0;2;"-22.19834327";"-45.85343083";"SR-MG";"DEL09";"UOP01/MG"
200111;2019-03-30;"7";"11:15:00";"CE";116;50,7;"PACAJUS";"Desobediência às normas de trânsito pelo condutor";"Capotamento";"Sem Vítimas";"Pleno dia";"Crescente";"Chuva";"Dupla";"Reta";"Não";1;0;0;0;1;0;0;1;"-4.16955504";"-38.49286781";"SR-CE";"DEL16/3";"UOP02/CE"
200112;2019-03-30;"7";"08:15:00";"BA";116;728,6;"BOA NOVA";"Defeito Mecânico no Veículo";"Saída de leito carroçável";"Com Vítimas Feridas";"Pleno dia";"Decrescente";"Sol";"Simples";"Reta";"Não";3;0;2;0;1;0;2;1;"-14.26300405";"-40.28864987";"SR-BA";"DEL10/8";"UOP02/BA"
200113;2019-03-30;"7";"12:50:00";"MG";40;603,5;"CONGONHAS";"Velocidade Incompatível";"Colisão com objeto estático";"Com Vítimas Fatais";"Pleno dia";"Decrescente";"Céu Claro";"Simples";"Não Informado";"Não";6;4;1;1;0;0;2;2;"-20.45222799";"-43.84086796";"SR-MG";"DEL5";"UOP02/MG"
200114;2019-03-30;"7";"10:00:00";"SC";282;567,1;"NOVA ERECHIM";"Falta de Atenção à Condução";"Colisão com objeto estático";"Com Vítimas Feridas";"Pleno dia";"Crescente";"Céu Claro";"Simples";"Reta";"Não";1;0;0;1;0;0;1;1;"-26.90431388";"-52.89599419";"SR-SC";"DEL7";"UOP02/SC"
200115;2019-03-30;"7";"12:30:00";"SC";280;38;"GUARAMIRIM";"Falta de Atenção à Condução";"Colisão traseira";"Com Vítimas Feridas";"Pleno dia";"Crescente";"Céu Claro";"Simples";"Não Informado";"Sim";2;0;0;1;1;0;1;2;"-26.44812855";"-48.82794004";"SR-SC";"DEL8/3";"UOP03/SC"
200116;2019-03-30;"7";"11:50:00";"MG";381;489;"BETIM";"Falta de Atenção à Condução";"Colisão traseira";"Sem Vítimas";"Pleno dia";"Decrescente";"Céu Claro";"Simples";"Reta";"Sim";2;0;0;0;2;0;0;2;"-19.96245618";"-44.16455495";"SR-MG";"DEL4/1";"UOP03/MG"
200117;2019-03-30;"7";"12:30:00";"BA";407;220;"CAPIM GROSSO";"Defeito Mecânico no Veículo";"Incêndio";"Sem Vítimas";"Pleno dia";"Decrescente";"Nublado";"Simples";"Reta";"Não";1;0;0;0;0;1;0;1;"-11.271311";"-40.02266804";"SR-BA";"DEL10/4";"UOP02/BA"
200118;2019-03-30;"7";"11:30:00";"PR";369;38,8;"ANDIRA";"Falta de Atenção à Condução";"Colisão traseira";"Com Vítimas Feridas";"Pleno dia";"Decrescente";"Céu Claro";"Simples";"Reta";"Sim";3;0;3;0;0;0;3;2;"-23.05501028";"-50.24334848";"SR-PR";"DEL7/7";"UOP06/PR"
200119;2019-03-30;"7";"10:10:00";"MS";163;485,5;"CAMPO GRANDE";"Falta de Atenção à Condução";"Engavetamento";"Sem Vítimas";"Pleno dia";"Decrescente";"Céu Claro";"Simples";"Reta";"Sim";3;0;0;0;3;0;0;3;"-20.44233707";"-54.54201834";"SR-MS";"DEL3/1";"UOP02/MS"
200120;2019-03-30;"7";"09:30:00";"SC";101;358,1;"SANGAO";"Ultrapassagem Indevida";"Colisão transversal";"Com Vítimas Feridas";"Pleno dia";"Crescente";"Céu Claro";"Múltipla";"Viaduto";"Não";2;0;0;1;1;0;1;2;"-28.642765";"-49.100403";"SR-SC";"DEL8/2";"UOP01/SC"
200121;2019-03-30;"7";"13:30:00";"PI";343;0,6;"LUIS CORREIA";"Desobediência às normas de trânsito pelo condutor";"Colisão transversal";"Com Vítimas Feridas";"Pleno dia";"Crescente";"Sol";"Simples";"Reta";"Sim";3;0;0;2;1;0;2;2;"-2.881846";"-41.665638";"SR-PI";"DEL17/5";"UOP01/PI"
200123;2019-03-30;"7";"12:20:00";"SC";101;132;"BALNEARIO CAMBORIU";"Falta de Atenção à Condução";"Engavetamento";"Com Vítimas Feridas";"Pleno dia";"Crescente";"Céu Claro";"Simples";"Reta";"Sim";5;0;2;0;3;0;2;3;"-26.99654133";"-48.65564711";"SR-SC";"DEL8/4";"UOP03/SC"
200124;2019-02-22;"6";"11:10:00";"SC";282;1;"FLORIANOPOLIS";"Falta de Atenção à Condução";"Colisão traseira";"Com Vítimas Feridas";"Pleno dia";"Decrescente";"Ignorado";"Dupla";"Reta";"Sim";2;0;1;0;0;1;1;2;"-27.602955";"-48.580509";"SR-SC";"DEL8/1";"UOP01/SC"
200125;2019-03-30;"7";"10:45:00";"MG";459;102,8;"POUSO ALEGRE";"Não guardar distância de segurança";"Colisão traseira";"Com Vítimas Feridas";"Pleno dia";"Crescente";"Céu Claro";"Dupla";"Não Informado";"Sim";2;0;1;0;1;0;1;2;"-22.231585";"-45.900378";"SR-MG";"DEL09";"UOP01/MG"
200126;2019-03-30;"7";"13:36:00";"SE";235;35;"ITABAIANA";"Animais na Pista";"Atropelamento de Animal";"Com Vítimas Feridas";"Pleno dia";"Decrescente";"Nublado";"Simples";"Interseção de vias";"Sim";2;0;1;0;1;0;1;1;"-10.767558";"-37.328533";"SR-SE";"DEL20/1";"UOP02/SE"
200127;2019-03-30;"7";"14:00:00";"SC";470;67,9;"INDAIAL";"Ingestão de Álcool";"Colisão transversal";"Com Vítimas Feridas";"Pleno dia";"Crescente";"Céu Claro";"Simples";"Reta";"Sim";2;0;0;1;1;0;1;2;"-26.883745";"-49.246704";"SR-SC";"DEL8/4";"UOP01/SC"
200130;2019-03-30;"7";"13:20:00";"MG";40;465,4;"SETE LAGOAS";"Falta de Atenção à Condução";"Saída de leito carroçável";"Com Vítimas Feridas";"Pleno dia";"Crescente";"Céu Claro";"Dupla";"Reta";"Sim";1;0;1;0;0;0;1;1;"-19.43835777";"-44.33103681";"SR-MG";"DEL4/2";"UOP01/MG"
200131;2019-03-30;"7";"14:00:00";"SP";116;215,3;"GUARULHOS";"Não guardar distância de segurança";"Colisão lateral";"Com Vítimas Feridas";"Pleno dia";"Decrescente";"Céu Claro";"Simples";"Reta";"Não";2;0;1;0;0;1;1;2;"-23.44695693";"-46.45394103";"SR-SP";"DEL6/1";"UOP01/SP"
200132;2019-03-30;"7";"06:30:00";"PB";230;21;"JOAO PESSOA";"Avarias e/ou desgaste excessivo no pneu";"Queda de ocupante de veículo";"Com Vítimas Feridas";"Pleno dia";"Decrescente";"Sol";"Dupla";"Reta";"Sim";2;0;0;1;0;1;1;1;"-7.1415";"-34.8519";"SR-PB";"DEL14/1";"UOP01/PB"
200133;2019-03-30;"7";"13:50:00";"MG";262;823,5;"UBERABA";"Velocidade Incompatível";"Colisão traseira";"Com Vítimas Fatais";"Pleno dia";"Crescente";"Sol";"Dupla";"Reta";"Não";3;1;0;1;1;0;1;2;"-19.76282638";"-48.10295105";"SR-MG";"DEL13";"UOP01/MG"
200134;2019-03-30;"7";"13:45:00";"MG";459;11,1;"CALDAS";"Ingestão de Álcool";"Colisão traseira";"Sem Vítimas";"Pleno dia";"Decrescente";"Céu Claro";"Simples";"Reta";"Sim";2;0;0;0;2;0;0;2;"-21.814434";"-46.467499";"SR-MG";"DEL13";"UOP01/MG"
200135;2019-03-30;"7";"13:10:00";"MG";262;461,5;"ARAUJOS";"Desobediência às normas de trânsito pelo condutor";"Capotamento";"Com Vítimas Feridas";"Pleno dia";"Crescente";"Céu Claro";"Simples";"Não Informado";"Não";4;0;3;1;0;0;4;1;"-19.82283349";"-45.08196173";"SR-MG";"DEL4/8";"UOP03/MG"
200136;2019-03-30;"7";"14:00:00";"PR";476;95;"BOCAIUVA DO SUL";"Desobediência às normas de trânsito pelo condutor";"Colisão transversal";"Com Vítimas Feridas";"Pleno dia";"Crescente";"Céu Claro";"Simples";"Reta";"Não";2;0;0;1;1;0;1;2;"-25.225365";"-49.115093";"SR-PR";"DEL7/1";"UOP06/PR"
200137;2019-03-30;"7";"14:25:00";"RS";116;507,4;"PELOTAS";"Falta de Atenção à Condução";"Colisão frontal";"Com Vítimas Feridas";"Pleno dia";"Decrescente";"Nublado";"Simples";"Reta";"Não";4;0;1;2;1;0;3;3;"-31.60227796";"-52.29404104";"SR-RS";"DEL9/7";"UOP01/RS"
200139;2019-03-30;"7";"14:10:00";"SC";101;418,9;"ARARANGUA";"Falta de Atenção à Condução";"Colisão lateral";"Com Vítimas Feridas";"Pleno dia";"Crescente";"Céu Claro";"Múltipla";"Reta";"Sim";2;0;0;1;0;1;1;2;"-28.99114651";"-49.54835057";"SR-SC";"DEL8/2";"UOP02/SC"
200140;2019-03-30;"7";"14:15:00";"ES";101;145;"LINHARES";"Falta de Atenção à Condução";"Colisão transversal";"Com Vítimas Feridas";"Pleno dia";"Crescente";"Sol";"Múltipla";"Reta";"Sim";4;0;0;2;2;0;2;3;"-19.36089598";"-40.06464018";"SR-ES";"DEL12/4";"UOP01/ES"
200141;2019-03-30;"7";"14:35:00";"PE";101;82,3;"JABOATAO DOS GUARARAPES";"Falta de Atenção à Condução";"Colisão lateral";"Com Vítimas Feridas";"Pleno dia";"Crescente";"Nublado";"Dupla";"Reta";"Sim";3;0;2;0;1;0;2;2;"-8.168383";"-34.9376";"SR-PE";"DEL11/1";"UOP03/PE"
200142;2019-03-30;"7";"14:15:00";"ES";101;229;"FUNDAO";"Falta de Atenção à Condução";"Colisão traseira";"Com Vítimas Feridas";"Pleno dia";"Decrescente";"Nublado";"Simples";"Reta";"Sim";2;0;1;0;1;0;1;2;"-19.92727879";"-40.40587142";"SR-ES";"DEL12/2";"UOP01/ES"
200143;2019-03-30;"7";"14:40:00";"RN";405;175,5;"JOSE DA PENHA";"Desobediência às normas de trânsito pelo condutor";"Colisão transversal";"Com Vítimas Feridas";"Pleno dia";"Decrescente";"Nublado";"Simples";"Reta";"Sim";2;0;1;1;0;0;2;2;"-6.311439";"-38.283259";"SR-RN";"DEL15/4";"UOP02/RN"
200144;2019-03-30;"7";"14:30:00";"SC";101;198;"BIGUACU";"Avarias e/ou desgaste excessivo no pneu";"Colisão traseira";"Com Vítimas Feridas";"Pleno dia";"Crescente";"Céu Claro";"Múltipla";"Desvio Temporário";"Sim";3;0;0;1;2;0;1;3;"-27.52658712";"-48.63506019";"SR-SC";"DEL8/1";"UOP01/SC"
200145;2019-03-30;"7";"11:15:00";"SC";282;310,7;"VARGEM";"Desobediência às normas de trânsito pelo condutor";"Colisão transversal";"Com Vítimas Feridas";"Pleno dia";"Crescente";"Céu Claro";"Simples";"Curva";"Não";2;0;0;2;0;0;2;2;"-27.483074";"-50.98188";"SR-SC";"DEL7";"UOP08/SC"
200146;2019-03-30;"7";"15:00:00";"RS";116;246,7;"SAO LEOPOLDO";"Falta de Atenção do Pedestre";"Atropelamento de Pedestre";"Com Vítimas Feridas";"Pleno dia";"Crescente";"Céu Claro";"Dupla";"Ponte";"Não";4;0;0;1;1;2;1;1;"-29.758751";"-51.15186806";"SR-RS";"DEL9/1";"UOP02/RS"
200147;2019-03-30;"7";"14:45:00";"PR";158;507;"CORONEL VIVIDA";"Falta de Atenção à Condução";"Saída de leito carroçável";"Sem Vítimas";"Pleno dia";"Crescente";"Sol";"Simples";"Curva";"Não";1;0;0;0;1;0;0;1;"-26.02180124";"-52.57733183";"SR-PR";"DEL7/2";"UOP01/PR"
200148;2019-03-30;"7";"10:40:00";"BA";242;375;"PALMEIRAS";"Ingestão de Álcool";"Tombamento";"Com Vítimas Feridas";"Pleno dia";"Decrescente";"Céu Claro";"Simples";"Curva";"Não";1;0;0;1;0;0;1;1;"-12.43548598";"-41.49192602";"SR-BA";"DEL10/6";"UOP01/BA"
200149;2019-03-30;"7";"14:30:00";"CE";116;371,6;"ICO";"Defeito na Via";"Queda de ocupante de veículo";"Com Vítimas Feridas";"Pleno dia";"Decrescente";"Nublado";"Simples";"Reta";"Sim";1;0;0;1;0;0;1;1;"-6.37318104";"-38.80311799";"SR-CE";"DEL16/5";"UOP01/CE"
200150;2019-03-30;"7";"13:15:00";"SP";116;401,5;"MIRACATU";"Falta de Atenção à Condução";"Saída de leito carroçável";"Com Vítimas Feridas";"Pleno dia";"Crescente";"Nublado";"Dupla";"Reta";"Não";1;0;1;0;0;0;1;1;"-24.31221583";"-47.5160408";"SR-SP";"DEL6/4";"UOP03/SP"
200151;2019-03-30;"7";"13:30:00";"AL";316;257,2;"PILAR";"Avarias e/ou desgaste excessivo no pneu";"Tombamento";"Com Vítimas Feridas";"Pleno dia";"Decrescente";"Chuva";"Simples";"Reta";"Não";4;0;2;0;2;0;2;2;"-9.59111036";"-35.93216002";"SR-AL";"DEL13/2";"UOP01/AL"
200152;2019-03-30;"7";"13:50:00";"RJ";393;168;"TRES RIOS";"Falta de Atenção à Condução";"Colisão traseira";"Com Vítimas Feridas";"Pleno dia";"Crescente";"Céu Claro";"Simples";"Reta";"Não";7;0;1;0;6;0;1;3;"-22.12398436";"-43.17015409";"SR-RJ";"DEL5/6";"UOP02/RJ"
200153;2019-03-30;"7";"14:30:00";"PA";316;69;"CASTANHAL";"Condutor Dormindo";"Colisão lateral";"Com Vítimas Fatais";"Pleno dia";"Crescente";"Céu Claro";"Simples";"Reta";"Não";6;1;2;1;2;0;3;3;"-1.29277675";"-47.87507708";"SR-PA";"DEL19/1";"UOP02/PA"
200154;2019-03-30;"7";"14:30:00";"MT";174;5;"PONTES E LACERDA";"Falta de Atenção à Condução";"Colisão traseira";"Sem Vítimas";"Pleno dia";"Crescente";"Céu Claro";"Simples";"Reta";"Sim";3;0;0;0;3;0;0;3;"-15.22588943";"-59.34814453";"SR-MT";"DEL2/7";"UOP01/MT"
200156;2019-03-30;"7";"13:30:00";"RO";364;604;"ITAPUA DO OESTE";"Desobediência às normas de trânsito pelo condutor";"Colisão lateral";"Com Vítimas Feridas";"Pleno dia";"Crescente";"Céu Claro";"Simples";"Curva";"Sim";4;0;1;1;2;0;2;2;"-9.19212253";"-63.18883452";"SR-RO";"DEL21/3";"UOP03/RO"
200157;2019-03-30;"7";"15:30:00";"CE";222;5,3;"CAUCAIA";"Desobediência às normas de trânsito pelo condutor";"Colisão transversal";"Com Vítimas Feridas";"Pleno dia";"Crescente";"Nublado";"Múltipla";"Interseção de vias";"Sim";2;0;0;1;1;0;1;2;"-3.7426";"-38.61206";"SR-CE";"DEL16/1";"UOP01/CE"
200158;2019-03-30;"7";"14:35:00";"PB";230;98;"MOGEIRO";"Falta de Atenção à Condução";"Saída de leito carroçável";"Com Vítimas Feridas";"Pleno dia";"Decrescente";"Nublado";"Dupla";"Reta";"Não";1;0;1;0;0;0;1;1;"-7.1889";"-35.4624";"SR-PB";"DEL14/1";"UOP02/PB"
200159;2019-03-30;"7";"13:30:00";"MG";116;585,3;"MANHUACU";"Velocidade Incompatível";"Colisão lateral";"Sem Vítimas";"Pleno dia";"Crescente";"Céu Claro";"Simples";"Curva";"Não";2;0;0;0;2;0;0;2;"-20.22987753";"-42.17260057";"SR-MG";"DEL4/6";"UOP04/MG"
200161;2019-03-30;"7";"15:45:00";"MG";251;496;"FRANCISCO SA";"Ingestão de Álcool";"Saída de leito carroçável";"Com Vítimas Feridas";"Pleno dia";"Decrescente";"Céu Claro";"Simples";"Não Informado";"Não";1;0;1;0;0;0;1;1;"-16.56915479";"-43.62221124";"SR-MG";"DEL4/12";"UOP01/MG"
200162;2019-03-30;"7";"14:10:00";"GO";153;505,4;"GOIANIA";"Falta de Atenção à Condução";"Colisão traseira";"Sem Vítimas";"Pleno dia";"Crescente";"Céu Claro";"Dupla";"Reta";"Sim";2;0;0;0;2;0;0;2;"-16.7537";"-49.2411";"SR-GO";"DEL1/1";"UOP01/GO"
200163;2019-03-30;"7";"09:30:00";"PA";163;335,9;"NOVO PROGRESSO";"Falta de Atenção à Condução";"Colisão com objeto estático";"Sem Vítimas";"Pleno dia";"Decrescente";"Garoa/Chuvisco";"Simples";"Reta";"Não";1;0;0;0;1;0;0;1;"-6.85401645";"-55.45803321";"SR-PA";"DEL19/5";"UOP01/PA"
200164;2019-03-30;"7";"16:30:00";"SP";116;561,3;"BARRA DO TURVO";"Velocidade Incompatível";"Tombamento";"Sem Vítimas";"Pleno dia";"Decrescente";"Céu Claro";"Dupla";"Curva";"Não";1;0;0;0;1;0;0;1;"-25.02045097";"-48.51586004";"SR-SP";"DEL6/5";"UOP03/SP"
200165;2019-03-30;"7";"10:00:00";"MG";381;265;"TIMOTEO";"Não guardar distância de segurança";"Colisão transversal";"Com Vítimas Feridas";"Pleno dia";"Decrescente";"Céu Claro";"Simples";"Reta";"Não";2;0;1;0;1;0;1;2;"-19.52569913";"-42.66364497";"SR-MG";"DEL4/3";"UOP02/MG"
200166;2019-03-30;"7";"16:40:00";"RS";386;256,7;"SOLEDADE";"Ingestão de Álcool";"Saída de leito carroçável";"Com Vítimas Feridas";"Pleno dia";"Crescente";"Céu Claro";"Simples";"Curva";"Não";1;0;0;1;0;0;1;1;"-28.869473";"-52.441086";"SR-RS";"DEL9/4";"UOP03/RS"
200167;2019-03-30;"7";"17:00:00";"PR";277;6,9;"PARANAGUA";"Pista Escorregadia";"Queda de ocupante de veículo";"Com Vítimas Feridas";"Pleno dia";"Crescente";"Céu Claro";"Simples";"Curva";"Não";1;0;0;1;0;0;1;1;"-25.568198";"-48.615292";"SR-PR";"DEL7/1";"UOP07/PR"
200168;2019-03-30;"7";"16:50:00";"GO";40;7,1;"VALPARAISO DE GOIAS";"Falta de Atenção à Condução";"Colisão traseira";"Sem Vítimas";"Pleno dia";"Decrescente";"Céu Claro";"Dupla";"Reta";"Sim";2;0;0;0;1;1;0;2;"-16.108482";"-47.972524";"SR-DF";"GO";"UOP01/DF"
200169;2019-03-30;"7";"16:45:00";"RS";290;91;"PORTO ALEGRE";"Falta de Atenção à Condução";"Colisão traseira";"Sem Vítimas";"Pleno dia";"Decrescente";"Nublado";"Dupla";"Reta";"Não";2;0;0;0;2;0;0;2;"-29.969055";"-51.167439";"SR-RS";"DEL9/1";"UOP01/RS"
200170;2019-03-30;"7";"17:15:00";"PR";376;158,6;"MANDAGUACU";"Desobediência às normas de trânsito pelo condutor";"Colisão lateral";"Com Vítimas Feridas";"Anoitecer";"Crescente";"Céu Claro";"Dupla";"Retorno Regulamentado";"Não";3;0;2;0;1;0;2;2;"-23.36169997";"-52.08593395";"SR-PR";"DEL7/7";"UOP04/PR"
200171;2019-03-30;"7";"16:30:00";"PI";230;277,6;"NAZARE DO PIAUI";"Defeito Mecânico no Veículo";"Saída de leito carroçável";"Com Vítimas Feridas";"Pleno dia";"Decrescente";"Sol";"Simples";"Reta";"Não";3;0;2;0;1;0;2;1;"-6.92836148";"-42.76423219";"SR-PI";"DEL17/3";"UOP01/PI"
200172;2019-03-30;"7";"17:01:00";"RS";290;93;"PORTO ALEGRE";"Avarias e/ou desgaste excessivo no pneu";"Tombamento";"Sem Vítimas";"Pleno dia";"Decrescente";"Nublado";"Múltipla";"Reta";"Não";1;0;0;0;1;0;0;1;"-29.970839";"-51.187725";"SR-RS";"DEL9/1";"UOP01/RS"
200173;2019-03-30;"7";"14:30:00";"GO";153;585;"MORRINHOS";"Falta de Atenção à Condução";"Saída de leito carroçável";"Com Vítimas Feridas";"Pleno dia";"Crescente";"Sol";"Dupla";"Reta";"Não";1;0;1;0;0;0;1;1;"-17.50444452";"-49.21537578";"SR-GO";"DEL1/3";"UOP01/GO"
200174;2019-03-30;"7";"17:05:00";"PB";230;38;"SANTA RITA";"Falta de Atenção à Condução";"Colisão traseira";"Com Vítimas Feridas";"Pleno dia";"Crescente";"Garoa/Chuvisco";"Dupla";"Reta";"Sim";2;0;0;1;1;0;1;2;"-7.1341";"-34.962";"SR-PB";"DEL14/1";"UOP02/PB"
200175;2019-03-30;"7";"17:40:00";"BA";101;718;"EUNAPOLIS";"Falta de Atenção à Condução";"Colisão transversal";"Com Vítimas Feridas";"Anoitecer";"Crescente";"Chuva";"Simples";"Interseção de vias";"Sim";2;0;0;1;0;1;1;2;"-16.51116047";"-39.56525803";"SR-BA";"DEL10/9";"UOP01/BA"
200177;2019-03-30;"7";"16:30:00";"RO";364;710;"PORTO VELHO";"Ingestão de Álcool";"Colisão traseira";"Com Vítimas Feridas";"Pleno dia";"Crescente";"Céu Claro";"Dupla";"Reta";"Sim";3;0;1;0;2;0;1;2;"-8.78621576";"-63.85712687";"SR-RO";"DEL21/1";"UOP01/RO"
200178;2019-03-30;"7";"18:00:00";"MG";364;5,3;"PLANURA";"Falta de Atenção à Condução";"Colisão traseira";"Com Vítimas Fatais";"Anoitecer";"Crescente";"Céu Claro";"Simples";"Reta";"Não";2;1;1;0;0;0;1;2;"-20.13824";"-48.702347";"SR-MG";"DEL13";"UOP02/MG"
200179;2019-03-30;"7";"16:00:00";"PI";343;310,7;"ALTOS";"Não guardar distância de segurança";"Tombamento";"Com Vítimas Feridas";"Pleno dia";"Decrescente";"Chuva";"Simples";"Curva";"Não";1;0;0;1;0;0;1;1;"-5.040502";"-42.485443";"SR-PI";"DEL17/1";"UOP01/PI"
200180;2019-03-30;"7";"17:45:00";"RS";116;218,5;"MORRO REUTER";"Velocidade Incompatível";"Saída de leito carroçável";"Com Vítimas Feridas";"Pleno dia";"Decrescente";"Nublado";"Simples";"Curva";"Não";2;0;1;0;1;0;1;1;"-29.55121993";"-51.08906202";"SR-RS";"DEL9/5";"UOP02/RS"
200181;2019-03-30;"7";"17:59:00";"PR";277;586;"CASCAVEL";"Falta de Atenção à Condução";"Colisão transversal";"Sem Vítimas";"Pleno dia";"Crescente";"Céu Claro";"Simples";"Interseção de vias";"Sim";1;0;0;0;1;0;0;1;"-24.9649472";"-53.4210459";"SR-PR";"DEL7/4";"UOP01/PR"
200182;2019-03-30;"7";"18:15:00";"SP";116;220;"GUARULHOS";"Não guardar distância de segurança";"Colisão traseira";"Com Vítimas Feridas";"Plena Noite";"Decrescente";"Céu Claro";"Múltipla";"Reta";"Sim";3;0;0;1;2;0;1;2;"-23.46472809";"-46.49793962";"SR-SP";"DEL6/1";"UOP01/SP"
200183;2019-03-30;"7";"18:20:00";"PR";277;116;"CAMPO LARGO";"Falta de Atenção à Condução";"Colisão transversal";"Com Vítimas Feridas";"Plena Noite";"Decrescente";"Céu Claro";"Dupla";"Reta";"Sim";3;0;1;2;0;0;3;2;"-25.44940152";"-49.51751053";"SR-PR";"DEL7/1";"UOP05/PR"
200184;2019-03-30;"7";"19:30:00";"PE";101;136;"ESCADA";"Carga excessiva e/ou mal acondicionada";"Tombamento";"Sem Vítimas";"Anoitecer";"Decrescente";"Chuva";"Dupla";"Não Informado";"Não";1;0;0;0;1;0;0;1;"-8.41439454";"-35.3044618";"SR-PE";"DEL11/1";"UOP03/PE"
200185;2019-03-30;"7";"18:00:00";"ES";101;261,6;"SERRA";"Falta de Atenção à Condução";"Tombamento";"Com Vítimas Feridas";"Amanhecer";"Crescente";"Céu Claro";"Dupla";"Reta";"Sim";1;0;1;0;0;0;1;1;"-20.14854215";"-40.27970926";"SR-ES";"DEL12/2";"UOP01/ES"
200186;2019-03-30;"7";"17:30:00";"MG";40;704,5;"BARBACENA";"Desobediência às normas de trânsito pelo condutor";"Saída de leito carroçável";"Com Vítimas Feridas";"Anoitecer";"Decrescente";"Céu Claro";"Dupla";"Reta";"Não";1;0;1;0;0;0;1;1;"-21.20817";"-43.74966601";"SR-MG";"DEL5";"UOP02/MG"
200187;2019-03-30;"7";"17:18:00";"MA";135;6,9;"SAO LUIS";"Falta de Atenção à Condução";"Queda de ocupante de veículo";"Com Vítimas Feridas";"Pleno dia";"Crescente";"Chuva";"Dupla";"Reta";"Sim";2;0;1;0;1;0;1;2;"-2.62877986";"-44.26321818";"SR-MA";"DEL18/1";"UOP01/MA"
200188;2019-03-30;"7";"17:40:00";"SP";381;34,7;"ATIBAIA";"Ingestão de Álcool";"Colisão lateral";"Sem Vítimas";"Amanhecer";"Decrescente";"Céu Claro";"Dupla";"Reta";"Sim";2;0;0;0;2;0;0;2;"-23.079939";"-46.569862";"SR-SP";"DEL6/3";"UOP01/SP"
200189;2019-03-30;"7";"18:30:00";"ES";101;147;"LINHARES";"Desobediência às normas de trânsito pelo condutor";"Colisão transversal";"Com Vítimas Feridas";"Plena Noite";"Crescente";"Céu Claro";"Simples";"Rotatória";"Sim";2;0;0;1;1;0;1;2;"-19.37887202";"-40.06657892";"SR-ES";"DEL12/4";"UOP01/ES"
200191;2019-03-30;"7";"17:50:00";"DF";20;20;"BRASILIA";"Falta de Atenção à Condução";"Colisão traseira";"Com Vítimas Feridas";"Plena Noite";"Crescente";"Céu Claro";"Dupla";"Reta";"Sim";4;0;2;0;2;0;2;2;"-15.607905";"-47.692791";"SR-DF";"DF";"UOP04/DF"
200192;2019-03-30;"7";"19:15:00";"PR";376;184,8;"SARANDI";"Desobediência às normas de trânsito pelo pedestre";"Atropelamento de Pedestre";"Com Vítimas Fatais";"Plena Noite";"Decrescente";"Céu Claro";"Dupla";"Não Informado";"Sim";2;1;0;0;1;0;0;1;"-23.4465611";"-51.86216706";"SR-PR";"DEL7/7";"UOP04/PR"
200193;2019-03-30;"7";"19:10:00";"MG";365;344;"VARJAO DE MINAS";"Falta de Atenção à Condução";"Colisão traseira";"Com Vítimas Feridas";"Plena Noite";"Decrescente";"Céu Claro";"Simples";"Reta";"Não";2;0;1;0;1;0;1;2;"-18.31606807";"-45.981434";"SR-MG";"DEL4/10";"UOP01/MG"
200194;2019-03-30;"7";"19:00:00";"PR";277;71,5;"SAO JOSE DOS PINHAIS";"Falta de Atenção à Condução";"Colisão traseira";"Com Vítimas Feridas";"Plena Noite";"Decrescente";"Nublado";"Múltipla";"Reta";"Sim";2;0;0;2;0;0;2;2;"-25.52920381";"-49.08862791";"SR-PR";"DEL7/1";"UOP06/PR"
200195;2019-03-30;"7";"17:50:00";"PB";230;507;"CAJAZEIRAS";"Agressão Externa";"Tombamento";"Com Vítimas Feridas";"Anoitecer";"Crescente";"Nublado";"Simples";"Reta";"Não";1;0;0;1;0;0;1;1;"-6.9024";"-38.5643";"SR-PB";"DEL14/3";"UOP03/PB"