"id";"data_inversa";"dia_semana";"horario";"uf";"br";"km";"municipio";"causa_acidente";"tipo_acidente";"classificacao_acidente";"fase_dia";"sentido_via";"condicao_metereologica";"tipo_pista";"tracado_via";"uso_solo";"pessoas";"mortos";"feridos_leves";"feridos_graves";"ilesos";"ignorados";"feridos";"veiculos";"latitude";"longitude";"regional";"delegacia";"uop"
200372;2019-03-31;"1";"15:10:00";"GO";50;133,7;"IPAMERI";"Avarias e/ou desgaste excessivo no pneu";"Saída de leito carroçável";"Com Vítimas Feridas";"Pleno dia";"Decrescente";"Céu Claro";"Dupla";"Reta";"Não";3;0;1;0;2;0;1;1;"-17.0332";"-47.7635";"SR-GO";"DEL1/6";"UOP01/GO"
200373;2019-03-31;"1";"15:30:00";"PA";155;319;"MARABA";"Desobediência às normas de trânsito pelo condutor";"Saída de leito carroçável";"Com Vítimas Feridas";"Pleno dia";"Decrescente";"Céu Claro";"Simples";"Reta";"Não";4;0;2;0;2;0;2;1;"-5.588484";"-49.077767";"SR-PA";"DEL19/3";"UOP01/PA"
200374;2019-03-31;"1";"15:45:00";"SP";116;283,9;"EMBU DAS ARTES";"Velocidade Incompatível";"Colisão traseira";"Com Vítimas Feridas";"Pleno dia";"Decrescente";"Céu Claro";"Dupla";"Reta";"Sim";2;0;1;0;1;0;1;2;"-23.69297005";"-46.86352786";"SR-SP";"DEL6/4";"UOP01/SP"
200375;2019-03-31;"1";"16:10:00";"SC";470;32,1;"GASPAR";"Falta de Atenção à Condução";"Colisão transversal";"Com Vítimas Feridas";"Pleno dia";"Decrescente";"Céu Claro";"Simples";"Interseção de vias";"Não";2;0;1;0;0;1;1;2;"-26.901793";"-48.931812";"SR-SC";"DEL8/4";"UOP01/SC"
200376;2019-03-31;"1";"15:30:00";"BA";324;514,7;"FEIRA DE SANTANA";"Ingestão de Álcool";"Colisão transversal";"Com Vítimas Feridas";"Pleno dia";"Crescente";"Nublado";"Simples";"Reta";"Sim";6;0;6;0;0;0;6;2;"-12.23229233";"-38.95215305";"SR-BA";"DEL10/2";"UOP01/BA"
200377;2019-03-18;"2";"09:45:00";"PB";101;122,5;"CAAPORA";"Falta de Atenção à Condução";"Colisão traseira";"Com Vítimas Feridas";"Pleno dia";"Crescente";"Chuva";"Dupla";"Não Informado";"Não";3;0;1;0;2;0;1;2;"-7.44758171";"-34.97909546";"SR-PB";"DEL14/1";"UOP01/PB"
200378;2019-03-31;"1";"15:50:00";"RS";290;78;"GRAVATAI";"Falta de Atenção à Condução";"Saída de leito carroçável";"Com Vítimas Feridas";"Pleno dia";"Decrescente";"Céu Claro";"Dupla";"Reta";"Sim";4;0;4;0;0;0;4;1;"-29.954178";"-51.037735";"SR-RS";"DEL9/1";"UOP01/RS"
200379;2019-03-31;"1";"16:00:00";"SP";381;57,7;"MAIRIPORA";"Não guardar distância de segurança";"Colisão traseira";"Com Vítimas Feridas";"Pleno dia";"Crescente";"Céu Claro";"Dupla";"Não Informado";"Não";3;0;1;0;2;0;1;2;"-23.2658219";"-46.5839857";"SR-SP";"DEL6/3";"UOP02/SP"
200380;2019-03-31;"1";"14:50:00";"RN";226;160,6;"CURRAIS NOVOS";"Desobediência às normas de trânsito pelo condutor";"Colisão transversal";"Com Vítimas Feridas";"Pleno dia";"Decrescente";"Nublado";"Simples";"Reta";"Não";8;0;1;0;5;2;1;2;"-6.20265605";"-36.39856339";"SR-RN";"DEL15/3";"UOP02/RN"
200381;2019-03-31;"1";"16:15:00";"PE";101;97;"CABO DE SANTO AGOSTINHO";"Falta de Atenção à Condução";"Queda de ocupante de veículo";"Com Vítimas Feridas";"Pleno dia";"Decrescente";"Céu Claro";"Múltipla";"Reta";"Não";1;0;1;0;0;0;1;1;"-8.25331064";"-35.0296397";"SR-PE";"DEL11/1";"UOP03/PE"
200383;2019-03-31;"1";"16:30:00";"MG";381;604;"OLIVEIRA";"Animais na Pista";"Atropelamento de Animal";"Com Vítimas Feridas";"Pleno dia";"Decrescente";"Céu Claro";"Dupla";"Curva";"Não";2;0;2;0;0;0;2;1;"-20.65861706";"-44.73695366";"SR-MG";"DEL4/4";"UOP01/MG"
200384;2019-03-31;"1";"16:45:00";"SP";381;38,3;"ATIBAIA";"Falta de Atenção à Condução";"Saída de leito carroçável";"Com Vítimas Feridas";"Pleno dia";"Crescente";"Céu Claro";"Dupla";"Curva";"Sim";1;0;0;1;0;0;1;1;"-23.1133221";"-46.57174974";"SR-SP";"DEL6/3";"UOP02/SP"
200385;2019-03-31;"1";"15:30:00";"BA";242;896;"LUIS EDUARDO MAGALHAES";"Falta de Atenção à Condução";"Tombamento";"Com Vítimas Feridas";"Pleno dia";"Crescente";"Sol";"Simples";"Reta";"Não";1;0;0;1;0;0;1;1;"-12.10549081";"-45.9051168";"SR-BA";"DEL10/10";"UOP01/BA"
200386;2019-03-31;"1";"17:10:00";"ES";101;148;"LINHARES";"Não guardar distância de segurança";"Colisão traseira";"Com Vítimas Feridas";"Anoitecer";"Crescente";"Céu Claro";"Simples";"Reta";"Sim";2;0;0;1;1;0;1;2;"-19.38787399";"-40.06752766";"SR-ES";"DEL12/4";"UOP01/ES"
200387;2019-03-31;"1";"17:25:00";"GO";60;135,8;"GOIANIA";"Falta de Atenção à Condução";"Saída de leito carroçável";"Com Vítimas Feridas";"Pleno dia";"Crescente";"Céu Claro";"Dupla";"Curva";"Sim";5;0;5;0;0;0;5;1;"-16.589";"-49.1945";"SR-GO";"DEL1/1";"UOP01/GO"
200389;2019-03-31;"1";"16:30:00";"MG";262;869,5;"CONCEICAO DAS ALAGOAS";"Mal Súbito";"Saída de leito carroçável";"Com Vítimas Feridas";"Pleno dia";"Decrescente";"Céu Claro";"Dupla";"Reta";"Não";1;0;1;0;0;0;1;1;"-19.77698534";"-48.45949298";"SR-MG";"DEL13";"UOP01/MG"
200390;2019-03-31;"1";"17:10:00";"MG";116;276;"TEOFILO OTONI";"Desobediência às normas de trânsito pelo condutor";"Colisão transversal";"Com Vítimas Feridas";"Pleno dia";"Decrescente";"Céu Claro";"Simples";"Interseção de vias";"Sim";2;0;2;0;0;0;2;2;"-17.85105696";"-41.51454492";"SR-MG";"DEL4/11";"UOP01/MG"
200392;2019-03-31;"1";"17:35:00";"GO";50;167;"CAMPO ALEGRE DE GOIAS";"Falta de Atenção à Condução";"Saída de leito carroçável";"Com Vítimas Feridas";"Pleno dia";"Decrescente";"Céu Claro";"Dupla";"Não Informado";"Não";1;0;1;0;0;0;1;1;"-17.3083";"-47.7692";"SR-GO";"DEL1/6";"UOP01/GO"
200393;2019-03-31;"1";"17:30:00";"MG";262;428,3;"IGARATINGA";"Falta de Atenção à Condução";"Tombamento";"Com Vítimas Feridas";"Anoitecer";"Crescente";"Céu Claro";"Dupla";"Reta";"Não";1;0;1;0;0;0;1;1;"-19.88673132";"-44.78673594";"SR-MG";"DEL4/8";"UOP03/MG"
200394;2019-03-31;"1";"18:00:00";"PE";101;49,3;"ABREU E LIMA";"Falta de Atenção à Condução";"Colisão traseira";"Com Vítimas Feridas";"Plena Noite";"Decrescente";"Céu Claro";"Múltipla";"Reta";"Sim";3;0;1;0;2;0;1;2;"-7.9005152";"-34.90180641";"SR-PE";"DEL11/1";"UOP02/PE"
200395;2019-03-31;"1";"13:30:00";"SC";116;308,4;"CAPAO ALTO";"Velocidade Incompatível";"Saída de leito carroçável";"Com Vítimas Feridas";"Pleno dia";"Decrescente";"Nublado";"Simples";"Não Informado";"Não";2;0;1;0;1;0;1;1;"-28.19824113";"-50.75066799";"SR-SC";"DEL8/5";"UOP02/SC"
200396;2019-03-31;"1";"14:40:00";"PR";277;97;"CURITIBA";"Desobediência às normas de trânsito pelo condutor";"Colisão lateral";"Com Vítimas Feridas";"Pleno dia";"Decrescente";"Céu Claro";"Dupla";"Reta";"Sim";3;0;1;0;1;1;1;2;"-25.54577186";"-49.29537197";"SR-PR";"DEL7/1";"UOP04/PR"
200397;2019-03-31;"1";"17:50:00";"PR";373;187;"PONTA GROSSA";"Avarias e/ou desgaste excessivo no pneu";"Queda de ocupante de veículo";"Com Vítimas Feridas";"Anoitecer";"Decrescente";"Céu Claro";"Simples";"Reta";"Não";2;0;2;0;0;0;2;1;"-25.05383292";"-50.31036196";"SR-PR";"DEL7/3";"UOP01/PR"
200398;2019-03-31;"1";"16:00:00";"MG";262;375,4;"JUATUBA";"Falta de Atenção à Condução";"Saída de leito carroçável";"Com Vítimas Feridas";"Pleno dia";"Decrescente";"Sol";"Dupla";"Não Informado";"Não";1;0;0;1;0;0;1;1;"-19.959929";"-44.337997";"SR-MG";"DEL4/1";"UOP03/MG"
200399;2019-03-31;"1";"18:25:00";"MG";381;500,8;"BETIM";"Não guardar distância de segurança";"Colisão traseira";"Com Vítimas Feridas";"Plena Noite";"Decrescente";"Céu Claro";"Dupla";"Reta";"Sim";2;0;1;0;1;0;1;1;"-20.02513493";"-44.23112709";"SR-MG";"DEL4/1";"UOP03/MG"
200400;2019-03-31;"1";"18:15:00";"MG";40;515;"RIBEIRAO DAS NEVES";"Não guardar distância de segurança";"Engavetamento";"Com Vítimas Feridas";"Plena Noite";"Crescente";"Céu Claro";"Dupla";"Reta";"Sim";4;0;1;0;3;0;1;3;"-19.8090079";"-44.09493479";"SR-MG";"DEL4/1";"UOP02/MG"
200401;2019-03-31;"1";"18:40:00";"PR";116;156,3;"MANDIRITUBA";"Falta de Atenção à Condução";"Colisão transversal";"Sem Vítimas";"Plena Noite";"Crescente";"Nublado";"Dupla";"Reta";"Não";2;0;0;0;2;0;0;2;"-25.8597564";"-49.3606332";"SR-PR";"DEL7/1";"UOP03/PR"
200402;2019-03-31;"1";"18:40:00";"RS";470;163,5;"VILA FLORES";"Falta de Atenção à Condução";"Colisão transversal";"Com Vítimas Feridas";"Plena Noite";"Decrescente";"Céu Claro";"Simples";"Reta";"Não";5;0;5;0;0;0;5;2;"-28.82755543";"-51.58058532";"SR-RS";"DEL9/6";"UOP02/RS"
200404;2019-03-31;"1";"15:50:00";"PR";277;346;"GUARAPUAVA";"Falta de Atenção à Condução";"Colisão transversal";"Com Vítimas Feridas";"Pleno dia";"Crescente";"Sol";"Simples";"Curva";"Sim";3;0;0;1;1;1;1;2;"-25.33928412";"-51.42880296";"SR-PR";"DEL7/3";"UOP02/PR"
200405;2019-03-31;"1";"16:00:00";"TO";153;364;"FORTALEZA DO TABOCAO";"Defeito Mecânico no Veículo";"Saída de leito carroçável";"Com Vítimas Feridas";"Pleno dia";"Decrescente";"Nublado";"Simples";"Reta";"Não";5;0;3;2;0;0;5;1;"-9.09977298";"-48.52779111";"SR-TO";"UOP03/TO";""
200406;2019-03-31;"1";"17:40:00";"SC";101;127,5;"ITAJAI";"Falta de Atenção à Condução";"Tombamento";"Com Vítimas Feridas";"Anoitecer";"Crescente";"Céu Claro";"Dupla";"Reta";"Não";2;0;2;0;0;0;2;1;"-26.96274711";"-48.68259788";"SR-SC";"DEL8/4";"UOP04/SC"
200407;2019-03-31;"1";"19:05:00";"PA";163;1003,7;"SANTAREM";"Falta de Atenção à Condução";"Colisão transversal";"Com Vítimas Feridas";"Plena Noite";"Crescente";"Céu Claro";"Simples";"Reta";"Sim";3;0;2;0;0;1;2;2;"-2.44688525";"-54.73048152";"SR-PA";"DEL19/5";"UOP01/PA"
200408;2019-03-31;"1";"18:33:00";"RJ";101;311;"SAO GONCALO";"Desobediência às normas de trânsito pelo condutor";"Colisão lateral";"Com Vítimas Feridas";"Plena Noite";"Crescente";"Nublado";"Dupla";"Reta";"Não";3;0;1;0;2;0;1;3;"-22.80062246";"-43.05318779";"SR-RJ";"DEL5/2";"UOP02/RJ"
200412;2019-03-31;"1";"19:30:00";"PR";376;132,9;"NOVA ESPERANCA";"Avarias e/ou desgaste excessivo no pneu";"Saída de leito carroçável";"Com Vítimas Feridas";"Plena Noite";"Crescente";"Céu Claro";"Dupla";"Reta";"Não";5;0;5;0;0;0;5;1;"-23.18188595";"-52.21612797";"SR-PR";"DEL7/7";"UOP05/PR"
200413;2019-03-31;"1";"19:00:00";"GO";70;367;"ITAPIRAPUA";"Ultrapassagem Indevida";"Colisão frontal";"Com Vítimas Fatais";"Anoitecer";"Decrescente";"Céu Claro";"Simples";"Reta";"Não";3;1;0;2;0;0;2;2;"-15.89534882";"-50.44062194";"SR-GO";"DEL1/4";"UOP01/GO"
200414;2019-03-31;"1";"19:20:00";"MG";50;136,2;"UBERABA";"Falta de Atenção do Pedestre";"Atropelamento de Pedestre";"Com Vítimas Fatais";"Plena Noite";"Decrescente";"Céu Claro";"Dupla";"Desvio Temporário";"Não";4;1;1;0;2;0;1;1;"-19.44189098";"-48.06412595";"SR-MG";"DEL13";"UOP01/MG"
200415;2019-03-31;"1";"19:20:00";"ES";101;69,9;"SAO MATEUS";"Falta de Atenção à Condução";"Colisão frontal";"Com Vítimas Fatais";"Plena Noite";"Crescente";"Céu Claro";"Simples";"Não Informado";"Não";2;1;0;0;1;0;0;2;"-18.73556097";"-39.86069526";"SR-ES";"DEL12/4";"UOP02/ES"
200416;2019-03-31;"1";"19:40:00";"SE";235;105,9;"CARIRA";"Ingestão de Álcool";"Colisão com objeto em movimento";"Com Vítimas Feridas";"Plena Noite";"Crescente";"Nublado";"Simples";"Reta";"Sim";2;0;1;0;0;1;1;2;"-10.374729";"-37.686367";"SR-SE";"DEL20/1";"UOP02/SE"
200418;2019-03-31;"1";"19:30:00";"PE";428;188;"PETROLINA";"Desobediência às normas de trânsito pelo condutor";"Colisão transversal";"Com Vítimas Feridas";"Plena Noite";"Crescente";"Céu Claro";"Simples";"Reta";"Sim";2;0;1;0;1;0;1;2;"-9.37381718";"-40.48799872";"SR-PE";"DEL11/6";"UOP01/PE"
200420;2019-03-31;"1";"19:00:00";"SC";101;198,1;"BIGUACU";"Ingestão de Substâncias Psicoativas";"Colisão com objeto estático";"Sem Vítimas";"Plena Noite";"Crescente";"Nublado";"Dupla";"Reta";"Sim";2;0;0;0;2;0;0;1;"-27.52658712";"-48.63506019";"SR-SC";"DEL8/1";"UOP01/SC"
200421;2019-03-31;"1";"18:25:00";"SP";116;447,5;"REGISTRO";"Falta de Atenção à Condução";"Saída de leito carroçável";"Com Vítimas Feridas";"Plena Noite";"Decrescente";"Céu Claro";"Dupla";"Reta";"Sim";1;0;1;0;0;0;1;1;"-24.51285376";"-47.85054871";"SR-SP";"DEL6/5";"UOP01/SP"
200422;2019-03-31;"1";"19:00:00";"BA";116;424,4;"FEIRA DE SANTANA";"Ingestão de Álcool";"Atropelamento de Animal";"Com Vítimas Fatais";"Plena Noite";"Decrescente";"Nublado";"Simples";"Reta";"Sim";4;1;0;0;3;0;0;1;"-12.24097999";"-38.9832902";"SR-BA";"DEL10/2";"UOP01/BA"
200423;2019-03-31;"1";"19:40:00";"RN";304;39,7;"MOSSORO";"Falta de Atenção à Condução";"Colisão com objeto estático";"Com Vítimas Feridas";"Plena Noite";"Crescente";"Nublado";"Dupla";"Reta";"Sim";1;0;1;0;0;0;1;1;"-5.18846685";"-37.37410298";"SR-RN";"DEL15/4";"UOP02/RN"
200424;2019-03-31;"1";"19:45:00";"DF";60;4;"BRASILIA";"Falta de Atenção à Condução";"Engavetamento";"Com Vítimas Feridas";"Plena Noite";"Crescente";"Céu Claro";"Simples";"Reta";"Sim";3;0;1;0;2;0;1;3;"-15.892721";"-48.095741";"SR-DF";"DF";"UOP03/DF"
200425;2019-03-31;"1";"19:20:00";"MG";381;506;"BETIM";"Falta de Atenção à Condução";"Colisão traseira";"Com Vítimas Feridas";"Plena Noite";"Decrescente";"Céu Claro";"Dupla";"Reta";"Sim";4;0;1;0;3;0;1;3;"-20.05039397";"-44.27962502";"SR-MG";"DEL4/1";"UOP03/MG"
200426;2019-03-31;"1";"18:10:00";"SP";116;151,7;"SAO JOSE DOS CAMPOS";"Ingestão de Álcool";"Colisão com objeto estático";"Com Vítimas Feridas";"Plena Noite";"Decrescente";"Céu Claro";"Dupla";"Desvio Temporário";"Sim";1;0;1;0;0;0;1;1;"-23.22408328";"-45.90464473";"SR-SP";"DEL6/2";"UOP01/SP"
200427;2019-03-31;"1";"20:05:00";"DF";60;5;"BRASILIA";"Falta de Atenção à Condução";"Colisão traseira";"Com Vítimas Feridas";"Plena Noite";"Crescente";"Nublado";"Dupla";"Reta";"Sim";2;0;1;0;1;0;1;2;"-15.895438";"-48.104771";"SR-DF";"DF";"UOP03/DF"
200428;2019-03-31;"1";"18:30:00";"BA";235;174;"CANUDOS";"Animais na Pista";"Atropelamento de Animal";"Sem Vítimas";"Plena Noite";"Crescente";"Céu Claro";"Simples";"Reta";"Não";5;0;0;0;5;0;0;2;"-9.91016901";"-39.058743";"SR-BA";"DEL10/7";"UOP01/BA"
200429;2019-03-31;"1";"20:00:00";"RS";472;597;"URUGUAIANA";"Falta de Atenção do Pedestre";"Atropelamento de Pedestre";"Com Vítimas Feridas";"Plena Noite";"Crescente";"Céu Claro";"Simples";"Reta";"Não";2;0;1;0;1;0;1;1;"-29.872252";"-57.111932";"SR-RS";"DEL9/13";"UOP01/RS"
200430;2019-03-31;"1";"20:15:00";"PE";232;21,8;"MORENO";"Ingestão de Álcool";"Saída de leito carroçável";"Com Vítimas Fatais";"Plena Noite";"Decrescente";"Céu Claro";"Dupla";"Reta";"Não";8;3;4;0;1;0;4;2;"-8.09580234";"-35.08012588";"SR-PE";"DEL11/1";"UOP04/PE"
200431;2019-03-31;"1";"19:00:00";"MS";163;225;"CAARAPO";"Sinalização da via insuficiente ou inadequada";"Saída de leito carroçável";"Com Vítimas Feridas";"Plena Noite";"Crescente";"Céu Claro";"Simples";"Retorno Regulamentado";"Não";1;0;0;1;0;0;1;1;"-22.500217";"-54.864506";"SR-MS";"DEL3/4";"UOP02/MS"
200433;2019-03-31;"1";"19:30:00";"RJ";393;281,9;"VOLTA REDONDA";"Ultrapassagem Indevida";"Colisão frontal";"Com Vítimas Feridas";"Plena Noite";"Crescente";"Céu Claro";"Simples";"Reta";"Sim";3;0;1;1;1;0;2;2;"-22.48025569";"-44.02974901";"SR-RJ";"DEL5/5";"UOP02/RJ"
200434;2019-03-31;"1";"20:10:00";"MG";40;445;"PARAOPEBA";"Condutor Dormindo";"Saída de leito carroçável";"Com Vítimas Feridas";"Plena Noite";"Crescente";"Céu Claro";"Dupla";"Reta";"Não";1;0;0;1;0;0;1;1;"-19.28815";"-44.392";"SR-MG";"DEL4/2";"UOP01/MG"
200435;2019-03-31;"1";"20:15:00";"SP";116;207;"GUARULHOS";"Não guardar distância de segurança";"Colisão traseira";"Com Vítimas Feridas";"Plena Noite";"Crescente";"Nublado";"Dupla";"Reta";"Não";3;0;2;0;1;0;2;2;"-23.41925632";"-46.38314009";"SR-SP";"DEL6/1";"UOP01/SP"
200436;2019-03-31;"1";"18:50:00";"PR";277;707,9;"SANTA TEREZINHA DE ITAIPU";"Desobediência às normas de trânsito pelo pedestre";"Atropelamento de Pedestre";"Com Vítimas Fatais";"Anoitecer";"Crescente";"Céu Claro";"Dupla";"Não Informado";"Sim";3;1;0;1;0;1;1;1;"-25.44290885";"-54.39565306";"SR-PR";"DEL7/5";"UOP01/PR"
200437;2019-03-31;"1";"19:20:00";"PR";376;161,3;"MARINGA";"Desobediência às normas de trânsito pelo condutor";"Colisão frontal";"Com Vítimas Feridas";"Plena Noite";"Crescente";"Céu Claro";"Dupla";"Reta";"Sim";2;0;1;1;0;0;2;2;"-23.36790787";"-52.06736147";"SR-PR";"DEL7/7";"UOP04/PR"
200438;2019-03-31;"1";"19:25:00";"MG";50;54,2;"ARAGUARI";"Carga excessiva e/ou mal acondicionada";"Colisão com objeto estático";"Sem Vítimas";"Plena Noite";"Crescente";"Céu Claro";"Dupla";"Não Informado";"Não";1;0;0;0;1;0;0;1;"-18.76664393";"-48.24409132";"SR-MG";"DEL4/15";"UOP02/MG"
200439;2019-03-31;"1";"19:55:00";"SP";153;186;"LINS";"Ultrapassagem Indevida";"Colisão lateral";"Com Vítimas Feridas";"Plena Noite";"Crescente";"Céu Claro";"Simples";"Reta";"Não";4;0;1;0;3;0;1;2;"-21.72323009";"-49.82626994";"SR-SP";"DEL6/07";"UOP01/SP"
200440;2019-03-31;"1";"20:10:00";"ES";101;260,6;"SERRA";"Desobediência às normas de trânsito pelo condutor";"Colisão frontal";"Com Vítimas Feridas";"Plena Noite";"Decrescente";"Nublado";"Múltipla";"Curva";"Não";2;0;0;2;0;0;2;2;"-20.1471035";"-40.28118264";"SR-ES";"DEL12/2";"UOP01/ES"
200441;2019-03-31;"1";"15:20:00";"MG";251;198,7;"CACHOEIRA DE PAJEU";"Defeito Mecânico no Veículo";"Saída de leito carroçável";"Com Vítimas Feridas";"Pleno dia";"Decrescente";"Céu Claro";"Simples";"Reta";"Não";2;0;1;0;1;0;1;2;"-15.87178672";"-41.46417498";"SR-MG";"DEL4/11";"UOP02/MG"
200442;2019-03-31;"1";"19:40:00";"PI";316;0,1;"TERESINA";"Falta de Atenção à Condução";"Atropelamento de Pedestre";"Com Vítimas Feridas";"Plena Noite";"Decrescente";"Chuva";"Múltipla";"Reta";"Sim";2;0;0;1;1;0;1;1;"-5.19466488";"-42.75969213";"SR-PI";"DEL17/1";"UOP02/PI"
200443;2019-03-31;"1";"19:30:00";"MA";135;55;"BACABEIRA";"Falta de Atenção à Condução";"Queda de ocupante de veículo";"Com Vítimas Feridas";"Plena Noite";"Decrescente";"Chuva";"Simples";"Reta";"Não";3;0;1;0;1;1;1;3;"-3.00723897";"-44.31418329";"SR-MA";"DEL18/1";"UOP02/MA"
200445;2019-03-31;"1";"20:45:00";"GO";40;15,3;"LUZIANIA";"Falta de Atenção à Condução";"Saída de leito carroçável";"Com Vítimas Feridas";"Plena Noite";"Crescente";"Céu Claro";"Dupla";"Não Informado";"Não";1;0;0;1;0;0;1;1;"-16.17016464";"-47.92991638";"SR-DF";"GO";"UOP01/DF"
200446;2019-03-31;"1";"20:30:00";"ES";101;81,1;"SAO MATEUS";"Falta de Atenção à Condução";"Saída de leito carroçável";"Com Vítimas Feridas";"Plena Noite";"Crescente";"Céu Claro";"Simples";"Reta";"Não";1;0;1;0;0;0;1;1;"-18.82882736";"-39.91225653";"SR-ES";"DEL12/4";"UOP02/ES"
200447;2019-03-31;"1";"19:40:00";"PR";277;33,5;"MORRETES";"Pista Escorregadia";"Queda de ocupante de veículo";"Com Vítimas Feridas";"Plena Noite";"Crescente";"Nublado";"Dupla";"Não Informado";"Não";2;0;2;0;0;0;2;1;"-25.547373";"-48.790559";"SR-PR";"DEL7/1";"UOP07/PR"
200448;2019-03-31;"1";"20:15:00";"PR";116;12,5;"COLOMBO";"Defeito Mecânico no Veículo";"Colisão com objeto em movimento";"Com Vítimas Feridas";"Plena Noite";"Crescente";"Céu Claro";"Dupla";"Reta";"Sim";5;0;3;0;2;0;3;3;"-25.37639927";"-49.15159643";"SR-PR";"DEL7/1";"UOP01/PR"
200449;2019-03-31;"1";"20:10:00";"PR";163;183;"SANTA TEREZA DO OESTE";"Velocidade Incompatível";"Saída de leito carroçável";"Com Vítimas Feridas";"Plena Noite";"Decrescente";"Nublado";"Dupla";"Curva";"Sim";2;0;2;0;0;0;2;1;"-25.15061891";"-53.59355915";"SR-PR";"DEL7/4";"UOP06/PR"
200450;2019-03-31;"1";"21:00:00";"RS";116;234,3;"NOVO HAMBURGO";"Velocidade Incompatível";"Saída de leito carroçável";"Sem Vítimas";"Plena Noite";"Crescente";"Nublado";"Simples";"Reta";"Sim";1;0;0;0;1;0;0;1;"-29.65121313";"-51.1444433";"SR-RS";"DEL9/1";"UOP02/RS"
200451;2019-03-31;"1";"21:00:00";"SP";381;63;"MAIRIPORA";"Falta de Atenção à Condução";"Colisão traseira";"Com Vítimas Feridas";"Plena Noite";"Crescente";"Céu Claro";"Dupla";"Não Informado";"Sim";4;0;1;0;3;0;1;4;"-23.302805";"-46.572767";"SR-SP";"DEL6/3";"UOP02/SP"
200452;2019-03-31;"1";"20:40:00";"PR";277;726,4;"FOZ DO IGUACU";"Sinalização da via insuficiente ou inadequada";"Colisão com objeto estático";"Com Vítimas Feridas";"Plena Noite";"Decrescente";"Céu Claro";"Dupla";"Não Informado";"Sim";3;0;1;1;0;1;2;1;"-25.51082156";"-54.55414653";"SR-PR";"DEL7/5";"UOP03/PR"
200454;2019-03-19;"3";"16:47:00";"GO";50;280,3;"CATALAO";"Falta de Atenção à Condução";"Queda de ocupante de veículo";"Com Vítimas Feridas";"Pleno dia";"Crescente";"Céu Claro";"Dupla";"Interseção de vias";"Sim";2;0;1;0;1;0;1;2;"-18.1784";"-47.9362";"SR-GO";"DEL1/6";"UOP01/GO"
200455;2019-03-31;"1";"21:20:00";"RN";304;223,1;"CAICARA DO RIO DO VENTO";"Condutor Dormindo";"Saída de leito carroçável";"Com Vítimas Feridas";"Plena Noite";"Decrescente";"Garoa/Chuvisco";"Simples";"Reta";"Não";1;0;1;0;0;0;1;1;"-5.75658931";"-35.96484091";"SR-RN";"DEL15/1";"UOP03/RN"
200456;2019-03-31;"1";"21:30:00";"SP";116;303;"SAO LOURENCO DA SERRA";"Velocidade Incompatível";"Tombamento";"Com Vítimas Feridas";"Plena Noite";"Decrescente";"Céu Claro";"Dupla";"Reta";"Não";1;0;0;1;0;0;1;1;"-23.82760675";"-46.92631345";"SR-SP";"DEL6/4";"UOP01/SP"
200457;2019-03-31;"1";"19:50:00";"RJ";40;123;"DUQUE DE CAXIAS";"Desobediência às normas de trânsito pelo condutor";"Colisão lateral";"Com Vítimas Feridas";"Plena Noite";"Decrescente";"Céu Claro";"Múltipla";"Ponte";"Sim";2;0;1;0;1;0;1;2;"-22.79907687";"-43.29015739";"SR-RJ";"DEL5/1";"UOP01/RJ"
200458;2019-03-31;"1";"21:00:00";"RJ";40;124;"DUQUE DE CAXIAS";"Falta de Atenção à Condução";"Colisão lateral";"Com Vítimas Feridas";"Plena Noite";"Crescente";"Céu Claro";"Múltipla";"Reta";"Não";6;0;4;0;2;0;4;3;"-22.807953";"-43.289124";"SR-RJ";"DEL5/1";"UOP02/RJ"
200459;2019-03-31;"1";"20:05:00";"RS";158;565,5;"SANTANA DO LIVRAMENTO";"Desobediência às normas de trânsito pelo condutor";"Colisão transversal";"Com Vítimas Feridas";"Plena Noite";"Crescente";"Céu Claro";"Simples";"Interseção de vias";"Sim";5;0;1;0;4;0;1;2;"-30.87416124";"-55.51139474";"SR-RS";"DEL9/11";"UOP01/RS"
200460;2019-03-31;"1";"16:30:00";"PR";369;178,4;"ROLANDIA";"Defeito Mecânico no Veículo";"Colisão com objeto estático";"Com Vítimas Feridas";"Pleno dia";"Decrescente";"Céu Claro";"Dupla";"Não Informado";"Sim";2;0;1;1;0;0;2;1;"-23.3491467";"-51.38601243";"SR-PR";"DEL7/7";"UOP01/PR"
200461;2019-03-31;"1";"21:00:00";"SE";101;89;"NOSSA SENHORA DO SOCORRO";"Desobediência às normas de trânsito pelo condutor";"Saída de leito carroçável";"Sem Vítimas";"Plena Noite";"Decrescente";"Nublado";"Dupla";"Interseção de vias";"Não";1;0;0;0;0;1;0;1;"-10.88051024";"-37.13355535";"SR-SE";"DEL20/1";"UOP01/SE"
200462;2019-03-31;"1";"22:30:00";"SP";116;303,5;"SAO LOURENCO DA SERRA";"Velocidade Incompatível";"Colisão traseira";"Com Vítimas Feridas";"Plena Noite";"Decrescente";"Nublado";"Dupla";"Não Informado";"Não";7;0;1;0;6;0;1;2;"-23.82760675";"-46.92631345";"SR-SP";"DEL6/4";"UOP01/SP"